line_id,hour,flow
INTERTRAN鄂西-鄂东,0,7094.109759999999
INTERTRAN鄂西-鄂东,1,4756.55606
INTERTRAN鄂西-鄂东,2,5151.924799999988
INTERTRAN鄂西-鄂东,3,6422.386559999999
INTERTRAN鄂西-鄂东,4,6502.643349999998
INTERTRAN鄂西-鄂东,5,6288.90706
INTERTRAN鄂西-鄂东,6,7654.08906
INTERTRAN鄂西-鄂东,7,5330.368659999998
INTERTRAN鄂西-鄂东,8,4894.72326
INTERTRAN鄂西-鄂东,9,8481.364099999999
INTERTRAN鄂西-鄂东,10,1098.2975299999937
INTERTRAN鄂西-鄂东,11,3947.5493600000027
INTERTRAN鄂西-鄂东,12,884.1777600000014
INTERTRAN鄂西-鄂东,13,2746.1690599999993
INTERTRAN鄂西-鄂东,14,303.1390599997852
INTERTRAN鄂西-鄂东,15,548.3004599984456
INTERTRAN鄂西-鄂东,16,1568.7359599984493
INTERTRAN鄂西-鄂东,17,7355.589959998448
INTERTRAN鄂西-鄂东,18,9250.688725
INTERTRAN鄂西-鄂东,19,2671.9289299999955
INTERTRAN鄂西-鄂东,20,7563.70129999999
INTERTRAN鄂西-鄂东,21,7012.624709999998
INTERTRAN鄂西-鄂东,22,5119.6709599999995
INTERTRAN鄂西-鄂东,23,5496.470459999997
INTERTRAN鄂西-鄂东,24,6612.757259999997
INTERTRAN鄂西-鄂东,25,6084.1389499999905
INTERTRAN鄂西-鄂东,26,3497.894999999987
INTERTRAN鄂西-鄂东,27,4322.623099999988
INTERTRAN鄂西-鄂东,28,6110.514959999999
INTERTRAN鄂西-鄂东,29,2208.9195599999994
INTERTRAN鄂西-鄂东,30,5061.936259998483
INTERTRAN鄂西-鄂东,31,6787.021560000001
INTERTRAN鄂西-鄂东,32,7206.5256599999975
INTERTRAN鄂西-鄂东,33,7811.925619998483
INTERTRAN鄂西-鄂东,34,4330.95206
INTERTRAN鄂西-鄂东,35,4150.947374999991
INTERTRAN鄂西-鄂东,36,3243.7419049999908
INTERTRAN鄂西-鄂东,37,1274.8545600000007
INTERTRAN鄂西-鄂东,38,1051.6642600000005
INTERTRAN鄂西-鄂东,39,2433.8363599999993
INTERTRAN鄂西-鄂东,40,2724.959219999998
INTERTRAN鄂西-鄂东,41,7411.340399999997
INTERTRAN鄂西-鄂东,42,9614.754839999994
INTERTRAN鄂西-鄂东,43,7662.8988999999965
INTERTRAN鄂西-鄂东,44,6721.778999999999
INTERTRAN鄂西-鄂东,45,6119.04385501831
INTERTRAN鄂西-鄂东,46,4140.585899999987
INTERTRAN鄂西-鄂东,47,8226.221359999998
INTERTRAN鄂西-鄂东,48,5555.548099999986
INTERTRAN鄂西-鄂东,49,5649.65806
INTERTRAN鄂西-鄂东,50,1377.778399999987
INTERTRAN鄂西-鄂东,51,4530.992299999987
INTERTRAN鄂西-鄂东,52,3035.923450000853
INTERTRAN鄂西-鄂东,53,4336.705960000001
INTERTRAN鄂西-鄂东,54,7001.99974999999
INTERTRAN鄂西-鄂东,55,2087.4128749999877
INTERTRAN鄂西-鄂东,56,5890.253984999999
INTERTRAN鄂西-鄂东,57,9184.959520000008
INTERTRAN鄂西-鄂东,58,5105.56839999999
INTERTRAN鄂西-鄂东,59,6895.071799999997
INTERTRAN鄂西-鄂东,60,2689.1726599999965
INTERTRAN鄂西-鄂东,61,4236.422859999999
INTERTRAN鄂西-鄂东,62,5188.627784999987
INTERTRAN鄂西-鄂东,63,3322.90496
INTERTRAN鄂西-鄂东,64,1868.156934999998
INTERTRAN鄂西-鄂东,65,8745.714245000003
INTERTRAN鄂西-鄂东,66,8875.13085
INTERTRAN鄂西-鄂东,67,8021.004129999737
INTERTRAN鄂西-鄂东,68,8566.645264999996
INTERTRAN鄂西-鄂东,69,5059.733160000003
INTERTRAN鄂西-鄂东,70,5560.397559999999
INTERTRAN鄂西-鄂东,71,8112.965499999996
INTERTRAN鄂西-鄂东,72,3078.5959599999996
INTERTRAN鄂西-鄂东,73,6478.23879999999
INTERTRAN鄂西-鄂东,74,6821.8414600000015
INTERTRAN鄂西-鄂东,75,5365.57316
INTERTRAN鄂西-鄂东,76,2106.6193600000006
INTERTRAN鄂西-鄂东,77,5841.281699999987
INTERTRAN鄂西-鄂东,78,5917.780049999997
INTERTRAN鄂西-鄂东,79,3888.98646
INTERTRAN鄂西-鄂东,80,7434.3777900000005
INTERTRAN鄂西-鄂东,81,10521.7084
INTERTRAN鄂西-鄂东,82,5527.284745000003
INTERTRAN鄂西-鄂东,83,1378.7273999999952
INTERTRAN鄂西-鄂东,84,1682.1553599999988
INTERTRAN鄂西-鄂东,85,1372.1387600000007
INTERTRAN鄂西-鄂东,86,4810.690259999997
INTERTRAN鄂西-鄂东,87,5149.117959998632
INTERTRAN鄂西-鄂东,88,7070.708899999997
INTERTRAN鄂西-鄂东,89,11472.51795499863
INTERTRAN鄂西-鄂东,90,11435.027600000805
INTERTRAN鄂西-鄂东,91,11038.152694998638
INTERTRAN鄂西-鄂东,92,10161.190495000003
INTERTRAN鄂西-鄂东,93,8352.287810000003
INTERTRAN鄂西-鄂东,94,5569.687960000001
INTERTRAN鄂西-鄂东,95,6340.146700000001
INTERTRAN鄂西-鄂东,96,7593.319760000002
INTERTRAN鄂西-鄂东,97,4723.944999999998
INTERTRAN鄂西-鄂东,98,5572.999699999991
INTERTRAN鄂西-鄂东,99,6345.130875000474
INTERTRAN鄂西-鄂东,100,5235.522049999987
INTERTRAN鄂西-鄂东,101,2686.749799999994
INTERTRAN鄂西-鄂东,102,5847.94736
INTERTRAN鄂西-鄂东,103,6678.83886
INTERTRAN鄂西-鄂东,104,7766.514584999997
INTERTRAN鄂西-鄂东,105,12267.032869998666
INTERTRAN鄂西-鄂东,106,8814.118790000002
INTERTRAN鄂西-鄂东,107,7500.319009998682
INTERTRAN鄂西-鄂东,108,6242.05358
INTERTRAN鄂西-鄂东,109,5556.966735000002
INTERTRAN鄂西-鄂东,110,4463.8472999999985
INTERTRAN鄂西-鄂东,111,5216.2733400000025
INTERTRAN鄂西-鄂东,112,8132.824899999998
INTERTRAN鄂西-鄂东,113,11886.00107001495
INTERTRAN鄂西-鄂东,114,10241.250800000762
INTERTRAN鄂西-鄂东,115,11765.823400000763
INTERTRAN鄂西-鄂东,116,8276.610159998701
INTERTRAN鄂西-鄂东,117,10506.83505999871
INTERTRAN鄂西-鄂东,118,7037.473699999999
INTERTRAN鄂西-鄂东,119,7082.90791
INTERTRAN鄂西-鄂东,120,5186.3072600000005
INTERTRAN鄂西-鄂东,121,4362.398859999997
INTERTRAN鄂西-鄂东,122,5615.511099999998
INTERTRAN鄂西-鄂东,123,4900.495499999989
INTERTRAN鄂西-鄂东,124,3902.332760000002
INTERTRAN鄂西-鄂东,125,6952.741260000001
INTERTRAN鄂西-鄂东,126,7075.955760000003
INTERTRAN鄂西-鄂东,127,2513.165859999999
INTERTRAN鄂西-鄂东,128,7253.528899999998
INTERTRAN鄂西-鄂东,129,11876.977599983842
INTERTRAN鄂西-鄂东,130,6883.6995099999995
INTERTRAN鄂西-鄂东,131,8571.858754999996
INTERTRAN鄂西-鄂东,132,7926.464999999999
INTERTRAN鄂西-鄂东,133,4063.7623850000027
INTERTRAN鄂西-鄂东,134,6791.832099999999
INTERTRAN鄂西-鄂东,135,5748.465199999999
INTERTRAN鄂西-鄂东,136,9276.484255
INTERTRAN鄂西-鄂东,137,12242.269534998753
INTERTRAN鄂西-鄂东,138,12290.77434999876
INTERTRAN鄂西-鄂东,139,11474.659735000001
INTERTRAN鄂西-鄂东,140,11038.512214999999
INTERTRAN鄂西-鄂东,141,6794.3826599999975
INTERTRAN鄂西-鄂东,142,6581.355699999989
INTERTRAN鄂西-鄂东,143,3278.290060000001
INTERTRAN鄂西北-鄂东,0,2756.4874999999993
INTERTRAN鄂西北-鄂东,1,3000.0
INTERTRAN鄂西北-鄂东,2,3000.0
INTERTRAN鄂西北-鄂东,3,3000.0
INTERTRAN鄂西北-鄂东,4,3000.0
INTERTRAN鄂西北-鄂东,5,3000.0
INTERTRAN鄂西北-鄂东,6,3000.0
INTERTRAN鄂西北-鄂东,7,3000.0
INTERTRAN鄂西北-鄂东,8,3000.0
INTERTRAN鄂西北-鄂东,9,2328.8429449999994
INTERTRAN鄂西北-鄂东,10,3000.0
INTERTRAN鄂西北-鄂东,11,3000.0
INTERTRAN鄂西北-鄂东,12,3000.0
INTERTRAN鄂西北-鄂东,13,3000.0
INTERTRAN鄂西北-鄂东,14,3000.0
INTERTRAN鄂西北-鄂东,15,3000.0
INTERTRAN鄂西北-鄂东,16,3000.0
INTERTRAN鄂西北-鄂东,17,3000.0
INTERTRAN鄂西北-鄂东,18,2022.814535
INTERTRAN鄂西北-鄂东,19,3000.0
INTERTRAN鄂西北-鄂东,20,1651.574114999999
INTERTRAN鄂西北-鄂东,21,1750.7862500000008
INTERTRAN鄂西北-鄂东,22,3000.0
INTERTRAN鄂西北-鄂东,23,3000.0
INTERTRAN鄂西北-鄂东,24,3000.0
INTERTRAN鄂西北-鄂东,25,3000.0
INTERTRAN鄂西北-鄂东,26,3000.0
INTERTRAN鄂西北-鄂东,27,3000.0
INTERTRAN鄂西北-鄂东,28,3000.0
INTERTRAN鄂西北-鄂东,29,3000.0
INTERTRAN鄂西北-鄂东,30,3000.0
INTERTRAN鄂西北-鄂东,31,3000.0
INTERTRAN鄂西北-鄂东,32,3000.0
INTERTRAN鄂西北-鄂东,33,1253.73954
INTERTRAN鄂西北-鄂东,34,3000.0
INTERTRAN鄂西北-鄂东,35,3000.0
INTERTRAN鄂西北-鄂东,36,3000.0
INTERTRAN鄂西北-鄂东,37,3000.0
INTERTRAN鄂西北-鄂东,38,3000.0
INTERTRAN鄂西北-鄂东,39,3000.0
INTERTRAN鄂西北-鄂东,40,3000.0
INTERTRAN鄂西北-鄂东,41,841.8456600000004
INTERTRAN鄂西北-鄂东,42,334.02372000000014
INTERTRAN鄂西北-鄂东,43,555.6219149999993
INTERTRAN鄂西北-鄂东,44,1366.4065599999976
INTERTRAN鄂西北-鄂东,45,511.5984999999996
INTERTRAN鄂西北-鄂东,46,1653.7471600000126
INTERTRAN鄂西北-鄂东,47,3000.0
INTERTRAN鄂西北-鄂东,48,3000.0
INTERTRAN鄂西北-鄂东,49,3000.0
INTERTRAN鄂西北-鄂东,50,3000.0
INTERTRAN鄂西北-鄂东,51,3000.0
INTERTRAN鄂西北-鄂东,52,3000.0
INTERTRAN鄂西北-鄂东,53,3000.0
INTERTRAN鄂西北-鄂东,54,3000.0
INTERTRAN鄂西北-鄂东,55,3000.0
INTERTRAN鄂西北-鄂东,56,1316.8853749999998
INTERTRAN鄂西北-鄂东,57,1774.8830399999988
INTERTRAN鄂西北-鄂东,58,1207.1103600000115
INTERTRAN鄂西北-鄂东,59,1564.004939999999
INTERTRAN鄂西北-鄂东,60,3000.0
INTERTRAN鄂西北-鄂东,61,3000.0
INTERTRAN鄂西北-鄂东,62,3000.0
INTERTRAN鄂西北-鄂东,63,3000.0
INTERTRAN鄂西北-鄂东,64,3000.0
INTERTRAN鄂西北-鄂东,65,1668.9841149999993
INTERTRAN鄂西北-鄂东,66,1328.2558099999992
INTERTRAN鄂西北-鄂东,67,1220.2913549999994
INTERTRAN鄂西北-鄂东,68,1272.5236950000003
INTERTRAN鄂西北-鄂东,69,3000.0
INTERTRAN鄂西北-鄂东,70,3000.0
INTERTRAN鄂西北-鄂东,71,3000.0
INTERTRAN鄂西北-鄂东,72,3000.0
INTERTRAN鄂西北-鄂东,73,3000.0
INTERTRAN鄂西北-鄂东,74,3000.0
INTERTRAN鄂西北-鄂东,75,3000.0
INTERTRAN鄂西北-鄂东,76,3000.0
INTERTRAN鄂西北-鄂东,77,3000.0
INTERTRAN鄂西北-鄂东,78,3000.0
INTERTRAN鄂西北-鄂东,79,3000.0
INTERTRAN鄂西北-鄂东,80,-18.086830000002465
INTERTRAN鄂西北-鄂东,81,1339.707559999999
INTERTRAN鄂西北-鄂东,82,1387.021514999999
INTERTRAN鄂西北-鄂东,83,3000.0
INTERTRAN鄂西北-鄂东,84,3000.0
INTERTRAN鄂西北-鄂东,85,3000.0
INTERTRAN鄂西北-鄂东,86,3000.0
INTERTRAN鄂西北-鄂东,87,3000.0
INTERTRAN鄂西北-鄂东,88,-719.2170399999932
INTERTRAN鄂西北-鄂东,89,-173.9382949999997
INTERTRAN鄂西北-鄂东,90,672.5097599978308
INTERTRAN鄂西北-鄂东,91,-210.19973500000265
INTERTRAN鄂西北-鄂东,92,16.778864999998177
INTERTRAN鄂西北-鄂东,93,902.2937499999992
INTERTRAN鄂西北-鄂东,94,1620.7244999999998
INTERTRAN鄂西北-鄂东,95,1933.8791599999986
INTERTRAN鄂西北-鄂东,96,3000.0
INTERTRAN鄂西北-鄂东,97,3000.0
INTERTRAN鄂西北-鄂东,98,3000.0
INTERTRAN鄂西北-鄂东,99,3000.0
INTERTRAN鄂西北-鄂东,100,3000.0
INTERTRAN鄂西北-鄂东,101,3000.0
INTERTRAN鄂西北-鄂东,102,3000.0
INTERTRAN鄂西北-鄂东,103,3000.0
INTERTRAN鄂西北-鄂东,104,1864.0573749999999
INTERTRAN鄂西北-鄂东,105,85.95379000000094
INTERTRAN鄂西北-鄂东,106,-475.41783000000146
INTERTRAN鄂西北-鄂东,107,803.0848499999997
INTERTRAN鄂西北-鄂东,108,244.23187999999982
INTERTRAN鄂西北-鄂东,109,1120.288324999999
INTERTRAN鄂西北-鄂东,110,985.3405949999997
INTERTRAN鄂西北-鄂东,111,933.8218199999992
INTERTRAN鄂西北-鄂东,112,990.3988499999991
INTERTRAN鄂西北-鄂东,113,2348.250989983744
INTERTRAN鄂西北-鄂东,114,2044.3337599979332
INTERTRAN鄂西北-鄂东,115,-106.26924000189138
INTERTRAN鄂西北-鄂东,116,3000.0
INTERTRAN鄂西北-鄂东,117,954.2059999999992
INTERTRAN鄂西北-鄂东,118,1538.6989999999998
INTERTRAN鄂西北-鄂东,119,994.5562499999999
INTERTRAN鄂西北-鄂东,120,3000.0
INTERTRAN鄂西北-鄂东,121,3000.0
INTERTRAN鄂西北-鄂东,122,3000.0
INTERTRAN鄂西北-鄂东,123,3000.0
INTERTRAN鄂西北-鄂东,124,3000.0
INTERTRAN鄂西北-鄂东,125,3000.0
INTERTRAN鄂西北-鄂东,126,3000.0
INTERTRAN鄂西北-鄂东,127,3000.0
INTERTRAN鄂西北-鄂东,128,1856.191789999999
INTERTRAN鄂西北-鄂东,129,1115.709034999999
INTERTRAN鄂西北-鄂东,130,959.7707499999988
INTERTRAN鄂西北-鄂东,131,758.7793049999998
INTERTRAN鄂西北-鄂东,132,779.3758899999993
INTERTRAN鄂西北-鄂东,133,924.896675
INTERTRAN鄂西北-鄂东,134,1247.1012149999997
INTERTRAN鄂西北-鄂东,135,-531.7120400000003
INTERTRAN鄂西北-鄂东,136,1004.2570050000004
INTERTRAN鄂西北-鄂东,137,-1033.1184750000007
INTERTRAN鄂西北-鄂东,138,950.105709999998
INTERTRAN鄂西北-鄂东,139,932.6820249999996
INTERTRAN鄂西北-鄂东,140,958.0044450000005
INTERTRAN鄂西北-鄂东,141,1348.52
INTERTRAN鄂西北-鄂东,142,3000.0
INTERTRAN鄂西北-鄂东,143,3000.0
INTERTRAN鄂西-鄂西北,0,-2000.0
INTERTRAN鄂西-鄂西北,1,-2000.0
INTERTRAN鄂西-鄂西北,2,-65.7884999999992
INTERTRAN鄂西-鄂西北,3,-282.74724999999944
INTERTRAN鄂西-鄂西北,4,-271.86474999999973
INTERTRAN鄂西-鄂西北,5,-428.52750000000015
INTERTRAN鄂西-鄂西北,6,-495.59449999999924
INTERTRAN鄂西-鄂西北,7,-52.525779999999486
INTERTRAN鄂西-鄂西北,8,-1032.1825600000043
INTERTRAN鄂西-鄂西北,9,-2000.0
INTERTRAN鄂西-鄂西北,10,-1322.8150299999998
INTERTRAN鄂西-鄂西北,11,-1433.7721299999994
INTERTRAN鄂西-鄂西北,12,625.0762050000003
INTERTRAN鄂西-鄂西北,13,-652.3016649999995
INTERTRAN鄂西-鄂西北,14,193.8503750000018
INTERTRAN鄂西-鄂西北,15,107.2888950000015
INTERTRAN鄂西-鄂西北,16,344.80657000000156
INTERTRAN鄂西-鄂西北,17,-1160.71673
INTERTRAN鄂西-鄂西北,18,-2000.0
INTERTRAN鄂西-鄂西北,19,411.37347000000045
INTERTRAN鄂西-鄂西北,20,-2000.0
INTERTRAN鄂西-鄂西北,21,-2000.0
INTERTRAN鄂西-鄂西北,22,769.3652500000003
INTERTRAN鄂西-鄂西北,23,410.6015000000002
INTERTRAN鄂西-鄂西北,24,-157.0274999999997
INTERTRAN鄂西-鄂西北,25,-391.7227499999999
INTERTRAN鄂西-鄂西北,26,-1601.0935
INTERTRAN鄂西-鄂西北,27,-1770.187
INTERTRAN鄂西-鄂西北,28,-1811.9632499999998
INTERTRAN鄂西-鄂西北,29,-825.9411600000117
INTERTRAN鄂西-鄂西北,30,-529.4689999999991
INTERTRAN鄂西-鄂西北,31,-284.45237499999894
INTERTRAN鄂西-鄂西北,32,-375.31029
INTERTRAN鄂西-鄂西北,33,-2000.0
INTERTRAN鄂西-鄂西北,34,1193.7986400000002
INTERTRAN鄂西-鄂西北,35,1304.6666250000005
INTERTRAN鄂西-鄂西北,36,818.221195000001
INTERTRAN鄂西-鄂西北,37,712.4989100000007
INTERTRAN鄂西-鄂西北,38,647.6827200000007
INTERTRAN鄂西-鄂西北,39,793.881335000001
INTERTRAN鄂西-鄂西北,40,947.7632800000001
INTERTRAN鄂西-鄂西北,41,-2000.0
INTERTRAN鄂西-鄂西北,42,-2000.0
INTERTRAN鄂西-鄂西北,43,-2000.0
INTERTRAN鄂西-鄂西北,44,-2000.0
INTERTRAN鄂西-鄂西北,45,-2000.0
INTERTRAN鄂西-鄂西北,46,-2000.0
INTERTRAN鄂西-鄂西北,47,-1594.0162499999997
INTERTRAN鄂西-鄂西北,48,-38.589999999999236
INTERTRAN鄂西-鄂西北,49,-350.6119999999987
INTERTRAN鄂西-鄂西北,50,-2000.0
INTERTRAN鄂西-鄂西北,51,-2000.0
INTERTRAN鄂西-鄂西北,52,-596.1182499999995
INTERTRAN鄂西-鄂西北,53,-1401.5497500000001
INTERTRAN鄂西-鄂西北,54,-176.16274999999996
INTERTRAN鄂西-鄂西北,55,195.36412500000188
INTERTRAN鄂西-鄂西北,56,-2000.0
INTERTRAN鄂西-鄂西北,57,-2000.0
INTERTRAN鄂西-鄂西北,58,-2000.0
INTERTRAN鄂西-鄂西北,59,-2000.0
INTERTRAN鄂西-鄂西北,60,1235.5289099999993
INTERTRAN鄂西-鄂西北,61,1054.0589200000004
INTERTRAN鄂西-鄂西北,62,1047.6566150000006
INTERTRAN鄂西-鄂西北,63,1138.3342949999999
INTERTRAN鄂西-鄂西北,64,1329.5273650000001
INTERTRAN鄂西-鄂西北,65,-2000.0
INTERTRAN鄂西-鄂西北,66,-2000.0
INTERTRAN鄂西-鄂西北,67,-2000.0
INTERTRAN鄂西-鄂西北,68,-2000.0
INTERTRAN鄂西-鄂西北,69,-164.51605000000018
INTERTRAN鄂西-鄂西北,70,-1352.9667499999996
INTERTRAN鄂西-鄂西北,71,-1772.0989999999993
INTERTRAN鄂西-鄂西北,72,-791.6087499999994
INTERTRAN鄂西-鄂西北,73,-122.25049999999965
INTERTRAN鄂西-鄂西北,74,-343.4979999999996
INTERTRAN鄂西-鄂西北,75,-497.45924999999943
INTERTRAN鄂西-鄂西北,76,-2000.0
INTERTRAN鄂西-鄂西北,77,-1434.7060000000001
INTERTRAN鄂西-鄂西北,78,-136.95124999999916
INTERTRAN鄂西-鄂西北,79,-625.4877899999992
INTERTRAN鄂西-鄂西北,80,-2000.0
INTERTRAN鄂西-鄂西北,81,-2000.0
INTERTRAN鄂西-鄂西北,82,-2000.0
INTERTRAN鄂西-鄂西北,83,2000.0
INTERTRAN鄂西-鄂西北,84,1456.1932450000004
INTERTRAN鄂西-鄂西北,85,1571.4268600000005
INTERTRAN鄂西-鄂西北,86,1651.9199399999998
INTERTRAN鄂西-鄂西北,87,1822.670735000001
INTERTRAN鄂西-鄂西北,88,-2000.0
INTERTRAN鄂西-鄂西北,89,-2000.0
INTERTRAN鄂西-鄂西北,90,-2000.0
INTERTRAN鄂西-鄂西北,91,-2000.0
INTERTRAN鄂西-鄂西北,92,-2000.0
INTERTRAN鄂西-鄂西北,93,-2000.0
INTERTRAN鄂西-鄂西北,94,-2000.0
INTERTRAN鄂西-鄂西北,95,-2000.0
INTERTRAN鄂西-鄂西北,96,-1849.101249999998
INTERTRAN鄂西-鄂西北,97,-1486.4434999999994
INTERTRAN鄂西-鄂西北,98,-91.93199999999842
INTERTRAN鄂西-鄂西北,99,123.4702500000003
INTERTRAN鄂西-鄂西北,100,121.65475000000015
INTERTRAN鄂西-鄂西北,101,-907.539499999999
INTERTRAN鄂西-鄂西北,102,-22.239749999999276
INTERTRAN鄂西-鄂西北,103,-1448.0932900000007
INTERTRAN鄂西-鄂西北,104,-2000.0
INTERTRAN鄂西-鄂西北,105,-2000.0
INTERTRAN鄂西-鄂西北,106,-2000.0
INTERTRAN鄂西-鄂西北,107,-2000.0
INTERTRAN鄂西-鄂西北,108,-2000.0
INTERTRAN鄂西-鄂西北,109,-2000.0
INTERTRAN鄂西-鄂西北,110,-2000.0
INTERTRAN鄂西-鄂西北,111,-2000.0
INTERTRAN鄂西-鄂西北,112,-2000.0
INTERTRAN鄂西-鄂西北,113,-2000.0
INTERTRAN鄂西-鄂西北,114,-2000.0
INTERTRAN鄂西-鄂西北,115,-2000.0
INTERTRAN鄂西-鄂西北,116,209.17750500000307
INTERTRAN鄂西-鄂西北,117,-2000.0
INTERTRAN鄂西-鄂西北,118,-2000.0
INTERTRAN鄂西-鄂西北,119,-2000.0
INTERTRAN鄂西-鄂西北,120,-1227.1915
INTERTRAN鄂西-鄂西北,121,580.1915000000004
INTERTRAN鄂西-鄂西北,122,295.3010000000004
INTERTRAN鄂西-鄂西北,123,123.4310000000005
INTERTRAN鄂西-鄂西北,124,-1398.6411600000138
INTERTRAN鄂西-鄂西北,125,23.12550000000192
INTERTRAN鄂西-鄂西北,126,261.3787500000017
INTERTRAN鄂西-鄂西北,127,725.452875
INTERTRAN鄂西-鄂西北,128,-2000.0
INTERTRAN鄂西-鄂西北,129,-2000.0
INTERTRAN鄂西-鄂西北,130,-2000.0
INTERTRAN鄂西-鄂西北,131,-2000.0
INTERTRAN鄂西-鄂西北,132,-2000.0
INTERTRAN鄂西-鄂西北,133,-2000.0
INTERTRAN鄂西-鄂西北,134,-2000.0
INTERTRAN鄂西-鄂西北,135,-2000.0
INTERTRAN鄂西-鄂西北,136,-2000.0
INTERTRAN鄂西-鄂西北,137,-2000.0
INTERTRAN鄂西-鄂西北,138,-2000.0
INTERTRAN鄂西-鄂西北,139,-2000.0
INTERTRAN鄂西-鄂西北,140,-2000.0
INTERTRAN鄂西-鄂西北,141,-2000.0
INTERTRAN鄂西-鄂西北,142,-520.8559999999989
INTERTRAN鄂西-鄂西北,143,-965.693999999999
INTERTRAN鄂西-鄂东,144,5295.211459999999
INTERTRAN鄂西-鄂东,145,6603.237160000002
INTERTRAN鄂西-鄂东,146,3766.5716600000014
INTERTRAN鄂西-鄂东,147,8261.875759999999
INTERTRAN鄂西-鄂东,148,8022.9968599999975
INTERTRAN鄂西-鄂东,149,7901.90566
INTERTRAN鄂西-鄂东,150,6451.47776
INTERTRAN鄂西-鄂东,151,6317.75606
INTERTRAN鄂西-鄂东,152,6948.708939999995
INTERTRAN鄂西-鄂东,153,11445.382375
INTERTRAN鄂西-鄂东,154,9174.342769999994
INTERTRAN鄂西-鄂东,155,8895.521275000001
INTERTRAN鄂西-鄂东,156,4306.386060000001
INTERTRAN鄂西-鄂东,157,5673.082197530887
INTERTRAN鄂西-鄂东,158,6257.63410987653
INTERTRAN鄂西-鄂东,159,2254.178974999985
INTERTRAN鄂西-鄂东,160,2730.4084599999987
INTERTRAN鄂西-鄂东,161,8856.737660000003
INTERTRAN鄂西-鄂东,162,8454.047460000002
INTERTRAN鄂西-鄂东,163,10617.357895
INTERTRAN鄂西-鄂东,164,9651.844065000001
INTERTRAN鄂西-鄂东,165,7306.873660000001
INTERTRAN鄂西-鄂东,166,5604.73546
INTERTRAN鄂西-鄂东,167,6557.394559999995
INTERTRAN鄂西-鄂东,168,6871.892259999999
INTERTRAN鄂西-鄂东,169,6409.406059999999
INTERTRAN鄂西-鄂东,170,8489.757559999998
INTERTRAN鄂西-鄂东,171,8173.812259999999
INTERTRAN鄂西-鄂东,172,7883.703860000001
INTERTRAN鄂西-鄂东,173,7741.936159999999
INTERTRAN鄂西-鄂东,174,8090.218059999999
INTERTRAN鄂西-鄂东,175,6754.804560000002
INTERTRAN鄂西-鄂东,176,7854.0062599999965
INTERTRAN鄂西-鄂东,177,10626.195130000002
INTERTRAN鄂西-鄂东,178,8312.87606
INTERTRAN鄂西-鄂东,179,5450.346682250013
INTERTRAN鄂西-鄂东,180,2154.2899599999982
INTERTRAN鄂西-鄂东,181,2631.512960000002
INTERTRAN鄂西-鄂东,182,6126.880659999999
INTERTRAN鄂西-鄂东,183,5639.903359999995
INTERTRAN鄂西-鄂东,184,7724.2840499999975
INTERTRAN鄂西-鄂东,185,12600.0
INTERTRAN鄂西-鄂东,186,12600.0
INTERTRAN鄂西-鄂东,187,11754.840900000001
INTERTRAN鄂西-鄂东,188,11129.961862399636
INTERTRAN鄂西-鄂东,189,10915.756499999998
INTERTRAN鄂西-鄂东,190,8041.741459999999
INTERTRAN鄂西-鄂东,191,9127.40326
INTERTRAN鄂西-鄂东,192,7152.848860000002
INTERTRAN鄂西-鄂东,193,5820.115859999998
INTERTRAN鄂西-鄂东,194,4684.973760000002
INTERTRAN鄂西-鄂东,195,5927.316460000002
INTERTRAN鄂西-鄂东,196,7828.731459999999
INTERTRAN鄂西-鄂东,197,5212.010960000001
INTERTRAN鄂西-鄂东,198,5509.848759999999
INTERTRAN鄂西-鄂东,199,8034.33986
INTERTRAN鄂西-鄂东,200,6096.672859999999
INTERTRAN鄂西-鄂东,201,8431.88366
INTERTRAN鄂西-鄂东,202,4765.359259999998
INTERTRAN鄂西-鄂东,203,5102.79066
INTERTRAN鄂西-鄂东,204,5373.551960000001
INTERTRAN鄂西-鄂东,205,4573.018259999999
INTERTRAN鄂西-鄂东,206,4460.65746
INTERTRAN鄂西-鄂东,207,5051.981094999822
INTERTRAN鄂西-鄂东,208,5495.969160000002
INTERTRAN鄂西-鄂东,209,9210.608359999998
INTERTRAN鄂西-鄂东,210,9994.904160000002
INTERTRAN鄂西-鄂东,211,9381.682534999976
INTERTRAN鄂西-鄂东,212,7098.868859999997
INTERTRAN鄂西-鄂东,213,6171.728660000004
INTERTRAN鄂西-鄂东,214,6193.917359999998
INTERTRAN鄂西-鄂东,215,7017.491059999997
INTERTRAN鄂西-鄂东,216,5905.27606
INTERTRAN鄂西-鄂东,217,5589.744459999998
INTERTRAN鄂西-鄂东,218,5379.049659999997
INTERTRAN鄂西-鄂东,219,5182.635059999997
INTERTRAN鄂西-鄂东,220,5015.95606
INTERTRAN鄂西-鄂东,221,5492.453259999998
INTERTRAN鄂西-鄂东,222,7866.8616600000005
INTERTRAN鄂西-鄂东,223,7134.363489999998
INTERTRAN鄂西-鄂东,224,7763.711060000001
INTERTRAN鄂西-鄂东,225,10440.996059999996
INTERTRAN鄂西-鄂东,226,10510.778915000003
INTERTRAN鄂西-鄂东,227,8674.610899999998
INTERTRAN鄂西-鄂东,228,5666.082599999987
INTERTRAN鄂西-鄂东,229,4709.814060000001
INTERTRAN鄂西-鄂东,230,4608.014659999998
INTERTRAN鄂西-鄂东,231,4750.222959999998
INTERTRAN鄂西-鄂东,232,8332.4972
INTERTRAN鄂西-鄂东,233,12600.0
INTERTRAN鄂西-鄂东,234,8574.417474999991
INTERTRAN鄂西-鄂东,235,11194.575599999998
INTERTRAN鄂西-鄂东,236,11435.0942
INTERTRAN鄂西-鄂东,237,10466.3356
INTERTRAN鄂西-鄂东,238,3430.255449999993
INTERTRAN鄂西-鄂东,239,7970.778659999998
INTERTRAN鄂西-鄂东,240,6168.732460000001
INTERTRAN鄂西-鄂东,241,4754.978660000002
INTERTRAN鄂西-鄂东,242,5963.163560000001
INTERTRAN鄂西-鄂东,243,5411.208759999998
INTERTRAN鄂西-鄂东,244,7912.487959999999
INTERTRAN鄂西-鄂东,245,5415.85226
INTERTRAN鄂西-鄂东,246,6327.34526
INTERTRAN鄂西-鄂东,247,6524.012860000003
INTERTRAN鄂西-鄂东,248,8929.380659999999
INTERTRAN鄂西-鄂东,249,11196.297405000003
INTERTRAN鄂西-鄂东,250,7985.345592200034
INTERTRAN鄂西-鄂东,251,9182.152325000003
INTERTRAN鄂西-鄂东,252,2800.318360000001
INTERTRAN鄂西-鄂东,253,1837.8239600000015
INTERTRAN鄂西-鄂东,254,694.4159678395106
INTERTRAN鄂西-鄂东,255,280.87073209874745
INTERTRAN鄂西-鄂东,256,5507.029899999985
INTERTRAN鄂西-鄂东,257,5468.889854999992
INTERTRAN鄂西-鄂东,258,11524.654885000002
INTERTRAN鄂西-鄂东,259,9904.066289999999
INTERTRAN鄂西-鄂东,260,9536.09736
INTERTRAN鄂西-鄂东,261,11515.630160000004
INTERTRAN鄂西-鄂东,262,7301.833599999989
INTERTRAN鄂西-鄂东,263,6909.776899999989
INTERTRAN鄂西-鄂东,264,5413.071359999998
INTERTRAN鄂西-鄂东,265,9353.843259999998
INTERTRAN鄂西-鄂东,266,5836.553959999999
INTERTRAN鄂西-鄂东,267,5982.712960000003
INTERTRAN鄂西-鄂东,268,6152.172260000001
INTERTRAN鄂西-鄂东,269,6142.85016
INTERTRAN鄂西-鄂东,270,5087.018959999998
INTERTRAN鄂西-鄂东,271,8412.737929999996
INTERTRAN鄂西-鄂东,272,8676.746160000002
INTERTRAN鄂西-鄂东,273,8800.82666340002
INTERTRAN鄂西-鄂东,274,3322.789504999998
INTERTRAN鄂西-鄂东,275,3990.7611600000037
INTERTRAN鄂西-鄂东,276,6679.107005679018
INTERTRAN鄂西-鄂东,277,6689.250955555538
INTERTRAN鄂西-鄂东,278,3108.5474592592445
INTERTRAN鄂西-鄂东,279,2706.598499999982
INTERTRAN鄂西-鄂东,280,5049.1769600000025
INTERTRAN鄂西-鄂东,281,3499.722560000004
INTERTRAN鄂西-鄂东,282,7387.840059999999
INTERTRAN鄂西-鄂东,283,5858.178059999998
INTERTRAN鄂西-鄂东,284,7517.657660000004
INTERTRAN鄂西-鄂东,285,5025.740365799966
INTERTRAN鄂西-鄂东,286,3324.9408600000024
INTERTRAN鄂西-鄂东,287,4036.4345499999995
INTERTRAN鄂西北-鄂东,144,3000.0
INTERTRAN鄂西北-鄂东,145,3000.0
INTERTRAN鄂西北-鄂东,146,3000.0
INTERTRAN鄂西北-鄂东,147,3000.0
INTERTRAN鄂西北-鄂东,148,3000.0
INTERTRAN鄂西北-鄂东,149,3000.0
INTERTRAN鄂西北-鄂东,150,3000.0
INTERTRAN鄂西北-鄂东,151,3000.0
INTERTRAN鄂西北-鄂东,152,3000.0
INTERTRAN鄂西北-鄂东,153,824.1492850000009
INTERTRAN鄂西北-鄂东,154,766.0606900000002
INTERTRAN鄂西北-鄂东,155,990.113985
INTERTRAN鄂西北-鄂东,156,3000.0
INTERTRAN鄂西北-鄂东,157,-1098.1017761111113
INTERTRAN鄂西北-鄂东,158,-1277.7452400000002
INTERTRAN鄂西北-鄂东,159,3000.0
INTERTRAN鄂西北-鄂东,160,3000.0
INTERTRAN鄂西北-鄂东,161,3000.0
INTERTRAN鄂西北-鄂东,162,3000.0
INTERTRAN鄂西北-鄂东,163,737.2786649999994
INTERTRAN鄂西北-鄂东,164,1294.4456949999985
INTERTRAN鄂西北-鄂东,165,3000.0
INTERTRAN鄂西北-鄂东,166,3000.0
INTERTRAN鄂西北-鄂东,167,3000.0
INTERTRAN鄂西北-鄂东,168,3000.0
INTERTRAN鄂西北-鄂东,169,3000.0
INTERTRAN鄂西北-鄂东,170,3000.0
INTERTRAN鄂西北-鄂东,171,3000.0
INTERTRAN鄂西北-鄂东,172,3000.0
INTERTRAN鄂西北-鄂东,173,3000.0
INTERTRAN鄂西北-鄂东,174,3000.0
INTERTRAN鄂西北-鄂东,175,3000.0
INTERTRAN鄂西北-鄂东,176,3000.0
INTERTRAN鄂西北-鄂东,177,3000.0
INTERTRAN鄂西北-鄂东,178,3000.0
INTERTRAN鄂西北-鄂东,179,3000.0
INTERTRAN鄂西北-鄂东,180,3000.0
INTERTRAN鄂西北-鄂东,181,3000.0
INTERTRAN鄂西北-鄂东,182,3000.0
INTERTRAN鄂西北-鄂东,183,3000.0
INTERTRAN鄂西北-鄂东,184,1082.4141100000006
INTERTRAN鄂西北-鄂东,185,-1224.3905649999997
INTERTRAN鄂西北-鄂东,186,746.8229300000003
INTERTRAN鄂西北-鄂东,187,-1105.4657549999993
INTERTRAN鄂西北-鄂东,188,832.7552976003626
INTERTRAN鄂西北-鄂东,189,-823.0600000000005
INTERTRAN鄂西北-鄂东,190,3000.0
INTERTRAN鄂西北-鄂东,191,3000.0
INTERTRAN鄂西北-鄂东,192,3000.0
INTERTRAN鄂西北-鄂东,193,3000.0
INTERTRAN鄂西北-鄂东,194,3000.0
INTERTRAN鄂西北-鄂东,195,3000.0
INTERTRAN鄂西北-鄂东,196,3000.0
INTERTRAN鄂西北-鄂东,197,3000.0
INTERTRAN鄂西北-鄂东,198,3000.0
INTERTRAN鄂西北-鄂东,199,3000.0
INTERTRAN鄂西北-鄂东,200,3000.0
INTERTRAN鄂西北-鄂东,201,3000.0
INTERTRAN鄂西北-鄂东,202,3000.0
INTERTRAN鄂西北-鄂东,203,3000.0
INTERTRAN鄂西北-鄂东,204,3000.0
INTERTRAN鄂西北-鄂东,205,3000.0
INTERTRAN鄂西北-鄂东,206,3000.0
INTERTRAN鄂西北-鄂东,207,3000.0
INTERTRAN鄂西北-鄂东,208,3000.0
INTERTRAN鄂西北-鄂东,209,3000.0
INTERTRAN鄂西北-鄂东,210,3000.0
INTERTRAN鄂西北-鄂东,211,1416.2780250000237
INTERTRAN鄂西北-鄂东,212,3000.0
INTERTRAN鄂西北-鄂东,213,3000.0
INTERTRAN鄂西北-鄂东,214,3000.0
INTERTRAN鄂西北-鄂东,215,3000.0
INTERTRAN鄂西北-鄂东,216,3000.0
INTERTRAN鄂西北-鄂东,217,3000.0
INTERTRAN鄂西北-鄂东,218,3000.0
INTERTRAN鄂西北-鄂东,219,3000.0
INTERTRAN鄂西北-鄂东,220,3000.0
INTERTRAN鄂西北-鄂东,221,3000.0
INTERTRAN鄂西北-鄂东,222,3000.0
INTERTRAN鄂西北-鄂东,223,3000.0
INTERTRAN鄂西北-鄂东,224,3000.0
INTERTRAN鄂西北-鄂东,225,3000.0
INTERTRAN鄂西北-鄂东,226,-762.1584550000011
INTERTRAN鄂西北-鄂东,227,1390.91136
INTERTRAN鄂西北-鄂东,228,3000.0
INTERTRAN鄂西北-鄂东,229,3000.0
INTERTRAN鄂西北-鄂东,230,3000.0
INTERTRAN鄂西北-鄂东,231,3000.0
INTERTRAN鄂西北-鄂东,232,911.2647000000006
INTERTRAN鄂西北-鄂东,233,-958.2236900000003
INTERTRAN鄂西北-鄂东,234,3000.0
INTERTRAN鄂西北-鄂东,235,457.7293600000012
INTERTRAN鄂西北-鄂东,236,-3.509440000001632
INTERTRAN鄂西北-鄂东,237,-441.19725000000017
INTERTRAN鄂西北-鄂东,238,3000.0
INTERTRAN鄂西北-鄂东,239,3000.0
INTERTRAN鄂西北-鄂东,240,3000.0
INTERTRAN鄂西北-鄂东,241,3000.0
INTERTRAN鄂西北-鄂东,242,3000.0
INTERTRAN鄂西北-鄂东,243,3000.0
INTERTRAN鄂西北-鄂东,244,3000.0
INTERTRAN鄂西北-鄂东,245,3000.0
INTERTRAN鄂西北-鄂东,246,3000.0
INTERTRAN鄂西北-鄂东,247,3000.0
INTERTRAN鄂西北-鄂东,248,3000.0
INTERTRAN鄂西北-鄂东,249,-762.5915450000011
INTERTRAN鄂西北-鄂东,250,907.6830050000003
INTERTRAN鄂西北-鄂东,251,-896.7379650000014
INTERTRAN鄂西北-鄂东,252,3000.0
INTERTRAN鄂西北-鄂东,253,3000.0
INTERTRAN鄂西北-鄂东,254,2391.057419320987
INTERTRAN鄂西北-鄂东,255,1551.2157961111104
INTERTRAN鄂西北-鄂东,256,-350.3784650000007
INTERTRAN鄂西北-鄂东,257,3000.0
INTERTRAN鄂西北-鄂东,258,3000.0
INTERTRAN鄂西北-鄂东,259,2594.1301700000013
INTERTRAN鄂西北-鄂东,260,3000.0
INTERTRAN鄂西北-鄂东,261,261.7734999999984
INTERTRAN鄂西北-鄂东,262,3000.0
INTERTRAN鄂西北-鄂东,263,3000.0
INTERTRAN鄂西北-鄂东,264,3000.0
INTERTRAN鄂西北-鄂东,265,3000.0
INTERTRAN鄂西北-鄂东,266,3000.0
INTERTRAN鄂西北-鄂东,267,3000.0
INTERTRAN鄂西北-鄂东,268,3000.0
INTERTRAN鄂西北-鄂东,269,3000.0
INTERTRAN鄂西北-鄂东,270,3000.0
INTERTRAN鄂西北-鄂东,271,3000.0
INTERTRAN鄂西北-鄂东,272,3000.0
INTERTRAN鄂西北-鄂东,273,3000.0
INTERTRAN鄂西北-鄂东,274,3000.0
INTERTRAN鄂西北-鄂东,275,3000.0
INTERTRAN鄂西北-鄂东,276,-3000.0
INTERTRAN鄂西北-鄂东,277,-3000.0
INTERTRAN鄂西北-鄂东,278,-3000.0
INTERTRAN鄂西北-鄂东,279,943.7415533333323
INTERTRAN鄂西北-鄂东,280,-3000.0
INTERTRAN鄂西北-鄂东,281,3000.0
INTERTRAN鄂西北-鄂东,282,3000.0
INTERTRAN鄂西北-鄂东,283,3000.0
INTERTRAN鄂西北-鄂东,284,624.5606999999986
INTERTRAN鄂西北-鄂东,285,3000.0
INTERTRAN鄂西北-鄂东,286,3000.0
INTERTRAN鄂西北-鄂东,287,3000.0
INTERTRAN鄂西-鄂西北,144,428.44350000000077
INTERTRAN鄂西-鄂西北,145,120.44775000000118
INTERTRAN鄂西-鄂西北,146,-46.656000000002095
INTERTRAN鄂西-鄂西北,147,-183.62224999999899
INTERTRAN鄂西-鄂西北,148,-211.4369999999999
INTERTRAN鄂西-鄂西北,149,-357.3274999999999
INTERTRAN鄂西-鄂西北,150,-300.3937499999988
INTERTRAN鄂西-鄂西北,151,296.4953750000004
INTERTRAN鄂西-鄂西北,152,-818.0455399999996
INTERTRAN鄂西-鄂西北,153,-2000.0
INTERTRAN鄂西-鄂西北,154,-2000.0
INTERTRAN鄂西-鄂西北,155,-2000.0
INTERTRAN鄂西-鄂西北,156,1127.7890700000003
INTERTRAN鄂西-鄂西北,157,-2000.0
INTERTRAN鄂西-鄂西北,158,-2000.0
INTERTRAN鄂西-鄂西北,159,1444.7461250000001
INTERTRAN鄂西-鄂西北,160,1618.2330200000001
INTERTRAN鄂西-鄂西北,161,73.3229950000009
INTERTRAN鄂西-鄂西北,162,74.71438500000022
INTERTRAN鄂西-鄂西北,163,-2000.0
INTERTRAN鄂西-鄂西北,164,-2000.0
INTERTRAN鄂西-鄂西北,165,-83.5064999999995
INTERTRAN鄂西-鄂西北,166,999.8050000000003
INTERTRAN鄂西-鄂西北,167,-416.7004166223917
INTERTRAN鄂西-鄂西北,168,265.73199999999997
INTERTRAN鄂西-鄂西北,169,-6.824499999998807
INTERTRAN鄂西-鄂西北,170,109.81225000000086
INTERTRAN鄂西-鄂西北,171,-141.21699999999964
INTERTRAN鄂西-鄂西北,172,-451.48649999999907
INTERTRAN鄂西-鄂西北,173,-638.8727500000005
INTERTRAN鄂西-鄂西北,174,-126.8779999999997
INTERTRAN鄂西-鄂西北,175,-44.82270499999913
INTERTRAN鄂西-鄂西北,176,-1151.353285000001
INTERTRAN鄂西-鄂西北,177,-110.90643000000046
INTERTRAN鄂西-鄂西北,178,-470.8519600000109
INTERTRAN鄂西-鄂西北,179,1427.6989900000012
INTERTRAN鄂西-鄂西北,180,1567.090925000001
INTERTRAN鄂西-鄂西北,181,1671.998175000001
INTERTRAN鄂西-鄂西北,182,1629.3689450000006
INTERTRAN鄂西-鄂西北,183,-525.4910750000004
INTERTRAN鄂西-鄂西北,184,-2000.0
INTERTRAN鄂西-鄂西北,185,-2000.0
INTERTRAN鄂西-鄂西北,186,-2000.0
INTERTRAN鄂西-鄂西北,187,-2000.0
INTERTRAN鄂西-鄂西北,188,-2000.0
INTERTRAN鄂西-鄂西北,189,-2000.0
INTERTRAN鄂西-鄂西北,190,-2000.0
INTERTRAN鄂西-鄂西北,191,-786.4665
INTERTRAN鄂西-鄂西北,192,-1364.754499999999
INTERTRAN鄂西-鄂西北,193,166.6248399999895
INTERTRAN鄂西-鄂西北,194,-44.27474999999822
INTERTRAN鄂西-鄂西北,195,-137.20599999999877
INTERTRAN鄂西-鄂西北,196,-608.6714999999999
INTERTRAN鄂西-鄂西北,197,-517.9852499999997
INTERTRAN鄂西-鄂西北,198,-257.8662499999991
INTERTRAN鄂西-鄂西北,199,-150.67245499999854
INTERTRAN鄂西-鄂西北,200,445.1287100000013
INTERTRAN鄂西-鄂西北,201,-561.6912849999994
INTERTRAN鄂西-鄂西北,202,1621.2462349999996
INTERTRAN鄂西-鄂西北,203,-226.9017699999995
INTERTRAN鄂西-鄂西北,204,-724.0466499999993
INTERTRAN鄂西-鄂西北,205,1100.8497600000023
INTERTRAN鄂西-鄂西北,206,841.398345000001
INTERTRAN鄂西-鄂西北,207,843.5884950000004
INTERTRAN鄂西-鄂西北,208,-871.3956799999996
INTERTRAN鄂西-鄂西北,209,-494.49177999999984
INTERTRAN鄂西-鄂西北,210,13.088214999999764
INTERTRAN鄂西-鄂西北,211,-2000.0
INTERTRAN鄂西-鄂西北,212,-209.9282750000002
INTERTRAN鄂西-鄂西北,213,-688.5359999999996
INTERTRAN鄂西-鄂西北,214,919.0692500000005
INTERTRAN鄂西-鄂西北,215,92.33899999999994
INTERTRAN鄂西-鄂西北,216,-20.53349999999864
INTERTRAN鄂西-鄂西北,217,-778.8445000000002
INTERTRAN鄂西-鄂西北,218,-205.82749999999896
INTERTRAN鄂西-鄂西北,219,-419.19149999999945
INTERTRAN鄂西-鄂西北,220,-380.92149999999947
INTERTRAN鄂西-鄂西北,221,-551.31
INTERTRAN鄂西-鄂西北,222,-126.08449999999993
INTERTRAN鄂西-鄂西北,223,-216.41678999999976
INTERTRAN鄂西-鄂西北,224,-881.4779549999989
INTERTRAN鄂西-鄂西北,225,664.093715
INTERTRAN鄂西-鄂西北,226,-2000.0
INTERTRAN鄂西-鄂西北,227,-2000.0
INTERTRAN鄂西-鄂西北,228,1.254600000001119
INTERTRAN鄂西-鄂西北,229,-153.2800099999995
INTERTRAN鄂西-鄂西北,230,-250.07436000000143
INTERTRAN鄂西-鄂西北,231,836.6434400000007
INTERTRAN鄂西-鄂西北,232,-2000.0
INTERTRAN鄂西-鄂西北,233,-2000.0
INTERTRAN鄂西-鄂西北,234,9.838130000001456
INTERTRAN鄂西-鄂西北,235,-2000.0
INTERTRAN鄂西-鄂西北,236,-2000.0
INTERTRAN鄂西-鄂西北,237,-2000.0
INTERTRAN鄂西-鄂西北,238,1629.4347500000008
INTERTRAN鄂西-鄂西北,239,-1218.45356
INTERTRAN鄂西-鄂西北,240,253.54700000000093
INTERTRAN鄂西-鄂西北,241,-146.74399999999923
INTERTRAN鄂西-鄂西北,242,-80.49524999999903
INTERTRAN鄂西-鄂西北,243,-374.08025000000043
INTERTRAN鄂西-鄂西北,244,-613.4002499999992
INTERTRAN鄂西-鄂西北,245,-671.844
INTERTRAN鄂西-鄂西北,246,-202.90849999999858
INTERTRAN鄂西-鄂西北,247,-1382.0671249999996
INTERTRAN鄂西-鄂西北,248,-478.9888600000022
INTERTRAN鄂西-鄂西北,249,-2000.0
INTERTRAN鄂西-鄂西北,250,-2000.0
INTERTRAN鄂西-鄂西北,251,-2000.0
INTERTRAN鄂西-鄂西北,252,1534.2484000000009
INTERTRAN鄂西-鄂西北,253,1352.3989733333178
INTERTRAN鄂西-鄂西北,254,2000.0
INTERTRAN鄂西-鄂西北,255,2000.0
INTERTRAN鄂西-鄂西北,256,-2000.0
INTERTRAN鄂西-鄂西北,257,1438.5597450000002
INTERTRAN鄂西-鄂西北,258,-510.95348500000046
INTERTRAN鄂西-鄂西北,259,-2000.0
INTERTRAN鄂西-鄂西北,260,-722.649699999999
INTERTRAN鄂西-鄂西北,261,-2000.0
INTERTRAN鄂西-鄂西北,262,-463.75149999999985
INTERTRAN鄂西-鄂西北,263,-2000.0
INTERTRAN鄂西-鄂西北,264,324.50324999999975
INTERTRAN鄂西-鄂西北,265,-54.053499999999985
INTERTRAN鄂西-鄂西北,266,-2000.0
INTERTRAN鄂西-鄂西北,267,-315.5782499999991
INTERTRAN鄂西-鄂西北,268,28.933000000001357
INTERTRAN鄂西-鄂西北,269,4.3142500000021755
INTERTRAN鄂西-鄂西北,270,244.61025000000018
INTERTRAN鄂西-鄂西北,271,-1180.1106300000001
INTERTRAN鄂西-鄂西北,272,-954.7023799999988
INTERTRAN鄂西-鄂西北,273,2000.0
INTERTRAN鄂西-鄂西北,274,1370.845195000001
INTERTRAN鄂西-鄂西北,275,1855.8437300000012
INTERTRAN鄂西-鄂西北,276,-1842.6691155556075
INTERTRAN鄂西-鄂西北,277,2000.0
INTERTRAN鄂西-鄂西北,278,2000.0
INTERTRAN鄂西-鄂西北,279,2000.0
INTERTRAN鄂西-鄂西北,280,-2000.0
INTERTRAN鄂西-鄂西北,281,1219.1808400000004
INTERTRAN鄂西-鄂西北,282,-1711.171159999954
INTERTRAN鄂西-鄂西北,283,1596.6184349999994
INTERTRAN鄂西-鄂西北,284,-2000.0
INTERTRAN鄂西-鄂西北,285,840.8969999999999
INTERTRAN鄂西-鄂西北,286,1354.7315000000015
INTERTRAN鄂西-鄂西北,287,-828.2847500000003
INTERTRAN鄂西-鄂东,288,5323.038657050059
INTERTRAN鄂西-鄂东,289,9832.204159999998
INTERTRAN鄂西-鄂东,290,5811.94426
INTERTRAN鄂西-鄂东,291,6311.593959999998
INTERTRAN鄂西-鄂东,292,5724.401364200029
INTERTRAN鄂西-鄂东,293,5910.3489599999975
INTERTRAN鄂西-鄂东,294,5882.644299999998
INTERTRAN鄂西-鄂东,295,6899.751160000003
INTERTRAN鄂西-鄂东,296,7874.687454999995
INTERTRAN鄂西-鄂东,297,7191.1435999999985
INTERTRAN鄂西-鄂东,298,6134.135760000003
INTERTRAN鄂西-鄂东,299,2956.955109999995
INTERTRAN鄂西-鄂东,300,2227.408599999986
INTERTRAN鄂西-鄂东,301,4496.572333580253
INTERTRAN鄂西-鄂东,302,3440.7385740740606
INTERTRAN鄂西-鄂东,303,3942.168164197528
INTERTRAN鄂西-鄂东,304,2127.6261600000016
INTERTRAN鄂西-鄂东,305,8125.807960000002
INTERTRAN鄂西-鄂东,306,8393.537759999997
INTERTRAN鄂西-鄂东,307,7373.415759999998
INTERTRAN鄂西-鄂东,308,7572.960159999997
INTERTRAN鄂西-鄂东,309,4895.200304400056
INTERTRAN鄂西-鄂东,310,4834.3395599999985
INTERTRAN鄂西-鄂东,311,5246.114860000003
INTERTRAN鄂西-鄂东,312,7491.8742600000005
INTERTRAN鄂西-鄂东,313,6348.937486499979
INTERTRAN鄂西-鄂东,314,4318.010727562584
INTERTRAN鄂西-鄂东,315,5502.334719999987
INTERTRAN鄂西-鄂东,316,5330.481899999989
INTERTRAN鄂西-鄂东,317,5339.59576
INTERTRAN鄂西-鄂东,318,4704.0942775625845
INTERTRAN鄂西-鄂东,319,4756.1481600000025
INTERTRAN鄂西-鄂东,320,7463.13678256259
INTERTRAN鄂西-鄂东,321,8243.061617562582
INTERTRAN鄂西-鄂东,322,4661.2945599999985
INTERTRAN鄂西-鄂东,323,7231.945895000006
INTERTRAN鄂西-鄂东,324,4143.383699999986
INTERTRAN鄂西-鄂东,325,8801.080954320974
INTERTRAN鄂西-鄂东,326,7575.458426666667
INTERTRAN鄂西-鄂东,327,2949.487699999987
INTERTRAN鄂西-鄂东,328,7734.217396296281
INTERTRAN鄂西-鄂东,329,7199.816560000003
INTERTRAN鄂西-鄂东,330,8239.53066
INTERTRAN鄂西-鄂东,331,9257.24436
INTERTRAN鄂西-鄂东,332,7387.910347062609
INTERTRAN鄂西-鄂东,333,8152.967960000002
INTERTRAN鄂西-鄂东,334,6348.604660000001
INTERTRAN鄂西-鄂东,335,7619.544976987614
INTERTRAN鄂西-鄂东,336,5850.9743775626175
INTERTRAN鄂西-鄂东,337,4940.959627562584
INTERTRAN鄂西-鄂东,338,6640.737660000001
INTERTRAN鄂西-鄂东,339,7765.884433199979
INTERTRAN鄂西-鄂东,340,7058.218056750016
INTERTRAN鄂西-鄂东,341,7865.15956
INTERTRAN鄂西-鄂东,342,5058.5517275000075
INTERTRAN鄂西-鄂东,343,6181.761560000003
INTERTRAN鄂西-鄂东,344,7412.850759999999
INTERTRAN鄂西-鄂东,345,10042.431459999998
INTERTRAN鄂西-鄂东,346,6162.7099301374055
INTERTRAN鄂西-鄂东,347,5914.874594425011
INTERTRAN鄂西-鄂东,348,5879.07956
INTERTRAN鄂西-鄂东,349,3182.9508999249974
INTERTRAN鄂西-鄂东,350,3465.9704999250043
INTERTRAN鄂西-鄂东,351,5414.124659999998
INTERTRAN鄂西-鄂东,352,4398.439089999994
INTERTRAN鄂西-鄂东,353,11214.40448935002
INTERTRAN鄂西-鄂东,354,10423.239189350026
INTERTRAN鄂西-鄂东,355,10313.40022485
INTERTRAN鄂西-鄂东,356,10480.471889349696
INTERTRAN鄂西-鄂东,357,10172.173689350027
INTERTRAN鄂西-鄂东,358,8960.59976
INTERTRAN鄂西-鄂东,359,8737.810599925002
INTERTRAN鄂西-鄂东,360,7614.618459999998
INTERTRAN鄂西-鄂东,361,5431.199799925002
INTERTRAN鄂西-鄂东,362,4427.098499925001
INTERTRAN鄂西-鄂东,363,5251.447914924987
INTERTRAN鄂西-鄂东,364,6784.759670299804
INTERTRAN鄂西-鄂东,365,5969.57532698761
INTERTRAN鄂西-鄂东,366,5104.211689924996
INTERTRAN鄂西-鄂东,367,5739.396699925002
INTERTRAN鄂西-鄂东,368,7528.563154425025
INTERTRAN鄂西-鄂东,369,7059.3161649999965
INTERTRAN鄂西-鄂东,370,6568.361399924999
INTERTRAN鄂西-鄂东,371,2624.9545299249958
INTERTRAN鄂西-鄂东,372,3014.722017362421
INTERTRAN鄂西-鄂东,373,1886.69996
INTERTRAN鄂西-鄂东,374,4199.441174074059
INTERTRAN鄂西-鄂东,375,4515.44573950616
INTERTRAN鄂西-鄂东,376,1067.5771876000106
INTERTRAN鄂西-鄂东,377,6787.71275728742
INTERTRAN鄂西-鄂东,378,8059.435682562596
INTERTRAN鄂西-鄂东,379,9659.623189349828
INTERTRAN鄂西-鄂东,380,9384.344789350027
INTERTRAN鄂西-鄂东,381,9406.371135337422
INTERTRAN鄂西-鄂东,382,7262.589057287421
INTERTRAN鄂西-鄂东,383,7856.4951572874215
INTERTRAN鄂西-鄂东,384,6802.5561999249985
INTERTRAN鄂西-鄂东,385,5993.720313850039
INTERTRAN鄂西-鄂东,386,4953.33905728742
INTERTRAN鄂西-鄂东,387,7680.761859999999
INTERTRAN鄂西-鄂东,388,4447.460657287422
INTERTRAN鄂西-鄂东,389,7173.618541825012
INTERTRAN鄂西-鄂东,390,5370.437699925
INTERTRAN鄂西-鄂东,391,4770.081557287425
INTERTRAN鄂西-鄂东,392,6225.18085728742
INTERTRAN鄂西-鄂东,393,11646.880817362417
INTERTRAN鄂西-鄂东,394,3403.7731467879003
INTERTRAN鄂西-鄂东,395,4820.9245999250015
INTERTRAN鄂西-鄂东,396,844.9549320370224
INTERTRAN鄂西-鄂东,397,5939.315250617268
INTERTRAN鄂西-鄂东,398,8307.500748148135
INTERTRAN鄂西-鄂东,399,4167.084959999998
INTERTRAN鄂西-鄂东,400,4220.491218518504
INTERTRAN鄂西-鄂东,401,4465.810517362421
INTERTRAN鄂西-鄂东,402,8191.1269999250035
INTERTRAN鄂西-鄂东,403,9353.532099925005
INTERTRAN鄂西-鄂东,404,7115.844057287422
INTERTRAN鄂西-鄂东,405,9080.094657287422
INTERTRAN鄂西-鄂东,406,6586.568599925005
INTERTRAN鄂西-鄂东,407,7983.089264724853
INTERTRAN鄂西-鄂东,408,7026.763099925
INTERTRAN鄂西-鄂东,409,5394.31845049998
INTERTRAN鄂西-鄂东,410,6595.72136
INTERTRAN鄂西-鄂东,411,6093.729125499736
INTERTRAN鄂西-鄂东,412,6488.72646
INTERTRAN鄂西-鄂东,413,6628.201360000001
INTERTRAN鄂西-鄂东,414,7322.278560000001
INTERTRAN鄂西-鄂东,415,5659.440570499982
INTERTRAN鄂西-鄂东,416,5667.010494425029
INTERTRAN鄂西-鄂东,417,8089.418335499984
INTERTRAN鄂西-鄂东,418,5718.853799925
INTERTRAN鄂西-鄂东,419,2278.3219599999993
INTERTRAN鄂西-鄂东,420,5933.316381481466
INTERTRAN鄂西-鄂东,421,3741.035999999982
INTERTRAN鄂西-鄂东,422,7352.359077777763
INTERTRAN鄂西-鄂东,423,3615.111299999984
INTERTRAN鄂西-鄂东,424,6674.674111111097
INTERTRAN鄂西-鄂东,425,7187.97681736242
INTERTRAN鄂西-鄂东,426,6484.574283637542
INTERTRAN鄂西-鄂东,427,7881.156716324852
INTERTRAN鄂西-鄂东,428,6968.036374462405
INTERTRAN鄂西-鄂东,429,4134.8389244624195
INTERTRAN鄂西-鄂东,430,3937.2701244624145
INTERTRAN鄂西-鄂东,431,6071.536817362419
INTERTRAN鄂西北-鄂东,288,3000.0
INTERTRAN鄂西北-鄂东,289,3000.0
INTERTRAN鄂西北-鄂东,290,3000.0
INTERTRAN鄂西北-鄂东,291,3000.0
INTERTRAN鄂西北-鄂东,292,3000.0
INTERTRAN鄂西北-鄂东,293,3000.0
INTERTRAN鄂西北-鄂东,294,3000.0
INTERTRAN鄂西北-鄂东,295,3000.0
INTERTRAN鄂西北-鄂东,296,3000.0
INTERTRAN鄂西北-鄂东,297,3000.0
INTERTRAN鄂西北-鄂东,298,3000.0
INTERTRAN鄂西北-鄂东,299,3000.0
INTERTRAN鄂西北-鄂东,300,2003.520472283884
INTERTRAN鄂西北-鄂东,301,-3000.0
INTERTRAN鄂西北-鄂东,302,2197.4802951852403
INTERTRAN鄂西北-鄂东,303,-306.7081927777794
INTERTRAN鄂西北-鄂东,304,3000.0
INTERTRAN鄂西北-鄂东,305,3000.0
INTERTRAN鄂西北-鄂东,306,3000.0
INTERTRAN鄂西北-鄂东,307,3000.0
INTERTRAN鄂西北-鄂东,308,3000.0
INTERTRAN鄂西北-鄂东,309,3000.0
INTERTRAN鄂西北-鄂东,310,3000.0
INTERTRAN鄂西北-鄂东,311,3000.0
INTERTRAN鄂西北-鄂东,312,3000.0
INTERTRAN鄂西北-鄂东,313,3000.0
INTERTRAN鄂西北-鄂东,314,3000.0
INTERTRAN鄂西北-鄂东,315,3000.0
INTERTRAN鄂西北-鄂东,316,3000.0
INTERTRAN鄂西北-鄂东,317,3000.0
INTERTRAN鄂西北-鄂东,318,3000.0
INTERTRAN鄂西北-鄂东,319,3000.0
INTERTRAN鄂西北-鄂东,320,3000.0
INTERTRAN鄂西北-鄂东,321,3000.0
INTERTRAN鄂西北-鄂东,322,3000.0
INTERTRAN鄂西北-鄂东,323,-1072.6638350000007
INTERTRAN鄂西北-鄂东,324,-3000.0
INTERTRAN鄂西北-鄂东,325,-3000.0
INTERTRAN鄂西北-鄂东,326,-3000.0
INTERTRAN鄂西北-鄂东,327,-3000.0
INTERTRAN鄂西北-鄂东,328,-3000.0
INTERTRAN鄂西北-鄂东,329,3000.0
INTERTRAN鄂西北-鄂东,330,3000.0
INTERTRAN鄂西北-鄂东,331,3000.0
INTERTRAN鄂西北-鄂东,332,3000.0
INTERTRAN鄂西北-鄂东,333,3000.0
INTERTRAN鄂西北-鄂东,334,3000.0
INTERTRAN鄂西北-鄂东,335,3000.0
INTERTRAN鄂西北-鄂东,336,3000.0
INTERTRAN鄂西北-鄂东,337,3000.0
INTERTRAN鄂西北-鄂东,338,3000.0
INTERTRAN鄂西北-鄂东,339,3000.0
INTERTRAN鄂西北-鄂东,340,3000.0
INTERTRAN鄂西北-鄂东,341,3000.0
INTERTRAN鄂西北-鄂东,342,3000.0
INTERTRAN鄂西北-鄂东,343,3000.0
INTERTRAN鄂西北-鄂东,344,3000.0
INTERTRAN鄂西北-鄂东,345,3000.0
INTERTRAN鄂西北-鄂东,346,3000.0
INTERTRAN鄂西北-鄂东,347,3000.0
INTERTRAN鄂西北-鄂东,348,3000.0
INTERTRAN鄂西北-鄂东,349,3000.0
INTERTRAN鄂西北-鄂东,350,3000.0
INTERTRAN鄂西北-鄂东,351,3000.0
INTERTRAN鄂西北-鄂东,352,3000.0
INTERTRAN鄂西北-鄂东,353,2118.001837374999
INTERTRAN鄂西北-鄂东,354,886.3063250749999
INTERTRAN鄂西北-鄂东,355,-184.94022492500062
INTERTRAN鄂西北-鄂东,356,-42.18072492500005
INTERTRAN鄂西北-鄂东,357,88.1200200749995
INTERTRAN鄂西北-鄂东,358,3000.0
INTERTRAN鄂西北-鄂东,359,3000.0
INTERTRAN鄂西北-鄂东,360,3000.0
INTERTRAN鄂西北-鄂东,361,3000.0
INTERTRAN鄂西北-鄂东,362,3000.0
INTERTRAN鄂西北-鄂东,363,3000.0
INTERTRAN鄂西北-鄂东,364,3000.0
INTERTRAN鄂西北-鄂东,365,3000.0
INTERTRAN鄂西北-鄂东,366,3000.0
INTERTRAN鄂西北-鄂东,367,3000.0
INTERTRAN鄂西北-鄂东,368,3000.0
INTERTRAN鄂西北-鄂东,369,3000.0
INTERTRAN鄂西北-鄂东,370,3000.0
INTERTRAN鄂西北-鄂东,371,3000.0
INTERTRAN鄂西北-鄂东,372,3000.0
INTERTRAN鄂西北-鄂东,373,3000.0
INTERTRAN鄂西北-鄂东,374,-404.41345000000024
INTERTRAN鄂西北-鄂东,375,-385.6179899999995
INTERTRAN鄂西北-鄂东,376,3000.0
INTERTRAN鄂西北-鄂东,377,3000.0
INTERTRAN鄂西北-鄂东,378,3000.0
INTERTRAN鄂西北-鄂东,379,166.79749007499822
INTERTRAN鄂西北-鄂东,380,351.3576700000366
INTERTRAN鄂西北-鄂东,381,2579.569721949999
INTERTRAN鄂西北-鄂东,382,3000.0
INTERTRAN鄂西北-鄂东,383,3000.0
INTERTRAN鄂西北-鄂东,384,3000.0
INTERTRAN鄂西北-鄂东,385,3000.0
INTERTRAN鄂西北-鄂东,386,3000.0
INTERTRAN鄂西北-鄂东,387,3000.0
INTERTRAN鄂西北-鄂东,388,3000.0
INTERTRAN鄂西北-鄂东,389,3000.0
INTERTRAN鄂西北-鄂东,390,3000.0
INTERTRAN鄂西北-鄂东,391,3000.0
INTERTRAN鄂西北-鄂东,392,3000.0
INTERTRAN鄂西北-鄂东,393,3000.0
INTERTRAN鄂西北-鄂东,394,3000.0
INTERTRAN鄂西北-鄂东,395,3000.0
INTERTRAN鄂西北-鄂东,396,3000.0
INTERTRAN鄂西北-鄂东,397,-2501.6184853703708
INTERTRAN鄂西北-鄂东,398,-3000.0
INTERTRAN鄂西北-鄂东,399,-3000.0
INTERTRAN鄂西北-鄂东,400,-3000.0
INTERTRAN鄂西北-鄂东,401,3000.0
INTERTRAN鄂西北-鄂东,402,3000.0
INTERTRAN鄂西北-鄂东,403,3000.0
INTERTRAN鄂西北-鄂东,404,3000.0
INTERTRAN鄂西北-鄂东,405,3000.0
INTERTRAN鄂西北-鄂东,406,3000.0
INTERTRAN鄂西北-鄂东,407,3000.0
INTERTRAN鄂西北-鄂东,408,3000.0
INTERTRAN鄂西北-鄂东,409,3000.0
INTERTRAN鄂西北-鄂东,410,3000.0
INTERTRAN鄂西北-鄂东,411,3000.0
INTERTRAN鄂西北-鄂东,412,3000.0
INTERTRAN鄂西北-鄂东,413,3000.0
INTERTRAN鄂西北-鄂东,414,3000.0
INTERTRAN鄂西北-鄂东,415,3000.0
INTERTRAN鄂西北-鄂东,416,3000.0
INTERTRAN鄂西北-鄂东,417,3000.0
INTERTRAN鄂西北-鄂东,418,3000.0
INTERTRAN鄂西北-鄂东,419,3000.0
INTERTRAN鄂西北-鄂东,420,-3000.0
INTERTRAN鄂西北-鄂东,421,-3000.0
INTERTRAN鄂西北-鄂东,422,-2846.286047407397
INTERTRAN鄂西北-鄂东,423,-3000.0
INTERTRAN鄂西北-鄂东,424,-1186.30875012339
INTERTRAN鄂西北-鄂东,425,3000.0
INTERTRAN鄂西北-鄂东,426,3000.0
INTERTRAN鄂西北-鄂东,427,3000.0
INTERTRAN鄂西北-鄂东,428,3000.0
INTERTRAN鄂西北-鄂东,429,3000.0
INTERTRAN鄂西北-鄂东,430,3000.0
INTERTRAN鄂西北-鄂东,431,3000.0
INTERTRAN鄂西-鄂西北,288,-1148.990396849982
INTERTRAN鄂西-鄂西北,289,-585.5671599999988
INTERTRAN鄂西-鄂西北,290,-1092.5739999999996
INTERTRAN鄂西-鄂西北,291,-2000.0
INTERTRAN鄂西-鄂西北,292,-2000.0
INTERTRAN鄂西-鄂西北,293,-295.0962499999996
INTERTRAN鄂西-鄂西北,294,-543.3769999999986
INTERTRAN鄂西-鄂西北,295,384.48846000000094
INTERTRAN鄂西-鄂西北,296,-1043.3319549999997
INTERTRAN鄂西-鄂西北,297,-2000.0
INTERTRAN鄂西-鄂西北,298,791.9004900000018
INTERTRAN鄂西-鄂西北,299,1058.6598900000013
INTERTRAN鄂西-鄂西北,300,2000.0
INTERTRAN鄂西-鄂西北,301,-2000.0
INTERTRAN鄂西-鄂西北,302,2000.0
INTERTRAN鄂西-鄂西北,303,-2000.0
INTERTRAN鄂西-鄂西北,304,1149.7297
INTERTRAN鄂西-鄂西北,305,1630.3810300000005
INTERTRAN鄂西-鄂西北,306,-327.1495599999989
INTERTRAN鄂西-鄂西北,307,14.395975000001272
INTERTRAN鄂西-鄂西北,308,-335.8500349999995
INTERTRAN鄂西-鄂西北,309,561.0337499999996
INTERTRAN鄂西-鄂西北,310,621.9072499999997
INTERTRAN鄂西-鄂西北,311,-90.45353000000762
INTERTRAN鄂西-鄂西北,312,-2000.0
INTERTRAN鄂西-鄂西北,313,-400.2537499999985
INTERTRAN鄂西-鄂西北,314,-289.4439999999995
INTERTRAN鄂西-鄂西北,315,-2000.0
INTERTRAN鄂西-鄂西北,316,-2000.0
INTERTRAN鄂西-鄂西北,317,-598.5357499999991
INTERTRAN鄂西-鄂西北,318,-701.0152499999995
INTERTRAN鄂西-鄂西北,319,-2000.0
INTERTRAN鄂西-鄂西北,320,-316.8352550000041
INTERTRAN鄂西-鄂西北,321,581.0858100000005
INTERTRAN鄂西-鄂西北,322,403.379100000001
INTERTRAN鄂西-鄂西北,323,-2000.0
INTERTRAN鄂西-鄂西北,324,2000.0
INTERTRAN鄂西-鄂西北,325,2000.0
INTERTRAN鄂西-鄂西北,326,2000.0
INTERTRAN鄂西-鄂西北,327,2000.0
INTERTRAN鄂西-鄂西北,328,2000.0
INTERTRAN鄂西-鄂西北,329,2000.0
INTERTRAN鄂西-鄂西北,330,120.16883999999845
INTERTRAN鄂西-鄂西北,331,416.53249992500196
INTERTRAN鄂西-鄂西北,332,467.9705299250004
INTERTRAN鄂西-鄂西北,333,-1162.597583012398
INTERTRAN鄂西-鄂西北,334,-742.901020074999
INTERTRAN鄂西-鄂西北,335,-359.5225000000013
INTERTRAN鄂西-鄂西北,336,348.43225000000075
INTERTRAN鄂西-鄂西北,337,-70.2175000000002
INTERTRAN鄂西-鄂西北,338,62.06400000000076
INTERTRAN鄂西-鄂西北,339,-510.7267499999998
INTERTRAN鄂西-鄂西北,340,-1038.1687499999991
INTERTRAN鄂西-鄂西北,341,-1181.0077499999989
INTERTRAN鄂西-鄂西北,342,-545.7977499999988
INTERTRAN鄂西-鄂西北,343,101.22646000000168
INTERTRAN鄂西-鄂西北,344,-1362.8335600749983
INTERTRAN鄂西-鄂西北,345,-520.7388100749984
INTERTRAN鄂西-鄂西北,346,-363.78917507499887
INTERTRAN鄂西-鄂西北,347,-8.740905074998409
INTERTRAN鄂西-鄂西北,348,-499.98032007500296
INTERTRAN鄂西-鄂西北,349,1260.6335400000003
INTERTRAN鄂西-鄂西北,350,968.808015000001
INTERTRAN鄂西-鄂西北,351,-561.0937200749995
INTERTRAN鄂西-鄂西北,352,-347.75105007499815
INTERTRAN鄂西-鄂西北,353,-2000.0
INTERTRAN鄂西-鄂西北,354,-2000.0
INTERTRAN鄂西-鄂西北,355,-2000.0
INTERTRAN鄂西-鄂西北,356,-2000.0
INTERTRAN鄂西-鄂西北,357,-2000.0
INTERTRAN鄂西-鄂西北,358,-2000.0
INTERTRAN鄂西-鄂西北,359,-1163.881020074999
INTERTRAN鄂西-鄂西北,360,-2000.0
INTERTRAN鄂西-鄂西北,361,-931.3234600000046
INTERTRAN鄂西-鄂西北,362,-212.9707499999995
INTERTRAN鄂西-鄂西北,363,-421.2287499999993
INTERTRAN鄂西-鄂西北,364,-200.9712499999996
INTERTRAN鄂西-鄂西北,365,-1405.7127499999988
INTERTRAN鄂西-鄂西北,366,-144.15224999999919
INTERTRAN鄂西-鄂西北,367,-372.941679999999
INTERTRAN鄂西-鄂西北,368,-1009.1033650749997
INTERTRAN鄂西-鄂西北,369,-879.6485250749984
INTERTRAN鄂西-鄂西北,370,-751.0645700749992
INTERTRAN鄂西-鄂西北,371,790.7707100000002
INTERTRAN鄂西-鄂西北,372,734.6810799999998
INTERTRAN鄂西-鄂西北,373,817.5558450000003
INTERTRAN鄂西-鄂西北,374,-2000.0
INTERTRAN鄂西-鄂西北,375,-2000.0
INTERTRAN鄂西-鄂西北,376,1025.5536199999995
INTERTRAN鄂西-鄂西北,377,-747.2231350749988
INTERTRAN鄂西-鄂西北,378,29.511689925000155
INTERTRAN鄂西-鄂西北,379,-2000.0
INTERTRAN鄂西-鄂西北,380,-2000.0
INTERTRAN鄂西-鄂西北,381,-2000.0
INTERTRAN鄂西-鄂西北,382,-314.5107500000014
INTERTRAN鄂西-鄂西北,383,-776.1595000000012
INTERTRAN鄂西-鄂西北,384,-2000.0
INTERTRAN鄂西-鄂西北,385,-530.9709370625983
INTERTRAN鄂西-鄂西北,386,-289.3937499999993
INTERTRAN鄂西-鄂西北,387,-2000.0
INTERTRAN鄂西-鄂西北,388,-713.6850299250073
INTERTRAN鄂西-鄂西北,389,-2000.0
INTERTRAN鄂西-鄂西北,390,-423.5052499999997
INTERTRAN鄂西-鄂西北,391,-140.12409499999876
INTERTRAN鄂西-鄂西北,392,154.92211950001752
INTERTRAN鄂西-鄂西北,393,-974.0190900000007
INTERTRAN鄂西-鄂西北,394,1630.8708300000003
INTERTRAN鄂西-鄂西北,395,1352.959440000001
INTERTRAN鄂西-鄂西北,396,1919.2748531481502
INTERTRAN鄂西-鄂西北,397,-2000.0
INTERTRAN鄂西-鄂西北,398,-2000.0
INTERTRAN鄂西-鄂西北,399,-2000.0
INTERTRAN鄂西-鄂西北,400,-2000.0
INTERTRAN鄂西-鄂西北,401,237.78727000000026
INTERTRAN鄂西-鄂西北,402,-2000.0
INTERTRAN鄂西-鄂西北,403,-2000.0
INTERTRAN鄂西-鄂西北,404,68.98499500000025
INTERTRAN鄂西-鄂西北,405,-1790.9171625875601
INTERTRAN鄂西-鄂西北,406,-2000.0
INTERTRAN鄂西-鄂西北,407,-2000.0
INTERTRAN鄂西-鄂西北,408,-587.9583999999941
INTERTRAN鄂西-鄂西北,409,-2000.0
INTERTRAN鄂西-鄂西北,410,-2000.0
INTERTRAN鄂西-鄂西北,411,-2000.0
INTERTRAN鄂西-鄂西北,412,-2000.0
INTERTRAN鄂西-鄂西北,413,-2000.0
INTERTRAN鄂西-鄂西北,414,-275.20224999999937
INTERTRAN鄂西-鄂西北,415,-2000.0
INTERTRAN鄂西-鄂西北,416,452.3505699999996
INTERTRAN鄂西-鄂西北,417,-1350.641165
INTERTRAN鄂西-鄂西北,418,1374.97962
INTERTRAN鄂西-鄂西北,419,1417.6374550000005
INTERTRAN鄂西-鄂西北,420,-2000.0
INTERTRAN鄂西-鄂西北,421,2000.0
INTERTRAN鄂西-鄂西北,422,-2000.0
INTERTRAN鄂西-鄂西北,423,-2000.0
INTERTRAN鄂西-鄂西北,424,-2000.0
INTERTRAN鄂西-鄂西北,425,-326.11814686243724
INTERTRAN鄂西-鄂西北,426,-211.90352999999993
INTERTRAN鄂西-鄂西北,427,-483.1001650000004
INTERTRAN鄂西-鄂西北,428,-2000.0
INTERTRAN鄂西-鄂西北,429,1408.4127499999997
INTERTRAN鄂西-鄂西北,430,917.4794499999987
INTERTRAN鄂西-鄂西北,431,192.03373235005586
INTERTRAN鄂西-鄂东,432,6572.64030450003
INTERTRAN鄂西-鄂东,433,5008.487499999996
INTERTRAN鄂西-鄂东,434,4823.2802999999985
INTERTRAN鄂西-鄂东,435,5513.390659999999
INTERTRAN鄂西-鄂东,436,4641.753290999954
INTERTRAN鄂西-鄂东,437,6128.684160000001
INTERTRAN鄂西-鄂东,438,3833.024559999998
INTERTRAN鄂西-鄂东,439,6769.2420600000005
INTERTRAN鄂西-鄂东,440,8664.179959999998
INTERTRAN鄂西-鄂东,441,9793.04939999999
INTERTRAN鄂西-鄂东,442,6605.53356
INTERTRAN鄂西-鄂东,443,2622.674860000001
INTERTRAN鄂西-鄂东,444,2470.3825580392136
INTERTRAN鄂西-鄂东,445,3188.1288888888735
INTERTRAN鄂西-鄂东,446,6172.089477777761
INTERTRAN鄂西-鄂东,447,4724.392042254877
INTERTRAN鄂西-鄂东,448,5579.02749738561
INTERTRAN鄂西-鄂东,449,6206.006359999998
INTERTRAN鄂西-鄂东,450,4657.540059999995
INTERTRAN鄂西-鄂东,451,5832.8013599999995
INTERTRAN鄂西-鄂东,452,5272.320359999998
INTERTRAN鄂西-鄂东,453,5361.906260000002
INTERTRAN鄂西-鄂东,454,7077.71846
INTERTRAN鄂西-鄂东,455,6690.99986
INTERTRAN鄂西-鄂东,456,8199.905845150017
INTERTRAN鄂西-鄂东,457,5013.874160000001
INTERTRAN鄂西-鄂东,458,7269.265360825202
INTERTRAN鄂西-鄂东,459,3936.42886
INTERTRAN鄂西-鄂东,460,7015.845399999987
INTERTRAN鄂西-鄂东,461,5221.965960000001
INTERTRAN鄂西-鄂东,462,6378.510860000002
INTERTRAN鄂西-鄂东,463,5767.91496
INTERTRAN鄂西-鄂东,464,6941.97869999999
INTERTRAN鄂西-鄂东,465,5741.347460000003
INTERTRAN鄂西-鄂东,466,4257.321679174811
INTERTRAN鄂西-鄂东,467,4563.335717666493
INTERTRAN鄂西-鄂东,468,4953.912146666681
INTERTRAN鄂西-鄂东,469,8585.72428888888
INTERTRAN鄂西-鄂东,470,5561.907199999987
INTERTRAN鄂西-鄂东,471,5620.816315424853
INTERTRAN鄂西-鄂东,472,1243.9869555555424
INTERTRAN鄂西-鄂东,473,8067.100960000005
INTERTRAN鄂西-鄂东,474,6750.440060000001
INTERTRAN鄂西-鄂东,475,7582.277989174761
INTERTRAN鄂西-鄂东,476,6135.623089174762
INTERTRAN鄂西-鄂东,477,4205.816294999997
INTERTRAN鄂西-鄂东,478,6401.640339149081
INTERTRAN鄂西-鄂东,479,7873.27166
INTERTRAN鄂西-鄂东,480,6121.329159999999
INTERTRAN鄂西-鄂东,481,4643.723989174765
INTERTRAN鄂西-鄂东,482,3142.529355773887
INTERTRAN鄂西-鄂东,483,5870.268989174765
INTERTRAN鄂西-鄂东,484,6631.414160000002
INTERTRAN鄂西-鄂东,485,5255.605944174769
INTERTRAN鄂西-鄂东,486,4767.935089174765
INTERTRAN鄂西-鄂东,487,6079.956380799216
INTERTRAN鄂西-鄂东,488,7850.743773349537
INTERTRAN鄂西-鄂东,489,10222.813602549993
INTERTRAN鄂西-鄂东,490,9583.82717254999
INTERTRAN鄂西-鄂东,491,9686.294107549993
INTERTRAN鄂西-鄂东,492,7594.274694174761
INTERTRAN鄂西-鄂东,493,6145.52014422612
INTERTRAN鄂西-鄂东,494,6099.424189174768
INTERTRAN鄂西-鄂东,495,6886.044579149078
INTERTRAN鄂西-鄂东,496,6519.909214149082
INTERTRAN鄂西-鄂东,497,12600.0
INTERTRAN鄂西-鄂东,498,11834.53427254999
INTERTRAN鄂西-鄂东,499,11578.36297334954
INTERTRAN鄂西-鄂东,500,11153.939307549997
INTERTRAN鄂西-鄂东,501,10574.883164999897
INTERTRAN鄂西-鄂东,502,9247.975402549991
INTERTRAN鄂西-鄂东,503,8364.963789149073
INTERTRAN鄂西-鄂东,504,6418.595118349531
INTERTRAN鄂西-鄂东,505,6471.984923349541
INTERTRAN鄂西-鄂东,506,4685.243818349534
INTERTRAN鄂西-鄂东,507,6148.858589174766
INTERTRAN鄂西-鄂东,508,4640.1690442261215
INTERTRAN鄂西-鄂东,509,1331.5961891747666
INTERTRAN鄂西-鄂东,510,6030.635444174768
INTERTRAN鄂西-鄂东,511,5657.762589174768
INTERTRAN鄂西-鄂东,512,6569.20681834953
INTERTRAN鄂西-鄂东,513,11440.959362549995
INTERTRAN鄂西-鄂东,514,6409.227867549995
INTERTRAN鄂西-鄂东,515,8451.803045
INTERTRAN鄂西-鄂东,516,6485.546889174764
INTERTRAN鄂西-鄂东,517,3486.8536891747626
INTERTRAN鄂西-鄂东,518,3190.647434174759
INTERTRAN鄂西-鄂东,519,5782.498599999984
INTERTRAN鄂西-鄂东,520,2106.6918749999863
INTERTRAN鄂西-鄂东,521,11011.276499174766
INTERTRAN鄂西-鄂东,522,12600.0
INTERTRAN鄂西-鄂东,523,11189.184543349536
INTERTRAN鄂西-鄂东,524,11267.13916834953
INTERTRAN鄂西-鄂东,525,10166.631868349534
INTERTRAN鄂西-鄂东,526,7114.387760000006
INTERTRAN鄂西-鄂东,527,8676.47311834953
INTERTRAN鄂西-鄂东,528,7228.671618349535
INTERTRAN鄂西-鄂东,529,6319.5061183495345
INTERTRAN鄂西-鄂东,530,5987.122389174767
INTERTRAN鄂西-鄂东,531,4583.077918349531
INTERTRAN鄂西-鄂东,532,7398.392859999998
INTERTRAN鄂西-鄂东,533,6088.027389174764
INTERTRAN鄂西-鄂东,534,6810.01016
INTERTRAN鄂西-鄂东,535,6116.060189174763
INTERTRAN鄂西-鄂东,536,7902.224405000011
INTERTRAN鄂西-鄂东,537,7781.8052183495365
INTERTRAN鄂西-鄂东,538,4617.634418349533
INTERTRAN鄂西-鄂东,539,7026.256760000002
INTERTRAN鄂西-鄂东,540,3624.3710599999986
INTERTRAN鄂西-鄂东,541,5905.430256234568
INTERTRAN鄂西-鄂东,542,5992.282019753073
INTERTRAN鄂西-鄂东,543,6298.100899999985
INTERTRAN鄂西-鄂东,544,3128.286960000003
INTERTRAN鄂西-鄂东,545,7127.4715000000115
INTERTRAN鄂西-鄂东,546,11492.90636000001
INTERTRAN鄂西-鄂东,547,8872.778619123605
INTERTRAN鄂西-鄂东,548,9251.61426000001
INTERTRAN鄂西-鄂东,549,9440.012960000011
INTERTRAN鄂西-鄂东,550,7455.392289174774
INTERTRAN鄂西-鄂东,551,5215.80408917477
INTERTRAN鄂西-鄂东,552,6528.7920891747635
INTERTRAN鄂西-鄂东,553,5696.946789174766
INTERTRAN鄂西-鄂东,554,4965.118389174762
INTERTRAN鄂西-鄂东,555,4424.710860000005
INTERTRAN鄂西-鄂东,556,4988.45596
INTERTRAN鄂西-鄂东,557,4825.124960000001
INTERTRAN鄂西-鄂东,558,4605.524660000001
INTERTRAN鄂西-鄂东,559,3931.0097891747646
INTERTRAN鄂西-鄂东,560,5399.666818349529
INTERTRAN鄂西-鄂东,561,12156.52574912361
INTERTRAN鄂西-鄂东,562,8316.452339123613
INTERTRAN鄂西-鄂东,563,8041.2695341236085
INTERTRAN鄂西-鄂东,564,8125.334079123609
INTERTRAN鄂西-鄂东,565,8037.856185000195
INTERTRAN鄂西-鄂东,566,5481.301593400881
INTERTRAN鄂西-鄂东,567,7077.6783150513575
INTERTRAN鄂西-鄂东,568,7675.218985000197
INTERTRAN鄂西-鄂东,569,11414.1334850002
INTERTRAN鄂西-鄂东,570,9829.88287500019
INTERTRAN鄂西-鄂东,571,10633.4213850002
INTERTRAN鄂西-鄂东,572,11690.22103412361
INTERTRAN鄂西-鄂东,573,10970.553585000202
INTERTRAN鄂西-鄂东,574,8587.889385000199
INTERTRAN鄂西-鄂东,575,7654.735929725893
INTERTRAN鄂西北-鄂东,432,3000.0
INTERTRAN鄂西北-鄂东,433,3000.0
INTERTRAN鄂西北-鄂东,434,3000.0
INTERTRAN鄂西北-鄂东,435,3000.0
INTERTRAN鄂西北-鄂东,436,3000.0
INTERTRAN鄂西北-鄂东,437,3000.0
INTERTRAN鄂西北-鄂东,438,3000.0
INTERTRAN鄂西北-鄂东,439,3000.0
INTERTRAN鄂西北-鄂东,440,3000.0
INTERTRAN鄂西北-鄂东,441,3000.0
INTERTRAN鄂西北-鄂东,442,3000.0
INTERTRAN鄂西北-鄂东,443,3000.0
INTERTRAN鄂西北-鄂东,444,-3000.0
INTERTRAN鄂西北-鄂东,445,-3000.0
INTERTRAN鄂西北-鄂东,446,-3000.0
INTERTRAN鄂西北-鄂东,447,-3000.0
INTERTRAN鄂西北-鄂东,448,-3000.0
INTERTRAN鄂西北-鄂东,449,-3000.0
INTERTRAN鄂西北-鄂东,450,3000.0
INTERTRAN鄂西北-鄂东,451,3000.0
INTERTRAN鄂西北-鄂东,452,3000.0
INTERTRAN鄂西北-鄂东,453,3000.0
INTERTRAN鄂西北-鄂东,454,3000.0
INTERTRAN鄂西北-鄂东,455,3000.0
INTERTRAN鄂西北-鄂东,456,3000.0
INTERTRAN鄂西北-鄂东,457,3000.0
INTERTRAN鄂西北-鄂东,458,3000.0
INTERTRAN鄂西北-鄂东,459,3000.0
INTERTRAN鄂西北-鄂东,460,3000.0
INTERTRAN鄂西北-鄂东,461,3000.0
INTERTRAN鄂西北-鄂东,462,3000.0
INTERTRAN鄂西北-鄂东,463,3000.0
INTERTRAN鄂西北-鄂东,464,3000.0
INTERTRAN鄂西北-鄂东,465,3000.0
INTERTRAN鄂西北-鄂东,466,3000.0
INTERTRAN鄂西北-鄂东,467,-3000.0
INTERTRAN鄂西北-鄂东,468,-3000.0
INTERTRAN鄂西北-鄂东,469,-3000.0
INTERTRAN鄂西北-鄂东,470,-3000.0
INTERTRAN鄂西北-鄂东,471,-3000.0
INTERTRAN鄂西北-鄂东,472,-3000.0
INTERTRAN鄂西北-鄂东,473,-3000.0
INTERTRAN鄂西北-鄂东,474,3000.0
INTERTRAN鄂西北-鄂东,475,3000.0
INTERTRAN鄂西北-鄂东,476,3000.0
INTERTRAN鄂西北-鄂东,477,3000.0
INTERTRAN鄂西北-鄂东,478,3000.0
INTERTRAN鄂西北-鄂东,479,3000.0
INTERTRAN鄂西北-鄂东,480,3000.0
INTERTRAN鄂西北-鄂东,481,3000.0
INTERTRAN鄂西北-鄂东,482,3000.0
INTERTRAN鄂西北-鄂东,483,3000.0
INTERTRAN鄂西北-鄂东,484,3000.0
INTERTRAN鄂西北-鄂东,485,3000.0
INTERTRAN鄂西北-鄂东,486,3000.0
INTERTRAN鄂西北-鄂东,487,3000.0
INTERTRAN鄂西北-鄂东,488,3000.0
INTERTRAN鄂西北-鄂东,489,638.2134999999994
INTERTRAN鄂西北-鄂东,490,1009.1435457995419
INTERTRAN鄂西北-鄂东,491,823.1752107995417
INTERTRAN鄂西北-鄂东,492,1363.5341241747756
INTERTRAN鄂西北-鄂东,493,3000.0
INTERTRAN鄂西北-鄂东,494,3000.0
INTERTRAN鄂西北-鄂东,495,3000.0
INTERTRAN鄂西北-鄂东,496,3000.0
INTERTRAN鄂西北-鄂东,497,833.5535307995394
INTERTRAN鄂西北-鄂东,498,823.9901457995419
INTERTRAN鄂西北-鄂东,499,-294.24045500000034
INTERTRAN鄂西北-鄂东,500,-188.0310050000012
INTERTRAN鄂西北-鄂东,501,199.53399999999897
INTERTRAN鄂西北-鄂东,502,1710.2517157995403
INTERTRAN鄂西北-鄂东,503,3000.0
INTERTRAN鄂西北-鄂东,504,3000.0
INTERTRAN鄂西北-鄂东,505,3000.0
INTERTRAN鄂西北-鄂东,506,3000.0
INTERTRAN鄂西北-鄂东,507,3000.0
INTERTRAN鄂西北-鄂东,508,3000.0
INTERTRAN鄂西北-鄂东,509,3000.0
INTERTRAN鄂西北-鄂东,510,3000.0
INTERTRAN鄂西北-鄂东,511,3000.0
INTERTRAN鄂西北-鄂东,512,3000.0
INTERTRAN鄂西北-鄂东,513,1491.7070557995414
INTERTRAN鄂西北-鄂东,514,366.5509349999993
INTERTRAN鄂西北-鄂东,515,1107.4340733495387
INTERTRAN鄂西北-鄂东,516,3000.0
INTERTRAN鄂西北-鄂东,517,3000.0
INTERTRAN鄂西北-鄂东,518,3000.0
INTERTRAN鄂西北-鄂东,519,-947.3284399999848
INTERTRAN鄂西北-鄂东,520,3000.0
INTERTRAN鄂西北-鄂东,521,682.6918900000012
INTERTRAN鄂西北-鄂东,522,-511.2962400000001
INTERTRAN鄂西北-鄂东,523,600.3776750000001
INTERTRAN鄂西北-鄂东,524,679.2242500000021
INTERTRAN鄂西北-鄂东,525,55.78249999999912
INTERTRAN鄂西北-鄂东,526,1753.3790583495293
INTERTRAN鄂西北-鄂东,527,3000.0
INTERTRAN鄂西北-鄂东,528,3000.0
INTERTRAN鄂西北-鄂东,529,3000.0
INTERTRAN鄂西北-鄂东,530,3000.0
INTERTRAN鄂西北-鄂东,531,3000.0
INTERTRAN鄂西北-鄂东,532,3000.0
INTERTRAN鄂西北-鄂东,533,3000.0
INTERTRAN鄂西北-鄂东,534,3000.0
INTERTRAN鄂西北-鄂东,535,3000.0
INTERTRAN鄂西北-鄂东,536,3000.0
INTERTRAN鄂西北-鄂东,537,3000.0
INTERTRAN鄂西北-鄂东,538,3000.0
INTERTRAN鄂西北-鄂东,539,3000.0
INTERTRAN鄂西北-鄂东,540,3000.0
INTERTRAN鄂西北-鄂东,541,-623.1533604320989
INTERTRAN鄂西北-鄂东,542,-2484.635345370371
INTERTRAN鄂西北-鄂东,543,-132.70529000000033
INTERTRAN鄂西北-鄂东,544,3000.0
INTERTRAN鄂西北-鄂东,545,3000.0
INTERTRAN鄂西北-鄂东,546,990.6886042259245
INTERTRAN鄂西北-鄂东,547,-205.01767999999947
INTERTRAN鄂西北-鄂东,548,114.58691999999837
INTERTRAN鄂西北-鄂东,549,138.24524999999858
INTERTRAN鄂西北-鄂东,550,3000.0
INTERTRAN鄂西北-鄂东,551,3000.0
INTERTRAN鄂西北-鄂东,552,3000.0
INTERTRAN鄂西北-鄂东,553,3000.0
INTERTRAN鄂西北-鄂东,554,3000.0
INTERTRAN鄂西北-鄂东,555,3000.0
INTERTRAN鄂西北-鄂东,556,3000.0
INTERTRAN鄂西北-鄂东,557,3000.0
INTERTRAN鄂西北-鄂东,558,3000.0
INTERTRAN鄂西北-鄂东,559,3000.0
INTERTRAN鄂西北-鄂东,560,3000.0
INTERTRAN鄂西北-鄂东,561,1116.7147692259246
INTERTRAN鄂西北-鄂东,562,1461.999979225924
INTERTRAN鄂西北-鄂东,563,828.4776842259232
INTERTRAN鄂西北-鄂东,564,908.7217392259238
INTERTRAN鄂西北-鄂东,565,784.6664592259244
INTERTRAN鄂西北-鄂东,566,3000.0
INTERTRAN鄂西北-鄂东,567,3000.0
INTERTRAN鄂西北-鄂东,568,-136.065230774077
INTERTRAN鄂西北-鄂东,569,3000.0
INTERTRAN鄂西北-鄂东,570,3000.0
INTERTRAN鄂西北-鄂东,571,-665.1581507740771
INTERTRAN鄂西北-鄂东,572,-272.62049500000103
INTERTRAN鄂西北-鄂东,573,-398.8765707740747
INTERTRAN鄂西北-鄂东,574,307.31192922592413
INTERTRAN鄂西北-鄂东,575,3000.0
INTERTRAN鄂西-鄂西北,432,-2000.0
INTERTRAN鄂西-鄂西北,433,-2000.0
INTERTRAN鄂西-鄂西北,434,-2000.0
INTERTRAN鄂西-鄂西北,435,-2000.0
INTERTRAN鄂西-鄂西北,436,-2000.0
INTERTRAN鄂西-鄂西北,437,-2000.0
INTERTRAN鄂西-鄂西北,438,-2000.0
INTERTRAN鄂西-鄂西北,439,-2000.0
INTERTRAN鄂西-鄂西北,440,-2000.0
INTERTRAN鄂西-鄂西北,441,-2000.0
INTERTRAN鄂西-鄂西北,442,-1309.0550150000254
INTERTRAN鄂西-鄂西北,443,1504.8049050000009
INTERTRAN鄂西-鄂西北,444,2000.0
INTERTRAN鄂西-鄂西北,445,2000.0
INTERTRAN鄂西-鄂西北,446,2000.0
INTERTRAN鄂西-鄂西北,447,1911.70495774511
INTERTRAN鄂西-鄂西北,448,2000.0
INTERTRAN鄂西-鄂西北,449,1628.7019184313615
INTERTRAN鄂西-鄂西北,450,-2000.0
INTERTRAN鄂西-鄂西北,451,-2000.0
INTERTRAN鄂西-鄂西北,452,-2000.0
INTERTRAN鄂西-鄂西北,453,-2000.0
INTERTRAN鄂西-鄂西北,454,-2000.0
INTERTRAN鄂西-鄂西北,455,-2000.0
INTERTRAN鄂西-鄂西北,456,-2000.0
INTERTRAN鄂西-鄂西北,457,-2000.0
INTERTRAN鄂西-鄂西北,458,-2000.0
INTERTRAN鄂西-鄂西北,459,-2000.0
INTERTRAN鄂西-鄂西北,460,-2000.0
INTERTRAN鄂西-鄂西北,461,-2000.0
INTERTRAN鄂西-鄂西北,462,-2000.0
INTERTRAN鄂西-鄂西北,463,-2000.0
INTERTRAN鄂西-鄂西北,464,-2000.0
INTERTRAN鄂西-鄂西北,465,-2000.0
INTERTRAN鄂西-鄂西北,466,-53.96578499999919
INTERTRAN鄂西-鄂西北,467,2000.0
INTERTRAN鄂西-鄂西北,468,1929.0812505555584
INTERTRAN鄂西-鄂西北,469,2000.0
INTERTRAN鄂西-鄂西北,470,2000.0
INTERTRAN鄂西-鄂西北,471,2000.0
INTERTRAN鄂西-鄂西北,472,2000.0
INTERTRAN鄂西-鄂西北,473,-644.5453600000183
INTERTRAN鄂西-鄂西北,474,1467.3517133495363
INTERTRAN鄂西-鄂西北,475,-99.03531579954165
INTERTRAN鄂西-鄂西北,476,-1166.6084158252233
INTERTRAN鄂西-鄂西北,477,-603.945815825231
INTERTRAN鄂西-鄂西北,478,-1021.6514657995419
INTERTRAN鄂西-鄂西北,479,745.1805000000013
INTERTRAN鄂西-鄂西北,480,217.29475000000184
INTERTRAN鄂西-鄂西北,481,-119.46539499999471
INTERTRAN鄂西-鄂西北,482,-230.48826159911596
INTERTRAN鄂西-鄂西北,483,-713.8719999999994
INTERTRAN鄂西-鄂西北,484,-1144.2820658252404
INTERTRAN鄂西-鄂西北,485,-712.9622499999996
INTERTRAN鄂西-鄂西北,486,-611.1547499999997
INTERTRAN鄂西-鄂西北,487,-157.90275499999916
INTERTRAN鄂西-鄂西北,488,-2000.0
INTERTRAN鄂西-鄂西北,489,-2000.0
INTERTRAN鄂西-鄂西北,490,-2000.0
INTERTRAN鄂西-鄂西北,491,-2000.0
INTERTRAN鄂西-鄂西北,492,-2000.0
INTERTRAN鄂西-鄂西北,493,-56.33075079954142
INTERTRAN鄂西-鄂西北,494,-28.85982579954066
INTERTRAN鄂西-鄂西北,495,-427.60140579954054
INTERTRAN鄂西-鄂西北,496,170.39215920045808
INTERTRAN鄂西-鄂西北,497,-2000.0
INTERTRAN鄂西-鄂西北,498,-2000.0
INTERTRAN鄂西-鄂西北,499,-2000.0
INTERTRAN鄂西-鄂西北,500,-2000.0
INTERTRAN鄂西-鄂西北,501,-2000.0
INTERTRAN鄂西-鄂西北,502,-2000.0
INTERTRAN鄂西-鄂西北,503,-1050.6862157995415
INTERTRAN鄂西-鄂西北,504,-2000.0
INTERTRAN鄂西-鄂西北,505,-25.844250000000557
INTERTRAN鄂西-鄂西北,506,-625.606724174771
INTERTRAN鄂西-鄂西北,507,-1423.1903949999964
INTERTRAN鄂西-鄂西北,508,-338.8697500000008
INTERTRAN鄂西-鄂西北,509,-703.1214999999993
INTERTRAN鄂西-鄂西北,510,-483.38774999999987
INTERTRAN鄂西-鄂西北,511,-304.3455949999993
INTERTRAN鄂西-鄂西北,512,645.2926550000007
INTERTRAN鄂西-鄂西北,513,-2000.0
INTERTRAN鄂西-鄂西北,514,-2000.0
INTERTRAN鄂西-鄂西北,515,-2000.0
INTERTRAN鄂西-鄂西北,516,197.82988499999863
INTERTRAN鄂西-鄂西北,517,1737.9413399999999
INTERTRAN鄂西-鄂西北,518,1802.57756
INTERTRAN鄂西-鄂西北,519,-2000.0
INTERTRAN鄂西-鄂西北,520,1728.4975250000002
INTERTRAN鄂西-鄂西北,521,-2000.0
INTERTRAN鄂西-鄂西北,522,-2000.0
INTERTRAN鄂西-鄂西北,523,-2000.0
INTERTRAN鄂西-鄂西北,524,-2000.0
INTERTRAN鄂西-鄂西北,525,-2000.0
INTERTRAN鄂西-鄂西北,526,-2000.0
INTERTRAN鄂西-鄂西北,527,-1012.4232500000018
INTERTRAN鄂西-鄂西北,528,-2000.0
INTERTRAN鄂西-鄂西北,529,-349.85149999999976
INTERTRAN鄂西-鄂西北,530,-599.7979999999998
INTERTRAN鄂西-鄂西北,531,-371.2739999999999
INTERTRAN鄂西-鄂西北,532,-788.4999999999991
INTERTRAN鄂西-鄂西北,533,-653.4529999999986
INTERTRAN鄂西-鄂西北,534,-1922.186065825229
INTERTRAN鄂西-鄂西北,535,-794.6355949999993
INTERTRAN鄂西-鄂西北,536,-40.34584499999892
INTERTRAN鄂西-鄂西北,537,-1465.9746583495303
INTERTRAN鄂西-鄂西北,538,1360.5049050000011
INTERTRAN鄂西-鄂西北,539,1133.4126400000018
INTERTRAN鄂西-鄂西北,540,565.6835600000005
INTERTRAN鄂西-鄂西北,541,-2000.0
INTERTRAN鄂西-鄂西北,542,-2000.0
INTERTRAN鄂西-鄂西北,543,-2000.0
INTERTRAN鄂西-鄂西北,544,1295.196765000001
INTERTRAN鄂西-鄂西北,545,1787.7446599999994
INTERTRAN鄂西-鄂西北,546,-2000.0
INTERTRAN鄂西-鄂西北,547,-2000.0
INTERTRAN鄂西-鄂西北,548,-2000.0
INTERTRAN鄂西-鄂西北,549,-2000.0
INTERTRAN鄂西-鄂西北,550,-299.9649292259236
INTERTRAN鄂西-鄂西北,551,507.55924999999934
INTERTRAN鄂西-鄂西北,552,-552.3142499999999
INTERTRAN鄂西-鄂西北,553,-678.445999999999
INTERTRAN鄂西-鄂西北,554,-912.0255000000002
INTERTRAN鄂西-鄂西北,555,-1004.1007499999992
INTERTRAN鄂西-鄂西北,556,-1372.2672499999926
INTERTRAN鄂西-鄂西北,557,-1135.9332499999946
INTERTRAN鄂西-鄂西北,558,-1278.4695000000002
INTERTRAN鄂西-鄂西北,559,-573.1024299999995
INTERTRAN鄂西-鄂西北,560,554.8681549999997
INTERTRAN鄂西-鄂西北,561,-2000.0
INTERTRAN鄂西-鄂西北,562,-2000.0
INTERTRAN鄂西-鄂西北,563,-2000.0
INTERTRAN鄂西-鄂西北,564,-2000.0
INTERTRAN鄂西-鄂西北,565,-2000.0
INTERTRAN鄂西-鄂西北,566,-53.42777922592427
INTERTRAN鄂西-鄂西北,567,-1637.1319692259246
INTERTRAN鄂西-鄂西北,568,-2000.0
INTERTRAN鄂西-鄂西北,569,-2000.0
INTERTRAN鄂西-鄂西北,570,-2000.0
INTERTRAN鄂西-鄂西北,571,-2000.0
INTERTRAN鄂西-鄂西北,572,-2000.0
INTERTRAN鄂西-鄂西北,573,-2000.0
INTERTRAN鄂西-鄂西北,574,-2000.0
INTERTRAN鄂西-鄂西北,575,-909.5134292259238
INTERTRAN鄂西-鄂东,576,5165.18766
INTERTRAN鄂西-鄂东,577,10051.1561
INTERTRAN鄂西-鄂东,578,8074.928749999999
INTERTRAN鄂西-鄂东,579,6964.22236
INTERTRAN鄂西-鄂东,580,5448.506149999997
INTERTRAN鄂西-鄂东,581,6871.721460000001
INTERTRAN鄂西-鄂东,582,4406.784499999998
INTERTRAN鄂西-鄂东,583,6562.653460000001
INTERTRAN鄂西-鄂东,584,6723.231659999998
INTERTRAN鄂西-鄂东,585,9618.768359999995
INTERTRAN鄂西-鄂东,586,7670.080859999998
INTERTRAN鄂西-鄂东,587,6217.470860000001
INTERTRAN鄂西-鄂东,588,6374.320760000002
INTERTRAN鄂西-鄂东,589,4768.986469999996
INTERTRAN鄂西-鄂东,590,6562.289225
INTERTRAN鄂西-鄂东,591,5640.37846
INTERTRAN鄂西-鄂东,592,6957.740760000001
INTERTRAN鄂西-鄂东,593,11354.246060000001
INTERTRAN鄂西-鄂东,594,12600.0
INTERTRAN鄂西-鄂东,595,12244.414739999997
INTERTRAN鄂西-鄂东,596,8777.611399999998
INTERTRAN鄂西-鄂东,597,11237.467260000001
INTERTRAN鄂西-鄂东,598,8334.050059999998
INTERTRAN鄂西-鄂东,599,4436.667860000001
INTERTRAN鄂西-鄂东,600,3547.060510151614
INTERTRAN鄂西-鄂东,601,6432.865760000001
INTERTRAN鄂西-鄂东,602,8044.07576
INTERTRAN鄂西-鄂东,603,5005.164399999998
INTERTRAN鄂西-鄂东,604,5956.296299999998
INTERTRAN鄂西-鄂东,605,7867.781360000001
INTERTRAN鄂西-鄂东,606,5609.493060000001
INTERTRAN鄂西-鄂东,607,6337.30486
INTERTRAN鄂西-鄂东,608,7975.96946
INTERTRAN鄂西-鄂东,609,10582.666480000004
INTERTRAN鄂西-鄂东,610,8857.642159999996
INTERTRAN鄂西-鄂东,611,9278.798260000003
INTERTRAN鄂西-鄂东,612,4008.533760000002
INTERTRAN鄂西-鄂东,613,5226.228919999994
INTERTRAN鄂西-鄂东,614,3037.861514999997
INTERTRAN鄂西-鄂东,615,6318.235660000002
INTERTRAN鄂西-鄂东,616,4834.33136
INTERTRAN鄂西-鄂东,617,9818.248860000003
INTERTRAN鄂西-鄂东,618,9378.62876
INTERTRAN鄂西-鄂东,619,9468.436359999996
INTERTRAN鄂西-鄂东,620,8811.130859999997
INTERTRAN鄂西-鄂东,621,10606.376621474938
INTERTRAN鄂西-鄂东,622,8422.261460000002
INTERTRAN鄂西-鄂东,623,10046.102759999998
INTERTRAN鄂西-鄂东,624,8418.56856
INTERTRAN鄂西-鄂东,625,4255.447659999998
INTERTRAN鄂西-鄂东,626,6243.49006
INTERTRAN鄂西-鄂东,627,4464.796693012391
INTERTRAN鄂西-鄂东,628,5495.9461999999985
INTERTRAN鄂西-鄂东,629,6675.782659999997
INTERTRAN鄂西-鄂东,630,6279.162360000002
INTERTRAN鄂西-鄂东,631,6007.330260000002
INTERTRAN鄂西-鄂东,632,7091.3601599999965
INTERTRAN鄂西-鄂东,633,3501.236345000001
INTERTRAN鄂西-鄂东,634,5564.2555118500095
INTERTRAN鄂西-鄂东,635,4128.721599999997
INTERTRAN鄂西-鄂东,636,3122.64956
INTERTRAN鄂西-鄂东,637,1967.979195
INTERTRAN鄂西-鄂东,638,5328.668399999995
INTERTRAN鄂西-鄂东,639,1903.718859999999
INTERTRAN鄂西-鄂东,640,6520.333870000002
INTERTRAN鄂西-鄂东,641,3954.007859999998
INTERTRAN鄂西-鄂东,642,6100.197827575474
INTERTRAN鄂西-鄂东,643,10831.344079999999
INTERTRAN鄂西-鄂东,644,5965.417405
INTERTRAN鄂西-鄂东,645,8253.866860000002
INTERTRAN鄂西-鄂东,646,9676.2477
INTERTRAN鄂西-鄂东,647,9774.013760000002
INTERTRAN鄂西-鄂东,648,9593.189759999997
INTERTRAN鄂西-鄂东,649,6993.682399999998
INTERTRAN鄂西-鄂东,650,4582.459459999998
INTERTRAN鄂西-鄂东,651,7583.442360000001
INTERTRAN鄂西-鄂东,652,6529.2025600000015
INTERTRAN鄂西-鄂东,653,6513.29377
INTERTRAN鄂西-鄂东,654,6710.205299999998
INTERTRAN鄂西-鄂东,655,7222.28716
INTERTRAN鄂西-鄂东,656,6002.901859999998
INTERTRAN鄂西-鄂东,657,9395.410059999998
INTERTRAN鄂西-鄂东,658,3129.37312
INTERTRAN鄂西-鄂东,659,3012.967359999997
INTERTRAN鄂西-鄂东,660,5465.670738148969
INTERTRAN鄂西-鄂东,661,7309.005095493827
INTERTRAN鄂西-鄂东,662,6163.102460000002
INTERTRAN鄂西-鄂东,663,4768.776304999883
INTERTRAN鄂西-鄂东,664,4009.5840493827127
INTERTRAN鄂西-鄂东,665,4997.123959999997
INTERTRAN鄂西-鄂东,666,4040.6581318999997
INTERTRAN鄂西-鄂东,667,4152.694660000001
INTERTRAN鄂西-鄂东,668,7155.229156699337
INTERTRAN鄂西-鄂东,669,7765.475760000001
INTERTRAN鄂西-鄂东,670,7890.675159999999
INTERTRAN鄂西-鄂东,671,5130.760199999997
INTERTRAN鄂西-鄂东,672,4230.043099999999
INTERTRAN鄂西-鄂东,673,7879.233099999998
INTERTRAN鄂西-鄂东,674,6621.136059999997
INTERTRAN鄂西-鄂东,675,5030.888701694963
INTERTRAN鄂西-鄂东,676,4586.572659999998
INTERTRAN鄂西-鄂东,677,5597.967059999999
INTERTRAN鄂西-鄂东,678,4420.733960000001
INTERTRAN鄂西-鄂东,679,3090.447899999999
INTERTRAN鄂西-鄂东,680,7023.231659999998
INTERTRAN鄂西-鄂东,681,10229.209487855132
INTERTRAN鄂西-鄂东,682,581.9521600000007
INTERTRAN鄂西-鄂东,683,7128.832609999987
INTERTRAN鄂西-鄂东,684,2917.3526822222193
INTERTRAN鄂西-鄂东,685,8879.96411578577
INTERTRAN鄂西-鄂东,686,-2280.899470555556
INTERTRAN鄂西-鄂东,687,8737.562801111111
INTERTRAN鄂西-鄂东,688,3389.129152483716
INTERTRAN鄂西-鄂东,689,8540.189515555561
INTERTRAN鄂西-鄂东,690,4844.427839999975
INTERTRAN鄂西-鄂东,691,4842.524499999992
INTERTRAN鄂西-鄂东,692,932.5802800004076
INTERTRAN鄂西-鄂东,693,8324.63596
INTERTRAN鄂西-鄂东,694,7221.949019753069
INTERTRAN鄂西-鄂东,695,7349.488370078834
INTERTRAN鄂西-鄂东,696,3883.8678999999865
INTERTRAN鄂西-鄂东,697,4715.499299999989
INTERTRAN鄂西-鄂东,698,662.4840999999851
INTERTRAN鄂西-鄂东,699,2955.6806999999862
INTERTRAN鄂西-鄂东,700,5002.976399259234
INTERTRAN鄂西-鄂东,701,5009.001154901947
INTERTRAN鄂西-鄂东,702,4383.179459999999
INTERTRAN鄂西-鄂东,703,4010.7788999999866
INTERTRAN鄂西-鄂东,704,4593.291520000013
INTERTRAN鄂西-鄂东,705,6260.622633129427
INTERTRAN鄂西-鄂东,706,1364.2235999999848
INTERTRAN鄂西-鄂东,707,3675.6368599999987
INTERTRAN鄂西-鄂东,708,4801.304754117642
INTERTRAN鄂西-鄂东,709,5263.046515686256
INTERTRAN鄂西-鄂东,710,5891.463339703165
INTERTRAN鄂西-鄂东,711,1296.7618156862554
INTERTRAN鄂西-鄂东,712,3238.645474869285
INTERTRAN鄂西-鄂东,713,7653.050852650675
INTERTRAN鄂西-鄂东,714,8156.103675076814
INTERTRAN鄂西-鄂东,715,5281.414265432086
INTERTRAN鄂西-鄂东,716,10650.800677777763
INTERTRAN鄂西-鄂东,717,1981.037074135409
INTERTRAN鄂西-鄂东,718,5967.606899999984
INTERTRAN鄂西-鄂东,719,7645.275276216009
INTERTRAN鄂西北-鄂东,576,3000.0
INTERTRAN鄂西北-鄂东,577,1395.3895000000002
INTERTRAN鄂西北-鄂东,578,3000.0
INTERTRAN鄂西北-鄂东,579,3000.0
INTERTRAN鄂西北-鄂东,580,3000.0
INTERTRAN鄂西北-鄂东,581,3000.0
INTERTRAN鄂西北-鄂东,582,3000.0
INTERTRAN鄂西北-鄂东,583,3000.0
INTERTRAN鄂西北-鄂东,584,3000.0
INTERTRAN鄂西北-鄂东,585,3000.0
INTERTRAN鄂西北-鄂东,586,3000.0
INTERTRAN鄂西北-鄂东,587,3000.0
INTERTRAN鄂西北-鄂东,588,3000.0
INTERTRAN鄂西北-鄂东,589,3000.0
INTERTRAN鄂西北-鄂东,590,-738.6649649999999
INTERTRAN鄂西北-鄂东,591,3000.0
INTERTRAN鄂西北-鄂东,592,3000.0
INTERTRAN鄂西北-鄂东,593,3000.0
INTERTRAN鄂西北-鄂东,594,1054.8824999999997
INTERTRAN鄂西北-鄂东,595,866.2217200000009
INTERTRAN鄂西北-鄂东,596,2480.062340000002
INTERTRAN鄂西北-鄂东,597,3000.0
INTERTRAN鄂西北-鄂东,598,3000.0
INTERTRAN鄂西北-鄂东,599,3000.0
INTERTRAN鄂西北-鄂东,600,3000.0
INTERTRAN鄂西北-鄂东,601,3000.0
INTERTRAN鄂西北-鄂东,602,3000.0
INTERTRAN鄂西北-鄂东,603,2832.3722500000003
INTERTRAN鄂西北-鄂东,604,3000.0
INTERTRAN鄂西北-鄂东,605,3000.0
INTERTRAN鄂西北-鄂东,606,3000.0
INTERTRAN鄂西北-鄂东,607,3000.0
INTERTRAN鄂西北-鄂东,608,3000.0
INTERTRAN鄂西北-鄂东,609,3000.0
INTERTRAN鄂西北-鄂东,610,3000.0
INTERTRAN鄂西北-鄂东,611,3000.0
INTERTRAN鄂西北-鄂东,612,3000.0
INTERTRAN鄂西北-鄂东,613,3000.0
INTERTRAN鄂西北-鄂东,614,872.071245000001
INTERTRAN鄂西北-鄂东,615,3000.0
INTERTRAN鄂西北-鄂东,616,3000.0
INTERTRAN鄂西北-鄂东,617,3000.0
INTERTRAN鄂西北-鄂东,618,3000.0
INTERTRAN鄂西北-鄂东,619,3000.0
INTERTRAN鄂西北-鄂东,620,3000.0
INTERTRAN鄂西北-鄂东,621,3000.0
INTERTRAN鄂西北-鄂东,622,3000.0
INTERTRAN鄂西北-鄂东,623,3000.0
INTERTRAN鄂西北-鄂东,624,3000.0
INTERTRAN鄂西北-鄂东,625,3000.0
INTERTRAN鄂西北-鄂东,626,3000.0
INTERTRAN鄂西北-鄂东,627,3000.0
INTERTRAN鄂西北-鄂东,628,1873.6617499999993
INTERTRAN鄂西北-鄂东,629,1874.9809999999998
INTERTRAN鄂西北-鄂东,630,3000.0
INTERTRAN鄂西北-鄂东,631,3000.0
INTERTRAN鄂西北-鄂东,632,3000.0
INTERTRAN鄂西北-鄂东,633,599.446015
INTERTRAN鄂西北-鄂东,634,3000.0
INTERTRAN鄂西北-鄂东,635,3000.0
INTERTRAN鄂西北-鄂东,636,3000.0
INTERTRAN鄂西北-鄂东,637,2492.160564999999
INTERTRAN鄂西北-鄂东,638,-989.1612250000012
INTERTRAN鄂西北-鄂东,639,3000.0
INTERTRAN鄂西北-鄂东,640,-485.3547100000005
INTERTRAN鄂西北-鄂东,641,3000.0
INTERTRAN鄂西北-鄂东,642,2849.7418324245273
INTERTRAN鄂西北-鄂东,643,1491.5358799999995
INTERTRAN鄂西北-鄂东,644,2550.1012550000005
INTERTRAN鄂西北-鄂东,645,3000.0
INTERTRAN鄂西北-鄂东,646,3000.0
INTERTRAN鄂西北-鄂东,647,3000.0
INTERTRAN鄂西北-鄂东,648,3000.0
INTERTRAN鄂西北-鄂东,649,2381.843160000002
INTERTRAN鄂西北-鄂东,650,3000.0
INTERTRAN鄂西北-鄂东,651,3000.0
INTERTRAN鄂西北-鄂东,652,3000.0
INTERTRAN鄂西北-鄂东,653,2421.244550000003
INTERTRAN鄂西北-鄂东,654,3000.0
INTERTRAN鄂西北-鄂东,655,3000.0
INTERTRAN鄂西北-鄂东,656,3000.0
INTERTRAN鄂西北-鄂东,657,3000.0
INTERTRAN鄂西北-鄂东,658,3000.0
INTERTRAN鄂西北-鄂东,659,3000.0
INTERTRAN鄂西北-鄂东,660,-3000.0
INTERTRAN鄂西北-鄂东,661,-3000.0
INTERTRAN鄂西北-鄂东,662,-3000.0
INTERTRAN鄂西北-鄂东,663,-3000.0
INTERTRAN鄂西北-鄂东,664,-494.89518043209864
INTERTRAN鄂西北-鄂东,665,3000.0
INTERTRAN鄂西北-鄂东,666,3000.0
INTERTRAN鄂西北-鄂东,667,3000.0
INTERTRAN鄂西北-鄂东,668,3000.0
INTERTRAN鄂西北-鄂东,669,3000.0
INTERTRAN鄂西北-鄂东,670,3000.0
INTERTRAN鄂西北-鄂东,671,967.4731600000032
INTERTRAN鄂西北-鄂东,672,2445.8734999999997
INTERTRAN鄂西北-鄂东,673,1451.0104999999985
INTERTRAN鄂西北-鄂东,674,3000.0
INTERTRAN鄂西北-鄂东,675,3000.0
INTERTRAN鄂西北-鄂东,676,3000.0
INTERTRAN鄂西北-鄂东,677,3000.0
INTERTRAN鄂西北-鄂东,678,1936.5365000000002
INTERTRAN鄂西北-鄂东,679,3000.0
INTERTRAN鄂西北-鄂东,680,3000.0
INTERTRAN鄂西北-鄂东,681,3000.0
INTERTRAN鄂西北-鄂东,682,3000.0
INTERTRAN鄂西北-鄂东,683,-3000.0
INTERTRAN鄂西北-鄂东,684,-3000.0
INTERTRAN鄂西北-鄂东,685,-3000.0
INTERTRAN鄂西北-鄂东,686,-2017.9020249999994
INTERTRAN鄂西北-鄂东,687,-676.1214188888898
INTERTRAN鄂西北-鄂东,688,759.1763741829536
INTERTRAN鄂西北-鄂东,689,-3000.0
INTERTRAN鄂西北-鄂东,690,-228.32488000000103
INTERTRAN鄂西北-鄂东,691,3000.0
INTERTRAN鄂西北-鄂东,692,3000.0
INTERTRAN鄂西北-鄂东,693,3000.0
INTERTRAN鄂西北-鄂东,694,3000.0
INTERTRAN鄂西北-鄂东,695,3000.0
INTERTRAN鄂西北-鄂东,696,3000.0
INTERTRAN鄂西北-鄂东,697,3000.0
INTERTRAN鄂西北-鄂东,698,3000.0
INTERTRAN鄂西北-鄂东,699,2194.2774999999992
INTERTRAN鄂西北-鄂东,700,2709.632766623122
INTERTRAN鄂西北-鄂东,701,3000.0
INTERTRAN鄂西北-鄂东,702,3000.0
INTERTRAN鄂西北-鄂东,703,2244.2809919607826
INTERTRAN鄂西北-鄂东,704,3000.0
INTERTRAN鄂西北-鄂东,705,3000.0
INTERTRAN鄂西北-鄂东,706,2444.647560000014
INTERTRAN鄂西北-鄂东,707,-3000.0
INTERTRAN鄂西北-鄂东,708,-3000.0
INTERTRAN鄂西北-鄂东,709,-3000.0
INTERTRAN鄂西北-鄂东,710,69.67209439999897
INTERTRAN鄂西北-鄂东,711,-3000.0
INTERTRAN鄂西北-鄂东,712,2036.4790583333324
INTERTRAN鄂西北-鄂东,713,-2345.147424168471
INTERTRAN鄂西北-鄂东,714,-3000.0
INTERTRAN鄂西北-鄂东,715,3000.0
INTERTRAN鄂西北-鄂东,716,-1323.441575000001
INTERTRAN鄂西北-鄂东,717,-3000.0
INTERTRAN鄂西北-鄂东,718,1988.1281600000166
INTERTRAN鄂西北-鄂东,719,3000.0
INTERTRAN鄂西-鄂西北,576,-33.22949999999764
INTERTRAN鄂西-鄂西北,577,-2000.0
INTERTRAN鄂西-鄂西北,578,-601.7737499999994
INTERTRAN鄂西-鄂西北,579,-2000.0
INTERTRAN鄂西-鄂西北,580,-1623.6067500000008
INTERTRAN鄂西-鄂西北,581,-2000.0
INTERTRAN鄂西-鄂西北,582,-2000.0
INTERTRAN鄂西-鄂西北,583,-831.3055084008824
INTERTRAN鄂西-鄂西北,584,-300.58859999999913
INTERTRAN鄂西-鄂西北,585,-1022.4865149999991
INTERTRAN鄂西-鄂西北,586,-1242.683375
INTERTRAN鄂西-鄂西北,587,1708.473214999999
INTERTRAN鄂西-鄂西北,588,438.4961250000001
INTERTRAN鄂西-鄂西北,589,1471.8549300000009
INTERTRAN鄂西-鄂西北,590,-2000.0
INTERTRAN鄂西-鄂西北,591,1515.160039999997
INTERTRAN鄂西-鄂西北,592,1548.128134999978
INTERTRAN鄂西-鄂西北,593,-1880.4198000000006
INTERTRAN鄂西-鄂西北,594,-2000.0
INTERTRAN鄂西-鄂西北,595,-2000.0
INTERTRAN鄂西-鄂西北,596,-2000.0
INTERTRAN鄂西-鄂西北,597,63.6815000000006
INTERTRAN鄂西-鄂西北,598,-555.4884999999999
INTERTRAN鄂西-鄂西北,599,-1550.6491600000031
INTERTRAN鄂西-鄂西北,600,-611.1384999999987
INTERTRAN鄂西-鄂西北,601,-560.7032500000005
INTERTRAN鄂西-鄂西北,602,-992.6906695476705
INTERTRAN鄂西-鄂西北,603,-2000.0
INTERTRAN鄂西-鄂西北,604,-2000.0
INTERTRAN鄂西-鄂西北,605,-1834.5392499999998
INTERTRAN鄂西-鄂西北,606,-2000.0
INTERTRAN鄂西-鄂西北,607,-1003.9492699999977
INTERTRAN鄂西-鄂西北,608,-229.9512699999991
INTERTRAN鄂西-鄂西北,609,-1178.1048499999997
INTERTRAN鄂西-鄂西北,610,-829.1675700000005
INTERTRAN鄂西-鄂西北,611,-58.324579999998605
INTERTRAN鄂西-鄂西北,612,1647.546635000001
INTERTRAN鄂西-鄂西北,613,1400.3555700000006
INTERTRAN鄂西-鄂西北,614,-2000.0
INTERTRAN鄂西-鄂西北,615,725.3042800000012
INTERTRAN鄂西-鄂西北,616,1275.3245150000002
INTERTRAN鄂西-鄂西北,617,63.875465000000986
INTERTRAN鄂西-鄂西北,618,-981.6047599999965
INTERTRAN鄂西-鄂西北,619,-804.245465
INTERTRAN鄂西-鄂西北,620,269.7804100000012
INTERTRAN鄂西-鄂西北,621,-443.9335000000001
INTERTRAN鄂西-鄂西北,622,1096.4585000000002
INTERTRAN鄂西-鄂西北,623,404.5257500000007
INTERTRAN鄂西-鄂西北,624,-606.0642499999985
INTERTRAN鄂西-鄂西北,625,-1412.9971600000026
INTERTRAN鄂西-鄂西北,626,-2000.0
INTERTRAN鄂西-鄂西北,627,-2000.0
INTERTRAN鄂西-鄂西北,628,-2000.0
INTERTRAN鄂西-鄂西北,629,-2000.0
INTERTRAN鄂西-鄂西北,630,-2000.0
INTERTRAN鄂西-鄂西北,631,-2000.0
INTERTRAN鄂西-鄂西北,632,-53.07534999999962
INTERTRAN鄂西-鄂西北,633,-2000.0
INTERTRAN鄂西-鄂西北,634,243.2136499999997
INTERTRAN鄂西-鄂西北,635,-2000.0
INTERTRAN鄂西-鄂西北,636,1514.89304
INTERTRAN鄂西-鄂西北,637,2000.0
INTERTRAN鄂西-鄂西北,638,-2000.0
INTERTRAN鄂西-鄂西北,639,1316.4691350000012
INTERTRAN鄂西-鄂西北,640,-2000.0
INTERTRAN鄂西-鄂西北,641,860.3650399999988
INTERTRAN鄂西-鄂西北,642,-2000.0
INTERTRAN鄂西-鄂西北,643,-2000.0
INTERTRAN鄂西-鄂西北,644,-2000.0
INTERTRAN鄂西-鄂西北,645,-2000.0
INTERTRAN鄂西-鄂西北,646,632.4560000000006
INTERTRAN鄂西-鄂西北,647,-847.9327499999995
INTERTRAN鄂西-鄂西北,648,-997.8632499999999
INTERTRAN鄂西-鄂西北,649,-2000.0
INTERTRAN鄂西-鄂西北,650,-2000.0
INTERTRAN鄂西-鄂西北,651,-2000.0
INTERTRAN鄂西-鄂西北,652,-2000.0
INTERTRAN鄂西-鄂西北,653,-2000.0
INTERTRAN鄂西-鄂西北,654,-2000.0
INTERTRAN鄂西-鄂西北,655,-2000.0
INTERTRAN鄂西-鄂西北,656,129.70423000000164
INTERTRAN鄂西-鄂西北,657,-1697.7557500000003
INTERTRAN鄂西-鄂西北,658,-1856.8112449999999
INTERTRAN鄂西-鄂西北,659,1477.095874999999
INTERTRAN鄂西-鄂西北,660,842.6566322222234
INTERTRAN鄂西-鄂西北,661,653.3850014197578
INTERTRAN鄂西-鄂西北,662,-1048.83347
INTERTRAN鄂西-鄂西北,663,2000.0
INTERTRAN鄂西-鄂西北,664,2000.0
INTERTRAN鄂西-鄂西北,665,824.8017399999999
INTERTRAN鄂西-鄂西北,666,-927.4531318999998
INTERTRAN鄂西-鄂西北,667,-450.08628830764064
INTERTRAN鄂西-鄂西北,668,-1719.5561749999997
INTERTRAN鄂西-鄂西北,669,-2000.0
INTERTRAN鄂西-鄂西北,670,-2000.0
INTERTRAN鄂西-鄂西北,671,-2000.0
INTERTRAN鄂西-鄂西北,672,-2000.0
INTERTRAN鄂西-鄂西北,673,-2000.0
INTERTRAN鄂西-鄂西北,674,-2000.0
INTERTRAN鄂西-鄂西北,675,-2000.0
INTERTRAN鄂西-鄂西北,676,-2000.0
INTERTRAN鄂西-鄂西北,677,-2000.0
INTERTRAN鄂西-鄂西北,678,-2000.0
INTERTRAN鄂西-鄂西北,679,-2000.0
INTERTRAN鄂西-鄂西北,680,-2000.0
INTERTRAN鄂西-鄂西北,681,-2000.0
INTERTRAN鄂西-鄂西北,682,1285.7264249999998
INTERTRAN鄂西-鄂西北,683,59.394790000000285
INTERTRAN鄂西-鄂西北,684,840.5303650000005
INTERTRAN鄂西-鄂西北,685,2000.0
INTERTRAN鄂西-鄂西北,686,2000.0
INTERTRAN鄂西-鄂西北,687,2000.0
INTERTRAN鄂西-鄂西北,688,2000.0
INTERTRAN鄂西-鄂西北,689,-1537.9244044444624
INTERTRAN鄂西-鄂西北,690,-2000.0
INTERTRAN鄂西-鄂西北,691,-2000.0
INTERTRAN鄂西-鄂西北,692,-2000.0
INTERTRAN鄂西-鄂西北,693,-2000.0
INTERTRAN鄂西-鄂西北,694,-2000.0
INTERTRAN鄂西-鄂西北,695,-2000.0
INTERTRAN鄂西-鄂西北,696,-2000.0
INTERTRAN鄂西-鄂西北,697,-2000.0
INTERTRAN鄂西-鄂西北,698,-940.7179999999994
INTERTRAN鄂西-鄂西北,699,-2000.0
INTERTRAN鄂西-鄂西北,700,-2000.0
INTERTRAN鄂西-鄂西北,701,-2000.0
INTERTRAN鄂西-鄂西北,702,-1464.4269999999997
INTERTRAN鄂西-鄂西北,703,-2000.0
INTERTRAN鄂西-鄂西北,704,-2000.0
INTERTRAN鄂西-鄂西北,705,-2000.0
INTERTRAN鄂西-鄂西北,706,2000.0
INTERTRAN鄂西-鄂西北,707,1673.8823330117416
INTERTRAN鄂西-鄂西北,708,-1883.4270100617266
INTERTRAN鄂西-鄂西北,709,2000.0
INTERTRAN鄂西-鄂西北,710,2000.0
INTERTRAN鄂西-鄂西北,711,1957.3997000000027
INTERTRAN鄂西-鄂西北,712,2000.0
INTERTRAN鄂西-鄂西北,713,2000.0
INTERTRAN鄂西-鄂西北,714,-2000.0
INTERTRAN鄂西-鄂西北,715,-2000.0
INTERTRAN鄂西-鄂西北,716,-2000.0
INTERTRAN鄂西-鄂西北,717,-201.3219999999992
INTERTRAN鄂西-鄂西北,718,-2000.0
INTERTRAN鄂西-鄂西北,719,-317.81199999999876
INTERTRAN鄂西-鄂东,720,5127.960207058823
INTERTRAN鄂西-鄂东,721,3312.7254135543117
INTERTRAN鄂西-鄂东,722,9426.286413137288
INTERTRAN鄂西-鄂东,723,5690.013111111108
INTERTRAN鄂西-鄂东,724,7072.8237389111055
INTERTRAN鄂西-鄂东,725,1446.8713654466246
INTERTRAN鄂西-鄂东,726,6747.128776485115
INTERTRAN鄂西-鄂东,727,-229.2153752941158
INTERTRAN鄂西-鄂东,728,3409.434828249765
INTERTRAN鄂西-鄂东,729,2482.30645411765
INTERTRAN鄂西-鄂东,730,2644.1927266666644
INTERTRAN鄂西-鄂东,731,4803.940530185195
INTERTRAN鄂西-鄂东,732,-638.3701406535929
INTERTRAN鄂西-鄂东,733,3427.634739560621
INTERTRAN鄂西-鄂东,734,6263.922230766169
INTERTRAN鄂西-鄂东,735,4470.51708374728
INTERTRAN鄂西-鄂东,736,-6326.554667392896
INTERTRAN鄂西-鄂东,737,1121.7958257806768
INTERTRAN鄂西-鄂东,738,2510.2876827941145
INTERTRAN鄂西-鄂东,739,7769.212359999998
INTERTRAN鄂西-鄂东,740,4636.187685000004
INTERTRAN鄂西-鄂东,741,6365.244771111113
INTERTRAN鄂西-鄂东,742,9938.589008148152
INTERTRAN鄂西-鄂东,743,11204.021545185184
INTERTRAN鄂西-鄂东,744,4603.903958765433
INTERTRAN鄂西-鄂东,745,6148.098300000918
INTERTRAN鄂西-鄂东,746,4676.047559999999
INTERTRAN鄂西-鄂东,747,5103.63110509804
INTERTRAN鄂西-鄂东,748,2934.9811950611493
INTERTRAN鄂西-鄂东,749,4081.5558345098034
INTERTRAN鄂西-鄂东,750,6074.025560000002
INTERTRAN鄂西-鄂东,751,3708.230160000001
INTERTRAN鄂西-鄂东,752,6039.781038272522
INTERTRAN鄂西-鄂东,753,3444.6277599999958
INTERTRAN鄂西-鄂东,754,5744.719477777762
INTERTRAN鄂西-鄂东,755,2202.141383206803
INTERTRAN鄂西-鄂东,756,5637.248199999987
INTERTRAN鄂西-鄂东,757,4787.4420093210065
INTERTRAN鄂西-鄂东,758,5915.02795411765
INTERTRAN鄂西-鄂东,759,6125.098892468584
INTERTRAN鄂西-鄂东,760,-4063.86433876543
INTERTRAN鄂西-鄂东,761,2659.6949600000007
INTERTRAN鄂西-鄂东,762,8202.841799999987
INTERTRAN鄂西-鄂东,763,5620.986359999999
INTERTRAN鄂西-鄂东,764,4843.7148987572145
INTERTRAN鄂西-鄂东,765,4675.289059999999
INTERTRAN鄂西-鄂东,766,8826.833209019602
INTERTRAN鄂西-鄂东,767,5406.275066172839
INTERTRAN鄂西-鄂东,768,4785.758959999999
INTERTRAN鄂西-鄂东,769,3930.537999999986
INTERTRAN鄂西-鄂东,770,-1400.021675308657
INTERTRAN鄂西-鄂东,771,3530.7847599999986
INTERTRAN鄂西-鄂东,772,7241.834309999998
INTERTRAN鄂西-鄂东,773,5365.283487610763
INTERTRAN鄂西-鄂东,774,3546.115583529412
INTERTRAN鄂西-鄂东,775,5617.330228818559
INTERTRAN鄂西-鄂东,776,3587.766593333332
INTERTRAN鄂西-鄂东,777,7792.920224799258
INTERTRAN鄂西-鄂东,778,4517.9967769934665
INTERTRAN鄂西-鄂东,779,6301.020599999985
INTERTRAN鄂西-鄂东,780,6586.028643907044
INTERTRAN鄂西-鄂东,781,788.8604735883946
INTERTRAN鄂西-鄂东,782,3230.5279387663395
INTERTRAN鄂西-鄂东,783,1039.0379599999997
INTERTRAN鄂西-鄂东,784,3157.0475050611676
INTERTRAN鄂西-鄂东,785,2972.9690711111125
INTERTRAN鄂西-鄂东,786,5904.49634913672
INTERTRAN鄂西-鄂东,787,5949.488755293198
INTERTRAN鄂西-鄂东,788,4899.496494876508
INTERTRAN鄂西-鄂东,789,6556.8351377768595
INTERTRAN鄂西-鄂东,790,5124.252114391318
INTERTRAN鄂西-鄂东,791,6007.573759999999
INTERTRAN鄂西-鄂东,792,6268.587400000921
INTERTRAN鄂西-鄂东,793,3851.3499599999996
INTERTRAN鄂西-鄂东,794,3620.5994000009196
INTERTRAN鄂西-鄂东,795,6334.052159999999
INTERTRAN鄂西-鄂东,796,5565.84806
INTERTRAN鄂西-鄂东,797,6161.2013668128275
INTERTRAN鄂西-鄂东,798,4629.7144000009175
INTERTRAN鄂西-鄂东,799,5857.416100000919
INTERTRAN鄂西-鄂东,800,4700.495559999996
INTERTRAN鄂西-鄂东,801,10189.965105109386
INTERTRAN鄂西-鄂东,802,3163.247860000918
INTERTRAN鄂西-鄂东,803,-2505.2341599999963
INTERTRAN鄂西-鄂东,804,465.51908509054556
INTERTRAN鄂西-鄂东,805,3880.6714343055355
INTERTRAN鄂西-鄂东,806,8263.78156269565
INTERTRAN鄂西-鄂东,807,1026.6551044444386
INTERTRAN鄂西-鄂东,808,8099.215808971017
INTERTRAN鄂西-鄂东,809,6000.306469444447
INTERTRAN鄂西-鄂东,810,5005.779479998157
INTERTRAN鄂西-鄂东,811,7200.741759999997
INTERTRAN鄂西-鄂东,812,7585.515302571228
INTERTRAN鄂西-鄂东,813,3757.079492625726
INTERTRAN鄂西-鄂东,814,3714.057060000003
INTERTRAN鄂西-鄂东,815,5875.90236
INTERTRAN鄂西-鄂东,816,1218.1042049391926
INTERTRAN鄂西-鄂东,817,4608.656600000919
INTERTRAN鄂西-鄂东,818,5348.2213000009215
INTERTRAN鄂西-鄂东,819,4423.349160000002
INTERTRAN鄂西-鄂东,820,4970.094100000919
INTERTRAN鄂西-鄂东,821,5686.245560000003
INTERTRAN鄂西-鄂东,822,6396.16960691358
INTERTRAN鄂西-鄂东,823,4986.971730000918
INTERTRAN鄂西-鄂东,824,5751.798800000921
INTERTRAN鄂西-鄂东,825,5572.076859999997
INTERTRAN鄂西-鄂东,826,4683.414362389733
INTERTRAN鄂西-鄂东,827,1905.9841629629573
INTERTRAN鄂西-鄂东,828,4567.993072622568
INTERTRAN鄂西-鄂东,829,6294.503444967322
INTERTRAN鄂西-鄂东,830,-1533.4152579956317
INTERTRAN鄂西-鄂东,831,1946.8768973856058
INTERTRAN鄂西-鄂东,832,4670.733823689174
INTERTRAN鄂西-鄂东,833,1312.3362209477164
INTERTRAN鄂西-鄂东,834,7714.197622222222
INTERTRAN鄂西-鄂东,835,4548.938179046923
INTERTRAN鄂西-鄂东,836,4935.5590625009245
INTERTRAN鄂西-鄂东,837,7300.203150403504
INTERTRAN鄂西-鄂东,838,5266.331060000004
INTERTRAN鄂西-鄂东,839,5706.343659999999
INTERTRAN鄂西-鄂东,840,5466.474759999997
INTERTRAN鄂西-鄂东,841,5277.601794118564
INTERTRAN鄂西-鄂东,842,2858.0652574990727
INTERTRAN鄂西-鄂东,843,5725.832331907834
INTERTRAN鄂西-鄂东,844,5303.497159999999
INTERTRAN鄂西-鄂东,845,4613.72176
INTERTRAN鄂西-鄂东,846,5184.890460000002
INTERTRAN鄂西-鄂东,847,3207.436459999999
INTERTRAN鄂西-鄂东,848,6584.411759999999
INTERTRAN鄂西-鄂东,849,2637.7729650009205
INTERTRAN鄂西-鄂东,850,3869.09541088235
INTERTRAN鄂西-鄂东,851,3412.004803790849
INTERTRAN鄂西-鄂东,852,2000.6594709150377
INTERTRAN鄂西-鄂东,853,6843.977385490201
INTERTRAN鄂西-鄂东,854,10987.15492211123
INTERTRAN鄂西-鄂东,855,3474.6813766666673
INTERTRAN鄂西-鄂东,856,2405.8079678431386
INTERTRAN鄂西-鄂东,857,7043.067788889806
INTERTRAN鄂西-鄂东,858,7657.116990000002
INTERTRAN鄂西-鄂东,859,6543.768959999998
INTERTRAN鄂西-鄂东,860,12184.985560000001
INTERTRAN鄂西-鄂东,861,4086.2964537100597
INTERTRAN鄂西-鄂东,862,9269.830766604726
INTERTRAN鄂西-鄂东,863,6990.885000000926
INTERTRAN鄂西北-鄂东,720,3000.0
INTERTRAN鄂西北-鄂东,721,3000.0
INTERTRAN鄂西北-鄂东,722,2765.340097479997
INTERTRAN鄂西北-鄂东,723,448.82285281045824
INTERTRAN鄂西北-鄂东,724,2873.1371655333387
INTERTRAN鄂西北-鄂东,725,3000.0
INTERTRAN鄂西北-鄂东,726,3000.0
INTERTRAN鄂西北-鄂东,727,3000.0
INTERTRAN鄂西北-鄂东,728,3000.0
INTERTRAN鄂西北-鄂东,729,3000.0
INTERTRAN鄂西北-鄂东,730,3000.0
INTERTRAN鄂西北-鄂东,731,-2368.187965246922
INTERTRAN鄂西北-鄂东,732,-3000.0
INTERTRAN鄂西北-鄂东,733,-3000.0
INTERTRAN鄂西北-鄂东,734,-3000.0
INTERTRAN鄂西北-鄂东,735,-3000.0
INTERTRAN鄂西北-鄂东,736,-432.762589600567
INTERTRAN鄂西北-鄂东,737,691.8811871605017
INTERTRAN鄂西北-鄂东,738,2439.007612499998
INTERTRAN鄂西北-鄂东,739,3000.0
INTERTRAN鄂西北-鄂东,740,1496.3336749999999
INTERTRAN鄂西北-鄂东,741,3000.0
INTERTRAN鄂西北-鄂东,742,3000.0
INTERTRAN鄂西北-鄂东,743,3000.0
INTERTRAN鄂西北-鄂东,744,3000.0
INTERTRAN鄂西北-鄂东,745,3000.0
INTERTRAN鄂西北-鄂东,746,3000.0
INTERTRAN鄂西北-鄂东,747,3000.0
INTERTRAN鄂西北-鄂东,748,3000.0
INTERTRAN鄂西北-鄂东,749,3000.0
INTERTRAN鄂西北-鄂东,750,3000.0
INTERTRAN鄂西北-鄂东,751,3000.0
INTERTRAN鄂西北-鄂东,752,754.8908184731108
INTERTRAN鄂西北-鄂东,753,3000.0
INTERTRAN鄂西北-鄂东,754,99.16820411764593
INTERTRAN鄂西北-鄂东,755,3000.0
INTERTRAN鄂西北-鄂东,756,-1608.1053189506188
INTERTRAN鄂西北-鄂东,757,-3000.0
INTERTRAN鄂西北-鄂东,758,-3000.0
INTERTRAN鄂西北-鄂东,759,-1879.5184100000006
INTERTRAN鄂西北-鄂东,760,3000.0
INTERTRAN鄂西北-鄂东,761,3000.0
INTERTRAN鄂西北-鄂东,762,1667.4885353086565
INTERTRAN鄂西北-鄂东,763,3000.0
INTERTRAN鄂西北-鄂东,764,3000.0
INTERTRAN鄂西北-鄂东,765,3000.0
INTERTRAN鄂西北-鄂东,766,3000.0
INTERTRAN鄂西北-鄂东,767,3000.0
INTERTRAN鄂西北-鄂东,768,3000.0
INTERTRAN鄂西北-鄂东,769,3000.0
INTERTRAN鄂西北-鄂东,770,127.11399999999958
INTERTRAN鄂西北-鄂东,771,3000.0
INTERTRAN鄂西北-鄂东,772,621.5542500000001
INTERTRAN鄂西北-鄂东,773,3000.0
INTERTRAN鄂西北-鄂东,774,3000.0
INTERTRAN鄂西北-鄂东,775,2816.770476790123
INTERTRAN鄂西北-鄂东,776,3000.0
INTERTRAN鄂西北-鄂东,777,3000.0
INTERTRAN鄂西北-鄂东,778,3000.0
INTERTRAN鄂西北-鄂东,779,-2219.9086399999833
INTERTRAN鄂西北-鄂东,780,-591.4894446913595
INTERTRAN鄂西北-鄂东,781,-3000.0
INTERTRAN鄂西北-鄂东,782,926.9812023529412
INTERTRAN鄂西北-鄂东,783,3000.0
INTERTRAN鄂西北-鄂东,784,-184.27350944444515
INTERTRAN鄂西北-鄂东,785,3000.0
INTERTRAN鄂西北-鄂东,786,3000.0
INTERTRAN鄂西北-鄂东,787,3000.0
INTERTRAN鄂西北-鄂东,788,3000.0
INTERTRAN鄂西北-鄂东,789,3000.0
INTERTRAN鄂西北-鄂东,790,3000.0
INTERTRAN鄂西北-鄂东,791,3000.0
INTERTRAN鄂西北-鄂东,792,3000.0
INTERTRAN鄂西北-鄂东,793,3000.0
INTERTRAN鄂西北-鄂东,794,3000.0
INTERTRAN鄂西北-鄂东,795,3000.0
INTERTRAN鄂西北-鄂东,796,3000.0
INTERTRAN鄂西北-鄂东,797,3000.0
INTERTRAN鄂西北-鄂东,798,3000.0
INTERTRAN鄂西北-鄂东,799,3000.0
INTERTRAN鄂西北-鄂东,800,3000.0
INTERTRAN鄂西北-鄂东,801,2381.1493187654305
INTERTRAN鄂西北-鄂东,802,3000.0
INTERTRAN鄂西北-鄂东,803,465.9402199999995
INTERTRAN鄂西北-鄂东,804,1842.6044949999996
INTERTRAN鄂西北-鄂东,805,-3000.0
INTERTRAN鄂西北-鄂东,806,-3000.0
INTERTRAN鄂西北-鄂东,807,3000.0
INTERTRAN鄂西北-鄂东,808,-2733.996196111112
INTERTRAN鄂西北-鄂东,809,-30.87186500000098
INTERTRAN鄂西北-鄂东,810,3000.0
INTERTRAN鄂西北-鄂东,811,3000.0
INTERTRAN鄂西北-鄂东,812,1902.681477601187
INTERTRAN鄂西北-鄂东,813,3000.0
INTERTRAN鄂西北-鄂东,814,3000.0
INTERTRAN鄂西北-鄂东,815,3000.0
INTERTRAN鄂西北-鄂东,816,3000.0
INTERTRAN鄂西北-鄂东,817,3000.0
INTERTRAN鄂西北-鄂东,818,3000.0
INTERTRAN鄂西北-鄂东,819,3000.0
INTERTRAN鄂西北-鄂东,820,3000.0
INTERTRAN鄂西北-鄂东,821,3000.0
INTERTRAN鄂西北-鄂东,822,3000.0
INTERTRAN鄂西北-鄂东,823,3000.0
INTERTRAN鄂西北-鄂东,824,2792.000959999079
INTERTRAN鄂西北-鄂东,825,3000.0
INTERTRAN鄂西北-鄂东,826,3000.0
INTERTRAN鄂西北-鄂东,827,-954.8082029629577
INTERTRAN鄂西北-鄂东,828,-3000.0
INTERTRAN鄂西北-鄂东,829,-3000.0
INTERTRAN鄂西北-鄂东,830,-3000.0
INTERTRAN鄂西北-鄂东,831,185.02880000000005
INTERTRAN鄂西北-鄂东,832,-3000.0
INTERTRAN鄂西北-鄂东,833,2011.3906410130712
INTERTRAN鄂西北-鄂东,834,-791.6710622222236
INTERTRAN鄂西北-鄂东,835,3000.0
INTERTRAN鄂西北-鄂东,836,3000.0
INTERTRAN鄂西北-鄂东,837,3000.0
INTERTRAN鄂西北-鄂东,838,3000.0
INTERTRAN鄂西北-鄂东,839,3000.0
INTERTRAN鄂西北-鄂东,840,3000.0
INTERTRAN鄂西北-鄂东,841,3000.0
INTERTRAN鄂西北-鄂东,842,3000.0
INTERTRAN鄂西北-鄂东,843,3000.0
INTERTRAN鄂西北-鄂东,844,3000.0
INTERTRAN鄂西北-鄂东,845,3000.0
INTERTRAN鄂西北-鄂东,846,3000.0
INTERTRAN鄂西北-鄂东,847,3000.0
INTERTRAN鄂西北-鄂东,848,3000.0
INTERTRAN鄂西北-鄂东,849,3000.0
INTERTRAN鄂西北-鄂东,850,2605.9241549999997
INTERTRAN鄂西北-鄂东,851,3000.0
INTERTRAN鄂西北-鄂东,852,2905.2889099999993
INTERTRAN鄂西北-鄂东,853,-3000.0
INTERTRAN鄂西北-鄂东,854,-2829.71567
INTERTRAN鄂西北-鄂东,855,-931.8934500000005
INTERTRAN鄂西北-鄂东,856,-3000.0
INTERTRAN鄂西北-鄂东,857,-2983.682277473684
INTERTRAN鄂西北-鄂东,858,2129.213069999998
INTERTRAN鄂西北-鄂东,859,3000.0
INTERTRAN鄂西北-鄂东,860,3000.0
INTERTRAN鄂西北-鄂东,861,3000.0
INTERTRAN鄂西北-鄂东,862,3000.0
INTERTRAN鄂西北-鄂东,863,3000.0
INTERTRAN鄂西-鄂西北,720,-1442.74525
INTERTRAN鄂西-鄂西北,721,-1518.8651023973684
INTERTRAN鄂西-鄂西北,722,-2000.0
INTERTRAN鄂西-鄂西北,723,-2000.0
INTERTRAN鄂西-鄂西北,724,-2000.0
INTERTRAN鄂西-鄂西北,725,-1152.8005000000003
INTERTRAN鄂西-鄂西北,726,-2000.0
INTERTRAN鄂西-鄂西北,727,266.2489000000005
INTERTRAN鄂西-鄂西北,728,-2000.0
INTERTRAN鄂西-鄂西北,729,1389.2978686310976
INTERTRAN鄂西-鄂西北,730,-1786.8839861437932
INTERTRAN鄂西-鄂西北,731,2000.0
INTERTRAN鄂西-鄂西北,732,2000.0
INTERTRAN鄂西-鄂西北,733,1154.3991073529405
INTERTRAN鄂西-鄂西北,734,2000.0
INTERTRAN鄂西-鄂西北,735,2000.0
INTERTRAN鄂西-鄂西北,736,2000.0
INTERTRAN鄂西-鄂西北,737,2000.0
INTERTRAN鄂西-鄂西北,738,2000.0
INTERTRAN鄂西-鄂西北,739,-1870.5410449999988
INTERTRAN鄂西-鄂西北,740,-2000.0
INTERTRAN鄂西-鄂西北,741,-2000.0
INTERTRAN鄂西-鄂西北,742,-2000.0
INTERTRAN鄂西-鄂西北,743,-2000.0
INTERTRAN鄂西-鄂西北,744,-2000.0
INTERTRAN鄂西-鄂西北,745,-2000.0
INTERTRAN鄂西-鄂西北,746,-2000.0
INTERTRAN鄂西-鄂西北,747,-2000.0
INTERTRAN鄂西-鄂西北,748,-2000.0
INTERTRAN鄂西-鄂西北,749,-2000.0
INTERTRAN鄂西-鄂西北,750,-2000.0
INTERTRAN鄂西-鄂西北,751,-2000.0
INTERTRAN鄂西-鄂西北,752,-2000.0
INTERTRAN鄂西-鄂西北,753,-259.68180568990556
INTERTRAN鄂西-鄂西北,754,-2000.0
INTERTRAN鄂西-鄂西北,755,2000.0
INTERTRAN鄂西-鄂西北,756,2000.0
INTERTRAN鄂西-鄂西北,757,-1238.0258361110966
INTERTRAN鄂西-鄂西北,758,257.6069000000007
INTERTRAN鄂西-鄂西北,759,-2000.0
INTERTRAN鄂西-鄂西北,760,1014.4514029629458
INTERTRAN鄂西-鄂西北,761,340.1133615065369
INTERTRAN鄂西-鄂西北,762,-2000.0
INTERTRAN鄂西-鄂西北,763,-2000.0
INTERTRAN鄂西-鄂西北,764,-2000.0
INTERTRAN鄂西-鄂西北,765,-2000.0
INTERTRAN鄂西-鄂西北,766,-2000.0
INTERTRAN鄂西-鄂西北,767,-2000.0
INTERTRAN鄂西-鄂西北,768,619.768839999987
INTERTRAN鄂西-鄂西北,769,-2000.0
INTERTRAN鄂西-鄂西北,770,-2000.0
INTERTRAN鄂西-鄂西北,771,-2000.0
INTERTRAN鄂西-鄂西北,772,-2000.0
INTERTRAN鄂西-鄂西北,773,-1963.916136993481
INTERTRAN鄂西-鄂西北,774,1377.2945773420465
INTERTRAN鄂西-鄂西北,775,-2000.0
INTERTRAN鄂西-鄂西北,776,834.7562300000004
INTERTRAN鄂西-鄂西北,777,-2000.0
INTERTRAN鄂西-鄂西北,778,-1821.2845349999977
INTERTRAN鄂西-鄂西北,779,-2000.0
INTERTRAN鄂西-鄂西北,780,2000.0
INTERTRAN鄂西-鄂西北,781,2000.0
INTERTRAN鄂西-鄂西北,782,2000.0
INTERTRAN鄂西-鄂西北,783,701.0708100000006
INTERTRAN鄂西-鄂西北,784,-2000.0
INTERTRAN鄂西-鄂西北,785,646.3153929411774
INTERTRAN鄂西-鄂西北,786,-512.3528799999985
INTERTRAN鄂西-鄂西北,787,-2000.0
INTERTRAN鄂西-鄂西北,788,-2000.0
INTERTRAN鄂西-鄂西北,789,-2000.0
INTERTRAN鄂西-鄂西北,790,-2000.0
INTERTRAN鄂西-鄂西北,791,-2000.0
INTERTRAN鄂西-鄂西北,792,-2000.0
INTERTRAN鄂西-鄂西北,793,-2000.0
INTERTRAN鄂西-鄂西北,794,-2000.0
INTERTRAN鄂西-鄂西北,795,-2000.0
INTERTRAN鄂西-鄂西北,796,-2000.0
INTERTRAN鄂西-鄂西北,797,-2000.0
INTERTRAN鄂西-鄂西北,798,-2000.0
INTERTRAN鄂西-鄂西北,799,-2000.0
INTERTRAN鄂西-鄂西北,800,-2000.0
INTERTRAN鄂西-鄂西北,801,-2000.0
INTERTRAN鄂西-鄂西北,802,-1285.6218599999984
INTERTRAN鄂西-鄂西北,803,-2000.0
INTERTRAN鄂西-鄂西北,804,2000.0
INTERTRAN鄂西-鄂西北,805,-520.2242749999987
INTERTRAN鄂西-鄂西北,806,2000.0
INTERTRAN鄂西-鄂西北,807,1977.0333955555516
INTERTRAN鄂西-鄂西北,808,-2000.0
INTERTRAN鄂西-鄂西北,809,-2000.0
INTERTRAN鄂西-鄂西北,810,-1321.2915098200037
INTERTRAN鄂西-鄂西北,811,-2000.0
INTERTRAN鄂西-鄂西北,812,-2000.0
INTERTRAN鄂西-鄂西北,813,-2000.0
INTERTRAN鄂西-鄂西北,814,-2000.0
INTERTRAN鄂西-鄂西北,815,-2000.0
INTERTRAN鄂西-鄂西北,816,-2000.0
INTERTRAN鄂西-鄂西北,817,-2000.0
INTERTRAN鄂西-鄂西北,818,-2000.0
INTERTRAN鄂西-鄂西北,819,-2000.0
INTERTRAN鄂西-鄂西北,820,-2000.0
INTERTRAN鄂西-鄂西北,821,-2000.0
INTERTRAN鄂西-鄂西北,822,-2000.0
INTERTRAN鄂西-鄂西北,823,-1919.3544300000003
INTERTRAN鄂西-鄂西北,824,-2000.0
INTERTRAN鄂西-鄂西北,825,922.9174089475678
INTERTRAN鄂西-鄂西北,826,-2000.0
INTERTRAN鄂西-鄂西北,827,2000.0
INTERTRAN鄂西-鄂西北,828,-758.113519999999
INTERTRAN鄂西-鄂西北,829,2000.0
INTERTRAN鄂西-鄂西北,830,2000.0
INTERTRAN鄂西-鄂西北,831,2000.0
INTERTRAN鄂西-鄂西北,832,2000.0
INTERTRAN鄂西-鄂西北,833,2000.0
INTERTRAN鄂西-鄂西北,834,-2000.0
INTERTRAN鄂西-鄂西北,835,-2000.0
INTERTRAN鄂西-鄂西北,836,-1605.3635625000013
INTERTRAN鄂西-鄂西北,837,-2000.0
INTERTRAN鄂西-鄂西北,838,-2000.0
INTERTRAN鄂西-鄂西北,839,-2000.0
INTERTRAN鄂西-鄂西北,840,-2000.0
INTERTRAN鄂西-鄂西北,841,-2000.0
INTERTRAN鄂西-鄂西北,842,-1962.841557498155
INTERTRAN鄂西-鄂西北,843,-2000.0
INTERTRAN鄂西-鄂西北,844,-1358.19675
INTERTRAN鄂西-鄂西北,845,-2000.0
INTERTRAN鄂西-鄂西北,846,-2000.0
INTERTRAN鄂西-鄂西北,847,-2000.0
INTERTRAN鄂西-鄂西北,848,-2000.0
INTERTRAN鄂西-鄂西北,849,-1670.4777649999996
INTERTRAN鄂西-鄂西北,850,-2000.0
INTERTRAN鄂西-鄂西北,851,1635.778318350166
INTERTRAN鄂西-鄂西北,852,2000.0
INTERTRAN鄂西-鄂西北,853,543.8160726653259
INTERTRAN鄂西-鄂西北,854,-2000.0
INTERTRAN鄂西-鄂西北,855,-2000.0
INTERTRAN鄂西-鄂西北,856,-697.7021561366769
INTERTRAN鄂西-鄂西北,857,-2000.0
INTERTRAN鄂西-鄂西北,858,-2000.0
INTERTRAN鄂西-鄂西北,859,-2000.0
INTERTRAN鄂西-鄂西北,860,-2000.0
INTERTRAN鄂西-鄂西北,861,-2000.0
INTERTRAN鄂西-鄂西北,862,-2000.0
INTERTRAN鄂西-鄂西北,863,-2000.0
INTERTRAN鄂西-鄂东,864,4766.900200001321
INTERTRAN鄂西-鄂东,865,7320.317860000001
INTERTRAN鄂西-鄂东,866,6617.06906
INTERTRAN鄂西-鄂东,867,4171.138459999998
INTERTRAN鄂西-鄂东,868,5221.008900001359
INTERTRAN鄂西-鄂东,869,6632.658159999999
INTERTRAN鄂西-鄂东,870,6771.54226
INTERTRAN鄂西-鄂东,871,4482.817285195192
INTERTRAN鄂西-鄂东,872,8869.881270000005
INTERTRAN鄂西-鄂东,873,7304.606380000014
INTERTRAN鄂西-鄂东,874,4436.861780000012
INTERTRAN鄂西-鄂东,875,4129.8280250000025
INTERTRAN鄂西-鄂东,876,3765.4290050000036
INTERTRAN鄂西-鄂东,877,4810.180729197886
INTERTRAN鄂西-鄂东,878,4972.987880000013
INTERTRAN鄂西-鄂东,879,6027.617559999995
INTERTRAN鄂西-鄂东,880,5488.79538000002
INTERTRAN鄂西-鄂东,881,8095.646346289008
INTERTRAN鄂西-鄂东,882,7649.923880000024
INTERTRAN鄂西-鄂东,883,7137.318780000025
INTERTRAN鄂西-鄂东,884,7365.471080000023
INTERTRAN鄂西-鄂东,885,9253.640580000025
INTERTRAN鄂西-鄂东,886,6914.541780000023
INTERTRAN鄂西-鄂东,887,6923.5957800000215
INTERTRAN鄂西-鄂东,888,5523.219060000005
INTERTRAN鄂西-鄂东,889,6262.520500001327
INTERTRAN鄂西-鄂东,890,6022.570915000018
INTERTRAN鄂西-鄂东,891,5585.713280000016
INTERTRAN鄂西-鄂东,892,5158.5507700000035
INTERTRAN鄂西-鄂东,893,5088.157370000002
INTERTRAN鄂西-鄂东,894,5570.241600001327
INTERTRAN鄂西-鄂东,895,6950.885960000001
INTERTRAN鄂西-鄂东,896,7458.393660000011
INTERTRAN鄂西-鄂东,897,8484.368865000039
INTERTRAN鄂西-鄂东,898,6912.281335000031
INTERTRAN鄂西-鄂东,899,5740.758750000003
INTERTRAN鄂西-鄂东,900,5720.383335000004
INTERTRAN鄂西-鄂东,901,2598.8282600013276
INTERTRAN鄂西-鄂东,902,4276.41396
INTERTRAN鄂西-鄂东,903,4448.232259999999
INTERTRAN鄂西-鄂东,904,4137.628470000016
INTERTRAN鄂西-鄂东,905,8575.816680000029
INTERTRAN鄂西-鄂东,906,8198.76978000003
INTERTRAN鄂西-鄂东,907,10447.232680000023
INTERTRAN鄂西-鄂东,908,7895.0320800000245
INTERTRAN鄂西-鄂东,909,9343.498564646821
INTERTRAN鄂西-鄂东,910,6905.950914646827
INTERTRAN鄂西-鄂东,911,10073.345999997364
INTERTRAN鄂西-鄂东,912,5964.79202000097
INTERTRAN鄂西-鄂东,913,4474.536596828156
INTERTRAN鄂西-鄂东,914,5242.109800001326
INTERTRAN鄂西-鄂东,915,4069.840000001327
INTERTRAN鄂西-鄂东,916,5829.133819999077
INTERTRAN鄂西-鄂东,917,6593.225160000002
INTERTRAN鄂西-鄂东,918,5821.790059999999
INTERTRAN鄂西-鄂东,919,4074.3340000013213
INTERTRAN鄂西-鄂东,920,7483.317060000007
INTERTRAN鄂西-鄂东,921,8173.053880000027
INTERTRAN鄂西-鄂东,922,7495.19586
INTERTRAN鄂西-鄂东,923,8037.930929630946
INTERTRAN鄂西-鄂东,924,5284.526685367742
INTERTRAN鄂西-鄂东,925,8743.601644445764
INTERTRAN鄂西-鄂东,926,6075.92798889021
INTERTRAN鄂西-鄂东,927,6082.430088890207
INTERTRAN鄂西-鄂东,928,3263.0411000013155
INTERTRAN鄂西-鄂东,929,11287.506700001319
INTERTRAN鄂西-鄂东,930,7001.690605001324
INTERTRAN鄂西-鄂东,931,6809.932470000002
INTERTRAN鄂西-鄂东,932,7968.62160999869
INTERTRAN鄂西-鄂东,933,7156.959370000004
INTERTRAN鄂西-鄂东,934,7953.3104600000115
INTERTRAN鄂西-鄂东,935,10697.555704999992
INTERTRAN鄂西-鄂东,936,7641.069460000002
INTERTRAN鄂西-鄂东,937,5593.444300001328
INTERTRAN鄂西-鄂东,938,4918.931500001326
INTERTRAN鄂西-鄂东,939,6094.330359999998
INTERTRAN鄂西-鄂东,940,5735.8099600000005
INTERTRAN鄂西-鄂东,941,7067.232049999997
INTERTRAN鄂西-鄂东,942,5086.76776
INTERTRAN鄂西-鄂东,943,4010.4470800000163
INTERTRAN鄂西-鄂东,944,6672.4765700000025
INTERTRAN鄂西-鄂东,945,9661.324660000002
INTERTRAN鄂西-鄂东,946,4364.647460000002
INTERTRAN鄂西-鄂东,947,7285.65770000132
INTERTRAN鄂西-鄂东,948,7235.6321083311495
INTERTRAN鄂西-鄂东,949,6836.105294640523
INTERTRAN鄂西-鄂东,950,8573.974825881032
INTERTRAN鄂西-鄂东,951,5810.033094118964
INTERTRAN鄂西-鄂东,952,6605.87043673466
INTERTRAN鄂西-鄂东,953,9470.38575555687
INTERTRAN鄂西-鄂东,954,6224.1921600000005
INTERTRAN鄂西-鄂东,955,8899.836770000034
INTERTRAN鄂西-鄂东,956,10483.769980000025
INTERTRAN鄂西-鄂东,957,5338.102235353125
INTERTRAN鄂西-鄂东,958,9959.393035353125
INTERTRAN鄂西-鄂东,959,10144.266175353107
INTERTRAN鄂西-鄂东,960,3730.1686753531094
INTERTRAN鄂西-鄂东,961,8956.491415000015
INTERTRAN鄂西-鄂东,962,4928.646775353104
INTERTRAN鄂西-鄂东,963,7456.911400402032
INTERTRAN鄂西-鄂东,964,5844.868854646809
INTERTRAN鄂西-鄂东,965,6805.524960000008
INTERTRAN鄂西-鄂东,966,7796.036735353121
INTERTRAN鄂西-鄂东,967,5965.454135353131
INTERTRAN鄂西-鄂东,968,7675.969886982108
INTERTRAN鄂西-鄂东,969,9924.379755707367
INTERTRAN鄂西-鄂东,970,9748.314825706326
INTERTRAN鄂西-鄂东,971,4411.6199230428265
INTERTRAN鄂西-鄂东,972,3238.9336650013133
INTERTRAN鄂西-鄂东,973,7388.000929630947
INTERTRAN鄂西-鄂东,974,4241.671860000004
INTERTRAN鄂西-鄂东,975,5196.881354646802
INTERTRAN鄂西-鄂东,976,5941.221060000013
INTERTRAN鄂西-鄂东,977,12600.0
INTERTRAN鄂西-鄂东,978,12600.0
INTERTRAN鄂西-鄂东,979,9502.328835353124
INTERTRAN鄂西-鄂东,980,10806.645062662203
INTERTRAN鄂西-鄂东,981,7437.846935353131
INTERTRAN鄂西-鄂东,982,10343.314950706324
INTERTRAN鄂西-鄂东,983,8626.785735353133
INTERTRAN鄂西-鄂东,984,8387.78613535313
INTERTRAN鄂西-鄂东,985,7394.9777546468085
INTERTRAN鄂西-鄂东,986,7174.119954646809
INTERTRAN鄂西-鄂东,987,5854.234625353105
INTERTRAN鄂西-鄂东,988,6401.256625353104
INTERTRAN鄂西-鄂东,989,5453.428625353104
INTERTRAN鄂西-鄂东,990,5872.83323535313
INTERTRAN鄂西-鄂东,991,7313.06914070633
INTERTRAN鄂西-鄂东,992,8524.187535353136
INTERTRAN鄂西-鄂东,993,9936.792652664939
INTERTRAN鄂西-鄂东,994,9754.852035353117
INTERTRAN鄂西-鄂东,995,9425.711035353124
INTERTRAN鄂西-鄂东,996,5500.740156249935
INTERTRAN鄂西-鄂东,997,3800.891460000009
INTERTRAN鄂西-鄂东,998,6501.553899814837
INTERTRAN鄂西-鄂东,999,7561.109200001314
INTERTRAN鄂西-鄂东,1000,7680.262200001317
INTERTRAN鄂西-鄂东,1001,8341.010460000001
INTERTRAN鄂西-鄂东,1002,7549.760270000019
INTERTRAN鄂西-鄂东,1003,10772.397805706323
INTERTRAN鄂西-鄂东,1004,10786.739670000024
INTERTRAN鄂西-鄂东,1005,10987.729270000029
INTERTRAN鄂西-鄂东,1006,8573.105300353145
INTERTRAN鄂西-鄂东,1007,9063.441180353118
INTERTRAN鄂西北-鄂东,864,3000.0
INTERTRAN鄂西北-鄂东,865,3000.0
INTERTRAN鄂西北-鄂东,866,3000.0
INTERTRAN鄂西北-鄂东,867,3000.0
INTERTRAN鄂西北-鄂东,868,3000.0
INTERTRAN鄂西北-鄂东,869,3000.0
INTERTRAN鄂西北-鄂东,870,3000.0
INTERTRAN鄂西北-鄂东,871,3000.0
INTERTRAN鄂西北-鄂东,872,3000.0
INTERTRAN鄂西北-鄂东,873,3000.0
INTERTRAN鄂西北-鄂东,874,3000.0
INTERTRAN鄂西北-鄂东,875,3000.0
INTERTRAN鄂西北-鄂东,876,3000.0
INTERTRAN鄂西北-鄂东,877,3000.0
INTERTRAN鄂西北-鄂东,878,3000.0
INTERTRAN鄂西北-鄂东,879,3000.0
INTERTRAN鄂西北-鄂东,880,3000.0
INTERTRAN鄂西北-鄂东,881,3000.0
INTERTRAN鄂西北-鄂东,882,3000.0
INTERTRAN鄂西北-鄂东,883,3000.0
INTERTRAN鄂西北-鄂东,884,3000.0
INTERTRAN鄂西北-鄂东,885,3000.0
INTERTRAN鄂西北-鄂东,886,3000.0
INTERTRAN鄂西北-鄂东,887,3000.0
INTERTRAN鄂西北-鄂东,888,3000.0
INTERTRAN鄂西北-鄂东,889,3000.0
INTERTRAN鄂西北-鄂东,890,3000.0
INTERTRAN鄂西北-鄂东,891,3000.0
INTERTRAN鄂西北-鄂东,892,3000.0
INTERTRAN鄂西北-鄂东,893,3000.0
INTERTRAN鄂西北-鄂东,894,3000.0
INTERTRAN鄂西北-鄂东,895,3000.0
INTERTRAN鄂西北-鄂东,896,3000.0
INTERTRAN鄂西北-鄂东,897,3000.0
INTERTRAN鄂西北-鄂东,898,3000.0
INTERTRAN鄂西北-鄂东,899,3000.0
INTERTRAN鄂西北-鄂东,900,3000.0
INTERTRAN鄂西北-鄂东,901,3000.0
INTERTRAN鄂西北-鄂东,902,3000.0
INTERTRAN鄂西北-鄂东,903,3000.0
INTERTRAN鄂西北-鄂东,904,3000.0
INTERTRAN鄂西北-鄂东,905,3000.0
INTERTRAN鄂西北-鄂东,906,3000.0
INTERTRAN鄂西北-鄂东,907,3000.0
INTERTRAN鄂西北-鄂东,908,3000.0
INTERTRAN鄂西北-鄂东,909,3000.0
INTERTRAN鄂西北-鄂东,910,3000.0
INTERTRAN鄂西北-鄂东,911,3000.0
INTERTRAN鄂西北-鄂东,912,3000.0
INTERTRAN鄂西北-鄂东,913,3000.0
INTERTRAN鄂西北-鄂东,914,3000.0
INTERTRAN鄂西北-鄂东,915,3000.0
INTERTRAN鄂西北-鄂东,916,3000.0
INTERTRAN鄂西北-鄂东,917,3000.0
INTERTRAN鄂西北-鄂东,918,3000.0
INTERTRAN鄂西北-鄂东,919,3000.0
INTERTRAN鄂西北-鄂东,920,3000.0
INTERTRAN鄂西北-鄂东,921,3000.0
INTERTRAN鄂西北-鄂东,922,3000.0
INTERTRAN鄂西北-鄂东,923,-683.2422127777786
INTERTRAN鄂西北-鄂东,924,-3000.0
INTERTRAN鄂西北-鄂东,925,-3000.0
INTERTRAN鄂西北-鄂东,926,-3000.0
INTERTRAN鄂西北-鄂东,927,-3000.0
INTERTRAN鄂西北-鄂东,928,-3000.0
INTERTRAN鄂西北-鄂东,929,-3000.0
INTERTRAN鄂西北-鄂东,930,3000.0
INTERTRAN鄂西北-鄂东,931,3000.0
INTERTRAN鄂西北-鄂东,932,3000.0
INTERTRAN鄂西北-鄂东,933,3000.0
INTERTRAN鄂西北-鄂东,934,3000.0
INTERTRAN鄂西北-鄂东,935,3000.0
INTERTRAN鄂西北-鄂东,936,3000.0
INTERTRAN鄂西北-鄂东,937,3000.0
INTERTRAN鄂西北-鄂东,938,3000.0
INTERTRAN鄂西北-鄂东,939,3000.0
INTERTRAN鄂西北-鄂东,940,3000.0
INTERTRAN鄂西北-鄂东,941,3000.0
INTERTRAN鄂西北-鄂东,942,3000.0
INTERTRAN鄂西北-鄂东,943,3000.0
INTERTRAN鄂西北-鄂东,944,3000.0
INTERTRAN鄂西北-鄂东,945,3000.0
INTERTRAN鄂西北-鄂东,946,3000.0
INTERTRAN鄂西北-鄂东,947,-3000.0
INTERTRAN鄂西北-鄂东,948,-3000.0
INTERTRAN鄂西北-鄂东,949,-3000.0
INTERTRAN鄂西北-鄂东,950,-3000.0
INTERTRAN鄂西北-鄂东,951,-3000.0
INTERTRAN鄂西北-鄂东,952,-3000.0
INTERTRAN鄂西北-鄂东,953,-3000.0
INTERTRAN鄂西北-鄂东,954,3000.0
INTERTRAN鄂西北-鄂东,955,3000.0
INTERTRAN鄂西北-鄂东,956,3000.0
INTERTRAN鄂西北-鄂东,957,3000.0
INTERTRAN鄂西北-鄂东,958,1466.2757346468077
INTERTRAN鄂西北-鄂东,959,3000.0
INTERTRAN鄂西北-鄂东,960,3000.0
INTERTRAN鄂西北-鄂东,961,3000.0
INTERTRAN鄂西北-鄂东,962,3000.0
INTERTRAN鄂西北-鄂东,963,3000.0
INTERTRAN鄂西北-鄂东,964,3000.0
INTERTRAN鄂西北-鄂东,965,3000.0
INTERTRAN鄂西北-鄂东,966,3000.0
INTERTRAN鄂西北-鄂东,967,3000.0
INTERTRAN鄂西北-鄂东,968,3000.0
INTERTRAN鄂西北-鄂东,969,3000.0
INTERTRAN鄂西北-鄂东,970,1101.6715096468088
INTERTRAN鄂西北-鄂东,971,3000.0
INTERTRAN鄂西北-鄂东,972,3000.0
INTERTRAN鄂西北-鄂东,973,-987.9781450000005
INTERTRAN鄂西北-鄂东,974,3000.0
INTERTRAN鄂西北-鄂东,975,3000.0
INTERTRAN鄂西北-鄂东,976,3000.0
INTERTRAN鄂西北-鄂东,977,911.3155496468099
INTERTRAN鄂西北-鄂东,978,1642.9247546468096
INTERTRAN鄂西北-鄂东,979,3000.0
INTERTRAN鄂西北-鄂东,980,3000.0
INTERTRAN鄂西北-鄂东,981,3000.0
INTERTRAN鄂西北-鄂东,982,402.44273464680725
INTERTRAN鄂西北-鄂东,983,3000.0
INTERTRAN鄂西北-鄂东,984,3000.0
INTERTRAN鄂西北-鄂东,985,3000.0
INTERTRAN鄂西北-鄂东,986,3000.0
INTERTRAN鄂西北-鄂东,987,3000.0
INTERTRAN鄂西北-鄂东,988,3000.0
INTERTRAN鄂西北-鄂东,989,3000.0
INTERTRAN鄂西北-鄂东,990,3000.0
INTERTRAN鄂西北-鄂东,991,3000.0
INTERTRAN鄂西北-鄂东,992,3000.0
INTERTRAN鄂西北-鄂东,993,3000.0
INTERTRAN鄂西北-鄂东,994,1017.395314646809
INTERTRAN鄂西北-鄂东,995,1194.3270000000066
INTERTRAN鄂西北-鄂东,996,3000.0
INTERTRAN鄂西北-鄂东,997,3000.0
INTERTRAN鄂西北-鄂东,998,-619.602660802469
INTERTRAN鄂西北-鄂东,999,-1207.9480400013144
INTERTRAN鄂西北-鄂东,1000,-554.6720100000009
INTERTRAN鄂西北-鄂东,1001,3000.0
INTERTRAN鄂西北-鄂东,1002,3000.0
INTERTRAN鄂西北-鄂东,1003,1176.06832964681
INTERTRAN鄂西北-鄂东,1004,1229.3522346468076
INTERTRAN鄂西北-鄂东,1005,736.7593774946813
INTERTRAN鄂西北-鄂东,1006,3000.0
INTERTRAN鄂西北-鄂东,1007,3000.0
INTERTRAN鄂西-鄂西北,864,-2000.0
INTERTRAN鄂西-鄂西北,865,-2000.0
INTERTRAN鄂西-鄂西北,866,-2000.0
INTERTRAN鄂西-鄂西北,867,-2000.0
INTERTRAN鄂西-鄂西北,868,-2000.0
INTERTRAN鄂西-鄂西北,869,-2000.0
INTERTRAN鄂西-鄂西北,870,-2000.0
INTERTRAN鄂西-鄂西北,871,-2000.0
INTERTRAN鄂西-鄂西北,872,-2000.0
INTERTRAN鄂西-鄂西北,873,-257.07011000001694
INTERTRAN鄂西-鄂西北,874,295.14813500000037
INTERTRAN鄂西-鄂西北,875,-312.35695499999815
INTERTRAN鄂西-鄂西北,876,569.9041650000004
INTERTRAN鄂西-鄂西北,877,-200.46887499999843
INTERTRAN鄂西-鄂西北,878,-1299.8698535886017
INTERTRAN鄂西-鄂西北,879,45.766600000000835
INTERTRAN鄂西-鄂西北,880,-2000.0
INTERTRAN鄂西-鄂西北,881,-1036.8735700000007
INTERTRAN鄂西-鄂西北,882,-1180.6078096468068
INTERTRAN鄂西-鄂西北,883,-748.7131996468066
INTERTRAN鄂西-鄂西北,884,-2000.0
INTERTRAN鄂西-鄂西北,885,-2000.0
INTERTRAN鄂西-鄂西北,886,-2000.0
INTERTRAN鄂西-鄂西北,887,456.6265000000003
INTERTRAN鄂西-鄂西北,888,-564.4555
INTERTRAN鄂西-鄂西北,889,-2000.0
INTERTRAN鄂西-鄂西北,890,-2000.0
INTERTRAN鄂西-鄂西北,891,-2000.0
INTERTRAN鄂西-鄂西北,892,-2000.0
INTERTRAN鄂西-鄂西北,893,-2000.0
INTERTRAN鄂西-鄂西北,894,-2000.0
INTERTRAN鄂西-鄂西北,895,-2000.0
INTERTRAN鄂西-鄂西北,896,-319.804779999999
INTERTRAN鄂西-鄂西北,897,-1160.6170096468072
INTERTRAN鄂西-鄂西北,898,-1647.665255000009
INTERTRAN鄂西-鄂西北,899,655.6396200000008
INTERTRAN鄂西-鄂西北,900,1286.1526350000006
INTERTRAN鄂西-鄂西北,901,724.1069400000001
INTERTRAN鄂西-鄂西北,902,1053.7825849999997
INTERTRAN鄂西-鄂西北,903,-1073.5705599986823
INTERTRAN鄂西-鄂西北,904,875.2785331744717
INTERTRAN鄂西-鄂西北,905,-417.8201799987055
INTERTRAN鄂西-鄂西北,906,-957.747209988914
INTERTRAN鄂西-鄂西北,907,-2000.0
INTERTRAN鄂西-鄂西北,908,13.694495353192792
INTERTRAN鄂西-鄂西北,909,-513.0584846468073
INTERTRAN鄂西-鄂西北,910,-750.9782346468071
INTERTRAN鄂西-鄂西北,911,-2000.0
INTERTRAN鄂西-鄂西北,912,-2000.0
INTERTRAN鄂西-鄂西北,913,-2000.0
INTERTRAN鄂西-鄂西北,914,-2000.0
INTERTRAN鄂西-鄂西北,915,-2000.0
INTERTRAN鄂西-鄂西北,916,-2000.0
INTERTRAN鄂西-鄂西北,917,-2000.0
INTERTRAN鄂西-鄂西北,918,-2000.0
INTERTRAN鄂西-鄂西北,919,-2000.0
INTERTRAN鄂西-鄂西北,920,-682.2483067744115
INTERTRAN鄂西-鄂西北,921,-76.65623999997962
INTERTRAN鄂西-鄂西北,922,668.8746417744139
INTERTRAN鄂西-鄂西北,923,-2000.0
INTERTRAN鄂西-鄂西北,924,-1107.059974255315
INTERTRAN鄂西-鄂西北,925,2000.0
INTERTRAN鄂西-鄂西北,926,2000.0
INTERTRAN鄂西-鄂西北,927,2000.0
INTERTRAN鄂西-鄂西北,928,2000.0
INTERTRAN鄂西-鄂西北,929,-2000.0
INTERTRAN鄂西-鄂西北,930,-1059.2470049999968
INTERTRAN鄂西-鄂西北,931,-2000.0
INTERTRAN鄂西-鄂西北,932,-2000.0
INTERTRAN鄂西-鄂西北,933,-2000.0
INTERTRAN鄂西-鄂西北,934,-2000.0
INTERTRAN鄂西-鄂西北,935,-2000.0
INTERTRAN鄂西-鄂西北,936,-2000.0
INTERTRAN鄂西-鄂西北,937,-2000.0
INTERTRAN鄂西-鄂西北,938,-2000.0
INTERTRAN鄂西-鄂西北,939,-2000.0
INTERTRAN鄂西-鄂西北,940,-2000.0
INTERTRAN鄂西-鄂西北,941,-2000.0
INTERTRAN鄂西-鄂西北,942,-2000.0
INTERTRAN鄂西-鄂西北,943,-2000.0
INTERTRAN鄂西-鄂西北,944,-2000.0
INTERTRAN鄂西-鄂西北,945,-2000.0
INTERTRAN鄂西-鄂西北,946,225.03141000000107
INTERTRAN鄂西-鄂西北,947,2000.0
INTERTRAN鄂西-鄂西北,948,2000.0
INTERTRAN鄂西-鄂西北,949,2000.0
INTERTRAN鄂西-鄂西北,950,2000.0
INTERTRAN鄂西-鄂西北,951,2000.0
INTERTRAN鄂西-鄂西北,952,2000.0
INTERTRAN鄂西-鄂西北,953,2000.0
INTERTRAN鄂西-鄂西北,954,1177.844200000513
INTERTRAN鄂西-鄂西北,955,-2000.0
INTERTRAN鄂西-鄂西北,956,-524.5735896468083
INTERTRAN鄂西-鄂西北,957,880.3260000000005
INTERTRAN鄂西-鄂西北,958,-2000.0
INTERTRAN鄂西-鄂西北,959,-1379.8489846468078
INTERTRAN鄂西-鄂西北,960,187.85700000000134
INTERTRAN鄂西-鄂西北,961,-2000.0
INTERTRAN鄂西-鄂西北,962,-358.31874999999945
INTERTRAN鄂西-鄂西北,963,-2000.0
INTERTRAN鄂西-鄂西北,964,-2000.0
INTERTRAN鄂西-鄂西北,965,-2000.0
INTERTRAN鄂西-鄂西北,966,-2000.0
INTERTRAN鄂西-鄂西北,967,-275.82303
INTERTRAN鄂西-鄂西北,968,-1257.9615146468075
INTERTRAN鄂西-鄂西北,969,-2000.0
INTERTRAN鄂西-鄂西北,970,-2000.0
INTERTRAN鄂西-鄂西北,971,1707.3338350000015
INTERTRAN鄂西-鄂西北,972,1589.429235000001
INTERTRAN鄂西-鄂西北,973,-2000.0
INTERTRAN鄂西-鄂西北,974,1206.2564000000002
INTERTRAN鄂西-鄂西北,975,1571.2909150000003
INTERTRAN鄂西-鄂西北,976,-726.9277346469089
INTERTRAN鄂西-鄂西北,977,-2000.0
INTERTRAN鄂西-鄂西北,978,-2000.0
INTERTRAN鄂西-鄂西北,979,-2000.0
INTERTRAN鄂西-鄂西北,980,-2000.0
INTERTRAN鄂西-鄂西北,981,-2000.0
INTERTRAN鄂西-鄂西北,982,-2000.0
INTERTRAN鄂西-鄂西北,983,-1010.4282346468101
INTERTRAN鄂西-鄂西北,984,-2000.0
INTERTRAN鄂西-鄂西北,985,-338.9244999999985
INTERTRAN鄂西-鄂西北,986,-259.9942499999993
INTERTRAN鄂西-鄂西北,987,-2000.0
INTERTRAN鄂西-鄂西北,988,-2000.0
INTERTRAN鄂西-鄂西北,989,-2000.0
INTERTRAN鄂西-鄂西北,990,-683.2234999999991
INTERTRAN鄂西-鄂西北,991,-2000.0
INTERTRAN鄂西-鄂西北,992,-1418.6938246468087
INTERTRAN鄂西-鄂西北,993,-2000.0
INTERTRAN鄂西-鄂西北,994,-2000.0
INTERTRAN鄂西-鄂西北,995,-2000.0
INTERTRAN鄂西-鄂西北,996,1879.157635000001
INTERTRAN鄂西-鄂西北,997,1621.7618999999993
INTERTRAN鄂西-鄂西北,998,-2000.0
INTERTRAN鄂西-鄂西北,999,-2000.0
INTERTRAN鄂西-鄂西北,1000,-2000.0
INTERTRAN鄂西-鄂西北,1001,337.7788876673767
INTERTRAN鄂西-鄂西北,1002,1565.4045000000033
INTERTRAN鄂西-鄂西北,1003,-2000.0
INTERTRAN鄂西-鄂西北,1004,-2000.0
INTERTRAN鄂西-鄂西北,1005,-2000.0
INTERTRAN鄂西-鄂西北,1006,-2000.0
INTERTRAN鄂西-鄂西北,1007,40.264000000000124
INTERTRAN鄂西-鄂东,1008,4479.277059999997
INTERTRAN鄂西-鄂东,1009,6045.406359999999
INTERTRAN鄂西-鄂东,1010,5562.234260000001
INTERTRAN鄂西-鄂东,1011,7770.921859999999
INTERTRAN鄂西-鄂东,1012,4132.404600001328
INTERTRAN鄂西-鄂东,1013,5885.831660000002
INTERTRAN鄂西-鄂东,1014,6865.3261650013565
INTERTRAN鄂西-鄂东,1015,5630.500459999999
INTERTRAN鄂西-鄂东,1016,6399.3831901523745
INTERTRAN鄂西-鄂东,1017,8875.836259999996
INTERTRAN鄂西-鄂东,1018,6182.751659999998
INTERTRAN鄂西-鄂东,1019,3783.335160000004
INTERTRAN鄂西-鄂东,1020,6485.215100001317
INTERTRAN鄂西-鄂东,1021,8401.831139507489
INTERTRAN鄂西-鄂东,1022,3841.1563412933438
INTERTRAN鄂西-鄂东,1023,7258.556439507491
INTERTRAN鄂西-鄂东,1024,7274.178200001319
INTERTRAN鄂西-鄂东,1025,7110.328299384029
INTERTRAN鄂西-鄂东,1026,9196.205200001317
INTERTRAN鄂西-鄂东,1027,4930.695330000753
INTERTRAN鄂西-鄂东,1028,6190.845640001324
INTERTRAN鄂西-鄂东,1029,7280.246420000753
INTERTRAN鄂西-鄂东,1030,10136.568620000753
INTERTRAN鄂西-鄂东,1031,6510.812259999999
INTERTRAN鄂西-鄂东,1032,8713.125960000001
INTERTRAN鄂西-鄂东,1033,7756.023160000001
INTERTRAN鄂西-鄂东,1034,5836.244559999999
INTERTRAN鄂西-鄂东,1035,5423.813036347686
INTERTRAN鄂西-鄂东,1036,5421.047459999998
INTERTRAN鄂西-鄂东,1037,5414.375600001326
INTERTRAN鄂西-鄂东,1038,5041.062659999998
INTERTRAN鄂西-鄂东,1039,6131.664460000002
INTERTRAN鄂西-鄂东,1040,6946.057536347683
INTERTRAN鄂西-鄂东,1041,9406.831836347686
INTERTRAN鄂西-鄂东,1042,5649.235930000752
INTERTRAN鄂西-鄂东,1043,2317.6705369455594
INTERTRAN鄂西-鄂东,1044,6974.607585000002
INTERTRAN鄂西-鄂东,1045,7102.43724938403
INTERTRAN鄂西-鄂东,1046,7728.487200001318
INTERTRAN鄂西-鄂东,1047,8317.378100001315
INTERTRAN鄂西-鄂东,1048,8998.740160495146
INTERTRAN鄂西-鄂东,1049,8255.632764444452
INTERTRAN鄂西-鄂东,1050,6976.950960000006
INTERTRAN鄂西-鄂东,1051,7897.9788713477
INTERTRAN鄂西-鄂东,1052,9496.736411347705
INTERTRAN鄂西-鄂东,1053,7659.670771347701
INTERTRAN鄂西-鄂东,1054,6513.359421347698
INTERTRAN鄂西-鄂东,1055,8396.678671347698
INTERTRAN鄂西-鄂东,1056,6539.364321347693
INTERTRAN鄂西-鄂东,1057,5425.405595000007
INTERTRAN鄂西-鄂东,1058,6222.18245729108
INTERTRAN鄂西-鄂东,1059,4028.7236200007446
INTERTRAN鄂西-鄂东,1060,6816.612860000001
INTERTRAN鄂西-鄂东,1061,7635.342057291083
INTERTRAN鄂西-鄂东,1062,7053.002436347685
INTERTRAN鄂西-鄂东,1063,6084.180271347694
INTERTRAN鄂西-鄂东,1064,9773.852971347693
INTERTRAN鄂西-鄂东,1065,9196.706951348267
INTERTRAN鄂西-鄂东,1066,8852.905871347693
INTERTRAN鄂西-鄂东,1067,7444.7718713477
INTERTRAN鄂西-鄂东,1068,4088.8729950000125
INTERTRAN鄂西-鄂东,1069,5724.038960000002
INTERTRAN鄂西-鄂东,1070,3631.9034600000014
INTERTRAN鄂西-鄂东,1071,3421.635357291082
INTERTRAN鄂西-鄂东,1072,5628.82193634769
INTERTRAN鄂西-鄂东,1073,5847.761351348272
INTERTRAN鄂西-鄂东,1074,8988.763171347697
INTERTRAN鄂西-鄂东,1075,11118.280911347698
INTERTRAN鄂西-鄂东,1076,7063.645486348267
INTERTRAN鄂西-鄂东,1077,10377.506711347696
INTERTRAN鄂西-鄂东,1078,7158.312551347947
INTERTRAN鄂西-鄂东,1079,8577.915211347816
INTERTRAN鄂西-鄂东,1080,7654.211971347692
INTERTRAN鄂西-鄂东,1081,6276.385861347693
INTERTRAN鄂西-鄂东,1082,5819.612961347695
INTERTRAN鄂西-鄂东,1083,5406.488761347693
INTERTRAN鄂西-鄂东,1084,5297.362661347692
INTERTRAN鄂西-鄂东,1085,8468.153826347687
INTERTRAN鄂西-鄂东,1086,5790.384461347694
INTERTRAN鄂西-鄂东,1087,5343.664301346944
INTERTRAN鄂西-鄂东,1088,5032.524416348271
INTERTRAN鄂西-鄂东,1089,9479.72596134769
INTERTRAN鄂西-鄂东,1090,8712.824839761279
INTERTRAN鄂西-鄂东,1091,9053.781961347691
INTERTRAN鄂西-鄂东,1092,7414.179561347696
INTERTRAN鄂西-鄂东,1093,5958.528861347693
INTERTRAN鄂西-鄂东,1094,4902.454961347694
INTERTRAN鄂西-鄂东,1095,8431.491887246302
INTERTRAN鄂西-鄂东,1096,2155.563391375722
INTERTRAN鄂西-鄂东,1097,9436.679561347692
INTERTRAN鄂西-鄂东,1098,9653.479261347698
INTERTRAN鄂西-鄂东,1099,10864.540695000014
INTERTRAN鄂西-鄂东,1100,8723.292067694627
INTERTRAN鄂西-鄂东,1101,9235.474966347696
INTERTRAN鄂西-鄂东,1102,7750.295917236368
INTERTRAN鄂西-鄂东,1103,8758.550280898937
INTERTRAN鄂西-鄂东,1104,7966.129680898946
INTERTRAN鄂西-鄂东,1105,6321.645095000009
INTERTRAN鄂西-鄂东,1106,6923.9986950000075
INTERTRAN鄂西-鄂东,1107,7561.541125898947
INTERTRAN鄂西-鄂东,1108,7732.623925898946
INTERTRAN鄂西-鄂东,1109,6274.385395000012
INTERTRAN鄂西-鄂东,1110,7120.533495000009
INTERTRAN鄂西-鄂东,1111,8189.04576405661
INTERTRAN鄂西-鄂东,1112,10405.167764056612
INTERTRAN鄂西-鄂东,1113,9116.105164056611
INTERTRAN鄂西-鄂东,1114,7460.449449056623
INTERTRAN鄂西-鄂东,1115,3967.717397708927
INTERTRAN鄂西-鄂东,1116,6213.706037777778
INTERTRAN鄂西-鄂东,1117,4509.339877779096
INTERTRAN鄂西-鄂东,1118,2391.623320976617
INTERTRAN鄂西-鄂东,1119,5307.607128274127
INTERTRAN鄂西-鄂东,1120,12600.0
INTERTRAN鄂西-鄂东,1121,10140.487771243144
INTERTRAN鄂西-鄂东,1122,9101.713800001318
INTERTRAN鄂西-鄂东,1123,4115.596266404039
INTERTRAN鄂西-鄂东,1124,8172.736498624792
INTERTRAN鄂西-鄂东,1125,3228.972898624792
INTERTRAN鄂西-鄂东,1126,9530.76516
INTERTRAN鄂西-鄂东,1127,6910.004232277111
INTERTRAN鄂西-鄂东,1128,8095.410832277105
INTERTRAN鄂西-鄂东,1129,6067.396526347682
INTERTRAN鄂西-鄂东,1130,6722.433910000001
INTERTRAN鄂西-鄂东,1131,7752.195283723373
INTERTRAN鄂西-鄂东,1132,6770.021210000001
INTERTRAN鄂西-鄂东,1133,6504.063715944134
INTERTRAN鄂西-鄂东,1134,6662.348283723372
INTERTRAN鄂西-鄂东,1135,7773.252226347688
INTERTRAN鄂西-鄂东,1136,4960.600710000002
INTERTRAN鄂西-鄂东,1137,11064.144705000002
INTERTRAN鄂西-鄂东,1138,7897.3940800000055
INTERTRAN鄂西-鄂东,1139,5046.800700001317
INTERTRAN鄂西-鄂东,1140,6542.938762746412
INTERTRAN鄂西-鄂东,1141,4997.346011112424
INTERTRAN鄂西-鄂东,1142,9344.797378751617
INTERTRAN鄂西-鄂东,1143,11080.484100001315
INTERTRAN鄂西-鄂东,1144,2446.567060000001
INTERTRAN鄂西-鄂东,1145,9774.513160000006
INTERTRAN鄂西-鄂东,1146,7180.408515944132
INTERTRAN鄂西-鄂东,1147,11585.886610000005
INTERTRAN鄂西-鄂东,1148,10127.498605000002
INTERTRAN鄂西-鄂东,1149,7435.267704999997
INTERTRAN鄂西-鄂东,1150,5719.012420944137
INTERTRAN鄂西-鄂东,1151,4015.9220049999994
INTERTRAN鄂西北-鄂东,1008,3000.0
INTERTRAN鄂西北-鄂东,1009,3000.0
INTERTRAN鄂西北-鄂东,1010,3000.0
INTERTRAN鄂西北-鄂东,1011,3000.0
INTERTRAN鄂西北-鄂东,1012,3000.0
INTERTRAN鄂西北-鄂东,1013,3000.0
INTERTRAN鄂西北-鄂东,1014,3000.0
INTERTRAN鄂西北-鄂东,1015,3000.0
INTERTRAN鄂西北-鄂东,1016,3000.0
INTERTRAN鄂西北-鄂东,1017,3000.0
INTERTRAN鄂西北-鄂东,1018,3000.0
INTERTRAN鄂西北-鄂东,1019,3000.0
INTERTRAN鄂西北-鄂东,1020,43.52870999999982
INTERTRAN鄂西北-鄂东,1021,-2081.198050000001
INTERTRAN鄂西北-鄂东,1022,-3000.0
INTERTRAN鄂西北-鄂东,1023,-3000.0
INTERTRAN鄂西北-鄂东,1024,-3000.0
INTERTRAN鄂西北-鄂东,1025,-3000.0
INTERTRAN鄂西北-鄂东,1026,-427.65732500000036
INTERTRAN鄂西北-鄂东,1027,3000.0
INTERTRAN鄂西北-鄂东,1028,3000.0
INTERTRAN鄂西北-鄂东,1029,3000.0
INTERTRAN鄂西北-鄂东,1030,3000.0
INTERTRAN鄂西北-鄂东,1031,3000.0
INTERTRAN鄂西北-鄂东,1032,3000.0
INTERTRAN鄂西北-鄂东,1033,3000.0
INTERTRAN鄂西北-鄂东,1034,3000.0
INTERTRAN鄂西北-鄂东,1035,3000.0
INTERTRAN鄂西北-鄂东,1036,3000.0
INTERTRAN鄂西北-鄂东,1037,3000.0
INTERTRAN鄂西北-鄂东,1038,3000.0
INTERTRAN鄂西北-鄂东,1039,3000.0
INTERTRAN鄂西北-鄂东,1040,3000.0
INTERTRAN鄂西北-鄂东,1041,3000.0
INTERTRAN鄂西北-鄂东,1042,3000.0
INTERTRAN鄂西北-鄂东,1043,3000.0
INTERTRAN鄂西北-鄂东,1044,-394.9982250000012
INTERTRAN鄂西北-鄂东,1045,-365.3897275308655
INTERTRAN鄂西北-鄂东,1046,-2259.4094049999994
INTERTRAN鄂西北-鄂东,1047,-3000.0
INTERTRAN鄂西北-鄂东,1048,-1795.7468893840341
INTERTRAN鄂西北-鄂东,1049,50.00986222222086
INTERTRAN鄂西北-鄂东,1050,3000.0
INTERTRAN鄂西北-鄂东,1051,3000.0
INTERTRAN鄂西北-鄂东,1052,3000.0
INTERTRAN鄂西北-鄂东,1053,3000.0
INTERTRAN鄂西北-鄂东,1054,3000.0
INTERTRAN鄂西北-鄂东,1055,3000.0
INTERTRAN鄂西北-鄂东,1056,3000.0
INTERTRAN鄂西北-鄂东,1057,3000.0
INTERTRAN鄂西北-鄂东,1058,3000.0
INTERTRAN鄂西北-鄂东,1059,3000.0
INTERTRAN鄂西北-鄂东,1060,3000.0
INTERTRAN鄂西北-鄂东,1061,3000.0
INTERTRAN鄂西北-鄂东,1062,3000.0
INTERTRAN鄂西北-鄂东,1063,3000.0
INTERTRAN鄂西北-鄂东,1064,3000.0
INTERTRAN鄂西北-鄂东,1065,3000.0
INTERTRAN鄂西北-鄂东,1066,3000.0
INTERTRAN鄂西北-鄂东,1067,3000.0
INTERTRAN鄂西北-鄂东,1068,3000.0
INTERTRAN鄂西北-鄂东,1069,3000.0
INTERTRAN鄂西北-鄂东,1070,3000.0
INTERTRAN鄂西北-鄂东,1071,3000.0
INTERTRAN鄂西北-鄂东,1072,3000.0
INTERTRAN鄂西北-鄂东,1073,3000.0
INTERTRAN鄂西北-鄂东,1074,3000.0
INTERTRAN鄂西北-鄂东,1075,3000.0
INTERTRAN鄂西北-鄂东,1076,3000.0
INTERTRAN鄂西北-鄂东,1077,3000.0
INTERTRAN鄂西北-鄂东,1078,3000.0
INTERTRAN鄂西北-鄂东,1079,3000.0
INTERTRAN鄂西北-鄂东,1080,3000.0
INTERTRAN鄂西北-鄂东,1081,3000.0
INTERTRAN鄂西北-鄂东,1082,3000.0
INTERTRAN鄂西北-鄂东,1083,3000.0
INTERTRAN鄂西北-鄂东,1084,3000.0
INTERTRAN鄂西北-鄂东,1085,3000.0
INTERTRAN鄂西北-鄂东,1086,3000.0
INTERTRAN鄂西北-鄂东,1087,3000.0
INTERTRAN鄂西北-鄂东,1088,3000.0
INTERTRAN鄂西北-鄂东,1089,3000.0
INTERTRAN鄂西北-鄂东,1090,3000.0
INTERTRAN鄂西北-鄂东,1091,3000.0
INTERTRAN鄂西北-鄂东,1092,3000.0
INTERTRAN鄂西北-鄂东,1093,3000.0
INTERTRAN鄂西北-鄂东,1094,3000.0
INTERTRAN鄂西北-鄂东,1095,3000.0
INTERTRAN鄂西北-鄂东,1096,3000.0
INTERTRAN鄂西北-鄂东,1097,3000.0
INTERTRAN鄂西北-鄂东,1098,3000.0
INTERTRAN鄂西北-鄂东,1099,3000.0
INTERTRAN鄂西北-鄂东,1100,3000.0
INTERTRAN鄂西北-鄂东,1101,3000.0
INTERTRAN鄂西北-鄂东,1102,3000.0
INTERTRAN鄂西北-鄂东,1103,3000.0
INTERTRAN鄂西北-鄂东,1104,3000.0
INTERTRAN鄂西北-鄂东,1105,3000.0
INTERTRAN鄂西北-鄂东,1106,3000.0
INTERTRAN鄂西北-鄂东,1107,3000.0
INTERTRAN鄂西北-鄂东,1108,3000.0
INTERTRAN鄂西北-鄂东,1109,3000.0
INTERTRAN鄂西北-鄂东,1110,3000.0
INTERTRAN鄂西北-鄂东,1111,3000.0
INTERTRAN鄂西北-鄂东,1112,3000.0
INTERTRAN鄂西北-鄂东,1113,3000.0
INTERTRAN鄂西北-鄂东,1114,3000.0
INTERTRAN鄂西北-鄂东,1115,3000.0
INTERTRAN鄂西北-鄂东,1116,-3000.0
INTERTRAN鄂西北-鄂东,1117,-3000.0
INTERTRAN鄂西北-鄂东,1118,-3000.0
INTERTRAN鄂西北-鄂东,1119,-3000.0
INTERTRAN鄂西北-鄂东,1120,-3000.0
INTERTRAN鄂西北-鄂东,1121,-3000.0
INTERTRAN鄂西北-鄂东,1122,-1870.6828400013146
INTERTRAN鄂西北-鄂东,1123,3000.0
INTERTRAN鄂西北-鄂东,1124,3000.0
INTERTRAN鄂西北-鄂东,1125,3000.0
INTERTRAN鄂西北-鄂东,1126,3000.0
INTERTRAN鄂西北-鄂东,1127,3000.0
INTERTRAN鄂西北-鄂东,1128,3000.0
INTERTRAN鄂西北-鄂东,1129,3000.0
INTERTRAN鄂西北-鄂东,1130,3000.0
INTERTRAN鄂西北-鄂东,1131,3000.0
INTERTRAN鄂西北-鄂东,1132,3000.0
INTERTRAN鄂西北-鄂东,1133,3000.0
INTERTRAN鄂西北-鄂东,1134,3000.0
INTERTRAN鄂西北-鄂东,1135,3000.0
INTERTRAN鄂西北-鄂东,1136,3000.0
INTERTRAN鄂西北-鄂东,1137,3000.0
INTERTRAN鄂西北-鄂东,1138,-954.1197200000022
INTERTRAN鄂西北-鄂东,1139,-3000.0
INTERTRAN鄂西北-鄂东,1140,-2824.894251959476
INTERTRAN鄂西北-鄂东,1141,-3000.0
INTERTRAN鄂西北-鄂东,1142,-3000.0
INTERTRAN鄂西北-鄂东,1143,-3000.0
INTERTRAN鄂西北-鄂东,1144,-3000.0
INTERTRAN鄂西北-鄂东,1145,-3000.0
INTERTRAN鄂西北-鄂东,1146,3000.0
INTERTRAN鄂西北-鄂东,1147,3000.0
INTERTRAN鄂西北-鄂东,1148,3000.0
INTERTRAN鄂西北-鄂东,1149,3000.0
INTERTRAN鄂西北-鄂东,1150,3000.0
INTERTRAN鄂西北-鄂东,1151,3000.0
INTERTRAN鄂西-鄂西北,1008,-296.84699999999816
INTERTRAN鄂西-鄂西北,1009,-2000.0
INTERTRAN鄂西-鄂西北,1010,-2000.0
INTERTRAN鄂西-鄂西北,1011,-2000.0
INTERTRAN鄂西-鄂西北,1012,-2000.0
INTERTRAN鄂西-鄂西北,1013,-2000.0
INTERTRAN鄂西-鄂西北,1014,-2000.0
INTERTRAN鄂西-鄂西北,1015,-2000.0
INTERTRAN鄂西-鄂西北,1016,-203.76486499999822
INTERTRAN鄂西-鄂西北,1017,-2000.0
INTERTRAN鄂西-鄂西北,1018,598.8853300000014
INTERTRAN鄂西-鄂西北,1019,641.7281308926031
INTERTRAN鄂西-鄂西北,1020,-2000.0
INTERTRAN鄂西-鄂西北,1021,-2000.0
INTERTRAN鄂西-鄂西北,1022,2000.0
INTERTRAN鄂西-鄂西北,1023,2000.0
INTERTRAN鄂西-鄂西北,1024,2000.0
INTERTRAN鄂西-鄂西北,1025,1804.230450000001
INTERTRAN鄂西-鄂西北,1026,-2000.0
INTERTRAN鄂西-鄂西北,1027,1249.7252900000005
INTERTRAN鄂西-鄂西北,1028,-280.2704399999984
INTERTRAN鄂西-鄂西北,1029,1281.4110000000005
INTERTRAN鄂西-鄂西北,1030,-2000.0
INTERTRAN鄂西-鄂西北,1031,-451.81683999924735
INTERTRAN鄂西-鄂西北,1032,-728.1609100007507
INTERTRAN鄂西-鄂西北,1033,-2000.0
INTERTRAN鄂西-鄂西北,1034,-2000.0
INTERTRAN鄂西-鄂西北,1035,-2000.0
INTERTRAN鄂西-鄂西北,1036,-2000.0
INTERTRAN鄂西-鄂西北,1037,-2000.0
INTERTRAN鄂西-鄂西北,1038,-2000.0
INTERTRAN鄂西-鄂西北,1039,-2000.0
INTERTRAN鄂西-鄂西北,1040,-523.8625299999994
INTERTRAN鄂西-鄂西北,1041,-521.279074999999
INTERTRAN鄂西-鄂西北,1042,732.95579
INTERTRAN鄂西-鄂西北,1043,958.0714000000003
INTERTRAN鄂西-鄂西北,1044,-2000.0
INTERTRAN鄂西-鄂西北,1045,-2000.0
INTERTRAN鄂西-鄂西北,1046,-2000.0
INTERTRAN鄂西-鄂西北,1047,-2000.0
INTERTRAN鄂西-鄂西北,1048,-2000.0
INTERTRAN鄂西-鄂西北,1049,-2000.0
INTERTRAN鄂西-鄂西北,1050,1136.7872250000007
INTERTRAN鄂西-鄂西北,1051,-603.9036749999991
INTERTRAN鄂西-鄂西北,1052,-564.5781899999993
INTERTRAN鄂西-鄂西北,1053,-551.9292500000001
INTERTRAN鄂西-鄂西北,1054,-1044.439499999999
INTERTRAN鄂西-鄂西北,1055,-591.6222499999983
INTERTRAN鄂西-鄂西北,1056,-2000.0
INTERTRAN鄂西-鄂西北,1057,-427.3514999999993
INTERTRAN鄂西-鄂西北,1058,-639.2510453921194
INTERTRAN鄂西-鄂西北,1059,-2000.0
INTERTRAN鄂西-鄂西北,1060,-2000.0
INTERTRAN鄂西-鄂西北,1061,-2000.0
INTERTRAN鄂西-鄂西北,1062,-1682.6515
INTERTRAN鄂西-鄂西北,1063,-95.32052999999905
INTERTRAN鄂西-鄂西北,1064,-1086.3982800000003
INTERTRAN鄂西-鄂西北,1065,-440.3697100000022
INTERTRAN鄂西-鄂西北,1066,-101.29675999999972
INTERTRAN鄂西-鄂西北,1067,99.10622499999829
INTERTRAN鄂西-鄂西北,1068,1152.3521100000007
INTERTRAN鄂西-鄂西北,1069,938.4791749999333
INTERTRAN鄂西-鄂西北,1070,871.6704050000008
INTERTRAN鄂西-鄂西北,1071,349.931462709661
INTERTRAN鄂西-鄂西北,1072,494.6977700000002
INTERTRAN鄂西-鄂西北,1073,-156.27634000000216
INTERTRAN鄂西-鄂西北,1074,-634.9716400000034
INTERTRAN鄂西-鄂西北,1075,-2000.0
INTERTRAN鄂西-鄂西北,1076,-168.61089500000253
INTERTRAN鄂西-鄂西北,1077,-2000.0
INTERTRAN鄂西-鄂西北,1078,-1053.7855400000024
INTERTRAN鄂西-鄂西北,1079,-2000.0
INTERTRAN鄂西-鄂西北,1080,142.95700000000033
INTERTRAN鄂西-鄂西北,1081,-2000.0
INTERTRAN鄂西-鄂西北,1082,-1146.8408779791648
INTERTRAN鄂西-鄂西北,1083,-875.3197499999992
INTERTRAN鄂西-鄂西北,1084,-849.1880000000001
INTERTRAN鄂西-鄂西北,1085,-2000.0
INTERTRAN鄂西-鄂西北,1086,-1477.0617500000026
INTERTRAN鄂西-鄂西北,1087,-811.9796200000004
INTERTRAN鄂西-鄂西北,1088,-1440.6965700000023
INTERTRAN鄂西-鄂西北,1089,-794.2437350000032
INTERTRAN鄂西-鄂西北,1090,-247.67454060416844
INTERTRAN鄂西-鄂西北,1091,-431.80549499999506
INTERTRAN鄂西-鄂西北,1092,-853.9631950000096
INTERTRAN鄂西-鄂西北,1093,-997.0767700000019
INTERTRAN鄂西-鄂西北,1094,738.9206049999998
INTERTRAN鄂西-鄂西北,1095,-2000.0
INTERTRAN鄂西-鄂西北,1096,158.5209116042097
INTERTRAN鄂西-鄂西北,1097,-1129.274235000007
INTERTRAN鄂西-鄂西北,1098,-336.0085950000065
INTERTRAN鄂西-鄂西北,1099,-2000.0
INTERTRAN鄂西-鄂西北,1100,-234.99709865106774
INTERTRAN鄂西-鄂西北,1101,-2000.0
INTERTRAN鄂西-鄂西北,1102,-686.6800363374205
INTERTRAN鄂西-鄂西北,1103,-2000.0
INTERTRAN鄂西-鄂西北,1104,104.08500000000095
INTERTRAN鄂西-鄂西北,1105,-583.39525
INTERTRAN鄂西-鄂西北,1106,-1730.88375
INTERTRAN鄂西-鄂西北,1107,-2000.0
INTERTRAN鄂西-鄂西北,1108,-2000.0
INTERTRAN鄂西-鄂西北,1109,-2000.0
INTERTRAN鄂西-鄂西北,1110,-1045.3324309433901
INTERTRAN鄂西-鄂西北,1111,-2000.0
INTERTRAN鄂西-鄂西北,1112,-2000.0
INTERTRAN鄂西-鄂西北,1113,-2000.0
INTERTRAN鄂西-鄂西北,1114,137.5329599999974
INTERTRAN鄂西-鄂西北,1115,-502.5830999999997
INTERTRAN鄂西-鄂西北,1116,1273.1182622235365
INTERTRAN鄂西-鄂西北,1117,2000.0
INTERTRAN鄂西-鄂西北,1118,1921.9916790247019
INTERTRAN鄂西-鄂西北,1119,2000.0
INTERTRAN鄂西-鄂西北,1120,2000.0
INTERTRAN鄂西-鄂西北,1121,2000.0
INTERTRAN鄂西-鄂西北,1122,-2000.0
INTERTRAN鄂西-鄂西北,1123,-2000.0
INTERTRAN鄂西-鄂西北,1124,-2000.0
INTERTRAN鄂西-鄂西北,1125,-2000.0
INTERTRAN鄂西-鄂西北,1126,-2000.0
INTERTRAN鄂西-鄂西北,1127,-2000.0
INTERTRAN鄂西-鄂西北,1128,-2000.0
INTERTRAN鄂西-鄂西北,1129,-2000.0
INTERTRAN鄂西-鄂西北,1130,-2000.0
INTERTRAN鄂西-鄂西北,1131,-2000.0
INTERTRAN鄂西-鄂西北,1132,-2000.0
INTERTRAN鄂西-鄂西北,1133,-2000.0
INTERTRAN鄂西-鄂西北,1134,-2000.0
INTERTRAN鄂西-鄂西北,1135,-2000.0
INTERTRAN鄂西-鄂西北,1136,-2000.0
INTERTRAN鄂西-鄂西北,1137,-2000.0
INTERTRAN鄂西-鄂西北,1138,-2000.0
INTERTRAN鄂西-鄂西北,1139,2000.0
INTERTRAN鄂西-鄂西北,1140,2000.0
INTERTRAN鄂西-鄂西北,1141,2000.0
INTERTRAN鄂西-鄂西北,1142,2000.0
INTERTRAN鄂西-鄂西北,1143,2000.0
INTERTRAN鄂西-鄂西北,1144,2000.0
INTERTRAN鄂西-鄂西北,1145,-272.36271555424537
INTERTRAN鄂西-鄂西北,1146,2000.0
INTERTRAN鄂西-鄂西北,1147,-483.1890500000063
INTERTRAN鄂西-鄂西北,1148,-2000.0
INTERTRAN鄂西-鄂西北,1149,2000.0
INTERTRAN鄂西-鄂西北,1150,-1014.922749999999
INTERTRAN鄂西-鄂西北,1151,-2000.0
INTERTRAN鄂西-鄂东,1152,8405.008059999991
INTERTRAN鄂西-鄂东,1153,8135.531159999995
INTERTRAN鄂西-鄂东,1154,10161.649159999999
INTERTRAN鄂西-鄂东,1155,7145.815100001326
INTERTRAN鄂西-鄂东,1156,6894.988360000001
INTERTRAN鄂西-鄂东,1157,6381.782500001326
INTERTRAN鄂西-鄂东,1158,8067.198400001329
INTERTRAN鄂西-鄂东,1159,8807.692300001328
INTERTRAN鄂西-鄂东,1160,7611.015500001328
INTERTRAN鄂西-鄂东,1161,4792.078460000001
INTERTRAN鄂西-鄂东,1162,6280.876660000002
INTERTRAN鄂西-鄂东,1163,8255.166749507487
INTERTRAN鄂西-鄂东,1164,7211.965653087737
INTERTRAN鄂西-鄂东,1165,7243.547300001319
INTERTRAN鄂西-鄂东,1166,7758.7503900385655
INTERTRAN鄂西-鄂东,1167,6355.753992779091
INTERTRAN鄂西-鄂东,1168,6837.519110000004
INTERTRAN鄂西-鄂东,1169,6871.828260000002
INTERTRAN鄂西-鄂东,1170,7791.192759999998
INTERTRAN鄂西-鄂东,1171,10804.671960000001
INTERTRAN鄂西-鄂东,1172,8115.778750327747
INTERTRAN鄂西-鄂东,1173,4877.236590000006
INTERTRAN鄂西-鄂东,1174,7222.275475329072
INTERTRAN鄂西-鄂东,1175,10593.196715327747
INTERTRAN鄂西-鄂东,1176,7927.441915327741
INTERTRAN鄂西-鄂东,1177,7947.56529000003
INTERTRAN鄂西-鄂东,1178,6343.390860000003
INTERTRAN鄂西-鄂东,1179,9170.281459999998
INTERTRAN鄂西-鄂东,1180,8774.45066
INTERTRAN鄂西-鄂东,1181,7310.747260000004
INTERTRAN鄂西-鄂东,1182,4996.151000001326
INTERTRAN鄂西-鄂东,1183,9228.801296845204
INTERTRAN鄂西-鄂东,1184,8686.03081532774
INTERTRAN鄂西-鄂东,1185,11026.100704662585
INTERTRAN鄂西-鄂东,1186,5209.710940000002
INTERTRAN鄂西-鄂东,1187,5643.379540000005
INTERTRAN鄂西-鄂东,1188,6807.319400001328
INTERTRAN鄂西-鄂东,1189,8899.545830307332
INTERTRAN鄂西-鄂东,1190,8163.1900629642805
INTERTRAN鄂西-鄂东,1191,7966.35730000132
INTERTRAN鄂西-鄂东,1192,7996.04170000132
INTERTRAN鄂西-鄂东,1193,9472.671891392281
INTERTRAN鄂西-鄂东,1194,9486.529059999999
INTERTRAN鄂西-鄂东,1195,9948.362615327742
INTERTRAN鄂西-鄂东,1196,7316.816689344524
INTERTRAN鄂西-鄂东,1197,6764.9639753290685
INTERTRAN鄂西-鄂东,1198,8306.542873141163
INTERTRAN鄂西-鄂东,1199,8508.239915327742
INTERTRAN鄂西-鄂东,1200,5882.933734672264
INTERTRAN鄂西-鄂东,1201,5384.39868467226
INTERTRAN鄂西-鄂东,1202,7374.112615327744
INTERTRAN鄂西-鄂东,1203,7884.595960000001
INTERTRAN鄂西-鄂东,1204,9664.20576
INTERTRAN鄂西-鄂东,1205,8388.920615327743
INTERTRAN鄂西-鄂东,1206,9922.637559999997
INTERTRAN鄂西-鄂东,1207,4347.938615327743
INTERTRAN鄂西-鄂东,1208,9766.91943467225
INTERTRAN鄂西-鄂东,1209,9878.379559344521
INTERTRAN鄂西-鄂东,1210,3783.8318600000002
INTERTRAN鄂西-鄂东,1211,7488.313859999998
INTERTRAN鄂西-鄂东,1212,5603.027896079743
INTERTRAN鄂西-鄂东,1213,7446.502395558189
INTERTRAN鄂西-鄂东,1214,11882.378885490196
INTERTRAN鄂西-鄂东,1215,4277.331355556872
INTERTRAN鄂西-鄂东,1216,4817.554800001319
INTERTRAN鄂西-鄂东,1217,7303.358160000003
INTERTRAN鄂西-鄂东,1218,6322.954760000002
INTERTRAN鄂西-鄂东,1219,9346.81536
INTERTRAN鄂西-鄂东,1220,4571.717759999999
INTERTRAN鄂西-鄂东,1221,5291.203640000003
INTERTRAN鄂西-鄂东,1222,8942.952659999999
INTERTRAN鄂西-鄂东,1223,5881.727615327747
INTERTRAN鄂西-鄂东,1224,10375.921959999998
INTERTRAN鄂西-鄂东,1225,7732.091859999999
INTERTRAN鄂西-鄂东,1226,7221.695659999998
INTERTRAN鄂西-鄂东,1227,8079.839459999997
INTERTRAN鄂西-鄂东,1228,6665.314800001328
INTERTRAN鄂西-鄂东,1229,5647.335859999999
INTERTRAN鄂西-鄂东,1230,8841.550759999998
INTERTRAN鄂西-鄂东,1231,6784.7274153277485
INTERTRAN鄂西-鄂东,1232,8753.559077073318
INTERTRAN鄂西-鄂东,1233,10310.718015327744
INTERTRAN鄂西-鄂东,1234,6032.629160000004
INTERTRAN鄂西-鄂东,1235,7403.740808947879
INTERTRAN鄂西-鄂东,1236,7908.168046172843
INTERTRAN鄂西-鄂东,1237,7903.966945988972
INTERTRAN鄂西-鄂东,1238,7323.586100001319
INTERTRAN鄂西-鄂东,1239,9614.051094548904
INTERTRAN鄂西-鄂东,1240,9170.713160000003
INTERTRAN鄂西-鄂东,1241,8182.070800001315
INTERTRAN鄂西-鄂东,1242,6819.566260000001
INTERTRAN鄂西-鄂东,1243,8740.112215327747
INTERTRAN鄂西-鄂东,1244,6082.413294673589
INTERTRAN鄂西-鄂东,1245,6945.139234672263
INTERTRAN鄂西-鄂东,1246,5418.0423153277425
INTERTRAN鄂西-鄂东,1247,9145.005215327745
INTERTRAN鄂西-鄂东,1248,7872.175354672253
INTERTRAN鄂西-鄂东,1249,4871.555515327742
INTERTRAN鄂西-鄂东,1250,7592.69096
INTERTRAN鄂西-鄂东,1251,7293.2018653277455
INTERTRAN鄂西-鄂东,1252,9791.078060000003
INTERTRAN鄂西-鄂东,1253,8043.7829153277435
INTERTRAN鄂西-鄂东,1254,7713.544609999997
INTERTRAN鄂西-鄂东,1255,7107.980515327752
INTERTRAN鄂西-鄂东,1256,7601.332647598934
INTERTRAN鄂西-鄂东,1257,9287.673365327744
INTERTRAN鄂西-鄂东,1258,3782.5935599999993
INTERTRAN鄂西-鄂东,1259,3729.8806000013183
INTERTRAN鄂西-鄂东,1260,5691.414426666664
INTERTRAN鄂西-鄂东,1261,7505.706859999999
INTERTRAN鄂西-鄂东,1262,8532.949800001319
INTERTRAN鄂西-鄂东,1263,6326.319333334646
INTERTRAN鄂西-鄂东,1264,2971.492310722913
INTERTRAN鄂西-鄂东,1265,8392.297560000003
INTERTRAN鄂西-鄂东,1266,9150.888460000004
INTERTRAN鄂西-鄂东,1267,9675.111557627743
INTERTRAN鄂西-鄂东,1268,9077.417399999998
INTERTRAN鄂西-鄂东,1269,9343.496677514604
INTERTRAN鄂西-鄂东,1270,10920.9282775146
INTERTRAN鄂西-鄂东,1271,6091.504234673578
INTERTRAN鄂西-鄂东,1272,6386.080999999996
INTERTRAN鄂西-鄂东,1273,6547.26779999999
INTERTRAN鄂西-鄂东,1274,5895.643277514599
INTERTRAN鄂西-鄂东,1275,7975.493277514599
INTERTRAN鄂西-鄂东,1276,8353.920799999996
INTERTRAN鄂西-鄂东,1277,8438.0260775146
INTERTRAN鄂西-鄂东,1278,7631.488342142735
INTERTRAN鄂西-鄂东,1279,8797.438644999986
INTERTRAN鄂西-鄂东,1280,9395.235860000008
INTERTRAN鄂西-鄂东,1281,10696.721399999999
INTERTRAN鄂西-鄂东,1282,5874.535162211243
INTERTRAN鄂西-鄂东,1283,5539.315804673683
INTERTRAN鄂西-鄂东,1284,7212.099435803788
INTERTRAN鄂西-鄂东,1285,4445.91230326766
INTERTRAN鄂西-鄂东,1286,6517.133400001321
INTERTRAN鄂西-鄂东,1287,8678.130049384034
INTERTRAN鄂西-鄂东,1288,6368.965800001319
INTERTRAN鄂西-鄂东,1289,8603.749100001318
INTERTRAN鄂西-鄂东,1290,6886.095815327746
INTERTRAN鄂西-鄂东,1291,12600.0
INTERTRAN鄂西-鄂东,1292,11138.291177514602
INTERTRAN鄂西-鄂东,1293,8793.290800000004
INTERTRAN鄂西-鄂东,1294,7674.426134673582
INTERTRAN鄂西-鄂东,1295,8489.857084673584
INTERTRAN鄂西北-鄂东,1152,3000.0
INTERTRAN鄂西北-鄂东,1153,3000.0
INTERTRAN鄂西北-鄂东,1154,3000.0
INTERTRAN鄂西北-鄂东,1155,3000.0
INTERTRAN鄂西北-鄂东,1156,3000.0
INTERTRAN鄂西北-鄂东,1157,3000.0
INTERTRAN鄂西北-鄂东,1158,3000.0
INTERTRAN鄂西北-鄂东,1159,3000.0
INTERTRAN鄂西北-鄂东,1160,3000.0
INTERTRAN鄂西北-鄂东,1161,3000.0
INTERTRAN鄂西北-鄂东,1162,3000.0
INTERTRAN鄂西北-鄂东,1163,-3000.0
INTERTRAN鄂西北-鄂东,1164,-3000.0
INTERTRAN鄂西北-鄂东,1165,-3000.0
INTERTRAN鄂西北-鄂东,1166,-322.92619392149004
INTERTRAN鄂西北-鄂东,1167,-3000.0
INTERTRAN鄂西北-鄂东,1168,-1333.1013500000017
INTERTRAN鄂西北-鄂东,1169,3000.0
INTERTRAN鄂西北-鄂东,1170,3000.0
INTERTRAN鄂西北-鄂东,1171,3000.0
INTERTRAN鄂西北-鄂东,1172,-1663.4958350000015
INTERTRAN鄂西北-鄂东,1173,3000.0
INTERTRAN鄂西北-鄂东,1174,3000.0
INTERTRAN鄂西北-鄂东,1175,3000.0
INTERTRAN鄂西北-鄂东,1176,3000.0
INTERTRAN鄂西北-鄂东,1177,3000.0
INTERTRAN鄂西北-鄂东,1178,3000.0
INTERTRAN鄂西北-鄂东,1179,3000.0
INTERTRAN鄂西北-鄂东,1180,3000.0
INTERTRAN鄂西北-鄂东,1181,3000.0
INTERTRAN鄂西北-鄂东,1182,3000.0
INTERTRAN鄂西北-鄂东,1183,3000.0
INTERTRAN鄂西北-鄂东,1184,3000.0
INTERTRAN鄂西北-鄂东,1185,3000.0
INTERTRAN鄂西北-鄂东,1186,3000.0
INTERTRAN鄂西北-鄂东,1187,3000.0
INTERTRAN鄂西北-鄂东,1188,-554.5375450000006
INTERTRAN鄂西北-鄂东,1189,-2952.7634369739944
INTERTRAN鄂西北-鄂东,1190,-1914.6171649999997
INTERTRAN鄂西北-鄂东,1191,-2028.2946400013188
INTERTRAN鄂西北-鄂东,1192,-3000.0
INTERTRAN鄂西北-鄂东,1193,-1507.5597313922783
INTERTRAN鄂西北-鄂东,1194,3000.0
INTERTRAN鄂西北-鄂东,1195,3000.0
INTERTRAN鄂西北-鄂东,1196,3000.0
INTERTRAN鄂西北-鄂东,1197,3000.0
INTERTRAN鄂西北-鄂东,1198,3000.0
INTERTRAN鄂西北-鄂东,1199,3000.0
INTERTRAN鄂西北-鄂东,1200,3000.0
INTERTRAN鄂西北-鄂东,1201,3000.0
INTERTRAN鄂西北-鄂东,1202,3000.0
INTERTRAN鄂西北-鄂东,1203,3000.0
INTERTRAN鄂西北-鄂东,1204,3000.0
INTERTRAN鄂西北-鄂东,1205,3000.0
INTERTRAN鄂西北-鄂东,1206,3000.0
INTERTRAN鄂西北-鄂东,1207,3000.0
INTERTRAN鄂西北-鄂东,1208,3000.0
INTERTRAN鄂西北-鄂东,1209,3000.0
INTERTRAN鄂西北-鄂东,1210,3000.0
INTERTRAN鄂西北-鄂东,1211,-3000.0
INTERTRAN鄂西北-鄂东,1212,-3000.0
INTERTRAN鄂西北-鄂东,1213,-3000.0
INTERTRAN鄂西北-鄂东,1214,-3000.0
INTERTRAN鄂西北-鄂东,1215,-3000.0
INTERTRAN鄂西北-鄂东,1216,-2486.898425364734
INTERTRAN鄂西北-鄂东,1217,-3000.0
INTERTRAN鄂西北-鄂东,1218,3000.0
INTERTRAN鄂西北-鄂东,1219,3000.0
INTERTRAN鄂西北-鄂东,1220,3000.0
INTERTRAN鄂西北-鄂东,1221,3000.0
INTERTRAN鄂西北-鄂东,1222,3000.0
INTERTRAN鄂西北-鄂东,1223,3000.0
INTERTRAN鄂西北-鄂东,1224,3000.0
INTERTRAN鄂西北-鄂东,1225,3000.0
INTERTRAN鄂西北-鄂东,1226,3000.0
INTERTRAN鄂西北-鄂东,1227,3000.0
INTERTRAN鄂西北-鄂东,1228,3000.0
INTERTRAN鄂西北-鄂东,1229,3000.0
INTERTRAN鄂西北-鄂东,1230,3000.0
INTERTRAN鄂西北-鄂东,1231,3000.0
INTERTRAN鄂西北-鄂东,1232,3000.0
INTERTRAN鄂西北-鄂东,1233,3000.0
INTERTRAN鄂西北-鄂东,1234,3000.0
INTERTRAN鄂西北-鄂东,1235,3000.0
INTERTRAN鄂西北-鄂东,1236,-1427.0423083950618
INTERTRAN鄂西北-鄂东,1237,-3000.0
INTERTRAN鄂西北-鄂东,1238,-3000.0
INTERTRAN鄂西北-鄂东,1239,-3000.0
INTERTRAN鄂西北-鄂东,1240,-3000.0
INTERTRAN鄂西北-鄂东,1241,-3000.0
INTERTRAN鄂西北-鄂东,1242,3000.0
INTERTRAN鄂西北-鄂东,1243,3000.0
INTERTRAN鄂西北-鄂东,1244,3000.0
INTERTRAN鄂西北-鄂东,1245,3000.0
INTERTRAN鄂西北-鄂东,1246,3000.0
INTERTRAN鄂西北-鄂东,1247,3000.0
INTERTRAN鄂西北-鄂东,1248,3000.0
INTERTRAN鄂西北-鄂东,1249,3000.0
INTERTRAN鄂西北-鄂东,1250,3000.0
INTERTRAN鄂西北-鄂东,1251,3000.0
INTERTRAN鄂西北-鄂东,1252,3000.0
INTERTRAN鄂西北-鄂东,1253,3000.0
INTERTRAN鄂西北-鄂东,1254,3000.0
INTERTRAN鄂西北-鄂东,1255,3000.0
INTERTRAN鄂西北-鄂东,1256,3000.0
INTERTRAN鄂西北-鄂东,1257,3000.0
INTERTRAN鄂西北-鄂东,1258,3000.0
INTERTRAN鄂西北-鄂东,1259,2311.7705599986775
INTERTRAN鄂西北-鄂东,1260,-3000.0
INTERTRAN鄂西北-鄂东,1261,-3000.0
INTERTRAN鄂西北-鄂东,1262,-3000.0
INTERTRAN鄂西北-鄂东,1263,-3000.0
INTERTRAN鄂西北-鄂东,1264,-3000.0
INTERTRAN鄂西北-鄂东,1265,-3000.0
INTERTRAN鄂西北-鄂东,1266,3000.0
INTERTRAN鄂西北-鄂东,1267,3000.0
INTERTRAN鄂西北-鄂东,1268,3000.0
INTERTRAN鄂西北-鄂东,1269,3000.0
INTERTRAN鄂西北-鄂东,1270,3000.0
INTERTRAN鄂西北-鄂东,1271,3000.0
INTERTRAN鄂西北-鄂东,1272,3000.0
INTERTRAN鄂西北-鄂东,1273,3000.0
INTERTRAN鄂西北-鄂东,1274,3000.0
INTERTRAN鄂西北-鄂东,1275,3000.0
INTERTRAN鄂西北-鄂东,1276,3000.0
INTERTRAN鄂西北-鄂东,1277,3000.0
INTERTRAN鄂西北-鄂东,1278,3000.0
INTERTRAN鄂西北-鄂东,1279,3000.0
INTERTRAN鄂西北-鄂东,1280,3000.0
INTERTRAN鄂西北-鄂东,1281,3000.0
INTERTRAN鄂西北-鄂东,1282,3000.0
INTERTRAN鄂西北-鄂东,1283,3000.0
INTERTRAN鄂西北-鄂东,1284,-522.1351954320994
INTERTRAN鄂西北-鄂东,1285,-3000.0
INTERTRAN鄂西北-鄂东,1286,-3000.0
INTERTRAN鄂西北-鄂东,1287,-3000.0
INTERTRAN鄂西北-鄂东,1288,-3000.0
INTERTRAN鄂西北-鄂东,1289,-312.90939500000013
INTERTRAN鄂西北-鄂东,1290,3000.0
INTERTRAN鄂西北-鄂东,1291,1210.3411775146042
INTERTRAN鄂西北-鄂东,1292,3000.0
INTERTRAN鄂西北-鄂东,1293,3000.0
INTERTRAN鄂西北-鄂东,1294,3000.0
INTERTRAN鄂西北-鄂东,1295,3000.0
INTERTRAN鄂西-鄂西北,1152,-2000.0
INTERTRAN鄂西-鄂西北,1153,-2000.0
INTERTRAN鄂西-鄂西北,1154,-2000.0
INTERTRAN鄂西-鄂西北,1155,-2000.0
INTERTRAN鄂西-鄂西北,1156,-2000.0
INTERTRAN鄂西-鄂西北,1157,-2000.0
INTERTRAN鄂西-鄂西北,1158,-2000.0
INTERTRAN鄂西-鄂西北,1159,-2000.0
INTERTRAN鄂西-鄂西北,1160,-2000.0
INTERTRAN鄂西-鄂西北,1161,534.7768946735947
INTERTRAN鄂西-鄂西北,1162,1108.9963500000017
INTERTRAN鄂西-鄂西北,1163,-1580.9863544444438
INTERTRAN鄂西-鄂西北,1164,2000.0
INTERTRAN鄂西-鄂西北,1165,2000.0
INTERTRAN鄂西-鄂西北,1166,2000.0
INTERTRAN鄂西-鄂西北,1167,1163.5321072222227
INTERTRAN鄂西-鄂西北,1168,-2000.0
INTERTRAN鄂西-鄂西北,1169,1034.9753050000002
INTERTRAN鄂西-鄂西北,1170,2000.0
INTERTRAN鄂西-鄂西北,1171,-2000.0
INTERTRAN鄂西-鄂西北,1172,-2000.0
INTERTRAN鄂西-鄂西北,1173,704.1362500000005
INTERTRAN鄂西-鄂西北,1174,-109.82374999999956
INTERTRAN鄂西-鄂西北,1175,-643.821249999999
INTERTRAN鄂西-鄂西北,1176,56.647724672258846
INTERTRAN鄂西-鄂西北,1177,-1143.2957500000002
INTERTRAN鄂西-鄂西北,1178,-733.5523200000016
INTERTRAN鄂西-鄂西北,1179,-2000.0
INTERTRAN鄂西-鄂西北,1180,-502.1632010999957
INTERTRAN鄂西-鄂西北,1181,-2000.0
INTERTRAN鄂西-鄂西北,1182,-2000.0
INTERTRAN鄂西-鄂西北,1183,-2000.0
INTERTRAN鄂西-鄂西北,1184,-2000.0
INTERTRAN鄂西-鄂西北,1185,-442.60427999999865
INTERTRAN鄂西-鄂西北,1186,-2000.0
INTERTRAN鄂西-鄂西北,1187,2000.0
INTERTRAN鄂西-鄂西北,1188,-2000.0
INTERTRAN鄂西-鄂西北,1189,-2000.0
INTERTRAN鄂西-鄂西北,1190,-2000.0
INTERTRAN鄂西-鄂西北,1191,-2000.0
INTERTRAN鄂西-鄂西北,1192,-2000.0
INTERTRAN鄂西-鄂西北,1193,-2000.0
INTERTRAN鄂西-鄂西北,1194,2000.0
INTERTRAN鄂西-鄂西北,1195,-2000.0
INTERTRAN鄂西-鄂西北,1196,-2000.0
INTERTRAN鄂西-鄂西北,1197,759.2334999999989
INTERTRAN鄂西-鄂西北,1198,-2000.0
INTERTRAN鄂西-鄂西北,1199,-2000.0
INTERTRAN鄂西-鄂西北,1200,-2000.0
INTERTRAN鄂西-鄂西北,1201,59.061250000000655
INTERTRAN鄂西-鄂西北,1202,-791.5359999999982
INTERTRAN鄂西-鄂西北,1203,-2000.0
INTERTRAN鄂西-鄂西北,1204,-2000.0
INTERTRAN鄂西-鄂西北,1205,-2000.0
INTERTRAN鄂西-鄂西北,1206,-2000.0
INTERTRAN鄂西-鄂西北,1207,-2000.0
INTERTRAN鄂西-鄂西北,1208,-2000.0
INTERTRAN鄂西-鄂西北,1209,-2000.0
INTERTRAN鄂西-鄂西北,1210,1336.6121950000006
INTERTRAN鄂西-鄂西北,1211,2000.0
INTERTRAN鄂西-鄂西北,1212,2000.0
INTERTRAN鄂西-鄂西北,1213,2000.0
INTERTRAN鄂西-鄂西北,1214,2000.0
INTERTRAN鄂西-鄂西北,1215,2000.0
INTERTRAN鄂西-鄂西北,1216,2000.0
INTERTRAN鄂西-鄂西北,1217,2000.0
INTERTRAN鄂西-鄂西北,1218,1044.5814799999996
INTERTRAN鄂西-鄂西北,1219,130.24359000000095
INTERTRAN鄂西-鄂西北,1220,1350.593080000005
INTERTRAN鄂西-鄂西北,1221,-2000.0
INTERTRAN鄂西-鄂西北,1222,-2000.0
INTERTRAN鄂西-鄂西北,1223,572.5590000000002
INTERTRAN鄂西-鄂西北,1224,-2000.0
INTERTRAN鄂西-鄂西北,1225,-2000.0
INTERTRAN鄂西-鄂西北,1226,-2000.0
INTERTRAN鄂西-鄂西北,1227,-2000.0
INTERTRAN鄂西-鄂西北,1228,-2000.0
INTERTRAN鄂西-鄂西北,1229,-2000.0
INTERTRAN鄂西-鄂西北,1230,-2000.0
INTERTRAN鄂西-鄂西北,1231,-2000.0
INTERTRAN鄂西-鄂西北,1232,-2000.0
INTERTRAN鄂西-鄂西北,1233,688.0348062499997
INTERTRAN鄂西-鄂西北,1234,764.128165000001
INTERTRAN鄂西-鄂西北,1235,-205.6247530872821
INTERTRAN鄂西-鄂西北,1236,-2000.0
INTERTRAN鄂西-鄂西北,1237,-1072.4157459876533
INTERTRAN鄂西-鄂西北,1238,2000.0
INTERTRAN鄂西-鄂西北,1239,2000.0
INTERTRAN鄂西-鄂西北,1240,-2000.0
INTERTRAN鄂西-鄂西北,1241,-2000.0
INTERTRAN鄂西-鄂西北,1242,550.4388799999997
INTERTRAN鄂西-鄂西北,1243,2000.0
INTERTRAN鄂西-鄂西北,1244,-2000.0
INTERTRAN鄂西-鄂西北,1245,-2000.0
INTERTRAN鄂西-鄂西北,1246,-740.8005620521257
INTERTRAN鄂西-鄂西北,1247,-2000.0
INTERTRAN鄂西-鄂西北,1248,-2000.0
INTERTRAN鄂西-鄂西北,1249,-460.942249999997
INTERTRAN鄂西-鄂西北,1250,-2000.0
INTERTRAN鄂西-鄂西北,1251,-2000.0
INTERTRAN鄂西-鄂西北,1252,-2000.0
INTERTRAN鄂西-鄂西北,1253,-2000.0
INTERTRAN鄂西-鄂西北,1254,-2000.0
INTERTRAN鄂西-鄂西北,1255,-2000.0
INTERTRAN鄂西-鄂西北,1256,-2000.0
INTERTRAN鄂西-鄂西北,1257,-2000.0
INTERTRAN鄂西-鄂西北,1258,-269.6470449999988
INTERTRAN鄂西-鄂西北,1259,2000.0
INTERTRAN鄂西-鄂西北,1260,2000.0
INTERTRAN鄂西-鄂西北,1261,2000.0
INTERTRAN鄂西-鄂西北,1262,2000.0
INTERTRAN鄂西-鄂西北,1263,2000.0
INTERTRAN鄂西-鄂西北,1264,2000.0
INTERTRAN鄂西-鄂西北,1265,1090.2394400013145
INTERTRAN鄂西-鄂西北,1266,2000.0
INTERTRAN鄂西-鄂西北,1267,-2000.0
INTERTRAN鄂西-鄂西北,1268,-2000.0
INTERTRAN鄂西-鄂西北,1269,566.9017499999976
INTERTRAN鄂西-鄂西北,1270,-2000.0
INTERTRAN鄂西-鄂西北,1271,-2000.0
INTERTRAN鄂西-鄂西北,1272,473.36600000000055
INTERTRAN鄂西-鄂西北,1273,-1116.7325000000017
INTERTRAN鄂西-鄂西北,1274,-1834.0547775146044
INTERTRAN鄂西-鄂西北,1275,-1809.239250000001
INTERTRAN鄂西-鄂西北,1276,-2000.0
INTERTRAN鄂西-鄂西北,1277,-988.6441721868654
INTERTRAN鄂西-鄂西北,1278,-2000.0
INTERTRAN鄂西-鄂西北,1279,-1942.6568450000009
INTERTRAN鄂西-鄂西北,1280,-2000.0
INTERTRAN鄂西-鄂西北,1281,-2000.0
INTERTRAN鄂西-鄂西北,1282,164.98358808727824
INTERTRAN鄂西-鄂西北,1283,1640.889389999908
INTERTRAN鄂西-鄂西北,1284,-2000.0
INTERTRAN鄂西-鄂西北,1285,2000.0
INTERTRAN鄂西-鄂西北,1286,2000.0
INTERTRAN鄂西-鄂西北,1287,-2000.0
INTERTRAN鄂西-鄂西北,1288,-2000.0
INTERTRAN鄂西-鄂西北,1289,-2000.0
INTERTRAN鄂西-鄂西北,1290,1394.7347400000006
INTERTRAN鄂西-鄂西北,1291,-2000.0
INTERTRAN鄂西-鄂西北,1292,-62.542249999999854
INTERTRAN鄂西-鄂西北,1293,-2000.0
INTERTRAN鄂西-鄂西北,1294,-1358.9815000000003
INTERTRAN鄂西-鄂西北,1295,-919.7077500000015
INTERTRAN鄂西-鄂东,1296,6628.363800000597
INTERTRAN鄂西-鄂东,1297,7794.644359999998
INTERTRAN鄂西-鄂东,1298,5313.85406
INTERTRAN鄂西-鄂东,1299,7091.693860000001
INTERTRAN鄂西-鄂东,1300,6736.317660000001
INTERTRAN鄂西-鄂东,1301,6913.964560000002
INTERTRAN鄂西-鄂东,1302,8154.8193599999995
INTERTRAN鄂西-鄂东,1303,5523.334759999998
INTERTRAN鄂西-鄂东,1304,9413.7543000006
INTERTRAN鄂西-鄂东,1305,7931.214200000609
INTERTRAN鄂西-鄂东,1306,2359.2942561971868
INTERTRAN鄂西-鄂东,1307,4159.641370001211
INTERTRAN鄂西-鄂东,1308,6770.580500000594
INTERTRAN鄂西-鄂东,1309,4181.6533879043345
INTERTRAN鄂西-鄂东,1310,5720.9165629650515
INTERTRAN鄂西-鄂东,1311,6870.087800000595
INTERTRAN鄂西-鄂东,1312,6825.724394999999
INTERTRAN鄂西-鄂东,1313,7035.322590548317
INTERTRAN鄂西-鄂东,1314,8831.59456
INTERTRAN鄂西-鄂东,1315,8754.61355500061
INTERTRAN鄂西-鄂东,1316,8817.054159999994
INTERTRAN鄂西-鄂东,1317,8604.08986
INTERTRAN鄂西-鄂东,1318,6077.839042604474
INTERTRAN鄂西-鄂东,1319,7564.738160000003
INTERTRAN鄂西-鄂东,1320,11979.412359999998
INTERTRAN鄂西-鄂东,1321,7775.902459999999
INTERTRAN鄂西-鄂东,1322,6181.166159999997
INTERTRAN鄂西-鄂东,1323,7378.024859999998
INTERTRAN鄂西-鄂东,1324,4748.249972486004
INTERTRAN鄂西-鄂东,1325,8551.992900000605
INTERTRAN鄂西-鄂东,1326,7867.990559999997
INTERTRAN鄂西-鄂东,1327,8353.709159202985
INTERTRAN鄂西-鄂东,1328,5906.622400000607
INTERTRAN鄂西-鄂东,1329,10997.698995063522
INTERTRAN鄂西-鄂东,1330,5004.763259999996
INTERTRAN鄂西-鄂东,1331,6715.405440000005
INTERTRAN鄂西-鄂东,1332,4295.267011111709
INTERTRAN鄂西-鄂东,1333,8365.821829630222
INTERTRAN鄂西-鄂东,1334,3862.120028146972
INTERTRAN鄂西-鄂东,1335,7258.437966667268
INTERTRAN鄂西-鄂东,1336,4538.319744445037
INTERTRAN鄂西-鄂东,1337,8103.273233333934
INTERTRAN鄂西-鄂东,1338,5196.679810000605
INTERTRAN鄂西-鄂东,1339,8384.047604999998
INTERTRAN鄂西-鄂东,1340,5737.1693256050485
INTERTRAN鄂西-鄂东,1341,7570.095470711465
INTERTRAN鄂西-鄂东,1342,5152.3381500006
INTERTRAN鄂西-鄂东,1343,9537.625525605052
INTERTRAN鄂西-鄂东,1344,8044.954125605052
INTERTRAN鄂西-鄂东,1345,5731.472225605051
INTERTRAN鄂西-鄂东,1346,6224.176087338392
INTERTRAN鄂西-鄂东,1347,6801.065110604531
INTERTRAN鄂西-鄂东,1348,9074.00196
INTERTRAN鄂西-鄂东,1349,7455.548500000608
INTERTRAN鄂西-鄂东,1350,6354.818259999989
INTERTRAN鄂西-鄂东,1351,6514.921504999996
INTERTRAN鄂西-鄂东,1352,9376.132330605065
INTERTRAN鄂西-鄂东,1353,7292.945245000612
INTERTRAN鄂西-鄂东,1354,5539.370684999996
INTERTRAN鄂西-鄂东,1355,7444.822259999999
INTERTRAN鄂西-鄂东,1356,1748.239430000605
INTERTRAN鄂西-鄂东,1357,5311.5615450000005
INTERTRAN鄂西-鄂东,1358,5946.417949383311
INTERTRAN鄂西-鄂东,1359,5933.9302000005955
INTERTRAN鄂西-鄂东,1360,5236.146589999999
INTERTRAN鄂西-鄂东,1361,7156.49212560505
INTERTRAN鄂西-鄂东,1362,7911.003251210115
INTERTRAN鄂西-鄂东,1363,7780.9593306050665
INTERTRAN鄂西-鄂东,1364,8422.78473060506
INTERTRAN鄂西-鄂东,1365,8229.034830605064
INTERTRAN鄂西-鄂东,1366,6569.36693060506
INTERTRAN鄂西-鄂东,1367,8762.484351210118
INTERTRAN鄂西-鄂东,1368,6613.50743060506
INTERTRAN鄂西-鄂东,1369,8435.627785605067
INTERTRAN鄂西-鄂东,1370,6098.664885605063
INTERTRAN鄂西-鄂东,1371,7739.022325605049
INTERTRAN鄂西-鄂东,1372,6936.780052710106
INTERTRAN鄂西-鄂东,1373,7731.105525605052
INTERTRAN鄂西-鄂东,1374,6584.193585605066
INTERTRAN鄂西-鄂东,1375,7263.812585605068
INTERTRAN鄂西-鄂东,1376,7316.320530605066
INTERTRAN鄂西-鄂东,1377,8865.720130605065
INTERTRAN鄂西-鄂东,1378,5899.901951210111
INTERTRAN鄂西-鄂东,1379,4389.964530605059
INTERTRAN鄂西-鄂东,1380,4979.112385605062
INTERTRAN鄂西-鄂东,1381,6742.712060000002
INTERTRAN鄂西-鄂东,1382,6563.650860000002
INTERTRAN鄂西-鄂东,1383,6634.327359999999
INTERTRAN鄂西-鄂东,1384,5476.062304999997
INTERTRAN鄂西-鄂东,1385,8344.739130605065
INTERTRAN鄂西-鄂东,1386,9216.677130605063
INTERTRAN鄂西-鄂东,1387,7893.8621306050645
INTERTRAN鄂西-鄂东,1388,8609.217351210114
INTERTRAN鄂西-鄂东,1389,7277.157130605059
INTERTRAN鄂西-鄂东,1390,5140.615930605062
INTERTRAN鄂西-鄂东,1391,6516.5985306050625
INTERTRAN鄂西-鄂东,1392,7923.79876
INTERTRAN鄂西-鄂东,1393,7631.103420605582
INTERTRAN鄂西-鄂东,1394,6198.449504999995
INTERTRAN鄂西-鄂东,1395,7561.141325605052
INTERTRAN鄂西-鄂东,1396,7181.010425605052
INTERTRAN鄂西-鄂东,1397,6337.180525605051
INTERTRAN鄂西-鄂东,1398,6976.394785605065
INTERTRAN鄂西-鄂东,1399,8044.689080605055
INTERTRAN鄂西-鄂东,1400,9314.316730605062
INTERTRAN鄂西-鄂东,1401,10374.931130605064
INTERTRAN鄂西-鄂东,1402,5354.799430605062
INTERTRAN鄂西-鄂东,1403,3346.6908106101287
INTERTRAN鄂西-鄂东,1404,3572.0891256050495
INTERTRAN鄂西-鄂东,1405,6390.1328000006
INTERTRAN鄂西-鄂东,1406,5852.234685740747
INTERTRAN鄂西-鄂东,1407,3796.905169233081
INTERTRAN鄂西-鄂东,1408,7308.590759999997
INTERTRAN鄂西-鄂东,1409,8285.648530605065
INTERTRAN鄂西-鄂东,1410,7200.799130605065
INTERTRAN鄂西-鄂东,1411,7856.104351210117
INTERTRAN鄂西-鄂东,1412,5967.707312710403
INTERTRAN鄂西-鄂东,1413,7499.141930605059
INTERTRAN鄂西-鄂东,1414,6956.24636500001
INTERTRAN鄂西-鄂东,1415,7389.225343122538
INTERTRAN鄂西-鄂东,1416,9920.880267894945
INTERTRAN鄂西-鄂东,1417,9398.75689000001
INTERTRAN鄂西-鄂东,1418,10451.115210605065
INTERTRAN鄂西-鄂东,1419,10969.239534999997
INTERTRAN鄂西-鄂东,1420,4390.94922312254
INTERTRAN鄂西-鄂东,1421,10692.681614394945
INTERTRAN鄂西-鄂东,1422,11564.275140000007
INTERTRAN鄂西-鄂东,1423,10441.67644000001
INTERTRAN鄂西-鄂东,1424,11042.768918122534
INTERTRAN鄂西-鄂东,1425,12600.0
INTERTRAN鄂西-鄂东,1426,5887.382485644948
INTERTRAN鄂西-鄂东,1427,7891.735889999996
INTERTRAN鄂西-鄂东,1428,4618.186311111092
INTERTRAN鄂西-鄂东,1429,7093.067099999979
INTERTRAN鄂西-鄂东,1430,2523.226644444426
INTERTRAN鄂西-鄂东,1431,7328.207892592576
INTERTRAN鄂西-鄂东,1432,6849.682431111159
INTERTRAN鄂西-鄂东,1433,9613.398139999998
INTERTRAN鄂西-鄂东,1434,7630.8737400000055
INTERTRAN鄂西-鄂东,1435,10654.582767894948
INTERTRAN鄂西-鄂东,1436,9497.207093122539
INTERTRAN鄂西-鄂东,1437,10192.79626789495
INTERTRAN鄂西-鄂东,1438,9896.346767894947
INTERTRAN鄂西-鄂东,1439,10417.623467894946
INTERTRAN鄂西北-鄂东,1296,3000.0
INTERTRAN鄂西北-鄂东,1297,3000.0
INTERTRAN鄂西北-鄂东,1298,3000.0
INTERTRAN鄂西北-鄂东,1299,3000.0
INTERTRAN鄂西北-鄂东,1300,3000.0
INTERTRAN鄂西北-鄂东,1301,3000.0
INTERTRAN鄂西北-鄂东,1302,3000.0
INTERTRAN鄂西北-鄂东,1303,3000.0
INTERTRAN鄂西北-鄂东,1304,3000.0
INTERTRAN鄂西北-鄂东,1305,3000.0
INTERTRAN鄂西北-鄂东,1306,3000.0
INTERTRAN鄂西北-鄂东,1307,3000.0
INTERTRAN鄂西北-鄂东,1308,-5.509660432099693
INTERTRAN鄂西北-鄂东,1309,-256.95086123766805
INTERTRAN鄂西北-鄂东,1310,-867.4410424712232
INTERTRAN鄂西北-鄂东,1311,-458.6306950000003
INTERTRAN鄂西北-鄂东,1312,-26.159335000000738
INTERTRAN鄂西北-鄂东,1313,3000.0
INTERTRAN鄂西北-鄂东,1314,3000.0
INTERTRAN鄂西北-鄂东,1315,3000.0
INTERTRAN鄂西北-鄂东,1316,3000.0
INTERTRAN鄂西北-鄂东,1317,3000.0
INTERTRAN鄂西北-鄂东,1318,3000.0
INTERTRAN鄂西北-鄂东,1319,3000.0
INTERTRAN鄂西北-鄂东,1320,3000.0
INTERTRAN鄂西北-鄂东,1321,3000.0
INTERTRAN鄂西北-鄂东,1322,3000.0
INTERTRAN鄂西北-鄂东,1323,3000.0
INTERTRAN鄂西北-鄂东,1324,3000.0
INTERTRAN鄂西北-鄂东,1325,3000.0
INTERTRAN鄂西北-鄂东,1326,3000.0
INTERTRAN鄂西北-鄂东,1327,3000.0
INTERTRAN鄂西北-鄂东,1328,3000.0
INTERTRAN鄂西北-鄂东,1329,3000.0
INTERTRAN鄂西北-鄂东,1330,3000.0
INTERTRAN鄂西北-鄂东,1331,-262.778880000001
INTERTRAN鄂西北-鄂东,1332,-3000.0
INTERTRAN鄂西北-鄂东,1333,-3000.0
INTERTRAN鄂西北-鄂东,1334,-3000.0
INTERTRAN鄂西北-鄂东,1335,-3000.0
INTERTRAN鄂西北-鄂东,1336,-3000.0
INTERTRAN鄂西北-鄂东,1337,-1104.1593022222235
INTERTRAN鄂西北-鄂东,1338,3000.0
INTERTRAN鄂西北-鄂东,1339,3000.0
INTERTRAN鄂西北-鄂东,1340,3000.0
INTERTRAN鄂西北-鄂东,1341,3000.0
INTERTRAN鄂西北-鄂东,1342,3000.0
INTERTRAN鄂西北-鄂东,1343,3000.0
INTERTRAN鄂西北-鄂东,1344,3000.0
INTERTRAN鄂西北-鄂东,1345,3000.0
INTERTRAN鄂西北-鄂东,1346,3000.0
INTERTRAN鄂西北-鄂东,1347,3000.0
INTERTRAN鄂西北-鄂东,1348,3000.0
INTERTRAN鄂西北-鄂东,1349,3000.0
INTERTRAN鄂西北-鄂东,1350,3000.0
INTERTRAN鄂西北-鄂东,1351,3000.0
INTERTRAN鄂西北-鄂东,1352,3000.0
INTERTRAN鄂西北-鄂东,1353,3000.0
INTERTRAN鄂西北-鄂东,1354,3000.0
INTERTRAN鄂西北-鄂东,1355,3000.0
INTERTRAN鄂西北-鄂东,1356,3000.0
INTERTRAN鄂西北-鄂东,1357,640.9756149999994
INTERTRAN鄂西北-鄂东,1358,-320.08939333452287
INTERTRAN鄂西北-鄂东,1359,-713.9431558024703
INTERTRAN鄂西北-鄂东,1360,610.3001700000004
INTERTRAN鄂西北-鄂东,1361,3000.0
INTERTRAN鄂西北-鄂东,1362,3000.0
INTERTRAN鄂西北-鄂东,1363,3000.0
INTERTRAN鄂西北-鄂东,1364,3000.0
INTERTRAN鄂西北-鄂东,1365,3000.0
INTERTRAN鄂西北-鄂东,1366,3000.0
INTERTRAN鄂西北-鄂东,1367,3000.0
INTERTRAN鄂西北-鄂东,1368,3000.0
INTERTRAN鄂西北-鄂东,1369,3000.0
INTERTRAN鄂西北-鄂东,1370,3000.0
INTERTRAN鄂西北-鄂东,1371,3000.0
INTERTRAN鄂西北-鄂东,1372,3000.0
INTERTRAN鄂西北-鄂东,1373,3000.0
INTERTRAN鄂西北-鄂东,1374,3000.0
INTERTRAN鄂西北-鄂东,1375,3000.0
INTERTRAN鄂西北-鄂东,1376,3000.0
INTERTRAN鄂西北-鄂东,1377,3000.0
INTERTRAN鄂西北-鄂东,1378,3000.0
INTERTRAN鄂西北-鄂东,1379,3000.0
INTERTRAN鄂西北-鄂东,1380,3000.0
INTERTRAN鄂西北-鄂东,1381,3000.0
INTERTRAN鄂西北-鄂东,1382,3000.0
INTERTRAN鄂西北-鄂东,1383,3000.0
INTERTRAN鄂西北-鄂东,1384,3000.0
INTERTRAN鄂西北-鄂东,1385,3000.0
INTERTRAN鄂西北-鄂东,1386,3000.0
INTERTRAN鄂西北-鄂东,1387,3000.0
INTERTRAN鄂西北-鄂东,1388,3000.0
INTERTRAN鄂西北-鄂东,1389,3000.0
INTERTRAN鄂西北-鄂东,1390,3000.0
INTERTRAN鄂西北-鄂东,1391,3000.0
INTERTRAN鄂西北-鄂东,1392,3000.0
INTERTRAN鄂西北-鄂东,1393,3000.0
INTERTRAN鄂西北-鄂东,1394,3000.0
INTERTRAN鄂西北-鄂东,1395,3000.0
INTERTRAN鄂西北-鄂东,1396,3000.0
INTERTRAN鄂西北-鄂东,1397,3000.0
INTERTRAN鄂西北-鄂东,1398,3000.0
INTERTRAN鄂西北-鄂东,1399,3000.0
INTERTRAN鄂西北-鄂东,1400,3000.0
INTERTRAN鄂西北-鄂东,1401,3000.0
INTERTRAN鄂西北-鄂东,1402,3000.0
INTERTRAN鄂西北-鄂东,1403,3000.0
INTERTRAN鄂西北-鄂东,1404,3000.0
INTERTRAN鄂西北-鄂东,1405,0.6799895679014725
INTERTRAN鄂西北-鄂东,1406,-844.5728553703714
INTERTRAN鄂西北-鄂东,1407,3000.0
INTERTRAN鄂西北-鄂东,1408,3000.0
INTERTRAN鄂西北-鄂东,1409,3000.0
INTERTRAN鄂西北-鄂东,1410,3000.0
INTERTRAN鄂西北-鄂东,1411,3000.0
INTERTRAN鄂西北-鄂东,1412,3000.0
INTERTRAN鄂西北-鄂东,1413,3000.0
INTERTRAN鄂西北-鄂东,1414,3000.0
INTERTRAN鄂西北-鄂东,1415,3000.0
INTERTRAN鄂西北-鄂东,1416,-667.140245000001
INTERTRAN鄂西北-鄂东,1417,-416.1727449999985
INTERTRAN鄂西北-鄂东,1418,-253.40674499999886
INTERTRAN鄂西北-鄂东,1419,-145.00249499999848
INTERTRAN鄂西北-鄂东,1420,2949.195499999999
INTERTRAN鄂西北-鄂东,1421,127.56650500000069
INTERTRAN鄂西北-鄂东,1422,-1655.196074394944
INTERTRAN鄂西北-鄂东,1423,-876.4183949999988
INTERTRAN鄂西北-鄂东,1424,-540.0828949999982
INTERTRAN鄂西北-鄂东,1425,-1409.581534394932
INTERTRAN鄂西北-鄂东,1426,1066.2777337499988
INTERTRAN鄂西北-鄂东,1427,-3000.0
INTERTRAN鄂西北-鄂东,1428,-3000.0
INTERTRAN鄂西北-鄂东,1429,-3000.0
INTERTRAN鄂西北-鄂东,1430,-3000.0
INTERTRAN鄂西北-鄂东,1431,-3000.0
INTERTRAN鄂西北-鄂东,1432,-3000.0
INTERTRAN鄂西北-鄂东,1433,-3000.0
INTERTRAN鄂西北-鄂东,1434,684.6551300000001
INTERTRAN鄂西北-鄂东,1435,-1865.9762447724097
INTERTRAN鄂西北-鄂东,1436,-2335.7578250000006
INTERTRAN鄂西北-鄂东,1437,-2522.461250000001
INTERTRAN鄂西北-鄂东,1438,-1095.4564949999985
INTERTRAN鄂西北-鄂东,1439,-692.5542449999994
INTERTRAN鄂西-鄂西北,1296,-2000.0
INTERTRAN鄂西-鄂西北,1297,137.35175000000027
INTERTRAN鄂西-鄂西北,1298,253.6860000000006
INTERTRAN鄂西-鄂西北,1299,-780.3901599993942
INTERTRAN鄂西-鄂西北,1300,125.8670000000011
INTERTRAN鄂西-鄂西北,1301,-581.3782499999978
INTERTRAN鄂西-鄂西北,1302,-2000.0
INTERTRAN鄂西-鄂西北,1303,885.4103249999998
INTERTRAN鄂西-鄂西北,1304,-2000.0
INTERTRAN鄂西-鄂西北,1305,-2000.0
INTERTRAN鄂西-鄂西北,1306,1562.9250350000007
INTERTRAN鄂西-鄂西北,1307,425.9151199999997
INTERTRAN鄂西-鄂西北,1308,-2000.0
INTERTRAN鄂西-鄂西北,1309,-2000.0
INTERTRAN鄂西-鄂西北,1310,-2000.0
INTERTRAN鄂西-鄂西北,1311,-2000.0
INTERTRAN鄂西-鄂西北,1312,-2000.0
INTERTRAN鄂西-鄂西北,1313,1298.674440000001
INTERTRAN鄂西-鄂西北,1314,-2000.0
INTERTRAN鄂西-鄂西北,1315,-39.915354999998726
INTERTRAN鄂西-鄂西北,1316,-326.3398842640754
INTERTRAN鄂西-鄂西北,1317,-2000.0
INTERTRAN鄂西-鄂西北,1318,-212.03424260386714
INTERTRAN鄂西-鄂西北,1319,-2000.0
INTERTRAN鄂西-鄂西北,1320,-2000.0
INTERTRAN鄂西-鄂西北,1321,-1019.0421599993924
INTERTRAN鄂西-鄂西北,1322,-2000.0
INTERTRAN鄂西-鄂西北,1323,-2000.0
INTERTRAN鄂西-鄂西北,1324,-2000.0
INTERTRAN鄂西-鄂西北,1325,-2000.0
INTERTRAN鄂西-鄂西北,1326,-801.8504799981765
INTERTRAN鄂西-鄂西北,1327,-424.07992500000046
INTERTRAN鄂西-鄂西北,1328,-2000.0
INTERTRAN鄂西-鄂西北,1329,-2000.0
INTERTRAN鄂西-鄂西北,1330,-279.6362599993872
INTERTRAN鄂西-鄂西北,1331,-2000.0
INTERTRAN鄂西-鄂西北,1332,2000.0
INTERTRAN鄂西-鄂西北,1333,2000.0
INTERTRAN鄂西-鄂西北,1334,2000.0
INTERTRAN鄂西-鄂西北,1335,2000.0
INTERTRAN鄂西-鄂西北,1336,2000.0
INTERTRAN鄂西-鄂西北,1337,-2000.0
INTERTRAN鄂西-鄂西北,1338,1108.8081900000004
INTERTRAN鄂西-鄂西北,1339,-2000.0
INTERTRAN鄂西-鄂西北,1340,1559.4198450000006
INTERTRAN鄂西-鄂西北,1341,-317.5135
INTERTRAN鄂西-鄂西北,1342,777.7022500000003
INTERTRAN鄂西-鄂西北,1343,-2000.0
INTERTRAN鄂西-鄂西北,1344,-2000.0
INTERTRAN鄂西-鄂西北,1345,-672.7411256044443
INTERTRAN鄂西-鄂西北,1346,-277.0362499999992
INTERTRAN鄂西-鄂西北,1347,-2000.0
INTERTRAN鄂西-鄂西北,1348,-2000.0
INTERTRAN鄂西-鄂西北,1349,-2000.0
INTERTRAN鄂西-鄂西北,1350,-558.6904999999992
INTERTRAN鄂西-鄂西北,1351,126.72625500000049
INTERTRAN鄂西-鄂西北,1352,-1499.8359949999985
INTERTRAN鄂西-鄂西北,1353,-1045.5675450000003
INTERTRAN鄂西-鄂西北,1354,767.9950750000003
INTERTRAN鄂西-鄂西北,1355,419.49189999999953
INTERTRAN鄂西-鄂西北,1356,-37.30202999999983
INTERTRAN鄂西-鄂西北,1357,-2000.0
INTERTRAN鄂西-鄂西北,1358,-2000.0
INTERTRAN鄂西-鄂西北,1359,-2000.0
INTERTRAN鄂西-鄂西北,1360,-2000.0
INTERTRAN鄂西-鄂西北,1361,627.0638299999996
INTERTRAN鄂西-鄂西北,1362,-2000.0
INTERTRAN鄂西-鄂西北,1363,-1412.7321949999987
INTERTRAN鄂西-鄂西北,1364,-967.9456550000009
INTERTRAN鄂西-鄂西北,1365,-681.6959999999999
INTERTRAN鄂西-鄂西北,1366,-1441.1837500000001
INTERTRAN鄂西-鄂西北,1367,-2000.0
INTERTRAN鄂西-鄂西北,1368,-1579.1866692324702
INTERTRAN鄂西-鄂西北,1369,-596.5168307675276
INTERTRAN鄂西-鄂西北,1370,-472.72325
INTERTRAN鄂西-鄂西北,1371,-2000.0
INTERTRAN鄂西-鄂西北,1372,-2000.0
INTERTRAN鄂西-鄂西北,1373,-2000.0
INTERTRAN鄂西-鄂西北,1374,-799.1679999999997
INTERTRAN鄂西-鄂西北,1375,-2000.0
INTERTRAN鄂西-鄂西北,1376,-148.71899499999927
INTERTRAN鄂西-鄂西北,1377,-1586.8726400000005
INTERTRAN鄂西-鄂西北,1378,530.2129500000005
INTERTRAN鄂西-鄂西北,1379,61.58701000000019
INTERTRAN鄂西-鄂西北,1380,622.8985299999995
INTERTRAN鄂西-鄂西北,1381,344.24554500000113
INTERTRAN鄂西-鄂西北,1382,-104.57901499999889
INTERTRAN鄂西-鄂西北,1383,37.54507500000136
INTERTRAN鄂西-鄂西北,1384,-619.7633522898823
INTERTRAN鄂西-鄂西北,1385,-1378.8062600000012
INTERTRAN鄂西-鄂西北,1386,-959.7069800000004
INTERTRAN鄂西-鄂西北,1387,-1152.0274600000002
INTERTRAN鄂西-鄂西北,1388,-1158.5585700000001
INTERTRAN鄂西-鄂西北,1389,-1356.0530120056774
INTERTRAN鄂西-鄂西北,1390,-783.312249999999
INTERTRAN鄂西-鄂西北,1391,-938.9247500000001
INTERTRAN鄂西-鄂西北,1392,-915.3475793949449
INTERTRAN鄂西-鄂西北,1393,-598.8799999999997
INTERTRAN鄂西-鄂西北,1394,-2000.0
INTERTRAN鄂西-鄂西北,1395,-2000.0
INTERTRAN鄂西-鄂西北,1396,-2000.0
INTERTRAN鄂西-鄂西北,1397,-2000.0
INTERTRAN鄂西-鄂西北,1398,-866.4104999999995
INTERTRAN鄂西-鄂西北,1399,-2000.0
INTERTRAN鄂西-鄂西北,1400,-1247.3757500000015
INTERTRAN鄂西-鄂西北,1401,-790.6418950000013
INTERTRAN鄂西-鄂西北,1402,1052.8829799999644
INTERTRAN鄂西-鄂西北,1403,931.9335299999998
INTERTRAN鄂西-鄂西北,1404,311.32978
INTERTRAN鄂西-鄂西北,1405,-2000.0
INTERTRAN鄂西-鄂西北,1406,-2000.0
INTERTRAN鄂西-鄂西北,1407,840.274805
INTERTRAN鄂西-鄂西北,1408,702.8282999999997
INTERTRAN鄂西-鄂西北,1409,-701.6412220999978
INTERTRAN鄂西-鄂西北,1410,-2000.0
INTERTRAN鄂西-鄂西北,1411,-261.2383450000016
INTERTRAN鄂西-鄂西北,1412,-1063.2394050000012
INTERTRAN鄂西-鄂西北,1413,-641.4775050000015
INTERTRAN鄂西-鄂西北,1414,-598.2095843949546
INTERTRAN鄂西-鄂西北,1415,-2000.0
INTERTRAN鄂西-鄂西北,1416,-2000.0
INTERTRAN鄂西-鄂西北,1417,-2000.0
INTERTRAN鄂西-鄂西北,1418,-2000.0
INTERTRAN鄂西-鄂西北,1419,-2000.0
INTERTRAN鄂西-鄂西北,1420,2000.0
INTERTRAN鄂西-鄂西北,1421,-2000.0
INTERTRAN鄂西-鄂西北,1422,-2000.0
INTERTRAN鄂西-鄂西北,1423,-2000.0
INTERTRAN鄂西-鄂西北,1424,-2000.0
INTERTRAN鄂西-鄂西北,1425,-2000.0
INTERTRAN鄂西-鄂西北,1426,2000.0
INTERTRAN鄂西-鄂西北,1427,-1703.4526899999998
INTERTRAN鄂西-鄂西北,1428,2000.0
INTERTRAN鄂西-鄂西北,1429,2000.0
INTERTRAN鄂西-鄂西北,1430,2000.0
INTERTRAN鄂西-鄂西北,1431,2000.0
INTERTRAN鄂西-鄂西北,1432,2000.0
INTERTRAN鄂西-鄂西北,1433,-1841.5605900000005
INTERTRAN鄂西-鄂西北,1434,2000.0
INTERTRAN鄂西-鄂西北,1435,-2000.0
INTERTRAN鄂西-鄂西北,1436,-2000.0
INTERTRAN鄂西-鄂西北,1437,-2000.0
INTERTRAN鄂西-鄂西北,1438,-2000.0
INTERTRAN鄂西-鄂西北,1439,-2000.0
INTERTRAN鄂西-鄂东,1440,8170.426700000008
INTERTRAN鄂西-鄂东,1441,2286.941740000002
INTERTRAN鄂西-鄂东,1442,7785.0822
INTERTRAN鄂西-鄂东,1443,3207.420099999999
INTERTRAN鄂西-鄂东,1444,3270.6787999999997
INTERTRAN鄂西-鄂东,1445,5161.658240000001
INTERTRAN鄂西-鄂东,1446,6601.920239999998
INTERTRAN鄂西-鄂东,1447,2309.9297399999978
INTERTRAN鄂西-鄂东,1448,12600.0
INTERTRAN鄂西-鄂东,1449,10609.619695
INTERTRAN鄂西-鄂东,1450,5657.211314999999
INTERTRAN鄂西-鄂东,1451,7816.334284999999
INTERTRAN鄂西-鄂东,1452,6212.8135
INTERTRAN鄂西-鄂东,1453,6201.65739529399
INTERTRAN鄂西-鄂东,1454,9854.698840000001
INTERTRAN鄂西-鄂东,1455,8382.908550000002
INTERTRAN鄂西-鄂东,1456,3926.3163399999994
INTERTRAN鄂西-鄂东,1457,10056.940799999997
INTERTRAN鄂西-鄂东,1458,7256.409399999999
INTERTRAN鄂西-鄂东,1459,8981.577999999998
INTERTRAN鄂西-鄂东,1460,8552.48184
INTERTRAN鄂西-鄂东,1461,9874.617699999999
INTERTRAN鄂西-鄂东,1462,9366.925690000004
INTERTRAN鄂西-鄂东,1463,7378.765440000003
INTERTRAN鄂西-鄂东,1464,11553.932740000002
INTERTRAN鄂西-鄂东,1465,10906.310599999997
INTERTRAN鄂西-鄂东,1466,7390.09924
INTERTRAN鄂西-鄂东,1467,6153.00534
INTERTRAN鄂西-鄂东,1468,7060.5434
INTERTRAN鄂西-鄂东,1469,6677.006099999999
INTERTRAN鄂西-鄂东,1470,8003.074069999994
INTERTRAN鄂西-鄂东,1471,9367.78517
INTERTRAN鄂西-鄂东,1472,4730.096769999996
INTERTRAN鄂西-鄂东,1473,9916.108799999998
INTERTRAN鄂西-鄂东,1474,7417.196699999973
INTERTRAN鄂西-鄂东,1475,5690.135820000001
INTERTRAN鄂西-鄂东,1476,5997.8866
INTERTRAN鄂西-鄂东,1477,4385.900625000004
INTERTRAN鄂西-鄂东,1478,3375.941265370372
INTERTRAN鄂西-鄂东,1479,4583.893518518518
INTERTRAN鄂西-鄂东,1480,8670.756099999999
INTERTRAN鄂西-鄂东,1481,7507.999245000001
INTERTRAN鄂西-鄂东,1482,7547.5862
INTERTRAN鄂西-鄂东,1483,6500.526940000003
INTERTRAN鄂西-鄂东,1484,9038.618695000003
INTERTRAN鄂西-鄂东,1485,7141.197699999999
INTERTRAN鄂西-鄂东,1486,3644.210339999998
INTERTRAN鄂西-鄂东,1487,6973.092699999997
INTERTRAN鄂西-鄂东,1488,10390.899674999995
INTERTRAN鄂西-鄂东,1489,3963.037199999999
INTERTRAN鄂西-鄂东,1490,4851.6126
INTERTRAN鄂西-鄂东,1491,6036.815199999999
INTERTRAN鄂西-鄂东,1492,7325.393199999998
INTERTRAN鄂西-鄂东,1493,5623.574999999997
INTERTRAN鄂西-鄂东,1494,4314.394039999997
INTERTRAN鄂西-鄂东,1495,10063.741120000002
INTERTRAN鄂西-鄂东,1496,10317.793110000008
INTERTRAN鄂西-鄂东,1497,11941.839662049995
INTERTRAN鄂西-鄂东,1498,8554.146825000003
INTERTRAN鄂西-鄂东,1499,5350.829355555541
INTERTRAN鄂西-鄂东,1500,1601.4788219608818
INTERTRAN鄂西-鄂东,1501,2333.3107111111003
INTERTRAN鄂西-鄂东,1502,12600.0
INTERTRAN鄂西-鄂东,1503,4451.726199999979
INTERTRAN鄂西-鄂东,1504,8064.681855555543
INTERTRAN鄂西-鄂东,1505,4233.9455111110965
INTERTRAN鄂西-鄂东,1506,9323.2417
INTERTRAN鄂西-鄂东,1507,8791.224599999998
INTERTRAN鄂西-鄂东,1508,5574.3378399999965
INTERTRAN鄂西-鄂东,1509,6758.795640000002
INTERTRAN鄂西-鄂东,1510,4322.551240000001
INTERTRAN鄂西-鄂东,1511,10344.83524
INTERTRAN鄂西-鄂东,1512,6540.837299999997
INTERTRAN鄂西-鄂东,1513,2360.8582400000005
INTERTRAN鄂西-鄂东,1514,7099.815560000002
INTERTRAN鄂西-鄂东,1515,1100.9505999999992
INTERTRAN鄂西-鄂东,1516,5998.987199999999
INTERTRAN鄂西-鄂东,1517,4656.644599999999
INTERTRAN鄂西-鄂东,1518,8562.111559999996
INTERTRAN鄂西-鄂东,1519,5481.546099999998
INTERTRAN鄂西-鄂东,1520,9951.121499999997
INTERTRAN鄂西-鄂东,1521,9234.383600000001
INTERTRAN鄂西-鄂东,1522,7606.709640000001
INTERTRAN鄂西-鄂东,1523,2613.678099999981
INTERTRAN鄂西-鄂东,1524,2765.7876888889323
INTERTRAN鄂西-鄂东,1525,7764.681499999986
INTERTRAN鄂西-鄂东,1526,4673.4081999999835
INTERTRAN鄂西-鄂东,1527,5419.148177777759
INTERTRAN鄂西-鄂东,1528,8979.19811111097
INTERTRAN鄂西-鄂东,1529,9187.236499999985
INTERTRAN鄂西-鄂东,1530,7141.770299999998
INTERTRAN鄂西-鄂东,1531,4051.3070738831802
INTERTRAN鄂西-鄂东,1532,7834.1862174
INTERTRAN鄂西-鄂东,1533,6087.714140000002
INTERTRAN鄂西-鄂东,1534,5346.860852599999
INTERTRAN鄂西-鄂东,1535,8831.60184
INTERTRAN鄂西-鄂东,1536,5780.316690083347
INTERTRAN鄂西-鄂东,1537,10046.630599999999
INTERTRAN鄂西-鄂东,1538,7237.142599999997
INTERTRAN鄂西-鄂东,1539,10444.21903933325
INTERTRAN鄂西-鄂东,1540,2984.7270399999998
INTERTRAN鄂西-鄂东,1541,7533.0571263833535
INTERTRAN鄂西-鄂东,1542,6228.461299999997
INTERTRAN鄂西-鄂东,1543,5242.139144999998
INTERTRAN鄂西-鄂东,1544,5515.60974
INTERTRAN鄂西-鄂东,1545,5281.526856533355
INTERTRAN鄂西-鄂东,1546,5932.495799999999
INTERTRAN鄂西-鄂东,1547,5965.0491
INTERTRAN鄂西-鄂东,1548,4151.197898765432
INTERTRAN鄂西-鄂东,1549,3963.276545308654
INTERTRAN鄂西-鄂东,1550,5852.785499999998
INTERTRAN鄂西-鄂东,1551,2828.2111391565604
INTERTRAN鄂西-鄂东,1552,4524.260500000001
INTERTRAN鄂西-鄂东,1553,3699.7770804166444
INTERTRAN鄂西-鄂东,1554,10959.442693200002
INTERTRAN鄂西-鄂东,1555,4863.39244
INTERTRAN鄂西-鄂东,1556,9055.776899999999
INTERTRAN鄂西-鄂东,1557,8913.42814
INTERTRAN鄂西-鄂东,1558,5923.104899999998
INTERTRAN鄂西-鄂东,1559,11951.440699999997
INTERTRAN鄂西-鄂东,1560,5693.567140000001
INTERTRAN鄂西-鄂东,1561,7495.63364
INTERTRAN鄂西-鄂东,1562,6272.784199999998
INTERTRAN鄂西-鄂东,1563,6032.173299999999
INTERTRAN鄂西-鄂东,1564,7582.049800000001
INTERTRAN鄂西-鄂东,1565,6090.125840000002
INTERTRAN鄂西-鄂东,1566,8592.432429999997
INTERTRAN鄂西-鄂东,1567,6522.127899999998
INTERTRAN鄂西-鄂东,1568,8426.739699999998
INTERTRAN鄂西-鄂东,1569,7312.693499999998
INTERTRAN鄂西-鄂东,1570,7819.004000000001
INTERTRAN鄂西-鄂东,1571,4671.6327
INTERTRAN鄂西-鄂东,1572,7139.222528888886
INTERTRAN鄂西-鄂东,1573,3418.6017844444423
INTERTRAN鄂西-鄂东,1574,6737.242135294116
INTERTRAN鄂西-鄂东,1575,6740.81048888887
INTERTRAN鄂西-鄂东,1576,5481.265840000001
INTERTRAN鄂西-鄂东,1577,5760.077441437859
INTERTRAN鄂西-鄂东,1578,5919.814584999998
INTERTRAN鄂西-鄂东,1579,8082.321099999997
INTERTRAN鄂西-鄂东,1580,6643.647599999998
INTERTRAN鄂西-鄂东,1581,5026.781039999999
INTERTRAN鄂西-鄂东,1582,7644.198039999999
INTERTRAN鄂西-鄂东,1583,6734.45354
INTERTRAN鄂西北-鄂东,1440,-2080.0172499999935
INTERTRAN鄂西北-鄂东,1441,3000.0
INTERTRAN鄂西北-鄂东,1442,585.7541800000026
INTERTRAN鄂西北-鄂东,1443,5.307250000000295
INTERTRAN鄂西北-鄂东,1444,2095.9344999999994
INTERTRAN鄂西北-鄂东,1445,3000.0
INTERTRAN鄂西北-鄂东,1446,3000.0
INTERTRAN鄂西北-鄂东,1447,3000.0
INTERTRAN鄂西北-鄂东,1448,-656.49136
INTERTRAN鄂西北-鄂东,1449,648.6653449999994
INTERTRAN鄂西北-鄂东,1450,-3000.0
INTERTRAN鄂西北-鄂东,1451,591.4304950000007
INTERTRAN鄂西北-鄂东,1452,1135.5868399999981
INTERTRAN鄂西北-鄂东,1453,1789.7771447060095
INTERTRAN鄂西北-鄂东,1454,-3000.0
INTERTRAN鄂西北-鄂东,1455,750.9166899999998
INTERTRAN鄂西北-鄂东,1456,3000.0
INTERTRAN鄂西北-鄂东,1457,-1003.4447599999949
INTERTRAN鄂西北-鄂东,1458,2443.8205550000002
INTERTRAN鄂西北-鄂东,1459,-1004.720720000008
INTERTRAN鄂西北-鄂东,1460,3000.0
INTERTRAN鄂西北-鄂东,1461,-1033.05746
INTERTRAN鄂西北-鄂东,1462,-689.2452500000018
INTERTRAN鄂西北-鄂东,1463,3000.0
INTERTRAN鄂西北-鄂东,1464,-464.5750000000005
INTERTRAN鄂西北-鄂东,1465,1832.7225400000043
INTERTRAN鄂西北-鄂东,1466,3000.0
INTERTRAN鄂西北-鄂东,1467,3000.0
INTERTRAN鄂西北-鄂东,1468,401.6101114000089
INTERTRAN鄂西北-鄂东,1469,3000.0
INTERTRAN鄂西北-鄂东,1470,3000.0
INTERTRAN鄂西北-鄂东,1471,3000.0
INTERTRAN鄂西北-鄂东,1472,3000.0
INTERTRAN鄂西北-鄂东,1473,3000.0
INTERTRAN鄂西北-鄂东,1474,2796.848009999999
INTERTRAN鄂西北-鄂东,1475,2533.0919899999985
INTERTRAN鄂西北-鄂东,1476,2213.6361400000005
INTERTRAN鄂西北-鄂东,1477,1265.8459149999994
INTERTRAN鄂西北-鄂东,1478,620.9889746296292
INTERTRAN鄂西北-鄂东,1479,346.92589999999973
INTERTRAN鄂西北-鄂东,1480,-1864.8930600000012
INTERTRAN鄂西北-鄂东,1481,2588.446594999999
INTERTRAN鄂西北-鄂东,1482,3000.0
INTERTRAN鄂西北-鄂东,1483,3000.0
INTERTRAN鄂西北-鄂东,1484,2468.632244999999
INTERTRAN鄂西北-鄂东,1485,3000.0
INTERTRAN鄂西北-鄂东,1486,3000.0
INTERTRAN鄂西北-鄂东,1487,3000.0
INTERTRAN鄂西北-鄂东,1488,-660.1033349999943
INTERTRAN鄂西北-鄂东,1489,2228.6304999999993
INTERTRAN鄂西北-鄂东,1490,2045.3319999999987
INTERTRAN鄂西北-鄂东,1491,2605.940340000003
INTERTRAN鄂西北-鄂东,1492,-883.4623700000116
INTERTRAN鄂西北-鄂东,1493,3000.0
INTERTRAN鄂西北-鄂东,1494,3000.0
INTERTRAN鄂西北-鄂东,1495,-422.3855800000008
INTERTRAN鄂西北-鄂东,1496,3000.0
INTERTRAN鄂西北-鄂东,1497,434.2553779500049
INTERTRAN鄂西北-鄂东,1498,-2333.6895850000005
INTERTRAN鄂西北-鄂东,1499,-3000.0
INTERTRAN鄂西北-鄂东,1500,-3000.0
INTERTRAN鄂西北-鄂东,1501,-3000.0
INTERTRAN鄂西北-鄂东,1502,-3000.0
INTERTRAN鄂西北-鄂东,1503,-3000.0
INTERTRAN鄂西北-鄂东,1504,-3000.0
INTERTRAN鄂西北-鄂东,1505,-3000.0
INTERTRAN鄂西北-鄂东,1506,-1858.8162600000032
INTERTRAN鄂西北-鄂东,1507,-1223.6509599999954
INTERTRAN鄂西北-鄂东,1508,3000.0
INTERTRAN鄂西北-鄂东,1509,3000.0
INTERTRAN鄂西北-鄂东,1510,3000.0
INTERTRAN鄂西北-鄂东,1511,3000.0
INTERTRAN鄂西北-鄂东,1512,-964.6260956666471
INTERTRAN鄂西北-鄂东,1513,2388.2484999999992
INTERTRAN鄂西北-鄂东,1514,3000.0
INTERTRAN鄂西北-鄂东,1515,3000.0
INTERTRAN鄂西北-鄂东,1516,-1647.1285000000007
INTERTRAN鄂西北-鄂东,1517,3000.0
INTERTRAN鄂西北-鄂东,1518,268.9026800000029
INTERTRAN鄂西北-鄂东,1519,1669.7478611667966
INTERTRAN鄂西北-鄂东,1520,2034.7992800000022
INTERTRAN鄂西北-鄂东,1521,-1214.6920600000012
INTERTRAN鄂西北-鄂东,1522,-3000.0
INTERTRAN鄂西北-鄂东,1523,-3000.0
INTERTRAN鄂西北-鄂东,1524,-3000.0
INTERTRAN鄂西北-鄂东,1525,-3000.0
INTERTRAN鄂西北-鄂东,1526,-3000.0
INTERTRAN鄂西北-鄂东,1527,-3000.0
INTERTRAN鄂西北-鄂东,1528,-3000.0
INTERTRAN鄂西北-鄂东,1529,-3000.0
INTERTRAN鄂西北-鄂东,1530,-1396.98466
INTERTRAN鄂西北-鄂东,1531,2867.4055981499946
INTERTRAN鄂西北-鄂东,1532,3000.0
INTERTRAN鄂西北-鄂东,1533,3000.0
INTERTRAN鄂西北-鄂东,1534,3000.0
INTERTRAN鄂西北-鄂东,1535,3000.0
INTERTRAN鄂西北-鄂东,1536,3000.0
INTERTRAN鄂西北-鄂东,1537,-93.92915999999786
INTERTRAN鄂西北-鄂东,1538,-1019.9516599999965
INTERTRAN鄂西北-鄂东,1539,-1028.0494993332468
INTERTRAN鄂西北-鄂东,1540,3000.0
INTERTRAN鄂西北-鄂东,1541,-917.9341863833513
INTERTRAN鄂西北-鄂东,1542,3000.0
INTERTRAN鄂西北-鄂东,1543,3000.0
INTERTRAN鄂西北-鄂东,1544,3000.0
INTERTRAN鄂西北-鄂东,1545,3000.0
INTERTRAN鄂西北-鄂东,1546,3000.0
INTERTRAN鄂西北-鄂东,1547,-1243.051469999998
INTERTRAN鄂西北-鄂东,1548,384.86590222222213
INTERTRAN鄂西北-鄂东,1549,-800.350338641977
INTERTRAN鄂西北-鄂东,1550,-3000.0
INTERTRAN鄂西北-鄂东,1551,-1048.108799156559
INTERTRAN鄂西北-鄂东,1552,-109.66897320987707
INTERTRAN鄂西北-鄂东,1553,1062.8773349999997
INTERTRAN鄂西北-鄂东,1554,-2293.5461532000054
INTERTRAN鄂西北-鄂东,1555,3000.0
INTERTRAN鄂西北-鄂东,1556,-946.3999112499696
INTERTRAN鄂西北-鄂东,1557,3000.0
INTERTRAN鄂西北-鄂东,1558,2743.7585
INTERTRAN鄂西北-鄂东,1559,-357.9972500000008
INTERTRAN鄂西北-鄂东,1560,3000.0
INTERTRAN鄂西北-鄂东,1561,3000.0
INTERTRAN鄂西北-鄂东,1562,-481.30438999999114
INTERTRAN鄂西北-鄂东,1563,-979.813766250001
INTERTRAN鄂西北-鄂东,1564,-475.31375000000116
INTERTRAN鄂西北-鄂东,1565,3000.0
INTERTRAN鄂西北-鄂东,1566,3000.0
INTERTRAN鄂西北-鄂东,1567,2905.463840000004
INTERTRAN鄂西北-鄂东,1568,3000.0
INTERTRAN鄂西北-鄂东,1569,3000.0
INTERTRAN鄂西北-鄂东,1570,-1092.3257600000034
INTERTRAN鄂西北-鄂东,1571,223.70873999999822
INTERTRAN鄂西北-鄂东,1572,-3000.0
INTERTRAN鄂西北-鄂东,1573,-3000.0
INTERTRAN鄂西北-鄂东,1574,-3000.0
INTERTRAN鄂西北-鄂东,1575,-3000.0
INTERTRAN鄂西北-鄂东,1576,-3000.0
INTERTRAN鄂西北-鄂东,1577,-3000.0
INTERTRAN鄂西北-鄂东,1578,943.3000549999992
INTERTRAN鄂西北-鄂东,1579,3000.0
INTERTRAN鄂西北-鄂东,1580,824.7348499999994
INTERTRAN鄂西北-鄂东,1581,3000.0
INTERTRAN鄂西北-鄂东,1582,3000.0
INTERTRAN鄂西北-鄂东,1583,3000.0
INTERTRAN鄂西-鄂西北,1440,-2000.0
INTERTRAN鄂西-鄂西北,1441,799.063000000001
INTERTRAN鄂西-鄂西北,1442,-2000.0
INTERTRAN鄂西-鄂西北,1443,-2000.0
INTERTRAN鄂西-鄂西北,1444,2000.0
INTERTRAN鄂西-鄂西北,1445,-727.3343685999912
INTERTRAN鄂西-鄂西北,1446,801.5742500000006
INTERTRAN鄂西-鄂西北,1447,1147.1284600000008
INTERTRAN鄂西-鄂西北,1448,-1510.1182099999985
INTERTRAN鄂西-鄂西北,1449,2000.0
INTERTRAN鄂西-鄂西北,1450,-1569.220714999999
INTERTRAN鄂西-鄂西北,1451,2000.0
INTERTRAN鄂西-鄂西北,1452,2000.0
INTERTRAN鄂西-鄂西北,1453,2000.0
INTERTRAN鄂西-鄂西北,1454,-1911.7918099999995
INTERTRAN鄂西-鄂西北,1455,2000.0
INTERTRAN鄂西-鄂西北,1456,2000.0
INTERTRAN鄂西-鄂西北,1457,-2000.0
INTERTRAN鄂西-鄂西北,1458,2000.0
INTERTRAN鄂西-鄂西北,1459,-2000.0
INTERTRAN鄂西-鄂西北,1460,2000.0
INTERTRAN鄂西-鄂西北,1461,-2000.0
INTERTRAN鄂西-鄂西北,1462,-2000.0
INTERTRAN鄂西-鄂西北,1463,1552.9657500000014
INTERTRAN鄂西-鄂西北,1464,-2000.0
INTERTRAN鄂西-鄂西北,1465,-2000.0
INTERTRAN鄂西-鄂西北,1466,632.8897500000007
INTERTRAN鄂西-鄂西北,1467,-167.88184
INTERTRAN鄂西-鄂西北,1468,-2000.0
INTERTRAN鄂西-鄂西北,1469,989.6570000000006
INTERTRAN鄂西-鄂西北,1470,965.8391300000033
INTERTRAN鄂西-鄂西北,1471,1683.2067300000008
INTERTRAN鄂西-鄂西北,1472,2000.0
INTERTRAN鄂西-鄂西北,1473,-2000.0
INTERTRAN鄂西-鄂西北,1474,2000.0
INTERTRAN鄂西-鄂西北,1475,2000.0
INTERTRAN鄂西-鄂西北,1476,2000.0
INTERTRAN鄂西-鄂西北,1477,2000.0
INTERTRAN鄂西-鄂西北,1478,2000.0
INTERTRAN鄂西-鄂西北,1479,2000.0
INTERTRAN鄂西-鄂西北,1480,-2000.0
INTERTRAN鄂西-鄂西北,1481,2000.0
INTERTRAN鄂西-鄂西北,1482,2000.0
INTERTRAN鄂西-鄂西北,1483,2000.0
INTERTRAN鄂西-鄂西北,1484,2000.0
INTERTRAN鄂西-鄂西北,1485,2000.0
INTERTRAN鄂西-鄂西北,1486,1492.3580000000006
INTERTRAN鄂西-鄂西北,1487,2000.0
INTERTRAN鄂西-鄂西北,1488,-2000.0
INTERTRAN鄂西-鄂西北,1489,2000.0
INTERTRAN鄂西-鄂西北,1490,2000.0
INTERTRAN鄂西-鄂西北,1491,2000.0
INTERTRAN鄂西-鄂西北,1492,-2000.0
INTERTRAN鄂西-鄂西北,1493,2000.0
INTERTRAN鄂西-鄂西北,1494,1650.12162
INTERTRAN鄂西-鄂西北,1495,-2000.0
INTERTRAN鄂西-鄂西北,1496,-760.8059699999981
INTERTRAN鄂西-鄂西北,1497,-2000.0
INTERTRAN鄂西-鄂西北,1498,-2000.0
INTERTRAN鄂西-鄂西北,1499,2000.0
INTERTRAN鄂西-鄂西北,1500,2000.0
INTERTRAN鄂西-鄂西北,1501,2000.0
INTERTRAN鄂西-鄂西北,1502,2000.0
INTERTRAN鄂西-鄂西北,1503,2000.0
INTERTRAN鄂西-鄂西北,1504,2000.0
INTERTRAN鄂西-鄂西北,1505,2000.0
INTERTRAN鄂西-鄂西北,1506,-2000.0
INTERTRAN鄂西-鄂西北,1507,-2000.0
INTERTRAN鄂西-鄂西北,1508,2000.0
INTERTRAN鄂西-鄂西北,1509,1588.1767500000008
INTERTRAN鄂西-鄂西北,1510,2000.0
INTERTRAN鄂西-鄂西北,1511,2000.0
INTERTRAN鄂西-鄂西北,1512,-2000.0
INTERTRAN鄂西-鄂西北,1513,2000.0
INTERTRAN鄂西-鄂西北,1514,2000.0
INTERTRAN鄂西-鄂西北,1515,2000.0
INTERTRAN鄂西-鄂西北,1516,-2000.0
INTERTRAN鄂西-鄂西北,1517,1191.7320000000007
INTERTRAN鄂西-鄂西北,1518,-2000.0
INTERTRAN鄂西-鄂西北,1519,-2000.0
INTERTRAN鄂西-鄂西北,1520,-2000.0
INTERTRAN鄂西-鄂西北,1521,-2000.0
INTERTRAN鄂西-鄂西北,1522,-1280.224540000001
INTERTRAN鄂西-鄂西北,1523,2000.0
INTERTRAN鄂西-鄂西北,1524,2000.0
INTERTRAN鄂西-鄂西北,1525,2000.0
INTERTRAN鄂西-鄂西北,1526,2000.0
INTERTRAN鄂西-鄂西北,1527,2000.0
INTERTRAN鄂西-鄂西北,1528,2000.0
INTERTRAN鄂西-鄂西北,1529,2000.0
INTERTRAN鄂西-鄂西北,1530,2000.0
INTERTRAN鄂西-鄂西北,1531,2000.0
INTERTRAN鄂西-鄂西北,1532,2000.0
INTERTRAN鄂西-鄂西北,1533,2000.0
INTERTRAN鄂西-鄂西北,1534,2000.0
INTERTRAN鄂西-鄂西北,1535,2000.0
INTERTRAN鄂西-鄂西北,1536,2000.0
INTERTRAN鄂西-鄂西北,1537,-2000.0
INTERTRAN鄂西-鄂西北,1538,-2000.0
INTERTRAN鄂西-鄂西北,1539,-2000.0
INTERTRAN鄂西-鄂西北,1540,2000.0
INTERTRAN鄂西-鄂西北,1541,-2000.0
INTERTRAN鄂西-鄂西北,1542,2000.0
INTERTRAN鄂西-鄂西北,1543,1929.288155000001
INTERTRAN鄂西-鄂西北,1544,2000.0
INTERTRAN鄂西-鄂西北,1545,2000.0
INTERTRAN鄂西-鄂西北,1546,2000.0
INTERTRAN鄂西-鄂西北,1547,-2000.0
INTERTRAN鄂西-鄂西北,1548,2000.0
INTERTRAN鄂西-鄂西北,1549,2000.0
INTERTRAN鄂西-鄂西北,1550,2000.0
INTERTRAN鄂西-鄂西北,1551,2000.0
INTERTRAN鄂西-鄂西北,1552,2000.0
INTERTRAN鄂西-鄂西北,1553,2000.0
INTERTRAN鄂西-鄂西北,1554,-2000.0
INTERTRAN鄂西-鄂西北,1555,100.60818500001108
INTERTRAN鄂西-鄂西北,1556,-2000.0
INTERTRAN鄂西-鄂西北,1557,2000.0
INTERTRAN鄂西-鄂西北,1558,2000.0
INTERTRAN鄂西-鄂西北,1559,-2000.0
INTERTRAN鄂西-鄂西北,1560,2000.0
INTERTRAN鄂西-鄂西北,1561,2000.0
INTERTRAN鄂西-鄂西北,1562,-2000.0
INTERTRAN鄂西-鄂西北,1563,-2000.0
INTERTRAN鄂西-鄂西北,1564,-2000.0
INTERTRAN鄂西-鄂西北,1565,2000.0
INTERTRAN鄂西-鄂西北,1566,-819.4530299999979
INTERTRAN鄂西-鄂西北,1567,2000.0
INTERTRAN鄂西-鄂西北,1568,2000.0
INTERTRAN鄂西-鄂西北,1569,2000.0
INTERTRAN鄂西-鄂西北,1570,-2000.0
INTERTRAN鄂西-鄂西北,1571,2000.0
INTERTRAN鄂西-鄂西北,1572,2000.0
INTERTRAN鄂西-鄂西北,1573,2000.0
INTERTRAN鄂西-鄂西北,1574,2000.0
INTERTRAN鄂西-鄂西北,1575,2000.0
INTERTRAN鄂西-鄂西北,1576,2000.0
INTERTRAN鄂西-鄂西北,1577,2000.0
INTERTRAN鄂西-鄂西北,1578,2000.0
INTERTRAN鄂西-鄂西北,1579,2000.0
INTERTRAN鄂西-鄂西北,1580,2000.0
INTERTRAN鄂西-鄂西北,1581,2000.0
INTERTRAN鄂西-鄂西北,1582,427.6478106500049
INTERTRAN鄂西-鄂西北,1583,1109.7409599999974
INTERTRAN鄂西-鄂东,1584,12600.0
INTERTRAN鄂西-鄂东,1585,7973.907540000002
INTERTRAN鄂西-鄂东,1586,4375.111090000002
INTERTRAN鄂西-鄂东,1587,6741.762239999998
INTERTRAN鄂西-鄂东,1588,6349.857039999999
INTERTRAN鄂西-鄂东,1589,7327.158540000002
INTERTRAN鄂西-鄂东,1590,6979.210020050006
INTERTRAN鄂西-鄂东,1591,10591.17671
INTERTRAN鄂西-鄂东,1592,3927.6377999999986
INTERTRAN鄂西-鄂东,1593,6973.356579999997
INTERTRAN鄂西-鄂东,1594,4098.063425000002
INTERTRAN鄂西-鄂东,1595,7483.120243209878
INTERTRAN鄂西-鄂东,1596,6022.522518518517
INTERTRAN鄂西-鄂东,1597,5308.7551837037045
INTERTRAN鄂西-鄂东,1598,4808.334299999997
INTERTRAN鄂西-鄂东,1599,6209.606599999998
INTERTRAN鄂西-鄂东,1600,8939.742940000002
INTERTRAN鄂西-鄂东,1601,6301.46924
INTERTRAN鄂西-鄂东,1602,6628.034864999958
INTERTRAN鄂西-鄂东,1603,9742.53504
INTERTRAN鄂西-鄂东,1604,5006.877286666496
INTERTRAN鄂西-鄂东,1605,4033.512939999998
INTERTRAN鄂西-鄂东,1606,5251.7174499999965
INTERTRAN鄂西-鄂东,1607,5557.494899999999
INTERTRAN鄂西-鄂东,1608,11402.940190000056
INTERTRAN鄂西-鄂东,1609,7840.161540000001
INTERTRAN鄂西-鄂东,1610,4103.496639999999
INTERTRAN鄂西-鄂东,1611,6495.4242399999985
INTERTRAN鄂西-鄂东,1612,6593.857839999999
INTERTRAN鄂西-鄂东,1613,6689.622249999998
INTERTRAN鄂西-鄂东,1614,8008.558140000001
INTERTRAN鄂西-鄂东,1615,12026.779374999998
INTERTRAN鄂西-鄂东,1616,12318.4748
INTERTRAN鄂西-鄂东,1617,4293.0548
INTERTRAN鄂西-鄂东,1618,3936.780114999996
INTERTRAN鄂西-鄂东,1619,5353.931210525555
INTERTRAN鄂西-鄂东,1620,6212.695799999999
INTERTRAN鄂西-鄂东,1621,6839.4560999999985
INTERTRAN鄂西-鄂东,1622,9961.771689999998
INTERTRAN鄂西-鄂东,1623,7478.899699999997
INTERTRAN鄂西-鄂东,1624,10081.865550000002
INTERTRAN鄂西-鄂东,1625,10239.042899999999
INTERTRAN鄂西-鄂东,1626,8329.942339999998
INTERTRAN鄂西-鄂东,1627,6605.093739999997
INTERTRAN鄂西-鄂东,1628,3920.165039999999
INTERTRAN鄂西-鄂东,1629,6911.89466
INTERTRAN鄂西-鄂东,1630,8244.219060000005
INTERTRAN鄂西-鄂东,1631,6304.051439999999
INTERTRAN鄂西-鄂东,1632,2846.5843399999994
INTERTRAN鄂西-鄂东,1633,6915.057899999998
INTERTRAN鄂西-鄂东,1634,7378.689139999999
INTERTRAN鄂西-鄂东,1635,6113.63169
INTERTRAN鄂西-鄂东,1636,8826.854899999973
INTERTRAN鄂西-鄂东,1637,4999.554365000003
INTERTRAN鄂西-鄂东,1638,7397.97559
INTERTRAN鄂西-鄂东,1639,8212.514504250012
INTERTRAN鄂西-鄂东,1640,12600.0
INTERTRAN鄂西-鄂东,1641,11487.7411
INTERTRAN鄂西-鄂东,1642,6212.468704705887
INTERTRAN鄂西-鄂东,1643,5991.896240000002
INTERTRAN鄂西-鄂东,1644,4932.911744444427
INTERTRAN鄂西-鄂东,1645,2720.1171999999824
INTERTRAN鄂西-鄂东,1646,6126.769720653735
INTERTRAN鄂西-鄂东,1647,7159.734503137182
INTERTRAN鄂西-鄂东,1648,7047.294256209129
INTERTRAN鄂西-鄂东,1649,7130.238566666651
INTERTRAN鄂西-鄂东,1650,7703.912777777778
INTERTRAN鄂西-鄂东,1651,7774.538949583368
INTERTRAN鄂西-鄂东,1652,1907.1635399999977
INTERTRAN鄂西-鄂东,1653,11117.414900000007
INTERTRAN鄂西-鄂东,1654,5897.218399999999
INTERTRAN鄂西-鄂东,1655,8866.53624
INTERTRAN鄂西-鄂东,1656,4911.385340000001
INTERTRAN鄂西-鄂东,1657,3743.8162400000006
INTERTRAN鄂西-鄂东,1658,3424.058040000001
INTERTRAN鄂西-鄂东,1659,5388.0021400000005
INTERTRAN鄂西-鄂东,1660,7895.02924
INTERTRAN鄂西-鄂东,1661,5133.232140000002
INTERTRAN鄂西-鄂东,1662,2941.050939999999
INTERTRAN鄂西-鄂东,1663,6563.165699999996
INTERTRAN鄂西-鄂东,1664,4220.585999999998
INTERTRAN鄂西-鄂东,1665,2898.972258083346
INTERTRAN鄂西-鄂东,1666,4301.467350000001
INTERTRAN鄂西-鄂东,1667,5391.532406666665
INTERTRAN鄂西-鄂东,1668,9193.227188888894
INTERTRAN鄂西-鄂东,1669,3297.461599999995
INTERTRAN鄂西-鄂东,1670,5541.358199999988
INTERTRAN鄂西-鄂东,1671,8520.4583
INTERTRAN鄂西-鄂东,1672,5550.315244444443
INTERTRAN鄂西-鄂东,1673,5147.453339999996
INTERTRAN鄂西-鄂东,1674,6782.1019000000015
INTERTRAN鄂西-鄂东,1675,6575.625912995541
INTERTRAN鄂西-鄂东,1676,9254.2406
INTERTRAN鄂西-鄂东,1677,4155.5818
INTERTRAN鄂西-鄂东,1678,1380.683599999998
INTERTRAN鄂西-鄂东,1679,6938.20196
INTERTRAN鄂西-鄂东,1680,6951.150952004457
INTERTRAN鄂西-鄂东,1681,5104.471739999999
INTERTRAN鄂西-鄂东,1682,3076.8802399999986
INTERTRAN鄂西-鄂东,1683,2888.6156
INTERTRAN鄂西-鄂东,1684,7135.659859999996
INTERTRAN鄂西-鄂东,1685,8964.595740000004
INTERTRAN鄂西-鄂东,1686,6459.1868399999985
INTERTRAN鄂西-鄂东,1687,4095.37903299581
INTERTRAN鄂西-鄂东,1688,7363.85226
INTERTRAN鄂西-鄂东,1689,6083.752664999998
INTERTRAN鄂西-鄂东,1690,7088.704240000001
INTERTRAN鄂西-鄂东,1691,5719.716840000001
INTERTRAN鄂西-鄂东,1692,7161.298500000001
INTERTRAN鄂西-鄂东,1693,5274.367899999999
INTERTRAN鄂西-鄂东,1694,7199.866644444439
INTERTRAN鄂西-鄂东,1695,4173.802099999997
INTERTRAN鄂西-鄂东,1696,7895.134011111108
INTERTRAN鄂西-鄂东,1697,4975.540271111122
INTERTRAN鄂西-鄂东,1698,7648.037087058825
INTERTRAN鄂西-鄂东,1699,5098.034299999999
INTERTRAN鄂西-鄂东,1700,7806.948899999999
INTERTRAN鄂西-鄂东,1701,5429.963799999999
INTERTRAN鄂西-鄂东,1702,2208.0174399999996
INTERTRAN鄂西-鄂东,1703,10690.396815000007
INTERTRAN鄂西-鄂东,1704,12.660599999998794
INTERTRAN鄂西-鄂东,1705,3016.2761400000018
INTERTRAN鄂西-鄂东,1706,7439.009221916651
INTERTRAN鄂西-鄂东,1707,1283.9741399999984
INTERTRAN鄂西-鄂东,1708,5521.793299999999
INTERTRAN鄂西-鄂东,1709,7564.068215450068
INTERTRAN鄂西-鄂东,1710,3859.2020999999986
INTERTRAN鄂西-鄂东,1711,4510.331599999998
INTERTRAN鄂西-鄂东,1712,7442.351978083347
INTERTRAN鄂西-鄂东,1713,10192.722090000008
INTERTRAN鄂西-鄂东,1714,3637.276899999999
INTERTRAN鄂西-鄂东,1715,7100.945121172852
INTERTRAN鄂西-鄂东,1716,6334.224155555553
INTERTRAN鄂西-鄂东,1717,6000.921232716015
INTERTRAN鄂西-鄂东,1718,7908.0105444444425
INTERTRAN鄂西-鄂东,1719,4446.161823271586
INTERTRAN鄂西-鄂东,1720,5686.647885740739
INTERTRAN鄂西-鄂东,1721,5532.426199999998
INTERTRAN鄂西-鄂东,1722,5719.053999999997
INTERTRAN鄂西-鄂东,1723,3790.8046999999833
INTERTRAN鄂西-鄂东,1724,7214.821499999998
INTERTRAN鄂西-鄂东,1725,5048.755440000001
INTERTRAN鄂西-鄂东,1726,3299.4548999999997
INTERTRAN鄂西-鄂东,1727,7054.588799999998
INTERTRAN鄂西北-鄂东,1584,602.6704400000017
INTERTRAN鄂西北-鄂东,1585,3000.0
INTERTRAN鄂西北-鄂东,1586,2256.419749999999
INTERTRAN鄂西北-鄂东,1587,3000.0
INTERTRAN鄂西北-鄂东,1588,3000.0
INTERTRAN鄂西北-鄂东,1589,3000.0
INTERTRAN鄂西北-鄂东,1590,3000.0
INTERTRAN鄂西北-鄂东,1591,-514.0304700000004
INTERTRAN鄂西北-鄂东,1592,3000.0
INTERTRAN鄂西北-鄂东,1593,3000.0
INTERTRAN鄂西北-鄂东,1594,1888.5188149999992
INTERTRAN鄂西北-鄂东,1595,-3000.0
INTERTRAN鄂西北-鄂东,1596,-3000.0
INTERTRAN鄂西北-鄂东,1597,-3000.0
INTERTRAN鄂西北-鄂东,1598,959.4787959876533
INTERTRAN鄂西北-鄂东,1599,-2020.7990599999976
INTERTRAN鄂西北-鄂东,1600,-1975.935660000001
INTERTRAN鄂西北-鄂东,1601,3000.0
INTERTRAN鄂西北-鄂东,1602,2990.1603399999995
INTERTRAN鄂西北-鄂东,1603,3000.0
INTERTRAN鄂西北-鄂东,1604,3000.0
INTERTRAN鄂西北-鄂东,1605,3000.0
INTERTRAN鄂西北-鄂东,1606,3000.0
INTERTRAN鄂西北-鄂东,1607,-587.0605000000012
INTERTRAN鄂西北-鄂东,1608,908.2842499999442
INTERTRAN鄂西北-鄂东,1609,3000.0
INTERTRAN鄂西北-鄂东,1610,3000.0
INTERTRAN鄂西北-鄂东,1611,3000.0
INTERTRAN鄂西北-鄂东,1612,3000.0
INTERTRAN鄂西北-鄂东,1613,3000.0
INTERTRAN鄂西北-鄂东,1614,3000.0
INTERTRAN鄂西北-鄂东,1615,-450.09213499999987
INTERTRAN鄂西北-鄂东,1616,-825.9165600000015
INTERTRAN鄂西北-鄂东,1617,3000.0
INTERTRAN鄂西北-鄂东,1618,3000.0
INTERTRAN鄂西北-鄂东,1619,3000.0
INTERTRAN鄂西北-鄂东,1620,-929.0116250000024
INTERTRAN鄂西北-鄂东,1621,-2240.113485000001
INTERTRAN鄂西北-鄂东,1622,-2923.47995
INTERTRAN鄂西北-鄂东,1623,-2640.2684450000006
INTERTRAN鄂西北-鄂东,1624,-2745.4430700000003
INTERTRAN鄂西北-鄂东,1625,-532.783245000001
INTERTRAN鄂西北-鄂东,1626,3000.0
INTERTRAN鄂西北-鄂东,1627,3000.0
INTERTRAN鄂西北-鄂东,1628,3000.0
INTERTRAN鄂西北-鄂东,1629,3000.0
INTERTRAN鄂西北-鄂东,1630,2596.1007799999934
INTERTRAN鄂西北-鄂东,1631,3000.0
INTERTRAN鄂西北-鄂东,1632,3000.0
INTERTRAN鄂西北-鄂东,1633,3000.0
INTERTRAN鄂西北-鄂东,1634,3000.0
INTERTRAN鄂西北-鄂东,1635,2117.839749999999
INTERTRAN鄂西北-鄂东,1636,-648.772500000001
INTERTRAN鄂西北-鄂东,1637,3000.0
INTERTRAN鄂西北-鄂东,1638,-1586.2927500000003
INTERTRAN鄂西北-鄂东,1639,2019.2324757499975
INTERTRAN鄂西北-鄂东,1640,482.2717399999965
INTERTRAN鄂西北-鄂东,1641,-800.6342600000007
INTERTRAN鄂西北-鄂东,1642,-3000.0
INTERTRAN鄂西北-鄂东,1643,-3000.0
INTERTRAN鄂西北-鄂东,1644,-3000.0
INTERTRAN鄂西北-鄂东,1645,-3000.0
INTERTRAN鄂西北-鄂东,1646,-3000.0
INTERTRAN鄂西北-鄂东,1647,-3000.0
INTERTRAN鄂西北-鄂东,1648,-3000.0
INTERTRAN鄂西北-鄂东,1649,-3000.0
INTERTRAN鄂西北-鄂东,1650,-3000.0
INTERTRAN鄂西北-鄂东,1651,2410.4183904166366
INTERTRAN鄂西北-鄂东,1652,3000.0
INTERTRAN鄂西北-鄂东,1653,-1279.3920000000007
INTERTRAN鄂西北-鄂东,1654,2353.186539999998
INTERTRAN鄂西北-鄂东,1655,3000.0
INTERTRAN鄂西北-鄂东,1656,3000.0
INTERTRAN鄂西北-鄂东,1657,3000.0
INTERTRAN鄂西北-鄂东,1658,3000.0
INTERTRAN鄂西北-鄂东,1659,3000.0
INTERTRAN鄂西北-鄂东,1660,3000.0
INTERTRAN鄂西北-鄂东,1661,3000.0
INTERTRAN鄂西北-鄂东,1662,3000.0
INTERTRAN鄂西北-鄂东,1663,793.5113400000055
INTERTRAN鄂西北-鄂东,1664,604.3737799999988
INTERTRAN鄂西北-鄂东,1665,3000.0
INTERTRAN鄂西北-鄂东,1666,945.15409
INTERTRAN鄂西北-鄂东,1667,-3000.0
INTERTRAN鄂西北-鄂东,1668,-3000.0
INTERTRAN鄂西北-鄂东,1669,-3000.0
INTERTRAN鄂西北-鄂东,1670,-3000.0
INTERTRAN鄂西北-鄂东,1671,-3000.0
INTERTRAN鄂西北-鄂东,1672,-3000.0
INTERTRAN鄂西北-鄂东,1673,-3000.0
INTERTRAN鄂西北-鄂东,1674,1140.2902950000002
INTERTRAN鄂西北-鄂东,1675,3000.0
INTERTRAN鄂西北-鄂东,1676,2086.5651400000006
INTERTRAN鄂西北-鄂东,1677,3000.0
INTERTRAN鄂西北-鄂东,1678,3000.0
INTERTRAN鄂西北-鄂东,1679,1459.3136799999993
INTERTRAN鄂西北-鄂东,1680,3000.0
INTERTRAN鄂西北-鄂东,1681,3000.0
INTERTRAN鄂西北-鄂东,1682,3000.0
INTERTRAN鄂西北-鄂东,1683,2455.198499999999
INTERTRAN鄂西北-鄂东,1684,1788.4678600000075
INTERTRAN鄂西北-鄂东,1685,-1101.5640000000012
INTERTRAN鄂西北-鄂东,1686,3000.0
INTERTRAN鄂西北-鄂东,1687,3000.0
INTERTRAN鄂西北-鄂东,1688,447.4344800000017
INTERTRAN鄂西北-鄂东,1689,3000.0
INTERTRAN鄂西北-鄂东,1690,-3000.0
INTERTRAN鄂西北-鄂东,1691,-3000.0
INTERTRAN鄂西北-鄂东,1692,-3000.0
INTERTRAN鄂西北-鄂东,1693,-3000.0
INTERTRAN鄂西北-鄂东,1694,-3000.0
INTERTRAN鄂西北-鄂东,1695,-3000.0
INTERTRAN鄂西北-鄂东,1696,-3000.0
INTERTRAN鄂西北-鄂东,1697,-3000.0
INTERTRAN鄂西北-鄂东,1698,-3000.0
INTERTRAN鄂西北-鄂东,1699,3000.0
INTERTRAN鄂西北-鄂东,1700,-355.40993000000026
INTERTRAN鄂西北-鄂东,1701,3000.0
INTERTRAN鄂西北-鄂东,1702,3000.0
INTERTRAN鄂西北-鄂东,1703,3000.0
INTERTRAN鄂西北-鄂东,1704,3000.0
INTERTRAN鄂西北-鄂东,1705,3000.0
INTERTRAN鄂西北-鄂东,1706,3000.0
INTERTRAN鄂西北-鄂东,1707,3000.0
INTERTRAN鄂西北-鄂东,1708,-190.05945999999813
INTERTRAN鄂西北-鄂东,1709,3000.0
INTERTRAN鄂西北-鄂东,1710,2176.17854
INTERTRAN鄂西北-鄂东,1711,2861.1680049999977
INTERTRAN鄂西北-鄂东,1712,3000.0
INTERTRAN鄂西北-鄂东,1713,1023.7559999999964
INTERTRAN鄂西北-鄂东,1714,1795.700899999999
INTERTRAN鄂西北-鄂东,1715,-3000.0
INTERTRAN鄂西北-鄂东,1716,-3000.0
INTERTRAN鄂西北-鄂东,1717,-3000.0
INTERTRAN鄂西北-鄂东,1718,-3000.0
INTERTRAN鄂西北-鄂东,1719,-3000.0
INTERTRAN鄂西北-鄂东,1720,-3000.0
INTERTRAN鄂西北-鄂东,1721,1946.5849400000043
INTERTRAN鄂西北-鄂东,1722,1382.0271549999995
INTERTRAN鄂西北-鄂东,1723,3000.0
INTERTRAN鄂西北-鄂东,1724,3000.0
INTERTRAN鄂西北-鄂东,1725,3000.0
INTERTRAN鄂西北-鄂东,1726,1911.29925
INTERTRAN鄂西北-鄂东,1727,44.33074999999894
INTERTRAN鄂西-鄂西北,1584,-2000.0
INTERTRAN鄂西-鄂西北,1585,2000.0
INTERTRAN鄂西-鄂西北,1586,2000.0
INTERTRAN鄂西-鄂西北,1587,1025.3812500000001
INTERTRAN鄂西-鄂西北,1588,2000.0
INTERTRAN鄂西-鄂西北,1589,1238.967000000001
INTERTRAN鄂西-鄂西北,1590,669.0932500000008
INTERTRAN鄂西-鄂西北,1591,-2000.0
INTERTRAN鄂西-鄂西北,1592,2000.0
INTERTRAN鄂西-鄂西北,1593,-1147.4617799999987
INTERTRAN鄂西-鄂西北,1594,2000.0
INTERTRAN鄂西-鄂西北,1595,-844.9175999999998
INTERTRAN鄂西-鄂西北,1596,2000.0
INTERTRAN鄂西-鄂西北,1597,2000.0
INTERTRAN鄂西-鄂西北,1598,2000.0
INTERTRAN鄂西-鄂西北,1599,-2000.0
INTERTRAN鄂西-鄂西北,1600,-2000.0
INTERTRAN鄂西-鄂西北,1601,423.4483599999985
INTERTRAN鄂西-鄂西北,1602,2000.0
INTERTRAN鄂西-鄂西北,1603,2000.0
INTERTRAN鄂西-鄂西北,1604,2000.0
INTERTRAN鄂西-鄂西北,1605,2000.0
INTERTRAN鄂西-鄂西北,1606,405.2547500000014
INTERTRAN鄂西-鄂西北,1607,-2000.0
INTERTRAN鄂西-鄂西北,1608,-2000.0
INTERTRAN鄂西-鄂西北,1609,780.6560000000004
INTERTRAN鄂西-鄂西北,1610,1006.7497500000006
INTERTRAN鄂西-鄂西北,1611,-204.45853999999963
INTERTRAN鄂西-鄂西北,1612,577.2947500000009
INTERTRAN鄂西-鄂西北,1613,767.5247500000005
INTERTRAN鄂西-鄂西北,1614,651.7358534000116
INTERTRAN鄂西-鄂西北,1615,-2000.0
INTERTRAN鄂西-鄂西北,1616,-2000.0
INTERTRAN鄂西-鄂西北,1617,2000.0
INTERTRAN鄂西-鄂西北,1618,1821.4362850000014
INTERTRAN鄂西-鄂西北,1619,1536.178390000001
INTERTRAN鄂西-鄂西北,1620,-2000.0
INTERTRAN鄂西-鄂西北,1621,-2000.0
INTERTRAN鄂西-鄂西北,1622,-2000.0
INTERTRAN鄂西-鄂西北,1623,-2000.0
INTERTRAN鄂西-鄂西北,1624,-2000.0
INTERTRAN鄂西-鄂西北,1625,-2000.0
INTERTRAN鄂西-鄂西北,1626,-954.6237700000001
INTERTRAN鄂西-鄂西北,1627,2000.0
INTERTRAN鄂西-鄂西北,1628,1895.0451500000004
INTERTRAN鄂西-鄂西北,1629,1329.2005000000004
INTERTRAN鄂西-鄂西北,1630,-2000.0
INTERTRAN鄂西-鄂西北,1631,1236.6402500000004
INTERTRAN鄂西-鄂西北,1632,2000.0
INTERTRAN鄂西-鄂西北,1633,1370.048000000001
INTERTRAN鄂西-鄂西北,1634,-580.4654999999993
INTERTRAN鄂西-鄂西北,1635,2000.0
INTERTRAN鄂西-鄂西北,1636,-2000.0
INTERTRAN鄂西-鄂西北,1637,2000.0
INTERTRAN鄂西-鄂西北,1638,-2000.0
INTERTRAN鄂西-鄂西北,1639,2000.0
INTERTRAN鄂西-鄂西北,1640,-1851.8307000000004
INTERTRAN鄂西-鄂西北,1641,-2000.0
INTERTRAN鄂西-鄂西北,1642,2000.0
INTERTRAN鄂西-鄂西北,1643,2000.0
INTERTRAN鄂西-鄂西北,1644,2000.0
INTERTRAN鄂西-鄂西北,1645,2000.0
INTERTRAN鄂西-鄂西北,1646,2000.0
INTERTRAN鄂西-鄂西北,1647,2000.0
INTERTRAN鄂西-鄂西北,1648,2000.0
INTERTRAN鄂西-鄂西北,1649,2000.0
INTERTRAN鄂西-鄂西北,1650,2000.0
INTERTRAN鄂西-鄂西北,1651,2000.0
INTERTRAN鄂西-鄂西北,1652,2000.0
INTERTRAN鄂西-鄂西北,1653,-2000.0
INTERTRAN鄂西-鄂西北,1654,2000.0
INTERTRAN鄂西-鄂西北,1655,-2000.0
INTERTRAN鄂西-鄂西北,1656,435.87086500000055
INTERTRAN鄂西-鄂西北,1657,2000.0
INTERTRAN鄂西-鄂西北,1658,2000.0
INTERTRAN鄂西-鄂西北,1659,2000.0
INTERTRAN鄂西-鄂西北,1660,2000.0
INTERTRAN鄂西-鄂西北,1661,-1207.4173400000027
INTERTRAN鄂西-鄂西北,1662,1178.875845416649
INTERTRAN鄂西-鄂西北,1663,-2000.0
INTERTRAN鄂西-鄂西北,1664,-2000.0
INTERTRAN鄂西-鄂西北,1665,2000.0
INTERTRAN鄂西-鄂西北,1666,2000.0
INTERTRAN鄂西-鄂西北,1667,2000.0
INTERTRAN鄂西-鄂西北,1668,2000.0
INTERTRAN鄂西-鄂西北,1669,2000.0
INTERTRAN鄂西-鄂西北,1670,2000.0
INTERTRAN鄂西-鄂西北,1671,2000.0
INTERTRAN鄂西-鄂西北,1672,2000.0
INTERTRAN鄂西-鄂西北,1673,2000.0
INTERTRAN鄂西-鄂西北,1674,2000.0
INTERTRAN鄂西-鄂西北,1675,2000.0
INTERTRAN鄂西-鄂西北,1676,-2000.0
INTERTRAN鄂西-鄂西北,1677,2000.0
INTERTRAN鄂西-鄂西北,1678,2000.0
INTERTRAN鄂西-鄂西北,1679,-2000.0
INTERTRAN鄂西-鄂西北,1680,-2000.0
INTERTRAN鄂西-鄂西北,1681,2000.0
INTERTRAN鄂西-鄂西北,1682,2000.0
INTERTRAN鄂西-鄂西北,1683,2000.0
INTERTRAN鄂西-鄂西北,1684,-2000.0
INTERTRAN鄂西-鄂西北,1685,-2000.0
INTERTRAN鄂西-鄂西北,1686,2000.0
INTERTRAN鄂西-鄂西北,1687,284.53656700419026
INTERTRAN鄂西-鄂西北,1688,-2000.0
INTERTRAN鄂西-鄂西北,1689,1837.1368350000007
INTERTRAN鄂西-鄂西北,1690,655.3872599999986
INTERTRAN鄂西-鄂西北,1691,2000.0
INTERTRAN鄂西-鄂西北,1692,2000.0
INTERTRAN鄂西-鄂西北,1693,2000.0
INTERTRAN鄂西-鄂西北,1694,2000.0
INTERTRAN鄂西-鄂西北,1695,2000.0
INTERTRAN鄂西-鄂西北,1696,2000.0
INTERTRAN鄂西-鄂西北,1697,2000.0
INTERTRAN鄂西-鄂西北,1698,2000.0
INTERTRAN鄂西-鄂西北,1699,2000.0
INTERTRAN鄂西-鄂西北,1700,-2000.0
INTERTRAN鄂西-鄂西北,1701,2000.0
INTERTRAN鄂西-鄂西北,1702,2000.0
INTERTRAN鄂西-鄂西北,1703,-491.84199999999817
INTERTRAN鄂西-鄂西北,1704,2000.0
INTERTRAN鄂西-鄂西北,1705,2000.0
INTERTRAN鄂西-鄂西北,1706,2000.0
INTERTRAN鄂西-鄂西北,1707,1145.5770000000036
INTERTRAN鄂西-鄂西北,1708,-2000.0
INTERTRAN鄂西-鄂西北,1709,-588.5359999999991
INTERTRAN鄂西-鄂西北,1710,-2000.0
INTERTRAN鄂西-鄂西北,1711,2000.0
INTERTRAN鄂西-鄂西北,1712,2000.0
INTERTRAN鄂西-鄂西北,1713,-2000.0
INTERTRAN鄂西-鄂西北,1714,2000.0
INTERTRAN鄂西-鄂西北,1715,2000.0
INTERTRAN鄂西-鄂西北,1716,2000.0
INTERTRAN鄂西-鄂西北,1717,-657.3513327160161
INTERTRAN鄂西-鄂西北,1718,2000.0
INTERTRAN鄂西-鄂西北,1719,2000.0
INTERTRAN鄂西-鄂西北,1720,-1495.1638449999998
INTERTRAN鄂西-鄂西北,1721,2000.0
INTERTRAN鄂西-鄂西北,1722,2000.0
INTERTRAN鄂西-鄂西北,1723,2000.0
INTERTRAN鄂西-鄂西北,1724,2000.0
INTERTRAN鄂西-鄂西北,1725,2000.0
INTERTRAN鄂西-鄂西北,1726,2000.0
INTERTRAN鄂西-鄂西北,1727,-2000.0
INTERTRAN鄂西-鄂东,1728,8606.4011
INTERTRAN鄂西-鄂东,1729,8927.667303209873
INTERTRAN鄂西-鄂东,1730,8306.511599999998
INTERTRAN鄂西-鄂东,1731,6594.693459999995
INTERTRAN鄂西-鄂东,1732,5977.1560049382715
INTERTRAN鄂西-鄂东,1733,4803.698232317758
INTERTRAN鄂西-鄂东,1734,1546.66827499998
INTERTRAN鄂西-鄂东,1735,5887.36625614743
INTERTRAN鄂西-鄂东,1736,10426.60683584999
INTERTRAN鄂西-鄂东,1737,6905.4677098706015
INTERTRAN鄂西-鄂东,1738,3398.1987015032573
INTERTRAN鄂西-鄂东,1739,7236.657406405229
INTERTRAN鄂西-鄂东,1740,4551.981088874367
INTERTRAN鄂西-鄂东,1741,6113.02553873559
INTERTRAN鄂西-鄂东,1742,5831.208651111112
INTERTRAN鄂西-鄂东,1743,1224.6255999999812
INTERTRAN鄂西-鄂东,1744,7370.8328471895475
INTERTRAN鄂西-鄂东,1745,2754.930583469315
INTERTRAN鄂西-鄂东,1746,9384.7232
INTERTRAN鄂西-鄂东,1747,2800.973009999998
INTERTRAN鄂西-鄂东,1748,10982.093475000001
INTERTRAN鄂西-鄂东,1749,5391.551939999998
INTERTRAN鄂西-鄂东,1750,8401.688674999998
INTERTRAN鄂西-鄂东,1751,287.8565420026971
INTERTRAN鄂西-鄂东,1752,7026.921999999999
INTERTRAN鄂西-鄂东,1753,12600.0
INTERTRAN鄂西-鄂东,1754,5097.237399999998
INTERTRAN鄂西-鄂东,1755,10087.686999999998
INTERTRAN鄂西-鄂东,1756,7401.4149899999975
INTERTRAN鄂西-鄂东,1757,6258.593477900005
INTERTRAN鄂西-鄂东,1758,6458.806257997301
INTERTRAN鄂西-鄂东,1759,9952.713325
INTERTRAN鄂西-鄂东,1760,6875.917739255106
INTERTRAN鄂西-鄂东,1761,5922.396196928112
INTERTRAN鄂西-鄂东,1762,6334.713856209146
INTERTRAN鄂西-鄂东,1763,7359.453052941175
INTERTRAN鄂西-鄂东,1764,1398.9704623384096
INTERTRAN鄂西-鄂东,1765,4442.99326811549
INTERTRAN鄂西-鄂东,1766,2885.9496118954194
INTERTRAN鄂西-鄂东,1767,4882.593950388349
INTERTRAN鄂西-鄂东,1768,4929.872855555539
INTERTRAN鄂西-鄂东,1769,9352.052982352929
INTERTRAN鄂西-鄂东,1770,8119.089371514165
INTERTRAN鄂西-鄂东,1771,8109.637599999998
INTERTRAN鄂西-鄂东,1772,8861.336640000001
INTERTRAN鄂西-鄂东,1773,3563.4222800000043
INTERTRAN鄂西-鄂东,1774,7149.883900000001
INTERTRAN鄂西-鄂东,1775,5526.965
INTERTRAN鄂西-鄂东,1776,8174.1767
INTERTRAN鄂西-鄂东,1777,4411.403740000002
INTERTRAN鄂西-鄂东,1778,6854.202299999997
INTERTRAN鄂西-鄂东,1779,4787.706140000002
INTERTRAN鄂西-鄂东,1780,8555.249610588238
INTERTRAN鄂西-鄂东,1781,6072.832999999999
INTERTRAN鄂西-鄂东,1782,5645.3531
INTERTRAN鄂西-鄂东,1783,9004.756099999999
INTERTRAN鄂西-鄂东,1784,5253.663439999997
INTERTRAN鄂西-鄂东,1785,10978.972999999998
INTERTRAN鄂西-鄂东,1786,4671.930899999999
INTERTRAN鄂西-鄂东,1787,2811.715285000002
INTERTRAN鄂西-鄂东,1788,7427.734751111111
INTERTRAN鄂西-鄂东,1789,10702.779055555555
INTERTRAN鄂西-鄂东,1790,5154.051421248285
INTERTRAN鄂西-鄂东,1791,4838.006359259256
INTERTRAN鄂西-鄂东,1792,5851.392299999992
INTERTRAN鄂西-鄂东,1793,8659.845399850004
INTERTRAN鄂西-鄂东,1794,8706.402040294113
INTERTRAN鄂西-鄂东,1795,9203.637619705885
INTERTRAN鄂西-鄂东,1796,8192.180099999998
INTERTRAN鄂西-鄂东,1797,446.394199999997
INTERTRAN鄂西-鄂东,1798,8421.039225400003
INTERTRAN鄂西-鄂东,1799,7865.317899999998
INTERTRAN鄂西-鄂东,1800,5075.877529727157
INTERTRAN鄂西-鄂东,1801,4928.171599999998
INTERTRAN鄂西-鄂东,1802,8295.840330000006
INTERTRAN鄂西-鄂东,1803,6751.58354
INTERTRAN鄂西-鄂东,1804,9909.6712
INTERTRAN鄂西-鄂东,1805,8407.9087
INTERTRAN鄂西-鄂东,1806,9649.828389999999
INTERTRAN鄂西-鄂东,1807,4153.413815149994
INTERTRAN鄂西-鄂东,1808,7641.994199999997
INTERTRAN鄂西-鄂东,1809,10433.325476399998
INTERTRAN鄂西-鄂东,1810,7405.916840000005
INTERTRAN鄂西-鄂东,1811,7651.467571764704
INTERTRAN鄂西-鄂东,1812,3585.2003647385172
INTERTRAN鄂西-鄂东,1813,5481.171344444443
INTERTRAN鄂西-鄂东,1814,4948.371399999985
INTERTRAN鄂西-鄂东,1815,5360.546864052285
INTERTRAN鄂西-鄂东,1816,7578.765106666666
INTERTRAN鄂西-鄂东,1817,9353.0847
INTERTRAN鄂西-鄂东,1818,8233.521275000003
INTERTRAN鄂西-鄂东,1819,5866.667934640249
INTERTRAN鄂西-鄂东,1820,5247.100725359749
INTERTRAN鄂西-鄂东,1821,8168.484039999996
INTERTRAN鄂西-鄂东,1822,3800.5818999999974
INTERTRAN鄂西-鄂东,1823,7487.896664074073
INTERTRAN鄂西-鄂东,1824,9745.616890000005
INTERTRAN鄂西-鄂东,1825,6397.388417901231
INTERTRAN鄂西-鄂东,1826,9989.739316388452
INTERTRAN鄂西-鄂东,1827,10685.417488148149
INTERTRAN鄂西-鄂东,1828,5488.482865009195
INTERTRAN鄂西-鄂东,1829,7941.274299999997
INTERTRAN鄂西-鄂东,1830,9498.99064
INTERTRAN鄂西-鄂东,1831,8812.240099999999
INTERTRAN鄂西-鄂东,1832,7119.779799999997
INTERTRAN鄂西-鄂东,1833,8187.647521182997
INTERTRAN鄂西-鄂东,1834,5593.822540000001
INTERTRAN鄂西-鄂东,1835,6733.375173333334
INTERTRAN鄂西-鄂东,1836,8757.060155555551
INTERTRAN鄂西-鄂东,1837,7882.745998518476
INTERTRAN鄂西-鄂东,1838,7135.798830261476
INTERTRAN鄂西-鄂东,1839,5698.623928235291
INTERTRAN鄂西-鄂东,1840,1650.264715599129
INTERTRAN鄂西-鄂东,1841,7285.381190472046
INTERTRAN鄂西-鄂东,1842,9798.720683645599
INTERTRAN鄂西-鄂东,1843,2711.4496
INTERTRAN鄂西-鄂东,1844,2933.9889399999975
INTERTRAN鄂西-鄂东,1845,6008.472600000001
INTERTRAN鄂西-鄂东,1846,7850.524060569616
INTERTRAN鄂西-鄂东,1847,6567.84143950617
INTERTRAN鄂西-鄂东,1848,5837.04004
INTERTRAN鄂西-鄂东,1849,8233.62704
INTERTRAN鄂西-鄂东,1850,5883.0768400000015
INTERTRAN鄂西-鄂东,1851,3740.887539999998
INTERTRAN鄂西-鄂东,1852,2461.374119430382
INTERTRAN鄂西-鄂东,1853,7091.548940000001
INTERTRAN鄂西-鄂东,1854,8161.461240000004
INTERTRAN鄂西-鄂东,1855,5254.424959392149
INTERTRAN鄂西-鄂东,1856,12600.0
INTERTRAN鄂西-鄂东,1857,9675.093200000003
INTERTRAN鄂西-鄂东,1858,4168.033606666668
INTERTRAN鄂西-鄂东,1859,5885.031798605931
INTERTRAN鄂西-鄂东,1860,5810.5978607843135
INTERTRAN鄂西-鄂东,1861,4832.292140000001
INTERTRAN鄂西-鄂东,1862,3210.652527766635
INTERTRAN鄂西-鄂东,1863,6339.916740076485
INTERTRAN鄂西-鄂东,1864,8166.850694117646
INTERTRAN鄂西-鄂东,1865,10740.742740000002
INTERTRAN鄂西-鄂东,1866,7954.59504
INTERTRAN鄂西-鄂东,1867,12591.719700000001
INTERTRAN鄂西-鄂东,1868,4447.848215061735
INTERTRAN鄂西-鄂东,1869,10516.715499999998
INTERTRAN鄂西-鄂东,1870,6564.854039999998
INTERTRAN鄂西-鄂东,1871,7287.587240000001
INTERTRAN鄂西北-鄂东,1728,648.1979846586937
INTERTRAN鄂西北-鄂东,1729,-821.9188835185196
INTERTRAN鄂西北-鄂东,1730,-515.8756599999997
INTERTRAN鄂西北-鄂东,1731,3000.0
INTERTRAN鄂西北-鄂东,1732,3000.0
INTERTRAN鄂西北-鄂东,1733,3000.0
INTERTRAN鄂西北-鄂东,1734,3000.0
INTERTRAN鄂西北-鄂东,1735,3000.0
INTERTRAN鄂西北-鄂东,1736,458.07200415000807
INTERTRAN鄂西北-鄂东,1737,2348.618510129416
INTERTRAN鄂西北-鄂东,1738,-3000.0
INTERTRAN鄂西北-鄂东,1739,-366.89184222222275
INTERTRAN鄂西北-鄂东,1740,-3000.0
INTERTRAN鄂西北-鄂东,1741,-3000.0
INTERTRAN鄂西北-鄂东,1742,-3000.0
INTERTRAN鄂西北-鄂东,1743,-3000.0
INTERTRAN鄂西北-鄂东,1744,-3000.0
INTERTRAN鄂西北-鄂东,1745,-2560.583805000001
INTERTRAN鄂西北-鄂东,1746,-3000.0
INTERTRAN鄂西北-鄂东,1747,-16.831785000000764
INTERTRAN鄂西北-鄂东,1748,-1042.1210350000001
INTERTRAN鄂西北-鄂东,1749,3000.0
INTERTRAN鄂西北-鄂东,1750,-2724.3390000000018
INTERTRAN鄂西北-鄂东,1751,1536.1564999999991
INTERTRAN鄂西北-鄂东,1752,107.08949999999913
INTERTRAN鄂西北-鄂东,1753,-1168.3439500000027
INTERTRAN鄂西北-鄂东,1754,954.3333400000024
INTERTRAN鄂西北-鄂东,1755,-1598.4816599999976
INTERTRAN鄂西北-鄂东,1756,-1220.2627500000006
INTERTRAN鄂西北-鄂东,1757,-2604.3920000000007
INTERTRAN鄂西北-鄂东,1758,50.74249999999938
INTERTRAN鄂西北-鄂东,1759,-1053.7535850000008
INTERTRAN鄂西北-鄂东,1760,-660.3284199999994
INTERTRAN鄂西北-鄂东,1761,-312.86855192810617
INTERTRAN鄂西北-鄂东,1762,-2774.4908406790128
INTERTRAN鄂西北-鄂东,1763,-3000.0
INTERTRAN鄂西北-鄂东,1764,-3000.0
INTERTRAN鄂西北-鄂东,1765,-3000.0
INTERTRAN鄂西北-鄂东,1766,-3000.0
INTERTRAN鄂西北-鄂东,1767,-1565.400192087693
INTERTRAN鄂西北-鄂东,1768,-3000.0
INTERTRAN鄂西北-鄂东,1769,-2124.729603293393
INTERTRAN鄂西北-鄂东,1770,-3000.0
INTERTRAN鄂西北-鄂东,1771,-3000.0
INTERTRAN鄂西北-鄂东,1772,-3000.0
INTERTRAN鄂西北-鄂东,1773,3000.0
INTERTRAN鄂西北-鄂东,1774,-631.3642500000001
INTERTRAN鄂西北-鄂东,1775,1692.7509999999993
INTERTRAN鄂西北-鄂东,1776,-257.408089999999
INTERTRAN鄂西北-鄂东,1777,3000.0
INTERTRAN鄂西北-鄂东,1778,3000.0
INTERTRAN鄂西北-鄂东,1779,3000.0
INTERTRAN鄂西北-鄂东,1780,-760.6724705882366
INTERTRAN鄂西北-鄂东,1781,971.6673400000045
INTERTRAN鄂西北-鄂东,1782,1943.4262298000021
INTERTRAN鄂西北-鄂东,1783,-1924.1065600000002
INTERTRAN鄂西北-鄂东,1784,3000.0
INTERTRAN鄂西北-鄂东,1785,924.1958400000003
INTERTRAN鄂西北-鄂东,1786,1791.6013399999974
INTERTRAN鄂西北-鄂东,1787,-1515.8929050000015
INTERTRAN鄂西北-鄂东,1788,-3000.0
INTERTRAN鄂西北-鄂东,1789,-1511.1779659259262
INTERTRAN鄂西北-鄂东,1790,-1482.3006812482865
INTERTRAN鄂西北-鄂东,1791,-585.1861192592551
INTERTRAN鄂西北-鄂东,1792,-257.3101900000006
INTERTRAN鄂西北-鄂东,1793,-1834.0660350000005
INTERTRAN鄂西北-鄂东,1794,-768.019521877437
INTERTRAN鄂西北-鄂东,1795,-1840.2269150000006
INTERTRAN鄂西北-鄂东,1796,-304.0436146999873
INTERTRAN鄂西北-鄂东,1797,385.07399999999916
INTERTRAN鄂西北-鄂东,1798,-1054.7297500000006
INTERTRAN鄂西北-鄂东,1799,50.11134000000129
INTERTRAN鄂西北-鄂东,1800,2717.315010272843
INTERTRAN鄂西北-鄂东,1801,2961.155040000004
INTERTRAN鄂西北-鄂东,1802,-1367.069750000001
INTERTRAN鄂西北-鄂东,1803,3000.0
INTERTRAN鄂西北-鄂东,1804,-1623.7865000000006
INTERTRAN鄂西北-鄂东,1805,575.2700399999994
INTERTRAN鄂西北-鄂东,1806,-1091.3377500000004
INTERTRAN鄂西北-鄂东,1807,3000.0
INTERTRAN鄂西北-鄂东,1808,1895.5964325925952
INTERTRAN鄂西北-鄂东,1809,-520.8939363999998
INTERTRAN鄂西北-鄂东,1810,-3000.0
INTERTRAN鄂西北-鄂东,1811,-3000.0
INTERTRAN鄂西北-鄂东,1812,-3000.0
INTERTRAN鄂西北-鄂东,1813,-3000.0
INTERTRAN鄂西北-鄂东,1814,-3000.0
INTERTRAN鄂西北-鄂东,1815,-3000.0
INTERTRAN鄂西北-鄂东,1816,-3000.0
INTERTRAN鄂西北-鄂东,1817,-3000.0
INTERTRAN鄂西北-鄂东,1818,-2736.6836350000003
INTERTRAN鄂西北-鄂东,1819,1457.4957053597536
INTERTRAN鄂西北-鄂东,1820,-202.59828535975157
INTERTRAN鄂西北-鄂东,1821,3000.0
INTERTRAN鄂西北-鄂东,1822,3000.0
INTERTRAN鄂西北-鄂东,1823,-732.0498240740744
INTERTRAN鄂西北-鄂东,1824,-2463.2282500000006
INTERTRAN鄂西北-鄂东,1825,3000.0
INTERTRAN鄂西北-鄂东,1826,328.1432499999987
INTERTRAN鄂西北-鄂东,1827,-1692.7240000000002
INTERTRAN鄂西北-鄂东,1828,3000.0
INTERTRAN鄂西北-鄂东,1829,232.09299999999894
INTERTRAN鄂西北-鄂东,1830,-753.0525000000007
INTERTRAN鄂西北-鄂东,1831,-985.2847599999984
INTERTRAN鄂西北-鄂东,1832,2324.609480000001
INTERTRAN鄂西北-鄂东,1833,856.7968043423566
INTERTRAN鄂西北-鄂东,1834,-3000.0
INTERTRAN鄂西北-鄂东,1835,-3000.0
INTERTRAN鄂西北-鄂东,1836,-3000.0
INTERTRAN鄂西北-鄂东,1837,-3000.0
INTERTRAN鄂西北-鄂东,1838,-3000.0
INTERTRAN鄂西北-鄂东,1839,-3000.0
INTERTRAN鄂西北-鄂东,1840,-3000.0
INTERTRAN鄂西北-鄂东,1841,-3000.0
INTERTRAN鄂西北-鄂东,1842,-3000.0
INTERTRAN鄂西北-鄂东,1843,2472.601340000001
INTERTRAN鄂西北-鄂东,1844,3000.0
INTERTRAN鄂西北-鄂东,1845,1454.5723228712332
INTERTRAN鄂西北-鄂东,1846,2271.5154999999995
INTERTRAN鄂西北-鄂东,1847,-102.00479950616727
INTERTRAN鄂西北-鄂东,1848,3000.0
INTERTRAN鄂西北-鄂东,1849,3000.0
INTERTRAN鄂西北-鄂东,1850,3000.0
INTERTRAN鄂西北-鄂东,1851,3000.0
INTERTRAN鄂西北-鄂东,1852,3000.0
INTERTRAN鄂西北-鄂东,1853,3000.0
INTERTRAN鄂西北-鄂东,1854,1250.4604999999992
INTERTRAN鄂西北-鄂东,1855,1906.510080607848
INTERTRAN鄂西北-鄂东,1856,-1834.4044600000018
INTERTRAN鄂西北-鄂东,1857,1924.1816399999952
INTERTRAN鄂西北-鄂东,1858,-3000.0
INTERTRAN鄂西北-鄂东,1859,-3000.0
INTERTRAN鄂西北-鄂东,1860,-2521.4579350000004
INTERTRAN鄂西北-鄂东,1861,-3000.0
INTERTRAN鄂西北-鄂东,1862,-3000.0
INTERTRAN鄂西北-鄂东,1863,-2193.2447334098088
INTERTRAN鄂西北-鄂东,1864,-3000.0
INTERTRAN鄂西北-鄂东,1865,-3000.0
INTERTRAN鄂西北-鄂东,1866,-3000.0
INTERTRAN鄂西北-鄂东,1867,-1693.4529286274537
INTERTRAN鄂西北-鄂东,1868,3000.0
INTERTRAN鄂西北-鄂东,1869,3000.0
INTERTRAN鄂西北-鄂东,1870,3000.0
INTERTRAN鄂西北-鄂东,1871,3000.0
INTERTRAN鄂西-鄂西北,1728,-2000.0
INTERTRAN鄂西-鄂西北,1729,-2000.0
INTERTRAN鄂西-鄂西北,1730,-2000.0
INTERTRAN鄂西-鄂西北,1731,2000.0
INTERTRAN鄂西-鄂西北,1732,-2000.0
INTERTRAN鄂西-鄂西北,1733,1054.9769283612623
INTERTRAN鄂西-鄂西北,1734,1806.016725000019
INTERTRAN鄂西-鄂西北,1735,122.52908879997358
INTERTRAN鄂西-鄂西北,1736,-2000.0
INTERTRAN鄂西-鄂西北,1737,-2000.0
INTERTRAN鄂西-鄂西北,1738,1849.2564900000016
INTERTRAN鄂西-鄂西北,1739,2000.0
INTERTRAN鄂西-鄂西北,1740,2000.0
INTERTRAN鄂西-鄂西北,1741,2000.0
INTERTRAN鄂西-鄂西北,1742,2000.0
INTERTRAN鄂西-鄂西北,1743,2000.0
INTERTRAN鄂西-鄂西北,1744,2000.0
INTERTRAN鄂西-鄂西北,1745,2000.0
INTERTRAN鄂西-鄂西北,1746,2000.0
INTERTRAN鄂西-鄂西北,1747,2000.0
INTERTRAN鄂西-鄂西北,1748,-2000.0
INTERTRAN鄂西-鄂西北,1749,497.90165999999954
INTERTRAN鄂西-鄂西北,1750,-2000.0
INTERTRAN鄂西-鄂西北,1751,2000.0
INTERTRAN鄂西-鄂西北,1752,-2000.0
INTERTRAN鄂西-鄂西北,1753,-1647.9337000000016
INTERTRAN鄂西-鄂西北,1754,-2000.0
INTERTRAN鄂西-鄂西北,1755,-2000.0
INTERTRAN鄂西-鄂西北,1756,-2000.0
INTERTRAN鄂西-鄂西北,1757,-2000.0
INTERTRAN鄂西-鄂西北,1758,-2000.0
INTERTRAN鄂西-鄂西北,1759,-2000.0
INTERTRAN鄂西-鄂西北,1760,2000.0
INTERTRAN鄂西-鄂西北,1761,2000.0
INTERTRAN鄂西-鄂西北,1762,2000.0
INTERTRAN鄂西-鄂西北,1763,2000.0
INTERTRAN鄂西-鄂西北,1764,2000.0
INTERTRAN鄂西-鄂西北,1765,2000.0
INTERTRAN鄂西-鄂西北,1766,2000.0
INTERTRAN鄂西-鄂西北,1767,2000.0
INTERTRAN鄂西-鄂西北,1768,2000.0
INTERTRAN鄂西-鄂西北,1769,2000.0
INTERTRAN鄂西-鄂西北,1770,2000.0
INTERTRAN鄂西-鄂西北,1771,-2000.0
INTERTRAN鄂西-鄂西北,1772,-1270.7993534370394
INTERTRAN鄂西-鄂西北,1773,1865.7718799999893
INTERTRAN鄂西-鄂西北,1774,-2000.0
INTERTRAN鄂西-鄂西北,1775,2000.0
INTERTRAN鄂西-鄂西北,1776,-2000.0
INTERTRAN鄂西-鄂西北,1777,43.68665999999848
INTERTRAN鄂西-鄂西北,1778,1394.8385000000007
INTERTRAN鄂西-鄂西北,1779,1028.4345000000012
INTERTRAN鄂西-鄂西北,1780,-2000.0
INTERTRAN鄂西-鄂西北,1781,-2000.0
INTERTRAN鄂西-鄂西北,1782,-2000.0
INTERTRAN鄂西-鄂西北,1783,-2000.0
INTERTRAN鄂西-鄂西北,1784,-1628.7537400000006
INTERTRAN鄂西-鄂西北,1785,-2000.0
INTERTRAN鄂西-鄂西北,1786,2000.0
INTERTRAN鄂西-鄂西北,1787,2000.0
INTERTRAN鄂西-鄂西北,1788,-904.1410511111117
INTERTRAN鄂西-鄂西北,1789,2000.0
INTERTRAN鄂西-鄂西北,1790,2000.0
INTERTRAN鄂西-鄂西北,1791,2000.0
INTERTRAN鄂西-鄂西北,1792,2000.0
INTERTRAN鄂西-鄂西北,1793,-2000.0
INTERTRAN鄂西-鄂西北,1794,-2000.0
INTERTRAN鄂西-鄂西北,1795,-2000.0
INTERTRAN鄂西-鄂西北,1796,-2000.0
INTERTRAN鄂西-鄂西北,1797,2000.0
INTERTRAN鄂西-鄂西北,1798,-2000.0
INTERTRAN鄂西-鄂西北,1799,-2000.0
INTERTRAN鄂西-鄂西北,1800,2000.0
INTERTRAN鄂西-鄂西北,1801,2000.0
INTERTRAN鄂西-鄂西北,1802,-2000.0
INTERTRAN鄂西-鄂西北,1803,72.7465000000011
INTERTRAN鄂西-鄂西北,1804,-2000.0
INTERTRAN鄂西-鄂西北,1805,-2000.0
INTERTRAN鄂西-鄂西北,1806,-2000.0
INTERTRAN鄂西-鄂西北,1807,1880.5483848500044
INTERTRAN鄂西-鄂西北,1808,-2000.0
INTERTRAN鄂西-鄂西北,1809,-2000.0
INTERTRAN鄂西-鄂西北,1810,-165.0891400000055
INTERTRAN鄂西-鄂西北,1811,-385.67646000000013
INTERTRAN鄂西-鄂西北,1812,2000.0
INTERTRAN鄂西-鄂西北,1813,2000.0
INTERTRAN鄂西-鄂西北,1814,2000.0
INTERTRAN鄂西-鄂西北,1815,2000.0
INTERTRAN鄂西-鄂西北,1816,2000.0
INTERTRAN鄂西-鄂西北,1817,2000.0
INTERTRAN鄂西-鄂西北,1818,2000.0
INTERTRAN鄂西-鄂西北,1819,2000.0
INTERTRAN鄂西-鄂西北,1820,-2000.0
INTERTRAN鄂西-鄂西北,1821,-2000.0
INTERTRAN鄂西-鄂西北,1822,-2000.0
INTERTRAN鄂西-鄂西北,1823,-2000.0
INTERTRAN鄂西-鄂西北,1824,-2000.0
INTERTRAN鄂西-鄂西北,1825,-304.81724999999915
INTERTRAN鄂西-鄂西北,1826,-2000.0
INTERTRAN鄂西-鄂西北,1827,-2000.0
INTERTRAN鄂西-鄂西北,1828,2000.0
INTERTRAN鄂西-鄂西北,1829,-2000.0
INTERTRAN鄂西-鄂西北,1830,-2000.0
INTERTRAN鄂西-鄂西北,1831,-2000.0
INTERTRAN鄂西-鄂西北,1832,-2000.0
INTERTRAN鄂西-鄂西北,1833,-2000.0
INTERTRAN鄂西-鄂西北,1834,2000.0
INTERTRAN鄂西-鄂西北,1835,2000.0
INTERTRAN鄂西-鄂西北,1836,2000.0
INTERTRAN鄂西-鄂西北,1837,2000.0
INTERTRAN鄂西-鄂西北,1838,2000.0
INTERTRAN鄂西-鄂西北,1839,2000.0
INTERTRAN鄂西-鄂西北,1840,2000.0
INTERTRAN鄂西-鄂西北,1841,2000.0
INTERTRAN鄂西-鄂西北,1842,1499.2172025831596
INTERTRAN鄂西-鄂西北,1843,2000.0
INTERTRAN鄂西-鄂西北,1844,2000.0
INTERTRAN鄂西-鄂西北,1845,-2000.0
INTERTRAN鄂西-鄂西北,1846,-2000.0
INTERTRAN鄂西-鄂西北,1847,-2000.0
INTERTRAN鄂西-鄂西北,1848,2000.0
INTERTRAN鄂西-鄂西北,1849,-233.15574999999944
INTERTRAN鄂西-鄂西北,1850,-3.0987192467091518
INTERTRAN鄂西-鄂西北,1851,1814.6486600000053
INTERTRAN鄂西-鄂西北,1852,2000.0
INTERTRAN鄂西-鄂西北,1853,-26.913150753301124
INTERTRAN鄂西-鄂西北,1854,-2000.0
INTERTRAN鄂西-鄂西北,1855,2000.0
INTERTRAN鄂西-鄂西北,1856,-2000.0
INTERTRAN鄂西-鄂西北,1857,-2000.0
INTERTRAN鄂西-鄂西北,1858,2000.0
INTERTRAN鄂西-鄂西北,1859,304.5529500000016
INTERTRAN鄂西-鄂西北,1860,2000.0
INTERTRAN鄂西-鄂西北,1861,2000.0
INTERTRAN鄂西-鄂西北,1862,2000.0
INTERTRAN鄂西-鄂西北,1863,2000.0
INTERTRAN鄂西-鄂西北,1864,2000.0
INTERTRAN鄂西-鄂西北,1865,566.186578823525
INTERTRAN鄂西-鄂西北,1866,1741.3050600000006
INTERTRAN鄂西-鄂西北,1867,-2000.0
INTERTRAN鄂西-鄂西北,1868,-10.947815061733309
INTERTRAN鄂西-鄂西北,1869,-2000.0
INTERTRAN鄂西-鄂西北,1870,-140.23509705094943
INTERTRAN鄂西-鄂西北,1871,-2000.0
INTERTRAN鄂西-鄂东,1872,4989.766504938272
INTERTRAN鄂西-鄂东,1873,11793.011489999999
INTERTRAN鄂西-鄂东,1874,7899.2037999999975
INTERTRAN鄂西-鄂东,1875,8474.223339999999
INTERTRAN鄂西-鄂东,1876,4579.828290000001
INTERTRAN鄂西-鄂东,1877,8499.50134
INTERTRAN鄂西-鄂东,1878,5161.704299999999
INTERTRAN鄂西-鄂东,1879,10047.774065000001
INTERTRAN鄂西-鄂东,1880,5582.376335000001
INTERTRAN鄂西-鄂东,1881,4923.456527648278
INTERTRAN鄂西-鄂东,1882,5460.369619607826
INTERTRAN鄂西-鄂东,1883,5150.160359573933
INTERTRAN鄂西-鄂东,1884,6269.785899999937
INTERTRAN鄂西-鄂东,1885,6563.712911111101
INTERTRAN鄂西-鄂东,1886,4000.1454999999805
INTERTRAN鄂西-鄂东,1887,7213.218758823512
INTERTRAN鄂西-鄂东,1888,5787.609611111098
INTERTRAN鄂西-鄂东,1889,5319.408399999986
INTERTRAN鄂西-鄂东,1890,9006.825940000002
INTERTRAN鄂西-鄂东,1891,9348.567584999995
INTERTRAN鄂西-鄂东,1892,6638.738239999999
INTERTRAN鄂西-鄂东,1893,7226.554526362494
INTERTRAN鄂西-鄂东,1894,7504.604126362492
INTERTRAN鄂西-鄂东,1895,3997.4744849999997
INTERTRAN鄂西-鄂东,1896,5394.815636362496
INTERTRAN鄂西-鄂东,1897,5439.110934999999
INTERTRAN鄂西-鄂东,1898,4752.975039999999
INTERTRAN鄂西-鄂东,1899,7764.7260107999955
INTERTRAN鄂西-鄂东,1900,6229.645731137484
INTERTRAN鄂西-鄂东,1901,7729.805940000004
INTERTRAN鄂西-鄂东,1902,5318.212781137485
INTERTRAN鄂西-鄂东,1903,6888.102926362498
INTERTRAN鄂西-鄂东,1904,3907.3765690624905
INTERTRAN鄂西-鄂东,1905,5770.603126362491
INTERTRAN鄂西-鄂东,1906,10692.639706233418
INTERTRAN鄂西-鄂东,1907,5399.162067901236
INTERTRAN鄂西-鄂东,1908,6288.821501728395
INTERTRAN鄂西-鄂东,1909,6016.492200740734
INTERTRAN鄂西-鄂东,1910,5216.998499999998
INTERTRAN鄂西-鄂东,1911,7721.161794999998
INTERTRAN鄂西-鄂东,1912,5559.866084999998
INTERTRAN鄂西-鄂东,1913,7163.164681137487
INTERTRAN鄂西-鄂东,1914,5405.636696137485
INTERTRAN鄂西-鄂东,1915,4623.501126362494
INTERTRAN鄂西-鄂东,1916,5873.413171587506
INTERTRAN鄂西-鄂东,1917,4557.594326362495
INTERTRAN鄂西-鄂东,1918,3134.5330961374866
INTERTRAN鄂西-鄂东,1919,10309.978640000001
INTERTRAN鄂西-鄂东,1920,7640.800485225005
INTERTRAN鄂西-鄂东,1921,5398.03079
INTERTRAN鄂西-鄂东,1922,5720.150181137486
INTERTRAN鄂西-鄂东,1923,7211.36174
INTERTRAN鄂西-鄂东,1924,7806.240740000001
INTERTRAN鄂西-鄂东,1925,7066.682240000002
INTERTRAN鄂西-鄂东,1926,7303.8957263624925
INTERTRAN鄂西-鄂东,1927,6402.162326362492
INTERTRAN鄂西-鄂东,1928,8089.009326362489
INTERTRAN鄂西-鄂东,1929,6695.943181137486
INTERTRAN鄂西-鄂东,1930,7486.291760300048
INTERTRAN鄂西-鄂东,1931,5407.0024466
INTERTRAN鄂西-鄂东,1932,6286.5900012345655
INTERTRAN鄂西-鄂东,1933,4324.76336222222
INTERTRAN鄂西-鄂东,1934,10161.43734
INTERTRAN鄂西-鄂东,1935,7108.103840000003
INTERTRAN鄂西-鄂东,1936,8181.139413580248
INTERTRAN鄂西-鄂东,1937,6493.993137650002
INTERTRAN鄂西-鄂东,1938,9346.370040000003
INTERTRAN鄂西-鄂东,1939,6703.409981137482
INTERTRAN鄂西-鄂东,1940,7953.792426362494
INTERTRAN鄂西-鄂东,1941,5336.849981137485
INTERTRAN鄂西-鄂东,1942,4598.704781137485
INTERTRAN鄂西-鄂东,1943,6887.7136311374825
INTERTRAN鄂西-鄂东,1944,4245.230116950027
INTERTRAN鄂西-鄂东,1945,5519.525540000001
INTERTRAN鄂西-鄂东,1946,5822.4067399999985
INTERTRAN鄂西-鄂东,1947,3347.3595039166357
INTERTRAN鄂西-鄂东,1948,7625.6473399999995
INTERTRAN鄂西-鄂东,1949,4184.474240000003
INTERTRAN鄂西-鄂东,1950,4312.18512576249
INTERTRAN鄂西-鄂东,1951,8304.065626362497
INTERTRAN鄂西-鄂东,1952,7570.088476137486
INTERTRAN鄂西-鄂东,1953,8465.395285000006
INTERTRAN鄂西-鄂东,1954,3808.8260450000025
INTERTRAN鄂西-鄂东,1955,4798.300799999999
INTERTRAN鄂西-鄂东,1956,5561.138846581694
INTERTRAN鄂西-鄂东,1957,6845.091511111097
INTERTRAN鄂西-鄂东,1958,8763.36146666665
INTERTRAN鄂西-鄂东,1959,8323.692211111094
INTERTRAN鄂西-鄂东,1960,4509.3611533333615
INTERTRAN鄂西-鄂东,1961,4750.791555555542
INTERTRAN鄂西-鄂东,1962,8651.574239999998
INTERTRAN鄂西-鄂东,1963,5249.977089999995
INTERTRAN鄂西-鄂东,1964,5293.338239999997
INTERTRAN鄂西-鄂东,1965,5287.718299999999
INTERTRAN鄂西-鄂东,1966,3591.503319999997
INTERTRAN鄂西-鄂东,1967,6121.006789999997
INTERTRAN鄂西-鄂东,1968,5936.627004999996
INTERTRAN鄂西-鄂东,1969,6985.924790000002
INTERTRAN鄂西-鄂东,1970,6709.807139999999
INTERTRAN鄂西-鄂东,1971,6188.768039999999
INTERTRAN鄂西-鄂东,1972,5352.827884999997
INTERTRAN鄂西-鄂东,1973,3321.1627
INTERTRAN鄂西-鄂东,1974,7106.219539999996
INTERTRAN鄂西-鄂东,1975,6663.00944
INTERTRAN鄂西-鄂东,1976,5214.482588862511
INTERTRAN鄂西-鄂东,1977,5540.530620000003
INTERTRAN鄂西-鄂东,1978,4003.1433000000025
INTERTRAN鄂西-鄂东,1979,6761.699799999918
INTERTRAN鄂西-鄂东,1980,5020.068437254887
INTERTRAN鄂西-鄂东,1981,8431.866905882347
INTERTRAN鄂西-鄂东,1982,5681.1867333333275
INTERTRAN鄂西-鄂东,1983,1882.8479444444345
INTERTRAN鄂西-鄂东,1984,6718.731577777809
INTERTRAN鄂西-鄂东,1985,7333.796700000001
INTERTRAN鄂西-鄂东,1986,8795.246794999995
INTERTRAN鄂西-鄂东,1987,5447.695491362481
INTERTRAN鄂西-鄂东,1988,4997.810396137485
INTERTRAN鄂西-鄂东,1989,6513.931694999997
INTERTRAN鄂西-鄂东,1990,4781.678891362488
INTERTRAN鄂西-鄂东,1991,8342.112026362493
INTERTRAN鄂西-鄂东,1992,4589.107791362485
INTERTRAN鄂西-鄂东,1993,6184.5607049999935
INTERTRAN鄂西-鄂东,1994,5652.759726362493
INTERTRAN鄂西-鄂东,1995,7995.880439999999
INTERTRAN鄂西-鄂东,1996,8080.023140000001
INTERTRAN鄂西-鄂东,1997,6276.312404999996
INTERTRAN鄂西-鄂东,1998,4556.450191362488
INTERTRAN鄂西-鄂东,1999,6602.863491362488
INTERTRAN鄂西-鄂东,2000,6330.243391362485
INTERTRAN鄂西-鄂东,2001,6938.847191362487
INTERTRAN鄂西-鄂东,2002,4671.494427499995
INTERTRAN鄂西-鄂东,2003,6548.963894999996
INTERTRAN鄂西-鄂东,2004,5418.593675061724
INTERTRAN鄂西-鄂东,2005,5639.416760000002
INTERTRAN鄂西-鄂东,2006,3739.328120000003
INTERTRAN鄂西-鄂东,2007,3777.8644999999997
INTERTRAN鄂西-鄂东,2008,4492.73357999999
INTERTRAN鄂西-鄂东,2009,6049.80097136249
INTERTRAN鄂西-鄂东,2010,8263.437909999997
INTERTRAN鄂西-鄂东,2011,6569.72019136248
INTERTRAN鄂西-鄂东,2012,4936.60259249997
INTERTRAN鄂西-鄂东,2013,3509.0264924999706
INTERTRAN鄂西-鄂东,2014,4428.61909136248
INTERTRAN鄂西-鄂东,2015,4776.577492499968
INTERTRAN鄂西北-鄂东,1872,-2111.8525
INTERTRAN鄂西北-鄂东,1873,-2467.94025
INTERTRAN鄂西北-鄂东,1874,-2103.0820000000003
INTERTRAN鄂西北-鄂东,1875,-2071.4660000000003
INTERTRAN鄂西北-鄂东,1876,81.23374999999896
INTERTRAN鄂西北-鄂东,1877,1198.5539999999999
INTERTRAN鄂西北-鄂东,1878,-484.5543903765664
INTERTRAN鄂西北-鄂东,1879,-1312.0897250000007
INTERTRAN鄂西北-鄂东,1880,-1110.1143950000014
INTERTRAN鄂西北-鄂东,1881,3000.0
INTERTRAN鄂西北-鄂东,1882,-3000.0
INTERTRAN鄂西北-鄂东,1883,-3000.0
INTERTRAN鄂西北-鄂东,1884,-3000.0
INTERTRAN鄂西北-鄂东,1885,-3000.0
INTERTRAN鄂西北-鄂东,1886,-3000.0
INTERTRAN鄂西北-鄂东,1887,-3000.0
INTERTRAN鄂西北-鄂东,1888,-3000.0
INTERTRAN鄂西北-鄂东,1889,-3000.0
INTERTRAN鄂西北-鄂东,1890,-3000.0
INTERTRAN鄂西北-鄂东,1891,690.1495550000018
INTERTRAN鄂西北-鄂东,1892,3000.0
INTERTRAN鄂西北-鄂东,1893,3000.0
INTERTRAN鄂西北-鄂东,1894,3000.0
INTERTRAN鄂西北-鄂东,1895,3000.0
INTERTRAN鄂西北-鄂东,1896,3000.0
INTERTRAN鄂西北-鄂东,1897,3000.0
INTERTRAN鄂西北-鄂东,1898,3000.0
INTERTRAN鄂西北-鄂东,1899,3000.0
INTERTRAN鄂西北-鄂东,1900,3000.0
INTERTRAN鄂西北-鄂东,1901,3000.0
INTERTRAN鄂西北-鄂东,1902,3000.0
INTERTRAN鄂西北-鄂东,1903,3000.0
INTERTRAN鄂西北-鄂东,1904,3000.0
INTERTRAN鄂西北-鄂东,1905,3000.0
INTERTRAN鄂西北-鄂东,1906,-3000.0
INTERTRAN鄂西北-鄂东,1907,-451.5208610493827
INTERTRAN鄂西北-鄂东,1908,-3000.0
INTERTRAN鄂西北-鄂东,1909,-1770.8733550000015
INTERTRAN鄂西北-鄂东,1910,-609.2522450000006
INTERTRAN鄂西北-鄂东,1911,-3000.0
INTERTRAN鄂西北-鄂东,1912,738.3479549999957
INTERTRAN鄂西北-鄂东,1913,1945.4445750000014
INTERTRAN鄂西北-鄂东,1914,3000.0
INTERTRAN鄂西北-鄂东,1915,3000.0
INTERTRAN鄂西北-鄂东,1916,3000.0
INTERTRAN鄂西北-鄂东,1917,3000.0
INTERTRAN鄂西北-鄂东,1918,3000.0
INTERTRAN鄂西北-鄂东,1919,3000.0
INTERTRAN鄂西北-鄂东,1920,3000.0
INTERTRAN鄂西北-鄂东,1921,3000.0
INTERTRAN鄂西北-鄂东,1922,3000.0
INTERTRAN鄂西北-鄂东,1923,3000.0
INTERTRAN鄂西北-鄂东,1924,3000.0
INTERTRAN鄂西北-鄂东,1925,3000.0
INTERTRAN鄂西北-鄂东,1926,3000.0
INTERTRAN鄂西北-鄂东,1927,3000.0
INTERTRAN鄂西北-鄂东,1928,3000.0
INTERTRAN鄂西北-鄂东,1929,3000.0
INTERTRAN鄂西北-鄂东,1930,1367.3474796999485
INTERTRAN鄂西北-鄂东,1931,785.924829999999
INTERTRAN鄂西北-鄂东,1932,-1404.2983834567854
INTERTRAN鄂西北-鄂东,1933,-3000.0
INTERTRAN鄂西北-鄂东,1934,-3000.0
INTERTRAN鄂西北-鄂东,1935,-3000.0
INTERTRAN鄂西北-鄂东,1936,-3000.0
INTERTRAN鄂西北-鄂东,1937,2304.0178023499966
INTERTRAN鄂西北-鄂东,1938,3000.0
INTERTRAN鄂西北-鄂东,1939,3000.0
INTERTRAN鄂西北-鄂东,1940,3000.0
INTERTRAN鄂西北-鄂东,1941,3000.0
INTERTRAN鄂西北-鄂东,1942,3000.0
INTERTRAN鄂西北-鄂东,1943,3000.0
INTERTRAN鄂西北-鄂东,1944,3000.0
INTERTRAN鄂西北-鄂东,1945,3000.0
INTERTRAN鄂西北-鄂东,1946,3000.0
INTERTRAN鄂西北-鄂东,1947,3000.0
INTERTRAN鄂西北-鄂东,1948,3000.0
INTERTRAN鄂西北-鄂东,1949,3000.0
INTERTRAN鄂西北-鄂东,1950,3000.0
INTERTRAN鄂西北-鄂东,1951,3000.0
INTERTRAN鄂西北-鄂东,1952,3000.0
INTERTRAN鄂西北-鄂东,1953,3000.0
INTERTRAN鄂西北-鄂东,1954,3000.0
INTERTRAN鄂西北-鄂东,1955,303.0511400000014
INTERTRAN鄂西北-鄂东,1956,-3000.0
INTERTRAN鄂西北-鄂东,1957,-3000.0
INTERTRAN鄂西北-鄂东,1958,-3000.0
INTERTRAN鄂西北-鄂东,1959,-3000.0
INTERTRAN鄂西北-鄂东,1960,-3000.0
INTERTRAN鄂西北-鄂东,1961,-3000.0
INTERTRAN鄂西北-鄂东,1962,-3000.0
INTERTRAN鄂西北-鄂东,1963,1554.52625
INTERTRAN鄂西北-鄂东,1964,3000.0
INTERTRAN鄂西北-鄂东,1965,3000.0
INTERTRAN鄂西北-鄂东,1966,3000.0
INTERTRAN鄂西北-鄂东,1967,3000.0
INTERTRAN鄂西北-鄂东,1968,3000.0
INTERTRAN鄂西北-鄂东,1969,3000.0
INTERTRAN鄂西北-鄂东,1970,3000.0
INTERTRAN鄂西北-鄂东,1971,3000.0
INTERTRAN鄂西北-鄂东,1972,3000.0
INTERTRAN鄂西北-鄂东,1973,3000.0
INTERTRAN鄂西北-鄂东,1974,3000.0
INTERTRAN鄂西北-鄂东,1975,3000.0
INTERTRAN鄂西北-鄂东,1976,3000.0
INTERTRAN鄂西北-鄂东,1977,2725.891219999996
INTERTRAN鄂西北-鄂东,1978,1300.1981950000002
INTERTRAN鄂西北-鄂东,1979,-3000.0
INTERTRAN鄂西北-鄂东,1980,-3000.0
INTERTRAN鄂西北-鄂东,1981,-3000.0
INTERTRAN鄂西北-鄂东,1982,-3000.0
INTERTRAN鄂西北-鄂东,1983,-3000.0
INTERTRAN鄂西北-鄂东,1984,-3000.0
INTERTRAN鄂西北-鄂东,1985,-1496.531460000002
INTERTRAN鄂西北-鄂东,1986,876.97921
INTERTRAN鄂西北-鄂东,1987,3000.0
INTERTRAN鄂西北-鄂东,1988,3000.0
INTERTRAN鄂西北-鄂东,1989,3000.0
INTERTRAN鄂西北-鄂东,1990,3000.0
INTERTRAN鄂西北-鄂东,1991,3000.0
INTERTRAN鄂西北-鄂东,1992,3000.0
INTERTRAN鄂西北-鄂东,1993,3000.0
INTERTRAN鄂西北-鄂东,1994,3000.0
INTERTRAN鄂西北-鄂东,1995,3000.0
INTERTRAN鄂西北-鄂东,1996,3000.0
INTERTRAN鄂西北-鄂东,1997,3000.0
INTERTRAN鄂西北-鄂东,1998,3000.0
INTERTRAN鄂西北-鄂东,1999,3000.0
INTERTRAN鄂西北-鄂东,2000,3000.0
INTERTRAN鄂西北-鄂东,2001,3000.0
INTERTRAN鄂西北-鄂东,2002,3000.0
INTERTRAN鄂西北-鄂东,2003,2223.1488450000043
INTERTRAN鄂西北-鄂东,2004,802.7311599999991
INTERTRAN鄂西北-鄂东,2005,743.3975800000001
INTERTRAN鄂西北-鄂东,2006,1804.6101199999987
INTERTRAN鄂西北-鄂东,2007,1375.7425399999993
INTERTRAN鄂西北-鄂东,2008,1035.673860000007
INTERTRAN鄂西北-鄂东,2009,478.3988550000008
INTERTRAN鄂西北-鄂东,2010,2466.024630000004
INTERTRAN鄂西北-鄂东,2011,2401.4230000000052
INTERTRAN鄂西北-鄂东,2012,3000.0
INTERTRAN鄂西北-鄂东,2013,3000.0
INTERTRAN鄂西北-鄂东,2014,3000.0
INTERTRAN鄂西北-鄂东,2015,3000.0
INTERTRAN鄂西-鄂西北,1872,-2000.0
INTERTRAN鄂西-鄂西北,1873,-2000.0
INTERTRAN鄂西-鄂西北,1874,-2000.0
INTERTRAN鄂西-鄂西北,1875,-2000.0
INTERTRAN鄂西-鄂西北,1876,-2000.0
INTERTRAN鄂西-鄂西北,1877,-2000.0
INTERTRAN鄂西-鄂西北,1878,-2000.0
INTERTRAN鄂西-鄂西北,1879,-2000.0
INTERTRAN鄂西-鄂西北,1880,-2000.0
INTERTRAN鄂西-鄂西北,1881,2000.0
INTERTRAN鄂西-鄂西北,1882,2000.0
INTERTRAN鄂西-鄂西北,1883,2000.0
INTERTRAN鄂西-鄂西北,1884,2000.0
INTERTRAN鄂西-鄂西北,1885,2000.0
INTERTRAN鄂西-鄂西北,1886,2000.0
INTERTRAN鄂西-鄂西北,1887,2000.0
INTERTRAN鄂西-鄂西北,1888,2000.0
INTERTRAN鄂西-鄂西北,1889,2000.0
INTERTRAN鄂西-鄂西北,1890,74.84305999999378
INTERTRAN鄂西-鄂西北,1891,-2000.0
INTERTRAN鄂西-鄂西北,1892,2000.0
INTERTRAN鄂西-鄂西北,1893,1121.2762299373971
INTERTRAN鄂西-鄂西北,1894,2000.0
INTERTRAN鄂西-鄂西北,1895,824.55
INTERTRAN鄂西-鄂西北,1896,-424.217476200002
INTERTRAN鄂西-鄂西北,1897,510.02674999999886
INTERTRAN鄂西-鄂西北,1898,240.07303022501185
INTERTRAN鄂西-鄂西北,1899,967.5067741999999
INTERTRAN鄂西-鄂西北,1900,424.3827499999999
INTERTRAN鄂西-鄂西北,1901,716.4802755126296
INTERTRAN鄂西-鄂西北,1902,2000.0
INTERTRAN鄂西-鄂西北,1903,1747.0395547749877
INTERTRAN鄂西-鄂西北,1904,522.8976699999992
INTERTRAN鄂西-鄂西北,1905,2000.0
INTERTRAN鄂西-鄂西北,1906,-2000.0
INTERTRAN鄂西-鄂西北,1907,2000.0
INTERTRAN鄂西-鄂西北,1908,1832.1349982716074
INTERTRAN鄂西-鄂西北,1909,2000.0
INTERTRAN鄂西-鄂西北,1910,2000.0
INTERTRAN鄂西-鄂西北,1911,-1297.6076949999992
INTERTRAN鄂西-鄂西北,1912,2000.0
INTERTRAN鄂西-鄂西北,1913,2000.0
INTERTRAN鄂西-鄂西北,1914,2000.0
INTERTRAN鄂西-鄂西北,1915,2000.0
INTERTRAN鄂西-鄂西北,1916,2000.0
INTERTRAN鄂西-鄂西北,1917,-2000.0
INTERTRAN鄂西-鄂西北,1918,2000.0
INTERTRAN鄂西-鄂西北,1919,2000.0
INTERTRAN鄂西-鄂西北,1920,1343.2268959124813
INTERTRAN鄂西-鄂西北,1921,2000.0
INTERTRAN鄂西-鄂西北,1922,1030.6259999999995
INTERTRAN鄂西-鄂西北,1923,1818.5930000000008
INTERTRAN鄂西-鄂西北,1924,1781.5123411374825
INTERTRAN鄂西-鄂西北,1925,456.3703411374837
INTERTRAN鄂西-鄂西北,1926,1407.456750000001
INTERTRAN鄂西-鄂西北,1927,1312.4440850000005
INTERTRAN鄂西-鄂西北,1928,2000.0
INTERTRAN鄂西-鄂西北,1929,2000.0
INTERTRAN鄂西-鄂西北,1930,2000.0
INTERTRAN鄂西-鄂西北,1931,2000.0
INTERTRAN鄂西-鄂西北,1932,2000.0
INTERTRAN鄂西-鄂西北,1933,2000.0
INTERTRAN鄂西-鄂西北,1934,-1871.7713140123462
INTERTRAN鄂西-鄂西北,1935,2000.0
INTERTRAN鄂西-鄂西北,1936,2000.0
INTERTRAN鄂西-鄂西北,1937,2000.0
INTERTRAN鄂西-鄂西北,1938,2000.0
INTERTRAN鄂西-鄂西北,1939,2000.0
INTERTRAN鄂西-鄂西北,1940,2000.0
INTERTRAN鄂西-鄂西北,1941,2000.0
INTERTRAN鄂西-鄂西北,1942,2000.0
INTERTRAN鄂西-鄂西北,1943,1761.4082500000009
INTERTRAN鄂西-鄂西北,1944,1475.97275
INTERTRAN鄂西-鄂西北,1945,1957.3907499999991
INTERTRAN鄂西-鄂西北,1946,1757.9157499999992
INTERTRAN鄂西-鄂西北,1947,2000.0
INTERTRAN鄂西-鄂西北,1948,2000.0
INTERTRAN鄂西-鄂西北,1949,2000.0
INTERTRAN鄂西-鄂西北,1950,1678.0964999999999
INTERTRAN鄂西-鄂西北,1951,756.6393350000008
INTERTRAN鄂西-鄂西北,1952,1403.9620049999999
INTERTRAN鄂西-鄂西北,1953,1754.1846649999989
INTERTRAN鄂西-鄂西北,1954,2000.0
INTERTRAN鄂西-鄂西北,1955,2000.0
INTERTRAN鄂西-鄂西北,1956,2000.0
INTERTRAN鄂西-鄂西北,1957,2000.0
INTERTRAN鄂西-鄂西北,1958,2000.0
INTERTRAN鄂西-鄂西北,1959,2000.0
INTERTRAN鄂西-鄂西北,1960,2000.0
INTERTRAN鄂西-鄂西北,1961,2000.0
INTERTRAN鄂西-鄂西北,1962,1666.729460000004
INTERTRAN鄂西-鄂西北,1963,2000.0
INTERTRAN鄂西-鄂西北,1964,2000.0
INTERTRAN鄂西-鄂西北,1965,2000.0
INTERTRAN鄂西-鄂西北,1966,2000.0
INTERTRAN鄂西-鄂西北,1967,2000.0
INTERTRAN鄂西-鄂西北,1968,1909.1160000000011
INTERTRAN鄂西-鄂西北,1969,2000.0
INTERTRAN鄂西-鄂西北,1970,672.4919149499989
INTERTRAN鄂西-鄂西北,1971,1145.69475
INTERTRAN鄂西-鄂西北,1972,2000.0
INTERTRAN鄂西-鄂西北,1973,2000.0
INTERTRAN鄂西-鄂西北,1974,2000.0
INTERTRAN鄂西-鄂西北,1975,2000.0
INTERTRAN鄂西-鄂西北,1976,2000.0
INTERTRAN鄂西-鄂西北,1977,2000.0
INTERTRAN鄂西-鄂西北,1978,2000.0
INTERTRAN鄂西-鄂西北,1979,2000.0
INTERTRAN鄂西-鄂西北,1980,2000.0
INTERTRAN鄂西-鄂西北,1981,2000.0
INTERTRAN鄂西-鄂西北,1982,2000.0
INTERTRAN鄂西-鄂西北,1983,2000.0
INTERTRAN鄂西-鄂西北,1984,2000.0
INTERTRAN鄂西-鄂西北,1985,2000.0
INTERTRAN鄂西-鄂西北,1986,2000.0
INTERTRAN鄂西-鄂西北,1987,2000.0
INTERTRAN鄂西-鄂西北,1988,2000.0
INTERTRAN鄂西-鄂西北,1989,2000.0
INTERTRAN鄂西-鄂西北,1990,2000.0
INTERTRAN鄂西-鄂西北,1991,1162.104868637502
INTERTRAN鄂西-鄂西北,1992,2000.0
INTERTRAN鄂西-鄂西北,1993,1416.039390000003
INTERTRAN鄂西-鄂西北,1994,1288.7420075000005
INTERTRAN鄂西-鄂西北,1995,2000.0
INTERTRAN鄂西-鄂西北,1996,1234.9389549999953
INTERTRAN鄂西-鄂西北,1997,1011.8187575000014
INTERTRAN鄂西-鄂西北,1998,1089.3685075000003
INTERTRAN鄂西-鄂西北,1999,524.0306075000187
INTERTRAN鄂西-鄂西北,2000,2000.0
INTERTRAN鄂西-鄂西北,2001,1032.4019999999932
INTERTRAN鄂西-鄂西北,2002,2000.0
INTERTRAN鄂西-鄂西北,2003,2000.0
INTERTRAN鄂西-鄂西北,2004,2000.0
INTERTRAN鄂西-鄂西北,2005,2000.0
INTERTRAN鄂西-鄂西北,2006,2000.0
INTERTRAN鄂西-鄂西北,2007,2000.0
INTERTRAN鄂西-鄂西北,2008,2000.0
INTERTRAN鄂西-鄂西北,2009,2000.0
INTERTRAN鄂西-鄂西北,2010,2000.0
INTERTRAN鄂西-鄂西北,2011,2000.0
INTERTRAN鄂西-鄂西北,2012,2000.0
INTERTRAN鄂西-鄂西北,2013,2000.0
INTERTRAN鄂西-鄂西北,2014,2000.0
INTERTRAN鄂西-鄂西北,2015,2000.0
INTERTRAN鄂西-鄂东,2016,9395.070800000009
INTERTRAN鄂西-鄂东,2017,9235.20959
INTERTRAN鄂西-鄂东,2018,10699.894139999999
INTERTRAN鄂西-鄂东,2019,7331.664639999999
INTERTRAN鄂西-鄂东,2020,7580.95174
INTERTRAN鄂西-鄂东,2021,8371.818985000002
INTERTRAN鄂西-鄂东,2022,7686.699500800094
INTERTRAN鄂西-鄂东,2023,10118.061599999997
INTERTRAN鄂西-鄂东,2024,11269.619599999998
INTERTRAN鄂西-鄂东,2025,8347.007899999997
INTERTRAN鄂西-鄂东,2026,4815.938860000001
INTERTRAN鄂西-鄂东,2027,6647.218955100004
INTERTRAN鄂西-鄂东,2028,6938.68722654319
INTERTRAN鄂西-鄂东,2029,6589.8733399999965
INTERTRAN鄂西-鄂东,2030,4201.875800000001
INTERTRAN鄂西-鄂东,2031,6768.43724
INTERTRAN鄂西-鄂东,2032,7260.389710000003
INTERTRAN鄂西-鄂东,2033,10286.382294999996
INTERTRAN鄂西-鄂东,2034,10568.975094999998
INTERTRAN鄂西-鄂东,2035,9672.681094999998
INTERTRAN鄂西-鄂东,2036,10869.548695000001
INTERTRAN鄂西-鄂东,2037,10890.74566
INTERTRAN鄂西-鄂东,2038,10120.113470000008
INTERTRAN鄂西-鄂东,2039,10417.919355714304
INTERTRAN鄂西-鄂东,2040,8008.375979400023
INTERTRAN鄂西-鄂东,2041,7883.858370000005
INTERTRAN鄂西-鄂东,2042,8367.462535
INTERTRAN鄂西-鄂东,2043,6992.841729999999
INTERTRAN鄂西-鄂东,2044,9416.144835000001
INTERTRAN鄂西-鄂东,2045,5209.049920000007
INTERTRAN鄂西-鄂东,2046,10113.04873
INTERTRAN鄂西-鄂东,2047,10272.285730000001
INTERTRAN鄂西-鄂东,2048,9066.337685000004
INTERTRAN鄂西-鄂东,2049,10467.936230000001
INTERTRAN鄂西-鄂东,2050,10275.661384999998
INTERTRAN鄂西-鄂东,2051,7088.030429999999
INTERTRAN鄂西-鄂东,2052,4399.429635000008
INTERTRAN鄂西-鄂东,2053,5261.501054999999
INTERTRAN鄂西-鄂东,2054,4252.659575714281
INTERTRAN鄂西-鄂东,2055,4290.638344999999
INTERTRAN鄂西-鄂东,2056,8154.958635000003
INTERTRAN鄂西-鄂东,2057,10903.564205000004
INTERTRAN鄂西-鄂东,2058,10111.01043
INTERTRAN鄂西-鄂东,2059,10946.640529999999
INTERTRAN鄂西-鄂东,2060,10775.296165000009
INTERTRAN鄂西-鄂东,2061,9382.900214285728
INTERTRAN鄂西-鄂东,2062,7923.806459099973
INTERTRAN鄂西-鄂东,2063,10032.595229999999
INTERTRAN鄂西-鄂东,2064,8858.393300000002
INTERTRAN鄂西-鄂东,2065,4942.892624285705
INTERTRAN鄂西-鄂东,2066,8143.757806750002
INTERTRAN鄂西-鄂东,2067,7389.044865000012
INTERTRAN鄂西-鄂东,2068,8933.31830499996
INTERTRAN鄂西-鄂东,2069,3743.5375850000023
INTERTRAN鄂西-鄂东,2070,9867.83323
INTERTRAN鄂西-鄂东,2071,11230.53963
INTERTRAN鄂西-鄂东,2072,10669.125419999997
INTERTRAN鄂西-鄂东,2073,8098.378230000002
INTERTRAN鄂西-鄂东,2074,1637.2670450000014
INTERTRAN鄂西-鄂东,2075,5639.504963333354
INTERTRAN鄂西-鄂东,2076,4418.039795061709
INTERTRAN鄂西-鄂东,2077,6915.761899999983
INTERTRAN鄂西-鄂东,2078,8217.85776382722
INTERTRAN鄂西-鄂东,2079,3168.5240999999824
INTERTRAN鄂西-鄂东,2080,3250.7246399999985
INTERTRAN鄂西-鄂东,2081,9026.370699999983
INTERTRAN鄂西-鄂东,2082,8506.244354999995
INTERTRAN鄂西-鄂东,2083,10873.827975000007
INTERTRAN鄂西-鄂东,2084,8523.512432857126
INTERTRAN鄂西-鄂东,2085,9094.92611500001
INTERTRAN鄂西-鄂东,2086,8137.583165000007
INTERTRAN鄂西-鄂东,2087,10329.715432857127
INTERTRAN鄂西-鄂东,2088,9725.312332857127
INTERTRAN鄂西-鄂东,2089,9621.876932857127
INTERTRAN鄂西-鄂东,2090,8604.961937857126
INTERTRAN鄂西-鄂东,2091,9277.515532857118
INTERTRAN鄂西-鄂东,2092,8249.012229999997
INTERTRAN鄂西-鄂东,2093,9917.145910000005
INTERTRAN鄂西-鄂东,2094,10229.958410000005
INTERTRAN鄂西-鄂东,2095,9261.372910000006
INTERTRAN鄂西-鄂东,2096,9380.965510000005
INTERTRAN鄂西-鄂东,2097,12600.0
INTERTRAN鄂西-鄂东,2098,6508.407110100019
INTERTRAN鄂西-鄂东,2099,8073.452950000001
INTERTRAN鄂西-鄂东,2100,5309.090415000006
INTERTRAN鄂西-鄂东,2101,4060.600275000003
INTERTRAN鄂西-鄂东,2102,2461.583685000008
INTERTRAN鄂西-鄂东,2103,5230.801236428594
INTERTRAN鄂西-鄂东,2104,7049.475144999995
INTERTRAN鄂西-鄂东,2105,11200.701715000001
INTERTRAN鄂西-鄂东,2106,10900.835810000004
INTERTRAN鄂西-鄂东,2107,9707.355910000006
INTERTRAN鄂西-鄂东,2108,10238.945575000003
INTERTRAN鄂西-鄂东,2109,10696.181915000001
INTERTRAN鄂西-鄂东,2110,9617.775510000007
INTERTRAN鄂西-鄂东,2111,10489.434365000003
INTERTRAN鄂西-鄂东,2112,10503.164410000005
INTERTRAN鄂西-鄂东,2113,9259.597715000009
INTERTRAN鄂西-鄂东,2114,9350.246415000009
INTERTRAN鄂西-鄂东,2115,10451.826910000002
INTERTRAN鄂西-鄂东,2116,7969.751715000008
INTERTRAN鄂西-鄂东,2117,8709.665215000006
INTERTRAN鄂西-鄂东,2118,9095.670910000006
INTERTRAN鄂西-鄂东,2119,10210.792497857154
INTERTRAN鄂西-鄂东,2120,10805.335101907116
INTERTRAN鄂西-鄂东,2121,10797.314010000006
INTERTRAN鄂西-鄂东,2122,5448.320320714279
INTERTRAN鄂西-鄂东,2123,3651.2959999999985
INTERTRAN鄂西-鄂东,2124,6169.617705432102
INTERTRAN鄂西-鄂东,2125,5391.295439999998
INTERTRAN鄂西-鄂东,2126,6905.501780740742
INTERTRAN鄂西-鄂东,2127,5183.088406666667
INTERTRAN鄂西-鄂东,2128,3365.7624000000014
INTERTRAN鄂西-鄂东,2129,12170.741855000006
INTERTRAN鄂西-鄂东,2130,11962.965210000006
INTERTRAN鄂西-鄂东,2131,10442.738110000008
INTERTRAN鄂西-鄂东,2132,10351.487710000007
INTERTRAN鄂西-鄂东,2133,9667.591122857146
INTERTRAN鄂西-鄂东,2134,9698.020810000007
INTERTRAN鄂西-鄂东,2135,9967.915457142863
INTERTRAN鄂西-鄂东,2136,9827.772010000006
INTERTRAN鄂西-鄂东,2137,8905.738655714293
INTERTRAN鄂西-鄂东,2138,10220.698307142864
INTERTRAN鄂西-鄂东,2139,10151.282157142858
INTERTRAN鄂西-鄂东,2140,8596.857722857152
INTERTRAN鄂西-鄂东,2141,10217.539310000004
INTERTRAN鄂西-鄂东,2142,11178.064167857146
INTERTRAN鄂西-鄂东,2143,12082.445902142863
INTERTRAN鄂西-鄂东,2144,7186.037915000005
INTERTRAN鄂西-鄂东,2145,11827.561829999999
INTERTRAN鄂西-鄂东,2146,3483.333557142863
INTERTRAN鄂西-鄂东,2147,5587.521129999999
INTERTRAN鄂西-鄂东,2148,4686.98007285714
INTERTRAN鄂西-鄂东,2149,2990.2306
INTERTRAN鄂西-鄂东,2150,7240.332974999998
INTERTRAN鄂西-鄂东,2151,3284.5534600000055
INTERTRAN鄂西-鄂东,2152,3990.2538771428763
INTERTRAN鄂西-鄂东,2153,8201.638022142863
INTERTRAN鄂西-鄂东,2154,8197.132227142858
INTERTRAN鄂西-鄂东,2155,10919.740765714287
INTERTRAN鄂西-鄂东,2156,10291.438055714276
INTERTRAN鄂西-鄂东,2157,9845.008310714295
INTERTRAN鄂西-鄂东,2158,9867.901810714293
INTERTRAN鄂西-鄂东,2159,10222.835002857131
INTERTRAN鄂西北-鄂东,2016,127.78533999998945
INTERTRAN鄂西北-鄂东,2017,-457.81975000000057
INTERTRAN鄂西北-鄂东,2018,-64.66200000000072
INTERTRAN鄂西北-鄂东,2019,3000.0
INTERTRAN鄂西北-鄂东,2020,3000.0
INTERTRAN鄂西北-鄂东,2021,-47.02314500000011
INTERTRAN鄂西北-鄂东,2022,940.6636391999075
INTERTRAN鄂西北-鄂东,2023,-951.9529800000009
INTERTRAN鄂西北-鄂东,2024,-369.6777600000005
INTERTRAN鄂西北-鄂东,2025,1474.648240000006
INTERTRAN鄂西北-鄂东,2026,1133.1622799999996
INTERTRAN鄂西北-鄂东,2027,929.3405848999984
INTERTRAN鄂西北-鄂东,2028,-3000.0
INTERTRAN鄂西北-鄂东,2029,-3000.0
INTERTRAN鄂西北-鄂东,2030,1107.8085149999997
INTERTRAN鄂西北-鄂东,2031,1027.4985
INTERTRAN鄂西北-鄂东,2032,911.331529999999
INTERTRAN鄂西北-鄂东,2033,-2568.7971750000006
INTERTRAN鄂西北-鄂东,2034,-2144.3932250000007
INTERTRAN鄂西北-鄂东,2035,-263.5601549999974
INTERTRAN鄂西北-鄂东,2036,-1370.185255
INTERTRAN鄂西北-鄂东,2037,-1510.1988949999993
INTERTRAN鄂西北-鄂东,2038,-750.5493950000005
INTERTRAN鄂西北-鄂东,2039,-807.1456449999996
INTERTRAN鄂西北-鄂东,2040,-238.5763950000005
INTERTRAN鄂西北-鄂东,2041,245.26110499999913
INTERTRAN鄂西北-鄂东,2042,-430.56539500000144
INTERTRAN鄂西北-鄂东,2043,2159.3179999999993
INTERTRAN鄂西北-鄂东,2044,41.895105000000285
INTERTRAN鄂西北-鄂东,2045,2032.2874999999995
INTERTRAN鄂西北-鄂东,2046,147.69510499999933
INTERTRAN鄂西北-鄂东,2047,-664.1692300000004
INTERTRAN鄂西北-鄂东,2048,-1583.5155650000004
INTERTRAN鄂西北-鄂东,2049,-2225.088029999999
INTERTRAN鄂西北-鄂东,2050,-842.9461549999993
INTERTRAN鄂西北-鄂东,2051,1055.4362999999998
INTERTRAN鄂西北-鄂东,2052,1813.9710599999985
INTERTRAN鄂西北-鄂东,2053,1455.1416849999996
INTERTRAN鄂西北-鄂东,2054,1735.5263642857162
INTERTRAN鄂西北-鄂东,2055,1548.368395
INTERTRAN鄂西北-鄂东,2056,-2172.576770000001
INTERTRAN鄂西北-鄂东,2057,-1098.8427849999987
INTERTRAN鄂西北-鄂东,2058,-1995.29901
INTERTRAN鄂西北-鄂东,2059,-2357.3252700000003
INTERTRAN鄂西北-鄂东,2060,-1176.2105449999997
INTERTRAN鄂西北-鄂东,2061,-314.1456742857161
INTERTRAN鄂西北-鄂东,2062,-154.074839099967
INTERTRAN鄂西北-鄂东,2063,409.1733550000008
INTERTRAN鄂西北-鄂东,2064,225.10058499999832
INTERTRAN鄂西北-鄂东,2065,1907.8152499999987
INTERTRAN鄂西北-鄂东,2066,611.2224582500007
INTERTRAN鄂西北-鄂东,2067,2694.7578649999878
INTERTRAN鄂西北-鄂东,2068,561.2895900000422
INTERTRAN鄂西北-鄂东,2069,3000.0
INTERTRAN鄂西北-鄂东,2070,-259.4066450000005
INTERTRAN鄂西北-鄂东,2071,-546.0651099999941
INTERTRAN鄂西北-鄂东,2072,170.59110000000078
INTERTRAN鄂西北-鄂东,2073,-279.1119099999993
INTERTRAN鄂西北-鄂东,2074,1448.7635850000047
INTERTRAN鄂西北-鄂东,2075,-3000.0
INTERTRAN鄂西北-鄂东,2076,-3000.0
INTERTRAN鄂西北-鄂东,2077,-3000.0
INTERTRAN鄂西北-鄂东,2078,-3000.0
INTERTRAN鄂西北-鄂东,2079,-3000.0
INTERTRAN鄂西北-鄂东,2080,-3000.0
INTERTRAN鄂西北-鄂东,2081,-2823.051610000001
INTERTRAN鄂西北-鄂东,2082,1057.176485
INTERTRAN鄂西北-鄂东,2083,-1574.4057550000005
INTERTRAN鄂西北-鄂东,2084,1481.1882871428825
INTERTRAN鄂西北-鄂东,2085,828.0971049999998
INTERTRAN鄂西北-鄂东,2086,269.7543549999991
INTERTRAN鄂西北-鄂东,2087,-499.51989500000036
INTERTRAN鄂西北-鄂东,2088,-622.0773950000007
INTERTRAN鄂西北-鄂东,2089,-79.13211285712168
INTERTRAN鄂西北-鄂东,2090,648.120355
INTERTRAN鄂西北-鄂东,2091,-143.81489500000043
INTERTRAN鄂西北-鄂东,2092,1637.632355000003
INTERTRAN鄂西北-鄂东,2093,-431.12389500000063
INTERTRAN鄂西北-鄂东,2094,-656.0831450000005
INTERTRAN鄂西北-鄂东,2095,-1631.4672899999994
INTERTRAN鄂西北-鄂东,2096,-895.0056950000026
INTERTRAN鄂西北-鄂东,2097,-1418.7913549999992
INTERTRAN鄂西北-鄂东,2098,-698.7386901000123
INTERTRAN鄂西北-鄂东,2099,-1170.302154999999
INTERTRAN鄂西北-鄂东,2100,1298.15456
INTERTRAN鄂西北-鄂东,2101,1388.9730649999988
INTERTRAN鄂西北-鄂东,2102,1300.820509999999
INTERTRAN鄂西北-鄂东,2103,1352.3546099999985
INTERTRAN鄂西北-鄂东,2104,1059.1541950000005
INTERTRAN鄂西北-鄂东,2105,-1294.4885949999993
INTERTRAN鄂西北-鄂东,2106,-1941.740594999999
INTERTRAN鄂西北-鄂东,2107,-2666.402535
INTERTRAN鄂西北-鄂东,2108,-245.5820550000003
INTERTRAN鄂西北-鄂东,2109,-1132.6468949999987
INTERTRAN鄂西北-鄂东,2110,-725.600144999999
INTERTRAN鄂西北-鄂东,2111,-485.26164500000004
INTERTRAN鄂西北-鄂东,2112,-169.64232500000435
INTERTRAN鄂西北-鄂东,2113,499.61960499999964
INTERTRAN鄂西北-鄂东,2114,-71.44789500000024
INTERTRAN鄂西北-鄂东,2115,-333.02164500000026
INTERTRAN鄂西北-鄂东,2116,143.26010499999984
INTERTRAN鄂西北-鄂东,2117,-54.28164500000048
INTERTRAN鄂西北-鄂东,2118,-1348.42121519288
INTERTRAN鄂西北-鄂东,2119,967.8973799999951
INTERTRAN鄂西北-鄂东,2120,-270.77082690001725
INTERTRAN鄂西北-鄂东,2121,-1091.2997321428593
INTERTRAN鄂西北-鄂东,2122,1557.7198742857245
INTERTRAN鄂西北-鄂东,2123,1308.8406599999998
INTERTRAN鄂西北-鄂东,2124,-3000.0
INTERTRAN鄂西北-鄂东,2125,-3000.0
INTERTRAN鄂西北-鄂东,2126,-3000.0
INTERTRAN鄂西北-鄂东,2127,-3000.0
INTERTRAN鄂西北-鄂东,2128,1726.649739999997
INTERTRAN鄂西北-鄂东,2129,-1202.6099599999998
INTERTRAN鄂西北-鄂东,2130,-1216.8461000000004
INTERTRAN鄂西北-鄂东,2131,-1033.3589899999988
INTERTRAN鄂西北-鄂东,2132,-2113.797639999999
INTERTRAN鄂西北-鄂东,2133,-1101.7236449999991
INTERTRAN鄂西北-鄂东,2134,-484.91478714286313
INTERTRAN鄂西北-鄂东,2135,492.61510499999986
INTERTRAN鄂西北-鄂东,2136,-356.1103949999997
INTERTRAN鄂西北-鄂东,2137,546.1798549999994
INTERTRAN鄂西北-鄂东,2138,-89.58364500000062
INTERTRAN鄂西北-鄂东,2139,-329.12639500000023
INTERTRAN鄂西北-鄂东,2140,180.4783550000002
INTERTRAN鄂西北-鄂东,2141,-373.68664499999977
INTERTRAN鄂西北-鄂东,2142,-407.02864500000123
INTERTRAN鄂西北-鄂东,2143,-511.61504000000104
INTERTRAN鄂西北-鄂东,2144,-788.1596249999998
INTERTRAN鄂西北-鄂东,2145,-654.2723549999989
INTERTRAN鄂西北-鄂东,2146,994.3951050000001
INTERTRAN鄂西北-鄂东,2147,1259.3588099999993
INTERTRAN鄂西北-鄂东,2148,1392.8999671428617
INTERTRAN鄂西北-鄂东,2149,1452.07594
INTERTRAN鄂西北-鄂东,2150,-2731.003634999999
INTERTRAN鄂西北-鄂东,2151,1231.5299799999991
INTERTRAN鄂西北-鄂东,2152,931.1589649999992
INTERTRAN鄂西北-鄂东,2153,1120.7779849999995
INTERTRAN鄂西北-鄂东,2154,984.4392799999994
INTERTRAN鄂西北-鄂东,2155,-1144.8239099999987
INTERTRAN鄂西北-鄂东,2156,-1076.4663999999993
INTERTRAN鄂西北-鄂东,2157,-122.3768000000041
INTERTRAN鄂西北-鄂东,2158,-1453.8272999999995
INTERTRAN鄂西北-鄂东,2159,-273.43835000000286
INTERTRAN鄂西-鄂西北,2016,-2000.0
INTERTRAN鄂西-鄂西北,2017,-2000.0
INTERTRAN鄂西-鄂西北,2018,-2000.0
INTERTRAN鄂西-鄂西北,2019,1290.859250000001
INTERTRAN鄂西-鄂西北,2020,934.3830000000007
INTERTRAN鄂西-鄂西北,2021,-2000.0
INTERTRAN鄂西-鄂西北,2022,-2000.0
INTERTRAN鄂西-鄂西北,2023,-2000.0
INTERTRAN鄂西-鄂西北,2024,-2000.0
INTERTRAN鄂西-鄂西北,2025,-2000.0
INTERTRAN鄂西-鄂西北,2026,2000.0
INTERTRAN鄂西-鄂西北,2027,2000.0
INTERTRAN鄂西-鄂西北,2028,-2000.0
INTERTRAN鄂西-鄂西北,2029,-2000.0
INTERTRAN鄂西-鄂西北,2030,2000.0
INTERTRAN鄂西-鄂西北,2031,2000.0
INTERTRAN鄂西-鄂西北,2032,2000.0
INTERTRAN鄂西-鄂西北,2033,-2000.0
INTERTRAN鄂西-鄂西北,2034,-2000.0
INTERTRAN鄂西-鄂西北,2035,-2000.0
INTERTRAN鄂西-鄂西北,2036,-2000.0
INTERTRAN鄂西-鄂西北,2037,-2000.0
INTERTRAN鄂西-鄂西北,2038,-2000.0
INTERTRAN鄂西-鄂西北,2039,-2000.0
INTERTRAN鄂西-鄂西北,2040,-2000.0
INTERTRAN鄂西-鄂西北,2041,-2000.0
INTERTRAN鄂西-鄂西北,2042,-2000.0
INTERTRAN鄂西-鄂西北,2043,2000.0
INTERTRAN鄂西-鄂西北,2044,-2000.0
INTERTRAN鄂西-鄂西北,2045,2000.0
INTERTRAN鄂西-鄂西北,2046,-2000.0
INTERTRAN鄂西-鄂西北,2047,-2000.0
INTERTRAN鄂西-鄂西北,2048,-2000.0
INTERTRAN鄂西-鄂西北,2049,-2000.0
INTERTRAN鄂西-鄂西北,2050,-2000.0
INTERTRAN鄂西-鄂西北,2051,2000.0
INTERTRAN鄂西-鄂西北,2052,2000.0
INTERTRAN鄂西-鄂西北,2053,2000.0
INTERTRAN鄂西-鄂西北,2054,2000.0
INTERTRAN鄂西-鄂西北,2055,2000.0
INTERTRAN鄂西-鄂西北,2056,-2000.0
INTERTRAN鄂西-鄂西北,2057,-2000.0
INTERTRAN鄂西-鄂西北,2058,-2000.0
INTERTRAN鄂西-鄂西北,2059,-2000.0
INTERTRAN鄂西-鄂西北,2060,-2000.0
INTERTRAN鄂西-鄂西北,2061,-2000.0
INTERTRAN鄂西-鄂西北,2062,-2000.0
INTERTRAN鄂西-鄂西北,2063,-2000.0
INTERTRAN鄂西-鄂西北,2064,-2000.0
INTERTRAN鄂西-鄂西北,2065,2000.0
INTERTRAN鄂西-鄂西北,2066,-2000.0
INTERTRAN鄂西-鄂西北,2067,2000.0
INTERTRAN鄂西-鄂西北,2068,-2000.0
INTERTRAN鄂西-鄂西北,2069,2000.0
INTERTRAN鄂西-鄂西北,2070,-2000.0
INTERTRAN鄂西-鄂西北,2071,-2000.0
INTERTRAN鄂西-鄂西北,2072,-2000.0
INTERTRAN鄂西-鄂西北,2073,-2000.0
INTERTRAN鄂西-鄂西北,2074,2000.0
INTERTRAN鄂西-鄂西北,2075,-35.39046333336955
INTERTRAN鄂西-鄂西北,2076,2000.0
INTERTRAN鄂西-鄂西北,2077,2000.0
INTERTRAN鄂西-鄂西北,2078,2000.0
INTERTRAN鄂西-鄂西北,2079,2000.0
INTERTRAN鄂西-鄂西北,2080,6.284590740745813
INTERTRAN鄂西-鄂西北,2081,-2000.0
INTERTRAN鄂西-鄂西北,2082,2000.0
INTERTRAN鄂西-鄂西北,2083,-2000.0
INTERTRAN鄂西-鄂西北,2084,-2000.0
INTERTRAN鄂西-鄂西北,2085,-2000.0
INTERTRAN鄂西-鄂西北,2086,-2000.0
INTERTRAN鄂西-鄂西北,2087,-2000.0
INTERTRAN鄂西-鄂西北,2088,-2000.0
INTERTRAN鄂西-鄂西北,2089,-2000.0
INTERTRAN鄂西-鄂西北,2090,-2000.0
INTERTRAN鄂西-鄂西北,2091,-2000.0
INTERTRAN鄂西-鄂西北,2092,-2000.0
INTERTRAN鄂西-鄂西北,2093,-2000.0
INTERTRAN鄂西-鄂西北,2094,-2000.0
INTERTRAN鄂西-鄂西北,2095,-2000.0
INTERTRAN鄂西-鄂西北,2096,-2000.0
INTERTRAN鄂西-鄂西北,2097,-2000.0
INTERTRAN鄂西-鄂西北,2098,-2000.0
INTERTRAN鄂西-鄂西北,2099,-2000.0
INTERTRAN鄂西-鄂西北,2100,2000.0
INTERTRAN鄂西-鄂西北,2101,2000.0
INTERTRAN鄂西-鄂西北,2102,2000.0
INTERTRAN鄂西-鄂西北,2103,2000.0
INTERTRAN鄂西-鄂西北,2104,2000.0
INTERTRAN鄂西-鄂西北,2105,-2000.0
INTERTRAN鄂西-鄂西北,2106,-2000.0
INTERTRAN鄂西-鄂西北,2107,-2000.0
INTERTRAN鄂西-鄂西北,2108,-2000.0
INTERTRAN鄂西-鄂西北,2109,-2000.0
INTERTRAN鄂西-鄂西北,2110,-2000.0
INTERTRAN鄂西-鄂西北,2111,-2000.0
INTERTRAN鄂西-鄂西北,2112,-2000.0
INTERTRAN鄂西-鄂西北,2113,-2000.0
INTERTRAN鄂西-鄂西北,2114,-2000.0
INTERTRAN鄂西-鄂西北,2115,-2000.0
INTERTRAN鄂西-鄂西北,2116,-2000.0
INTERTRAN鄂西-鄂西北,2117,-2000.0
INTERTRAN鄂西-鄂西北,2118,-2000.0
INTERTRAN鄂西-鄂西北,2119,-2000.0
INTERTRAN鄂西-鄂西北,2120,-2000.0
INTERTRAN鄂西-鄂西北,2121,-2000.0
INTERTRAN鄂西-鄂西北,2122,2000.0
INTERTRAN鄂西-鄂西北,2123,2000.0
INTERTRAN鄂西-鄂西北,2124,-559.1743967901448
INTERTRAN鄂西-鄂西北,2125,-747.182776922372
INTERTRAN鄂西-鄂西北,2126,-430.94783135804573
INTERTRAN鄂西-鄂西北,2127,571.7931933333175
INTERTRAN鄂西-鄂西北,2128,2000.0
INTERTRAN鄂西-鄂西北,2129,-2000.0
INTERTRAN鄂西-鄂西北,2130,-2000.0
INTERTRAN鄂西-鄂西北,2131,-2000.0
INTERTRAN鄂西-鄂西北,2132,-2000.0
INTERTRAN鄂西-鄂西北,2133,-2000.0
INTERTRAN鄂西-鄂西北,2134,-2000.0
INTERTRAN鄂西-鄂西北,2135,-2000.0
INTERTRAN鄂西-鄂西北,2136,-2000.0
INTERTRAN鄂西-鄂西北,2137,-2000.0
INTERTRAN鄂西-鄂西北,2138,-2000.0
INTERTRAN鄂西-鄂西北,2139,-2000.0
INTERTRAN鄂西-鄂西北,2140,-2000.0
INTERTRAN鄂西-鄂西北,2141,-2000.0
INTERTRAN鄂西-鄂西北,2142,-2000.0
INTERTRAN鄂西-鄂西北,2143,-2000.0
INTERTRAN鄂西-鄂西北,2144,-2000.0
INTERTRAN鄂西-鄂西北,2145,-2000.0
INTERTRAN鄂西-鄂西北,2146,2000.0
INTERTRAN鄂西-鄂西北,2147,2000.0
INTERTRAN鄂西-鄂西北,2148,2000.0
INTERTRAN鄂西-鄂西北,2149,2000.0
INTERTRAN鄂西-鄂西北,2150,-2000.0
INTERTRAN鄂西-鄂西北,2151,2000.0
INTERTRAN鄂西-鄂西北,2152,2000.0
INTERTRAN鄂西-鄂西北,2153,2000.0
INTERTRAN鄂西-鄂西北,2154,2000.0
INTERTRAN鄂西-鄂西北,2155,-2000.0
INTERTRAN鄂西-鄂西北,2156,-2000.0
INTERTRAN鄂西-鄂西北,2157,-2000.0
INTERTRAN鄂西-鄂西北,2158,-2000.0
INTERTRAN鄂西-鄂西北,2159,-2000.0
INTERTRAN鄂西-鄂东,2160,8918.19731851852
INTERTRAN鄂西-鄂东,2161,10066.648698724646
INTERTRAN鄂西-鄂东,2162,9795.72610436615
INTERTRAN鄂西-鄂东,2163,10042.697913242308
INTERTRAN鄂西-鄂东,2164,11217.248517857115
INTERTRAN鄂西-鄂东,2165,7508.332299999998
INTERTRAN鄂西-鄂东,2166,8804.465299999996
INTERTRAN鄂西-鄂东,2167,1852.073333333332
INTERTRAN鄂西-鄂东,2168,9761.517049360802
INTERTRAN鄂西-鄂东,2169,9638.530510048135
INTERTRAN鄂西-鄂东,2170,12600.0
INTERTRAN鄂西-鄂东,2171,2753.306890586011
INTERTRAN鄂西-鄂东,2172,5013.859085000004
INTERTRAN鄂西-鄂东,2173,5364.58495802469
INTERTRAN鄂西-鄂东,2174,11250.419500000004
INTERTRAN鄂西-鄂东,2175,6126.25026666667
INTERTRAN鄂西-鄂东,2176,5601.747843294754
INTERTRAN鄂西-鄂东,2177,4277.765479199996
INTERTRAN鄂西-鄂东,2178,7346.558509803923
INTERTRAN鄂西-鄂东,2179,11606.664728923679
INTERTRAN鄂西-鄂东,2180,8489.940999999999
INTERTRAN鄂西-鄂东,2181,4478.664999999997
INTERTRAN鄂西-鄂东,2182,8263.717649999999
INTERTRAN鄂西-鄂东,2183,8595.546863945354
INTERTRAN鄂西-鄂东,2184,11148.564754008607
INTERTRAN鄂西-鄂东,2185,9656.712
INTERTRAN鄂西-鄂东,2186,6388.493799999997
INTERTRAN鄂西-鄂东,2187,11299.455228976032
INTERTRAN鄂西-鄂东,2188,9755.173845267338
INTERTRAN鄂西-鄂东,2189,11403.6233
INTERTRAN鄂西-鄂东,2190,4918.493192592592
INTERTRAN鄂西-鄂东,2191,7437.076631111115
INTERTRAN鄂西-鄂东,2192,7181.760444326472
INTERTRAN鄂西-鄂东,2193,10663.655206481486
INTERTRAN鄂西-鄂东,2194,10150.41041603607
INTERTRAN鄂西-鄂东,2195,8676.986211414907
INTERTRAN鄂西-鄂东,2196,7483.210824691356
INTERTRAN鄂西-鄂东,2197,5581.281577777776
INTERTRAN鄂西-鄂东,2198,3573.2224592592574
INTERTRAN鄂西-鄂东,2199,7584.7752
INTERTRAN鄂西-鄂东,2200,8343.586744444445
INTERTRAN鄂西-鄂东,2201,10893.055642469135
INTERTRAN鄂西-鄂东,2202,7995.239551518796
INTERTRAN鄂西-鄂东,2203,8483.612480609427
INTERTRAN鄂西-鄂东,2204,7520.250172278742
INTERTRAN鄂西-鄂东,2205,3425.9448345679048
INTERTRAN鄂西-鄂东,2206,8308.593699999998
INTERTRAN鄂西-鄂东,2207,11550.947894117646
INTERTRAN鄂西-鄂东,2208,6863.694779012345
INTERTRAN鄂西-鄂东,2209,11855.550599999999
INTERTRAN鄂西-鄂东,2210,9610.032199999998
INTERTRAN鄂西-鄂东,2211,9017.5965
INTERTRAN鄂西-鄂东,2212,7337.6649
INTERTRAN鄂西-鄂东,2213,12496.705882716047
INTERTRAN鄂西-鄂东,2214,9494.4561
INTERTRAN鄂西-鄂东,2215,8267.739327946983
INTERTRAN鄂西-鄂东,2216,8383.559244444441
INTERTRAN鄂西-鄂东,2217,6566.796214978287
INTERTRAN鄂西-鄂东,2218,7951.180129633263
INTERTRAN鄂西-鄂东,2219,6555.543107843143
INTERTRAN鄂西-鄂东,2220,5637.069070370373
INTERTRAN鄂西-鄂东,2221,3591.5870987654307
INTERTRAN鄂西-鄂东,2222,9460.091068404741
INTERTRAN鄂西-鄂东,2223,7911.980815531089
INTERTRAN鄂西-鄂东,2224,6887.437918954249
INTERTRAN鄂西-鄂东,2225,9288.842699997625
INTERTRAN鄂西-鄂东,2226,12132.634322175985
INTERTRAN鄂西-鄂东,2227,10646.694529411761
INTERTRAN鄂西-鄂东,2228,8325.397708725486
INTERTRAN鄂西-鄂东,2229,9372.368273456788
INTERTRAN鄂西-鄂东,2230,3442.7666699723213
INTERTRAN鄂西-鄂东,2231,3193.3116469122106
INTERTRAN鄂西-鄂东,2232,12600.0
INTERTRAN鄂西-鄂东,2233,10806.064607485354
INTERTRAN鄂西-鄂东,2234,3548.4862519055605
INTERTRAN鄂西-鄂东,2235,3810.964
INTERTRAN鄂西-鄂东,2236,11191.0242
INTERTRAN鄂西-鄂东,2237,7742.037244117644
INTERTRAN鄂西-鄂东,2238,6721.5270350499995
INTERTRAN鄂西-鄂东,2239,3843.2867465575364
INTERTRAN鄂西-鄂东,2240,6465.176628749996
INTERTRAN鄂西-鄂东,2241,1214.7159649999994
INTERTRAN鄂西-鄂东,2242,9363.051411111112
INTERTRAN鄂西-鄂东,2243,5443.914003921571
INTERTRAN鄂西-鄂东,2244,4597.871848583385
INTERTRAN鄂西-鄂东,2245,4201.236706725806
INTERTRAN鄂西-鄂东,2246,-320.37780000000384
INTERTRAN鄂西-鄂东,2247,5025.762846913578
INTERTRAN鄂西-鄂东,2248,4315.071533121511
INTERTRAN鄂西-鄂东,2249,8553.023284791401
INTERTRAN鄂西-鄂东,2250,7678.905558823535
INTERTRAN鄂西-鄂东,2251,9029.700255555552
INTERTRAN鄂西-鄂东,2252,6857.009383950615
INTERTRAN鄂西-鄂东,2253,7440.939299999998
INTERTRAN鄂西-鄂东,2254,9399.3972
INTERTRAN鄂西-鄂东,2255,9115.892100000001
INTERTRAN鄂西-鄂东,2256,-3433.0362000000005
INTERTRAN鄂西-鄂东,2257,6682.557530916289
INTERTRAN鄂西-鄂东,2258,6945.452723529412
INTERTRAN鄂西-鄂东,2259,11037.270400000001
INTERTRAN鄂西-鄂东,2260,6450.574988887784
INTERTRAN鄂西-鄂东,2261,5806.333836444945
INTERTRAN鄂西-鄂东,2262,6773.401999999998
INTERTRAN鄂西-鄂东,2263,906.4766000000018
INTERTRAN鄂西-鄂东,2264,7381.9546999965205
INTERTRAN鄂西-鄂东,2265,7768.542179999997
INTERTRAN鄂西-鄂东,2266,3258.087855065358
INTERTRAN鄂西-鄂东,2267,4252.446969135803
INTERTRAN鄂西-鄂东,2268,333.7156755882352
INTERTRAN鄂西-鄂东,2269,-956.8492640048535
INTERTRAN鄂西-鄂东,2270,5798.031577777776
INTERTRAN鄂西-鄂东,2271,11076.83500649238
INTERTRAN鄂西-鄂东,2272,1635.140317283951
INTERTRAN鄂西-鄂东,2273,8912.986559477118
INTERTRAN鄂西-鄂东,2274,6394.895199999999
INTERTRAN鄂西-鄂东,2275,8143.646799999999
INTERTRAN鄂西-鄂东,2276,9175.126400000001
INTERTRAN鄂西-鄂东,2277,6585.4222185648105
INTERTRAN鄂西-鄂东,2278,7936.0389
INTERTRAN鄂西-鄂东,2279,3781.832625925923
INTERTRAN鄂西-鄂东,2280,6169.394154224159
INTERTRAN鄂西-鄂东,2281,1901.5499
INTERTRAN鄂西-鄂东,2282,12600.0
INTERTRAN鄂西-鄂东,2283,5819.117699999995
INTERTRAN鄂西-鄂东,2284,7029.253399999998
INTERTRAN鄂西-鄂东,2285,11035.18964629629
INTERTRAN鄂西-鄂东,2286,9172.329771968049
INTERTRAN鄂西-鄂东,2287,2328.949245098038
INTERTRAN鄂西-鄂东,2288,7272.568305999994
INTERTRAN鄂西-鄂东,2289,8314.829099999995
INTERTRAN鄂西-鄂东,2290,5884.1466
INTERTRAN鄂西-鄂东,2291,10251.819955555551
INTERTRAN鄂西-鄂东,2292,6258.261541709035
INTERTRAN鄂西-鄂东,2293,7606.948068627451
INTERTRAN鄂西-鄂东,2294,6721.604207407407
INTERTRAN鄂西-鄂东,2295,9085.289199999996
INTERTRAN鄂西-鄂东,2296,898.5032444407061
INTERTRAN鄂西-鄂东,2297,9890.191452941173
INTERTRAN鄂西-鄂东,2298,6100.733140882359
INTERTRAN鄂西-鄂东,2299,4771.352899999998
INTERTRAN鄂西-鄂东,2300,8396.67469
INTERTRAN鄂西-鄂东,2301,11625.585399999996
INTERTRAN鄂西-鄂东,2302,9266.188600000001
INTERTRAN鄂西-鄂东,2303,5676.944005882353
INTERTRAN鄂西北-鄂东,2160,3000.0
INTERTRAN鄂西北-鄂东,2161,-324.67057279871915
INTERTRAN鄂西北-鄂东,2162,1277.9877042758262
INTERTRAN鄂西北-鄂东,2163,-2019.3207968589522
INTERTRAN鄂西北-鄂东,2164,-2199.8643152115874
INTERTRAN鄂西北-鄂东,2165,3000.0
INTERTRAN鄂西北-鄂东,2166,2895.0916607142935
INTERTRAN鄂西北-鄂东,2167,3000.0
INTERTRAN鄂西北-鄂东,2168,-378.09958169413994
INTERTRAN鄂西北-鄂东,2169,3000.0
INTERTRAN鄂西北-鄂东,2170,-3000.0
INTERTRAN鄂西北-鄂东,2171,-1781.4675670565987
INTERTRAN鄂西北-鄂东,2172,-2229.133285
INTERTRAN鄂西北-鄂东,2173,-3000.0
INTERTRAN鄂西北-鄂东,2174,-3000.0
INTERTRAN鄂西北-鄂东,2175,-3000.0
INTERTRAN鄂西北-鄂东,2176,-3000.0
INTERTRAN鄂西北-鄂东,2177,2756.450520800001
INTERTRAN鄂西北-鄂东,2178,3000.0
INTERTRAN鄂西北-鄂东,2179,-1385.063028923681
INTERTRAN鄂西北-鄂东,2180,2221.0179000000026
INTERTRAN鄂西北-鄂东,2181,1150.3941308641997
INTERTRAN鄂西北-鄂东,2182,2198.58975
INTERTRAN鄂西北-鄂东,2183,2279.1434999999983
INTERTRAN鄂西北-鄂东,2184,-605.220923812527
INTERTRAN鄂西北-鄂东,2185,2178.0694999999996
INTERTRAN鄂西北-鄂东,2186,3000.0
INTERTRAN鄂西北-鄂东,2187,-239.48250544662278
INTERTRAN鄂西北-鄂东,2188,-1207.3477500000008
INTERTRAN鄂西北-鄂东,2189,-3000.0
INTERTRAN鄂西北-鄂东,2190,3000.0
INTERTRAN鄂西北-鄂东,2191,691.5445688888876
INTERTRAN鄂西北-鄂东,2192,3000.0
INTERTRAN鄂西北-鄂东,2193,437.977175
INTERTRAN鄂西北-鄂东,2194,-3000.0
INTERTRAN鄂西北-鄂东,2195,-3000.0
INTERTRAN鄂西北-鄂东,2196,-1848.2269238411836
INTERTRAN鄂西北-鄂东,2197,-2435.5754128395074
INTERTRAN鄂西北-鄂东,2198,-3000.0
INTERTRAN鄂西北-鄂东,2199,-3000.0
INTERTRAN鄂西北-鄂东,2200,-3000.0
INTERTRAN鄂西北-鄂东,2201,-3000.0
INTERTRAN鄂西北-鄂东,2202,3000.0
INTERTRAN鄂西北-鄂东,2203,2809.943625
INTERTRAN鄂西北-鄂东,2204,1808.0814200000004
INTERTRAN鄂西北-鄂东,2205,2764.3916654320947
INTERTRAN鄂西北-鄂东,2206,2499.8620999999985
INTERTRAN鄂西北-鄂东,2207,-1337.116031393739
INTERTRAN鄂西北-鄂东,2208,1222.2145567901262
INTERTRAN鄂西北-鄂东,2209,-3000.0
INTERTRAN鄂西北-鄂东,2210,-1118.1244999999997
INTERTRAN鄂西北-鄂东,2211,-3000.0
INTERTRAN鄂西北-鄂东,2212,283.19175949880173
INTERTRAN鄂西北-鄂东,2213,-832.8137965050219
INTERTRAN鄂西北-鄂东,2214,-2582.0038999999974
INTERTRAN鄂西北-鄂东,2215,3000.0
INTERTRAN鄂西北-鄂东,2216,3000.0
INTERTRAN鄂西北-鄂东,2217,-1836.5343610416649
INTERTRAN鄂西北-鄂东,2218,-1986.5203296332606
INTERTRAN鄂西北-鄂东,2219,-3000.0
INTERTRAN鄂西北-鄂东,2220,-3000.0
INTERTRAN鄂西北-鄂东,2221,-1022.8663800637219
INTERTRAN鄂西北-鄂东,2222,-3000.0
INTERTRAN鄂西北-鄂东,2223,-3000.0
INTERTRAN鄂西北-鄂东,2224,-3000.0
INTERTRAN鄂西北-鄂东,2225,-1626.763699997624
INTERTRAN鄂西北-鄂东,2226,-3000.0
INTERTRAN鄂西北-鄂东,2227,-3000.0
INTERTRAN鄂西北-鄂东,2228,-1353.629508725489
INTERTRAN鄂西北-鄂东,2229,-2706.1158734567903
INTERTRAN鄂西北-鄂东,2230,3000.0
INTERTRAN鄂西北-鄂东,2231,2406.2105092592583
INTERTRAN鄂西北-鄂东,2232,3000.0
INTERTRAN鄂西北-鄂东,2233,-61.549277777778116
INTERTRAN鄂西北-鄂东,2234,-2417.695495622516
INTERTRAN鄂西北-鄂东,2235,3000.0
INTERTRAN鄂西北-鄂东,2236,-2316.9795
INTERTRAN鄂西北-鄂东,2237,-1034.233044117647
INTERTRAN鄂西北-鄂东,2238,-1789.0272350500004
INTERTRAN鄂西北-鄂东,2239,1757.802094999999
INTERTRAN鄂西北-鄂东,2240,1996.9965599999996
INTERTRAN鄂西北-鄂东,2241,2162.433135
INTERTRAN鄂西北-鄂东,2242,-3000.0
INTERTRAN鄂西北-鄂东,2243,-3000.0
INTERTRAN鄂西北-鄂东,2244,-3000.0
INTERTRAN鄂西北-鄂东,2245,-3000.0
INTERTRAN鄂西北-鄂东,2246,-3000.0
INTERTRAN鄂西北-鄂东,2247,-3000.0
INTERTRAN鄂西北-鄂东,2248,-3000.0
INTERTRAN鄂西北-鄂东,2249,-3000.0
INTERTRAN鄂西北-鄂东,2250,-3000.0
INTERTRAN鄂西北-鄂东,2251,-2142.424720000001
INTERTRAN鄂西北-鄂东,2252,-2225.7201105882364
INTERTRAN鄂西北-鄂东,2253,93.32209999999941
INTERTRAN鄂西北-鄂东,2254,-3000.0
INTERTRAN鄂西北-鄂东,2255,-1239.21
INTERTRAN鄂西北-鄂东,2256,1883.2352500000006
INTERTRAN鄂西北-鄂东,2257,2174.3161690837096
INTERTRAN鄂西北-鄂东,2258,3000.0
INTERTRAN鄂西北-鄂东,2259,-2384.6229167146257
INTERTRAN鄂西北-鄂东,2260,2551.888291
INTERTRAN鄂西北-鄂东,2261,2546.38796683115
INTERTRAN鄂西北-鄂东,2262,-3000.0
INTERTRAN鄂西北-鄂东,2263,3000.0
INTERTRAN鄂西北-鄂东,2264,1023.290899999999
INTERTRAN鄂西北-鄂东,2265,3000.0
INTERTRAN鄂西北-鄂东,2266,794.1603449346412
INTERTRAN鄂西北-鄂东,2267,-3000.0
INTERTRAN鄂西北-鄂东,2268,1570.8923949999999
INTERTRAN鄂西北-鄂东,2269,-3000.0
INTERTRAN鄂西北-鄂东,2270,-3000.0
INTERTRAN鄂西北-鄂东,2271,-3000.0
INTERTRAN鄂西北-鄂东,2272,-3000.0
INTERTRAN鄂西北-鄂东,2273,-3000.0
INTERTRAN鄂西北-鄂东,2274,-3000.0
INTERTRAN鄂西北-鄂东,2275,-2229.1688000000004
INTERTRAN鄂西北-鄂东,2276,-583.7632150000004
INTERTRAN鄂西北-鄂东,2277,3000.0
INTERTRAN鄂西北-鄂东,2278,3000.0
INTERTRAN鄂西北-鄂东,2279,3000.0
INTERTRAN鄂西北-鄂东,2280,792.3977366255131
INTERTRAN鄂西北-鄂东,2281,3000.0
INTERTRAN鄂西北-鄂东,2282,-1412.2384058823554
INTERTRAN鄂西北-鄂东,2283,-295.59659999999894
INTERTRAN鄂西北-鄂东,2284,-1320.1763555555544
INTERTRAN鄂西北-鄂东,2285,-827.6167500000001
INTERTRAN鄂西北-鄂东,2286,-416.7507222222225
INTERTRAN鄂西北-鄂东,2287,2940.3158901960796
INTERTRAN鄂西北-鄂东,2288,1190.2520939999995
INTERTRAN鄂西北-鄂东,2289,-2032.4841943148467
INTERTRAN鄂西北-鄂东,2290,-3000.0
INTERTRAN鄂西北-鄂东,2291,-3000.0
INTERTRAN鄂西北-鄂东,2292,-3000.0
INTERTRAN鄂西北-鄂东,2293,-3000.0
INTERTRAN鄂西北-鄂东,2294,-3000.0
INTERTRAN鄂西北-鄂东,2295,-3000.0
INTERTRAN鄂西北-鄂东,2296,2530.9565555592935
INTERTRAN鄂西北-鄂东,2297,-3000.0
INTERTRAN鄂西北-鄂东,2298,-164.1378877450993
INTERTRAN鄂西北-鄂东,2299,964.7955000000002
INTERTRAN鄂西北-鄂东,2300,3000.0
INTERTRAN鄂西北-鄂东,2301,-3000.0
INTERTRAN鄂西北-鄂东,2302,3000.0
INTERTRAN鄂西北-鄂东,2303,3000.0
INTERTRAN鄂西-鄂西北,2160,-2000.0
INTERTRAN鄂西-鄂西北,2161,-2000.0
INTERTRAN鄂西-鄂西北,2162,-2000.0
INTERTRAN鄂西-鄂西北,2163,-2000.0
INTERTRAN鄂西-鄂西北,2164,-2000.0
INTERTRAN鄂西-鄂西北,2165,-210.4380999999994
INTERTRAN鄂西-鄂西北,2166,-2000.0
INTERTRAN鄂西-鄂西北,2167,2000.0
INTERTRAN鄂西-鄂西北,2168,-2000.0
INTERTRAN鄂西-鄂西北,2169,-372.15681255000004
INTERTRAN鄂西-鄂西北,2170,-872.1080746842636
INTERTRAN鄂西-鄂西北,2171,-2000.0
INTERTRAN鄂西-鄂西北,2172,2000.0
INTERTRAN鄂西-鄂西北,2173,2000.0
INTERTRAN鄂西-鄂西北,2174,488.11814684901447
INTERTRAN鄂西-鄂西北,2175,2000.0
INTERTRAN鄂西-鄂西北,2176,2000.0
INTERTRAN鄂西-鄂西北,2177,2000.0
INTERTRAN鄂西-鄂西北,2178,2000.0
INTERTRAN鄂西-鄂西北,2179,-2000.0
INTERTRAN鄂西-鄂西北,2180,-2000.0
INTERTRAN鄂西-鄂西北,2181,2000.0
INTERTRAN鄂西-鄂西北,2182,-2000.0
INTERTRAN鄂西-鄂西北,2183,2000.0
INTERTRAN鄂西-鄂西北,2184,-2000.0
INTERTRAN鄂西-鄂西北,2185,2000.0
INTERTRAN鄂西-鄂西北,2186,273.65013333333627
INTERTRAN鄂西-鄂西北,2187,-2000.0
INTERTRAN鄂西-鄂西北,2188,-2000.0
INTERTRAN鄂西-鄂西北,2189,-2000.0
INTERTRAN鄂西-鄂西北,2190,1393.2142765432081
INTERTRAN鄂西-鄂西北,2191,-2000.0
INTERTRAN鄂西-鄂西北,2192,1232.9410556735284
INTERTRAN鄂西-鄂西北,2193,-2000.0
INTERTRAN鄂西-鄂西北,2194,-2000.0
INTERTRAN鄂西-鄂西北,2195,-1002.533259567901
INTERTRAN鄂西-鄂西北,2196,2000.0
INTERTRAN鄂西-鄂西北,2197,2000.0
INTERTRAN鄂西-鄂西北,2198,2000.0
INTERTRAN鄂西-鄂西北,2199,2000.0
INTERTRAN鄂西-鄂西北,2200,205.58273855555672
INTERTRAN鄂西-鄂西北,2201,-693.9497881481448
INTERTRAN鄂西-鄂西北,2202,-2000.0
INTERTRAN鄂西-鄂西北,2203,-2000.0
INTERTRAN鄂西-鄂西北,2204,-2000.0
INTERTRAN鄂西-鄂西北,2205,2000.0
INTERTRAN鄂西-鄂西北,2206,-2000.0
INTERTRAN鄂西-鄂西北,2207,-2000.0
INTERTRAN鄂西-鄂西北,2208,-2000.0
INTERTRAN鄂西-鄂西北,2209,-2000.0
INTERTRAN鄂西-鄂西北,2210,-2000.0
INTERTRAN鄂西-鄂西北,2211,-2000.0
INTERTRAN鄂西-鄂西北,2212,2000.0
INTERTRAN鄂西-鄂西北,2213,-2000.0
INTERTRAN鄂西-鄂西北,2214,-2000.0
INTERTRAN鄂西-鄂西北,2215,-431.79317999999967
INTERTRAN鄂西-鄂西北,2216,5.376346125000282
INTERTRAN鄂西-鄂西北,2217,-2000.0
INTERTRAN鄂西-鄂西北,2218,-2000.0
INTERTRAN鄂西-鄂西北,2219,2000.0
INTERTRAN鄂西-鄂西北,2220,2000.0
INTERTRAN鄂西-鄂西北,2221,2000.0
INTERTRAN鄂西-鄂西北,2222,2000.0
INTERTRAN鄂西-鄂西北,2223,1161.0747787654327
INTERTRAN鄂西-鄂西北,2224,2000.0
INTERTRAN鄂西-鄂西北,2225,-2000.0
INTERTRAN鄂西-鄂西北,2226,-1289.9990087654326
INTERTRAN鄂西-鄂西北,2227,-2000.0
INTERTRAN鄂西-鄂西北,2228,-2000.0
INTERTRAN鄂西-鄂西北,2229,-2000.0
INTERTRAN鄂西-鄂西北,2230,-331.7248560497419
INTERTRAN鄂西-鄂西北,2231,2000.0
INTERTRAN鄂西-鄂西北,2232,2000.0
INTERTRAN鄂西-鄂西北,2233,-2000.0
INTERTRAN鄂西-鄂西北,2234,-2000.0
INTERTRAN鄂西-鄂西北,2235,-2000.0
INTERTRAN鄂西-鄂西北,2236,-2000.0
INTERTRAN鄂西-鄂西北,2237,-2000.0
INTERTRAN鄂西-鄂西北,2238,-2000.0
INTERTRAN鄂西-鄂西北,2239,2000.0
INTERTRAN鄂西-鄂西北,2240,2000.0
INTERTRAN鄂西-鄂西北,2241,2000.0
INTERTRAN鄂西-鄂西北,2242,-2000.0
INTERTRAN鄂西-鄂西北,2243,2000.0
INTERTRAN鄂西-鄂西北,2244,2000.0
INTERTRAN鄂西-鄂西北,2245,7.89505999999983
INTERTRAN鄂西-鄂西北,2246,2000.0
INTERTRAN鄂西-鄂西北,2247,2000.0
INTERTRAN鄂西-鄂西北,2248,1926.180575370372
INTERTRAN鄂西-鄂西北,2249,2000.0
INTERTRAN鄂西-鄂西北,2250,2000.0
INTERTRAN鄂西-鄂西北,2251,2000.0
INTERTRAN鄂西-鄂西北,2252,-2000.0
INTERTRAN鄂西-鄂西北,2253,2000.0
INTERTRAN鄂西-鄂西北,2254,-2000.0
INTERTRAN鄂西-鄂西北,2255,-2000.0
INTERTRAN鄂西-鄂西北,2256,2000.0
INTERTRAN鄂西-鄂西北,2257,2000.0
INTERTRAN鄂西-鄂西北,2258,-280.18999382715947
INTERTRAN鄂西-鄂西北,2259,-2000.0
INTERTRAN鄂西-鄂西北,2260,-2000.0
INTERTRAN鄂西-鄂西北,2261,-2000.0
INTERTRAN鄂西-鄂西北,2262,-2000.0
INTERTRAN鄂西-鄂西北,2263,2000.0
INTERTRAN鄂西-鄂西北,2264,-2000.0
INTERTRAN鄂西-鄂西北,2265,1660.4488200000005
INTERTRAN鄂西-鄂西北,2266,2000.0
INTERTRAN鄂西-鄂西北,2267,1174.8799011111118
INTERTRAN鄂西-鄂西北,2268,2000.0
INTERTRAN鄂西-鄂西北,2269,2000.0
INTERTRAN鄂西-鄂西北,2270,2000.0
INTERTRAN鄂西-鄂西北,2271,2000.0
INTERTRAN鄂西-鄂西北,2272,-2000.0
INTERTRAN鄂西-鄂西北,2273,-2000.0
INTERTRAN鄂西-鄂西北,2274,2000.0
INTERTRAN鄂西-鄂西北,2275,-2000.0
INTERTRAN鄂西-鄂西北,2276,-2000.0
INTERTRAN鄂西-鄂西北,2277,-2000.0
INTERTRAN鄂西-鄂西北,2278,-2000.0
INTERTRAN鄂西-鄂西北,2279,171.21447407407504
INTERTRAN鄂西-鄂西北,2280,-2000.0
INTERTRAN鄂西-鄂西北,2281,-532.1442000000009
INTERTRAN鄂西-鄂西北,2282,-1090.2959058823558
INTERTRAN鄂西-鄂西北,2283,-2000.0
INTERTRAN鄂西-鄂西北,2284,2000.0
INTERTRAN鄂西-鄂西北,2285,-2000.0
INTERTRAN鄂西-鄂西北,2286,-2000.0
INTERTRAN鄂西-鄂西北,2287,-2000.0
INTERTRAN鄂西-鄂西北,2288,-2000.0
INTERTRAN鄂西-鄂西北,2289,-2000.0
INTERTRAN鄂西-鄂西北,2290,2000.0
INTERTRAN鄂西-鄂西北,2291,2000.0
INTERTRAN鄂西-鄂西北,2292,2000.0
INTERTRAN鄂西-鄂西北,2293,2000.0
INTERTRAN鄂西-鄂西北,2294,2000.0
INTERTRAN鄂西-鄂西北,2295,2000.0
INTERTRAN鄂西-鄂西北,2296,2000.0
INTERTRAN鄂西-鄂西北,2297,2000.0
INTERTRAN鄂西-鄂西北,2298,2000.0
INTERTRAN鄂西-鄂西北,2299,2000.0
INTERTRAN鄂西-鄂西北,2300,-2000.0
INTERTRAN鄂西-鄂西北,2301,-1652.8739999999998
INTERTRAN鄂西-鄂西北,2302,-2000.0
INTERTRAN鄂西-鄂西北,2303,-2000.0
INTERTRAN鄂西-鄂东,2304,8968.8792
INTERTRAN鄂西-鄂东,2305,12600.0
INTERTRAN鄂西-鄂东,2306,8868.450449999997
INTERTRAN鄂西-鄂东,2307,6212.660199995153
INTERTRAN鄂西-鄂东,2308,8095.630349990308
INTERTRAN鄂西-鄂东,2309,9771.213949990306
INTERTRAN鄂西-鄂东,2310,10887.429699995151
INTERTRAN鄂西-鄂东,2311,7792.324705000003
INTERTRAN鄂西-鄂东,2312,11145.490999995152
INTERTRAN鄂西-鄂东,2313,9800.956599995152
INTERTRAN鄂西-鄂东,2314,4877.959125818648
INTERTRAN鄂西-鄂东,2315,1309.3687326022682
INTERTRAN鄂西-鄂东,2316,-53.11580000000322
INTERTRAN鄂西-鄂东,2317,830.2098999951522
INTERTRAN鄂西-鄂东,2318,4901.699100000002
INTERTRAN鄂西-鄂东,2319,3954.6748111111083
INTERTRAN鄂西-鄂东,2320,3807.929099995152
INTERTRAN鄂西-鄂东,2321,5921.878482348093
INTERTRAN鄂西-鄂东,2322,6893.294572088318
INTERTRAN鄂西-鄂东,2323,12600.0
INTERTRAN鄂西-鄂东,2324,7668.468099995152
INTERTRAN鄂西-鄂东,2325,8046.149849999998
INTERTRAN鄂西-鄂东,2326,9502.235949999998
INTERTRAN鄂西-鄂东,2327,8802.713864696187
INTERTRAN鄂西-鄂东,2328,10167.685399999998
INTERTRAN鄂西-鄂东,2329,7874.34919998546
INTERTRAN鄂西-鄂东,2330,9287.047699995153
INTERTRAN鄂西-鄂东,2331,9362.227382348094
INTERTRAN鄂西-鄂东,2332,9494.369849999995
INTERTRAN鄂西-鄂东,2333,5774.566500000001
INTERTRAN鄂西-鄂东,2334,8926.033900000002
INTERTRAN鄂西-鄂东,2335,12600.0
INTERTRAN鄂西-鄂东,2336,9052.397799995153
INTERTRAN鄂西-鄂东,2337,10914.700999995155
INTERTRAN鄂西-鄂东,2338,5020.0309352941185
INTERTRAN鄂西-鄂东,2339,6502.743377777777
INTERTRAN鄂西-鄂东,2340,4475.9530633915565
INTERTRAN鄂西-鄂东,2341,101.93793333333633
INTERTRAN鄂西-鄂东,2342,-989.4197753648023
INTERTRAN鄂西-鄂东,2343,2678.5315054773473
INTERTRAN鄂西-鄂东,2344,2227.9696810089245
INTERTRAN鄂西-鄂东,2345,6549.81822530381
INTERTRAN鄂西-鄂东,2346,7165.8138000000035
INTERTRAN鄂西-鄂东,2347,9514.009899995155
INTERTRAN鄂西-鄂东,2348,10326.947214629843
INTERTRAN鄂西-鄂东,2349,9031.116599995152
INTERTRAN鄂西-鄂东,2350,4189.359035125548
INTERTRAN鄂西-鄂东,2351,8835.119382348093
INTERTRAN鄂西-鄂东,2352,10737.659199995152
INTERTRAN鄂西-鄂东,2353,11584.930999995155
INTERTRAN鄂西-鄂东,2354,7020.090104158728
INTERTRAN鄂西-鄂东,2355,9574.809399995152
INTERTRAN鄂西-鄂东,2356,9601.200949999999
INTERTRAN鄂西-鄂东,2357,8450.164929598806
INTERTRAN鄂西-鄂东,2358,9738.704599995152
INTERTRAN鄂西-鄂东,2359,7230.445009871699
INTERTRAN鄂西-鄂东,2360,10240.852877054847
INTERTRAN鄂西-鄂东,2361,10653.609099995156
INTERTRAN鄂西-鄂东,2362,4053.8497000000025
INTERTRAN鄂西-鄂东,2363,5665.000849057131
INTERTRAN鄂西-鄂东,2364,1362.4254759621926
INTERTRAN鄂西-鄂东,2365,-455.4298888888934
INTERTRAN鄂西-鄂东,2366,4599.330349426327
INTERTRAN鄂西-鄂东,2367,1900.3515196446715
INTERTRAN鄂西-鄂东,2368,4782.403997385616
INTERTRAN鄂西-鄂东,2369,5981.422270550713
INTERTRAN鄂西-鄂东,2370,6462.119700000003
INTERTRAN鄂西-鄂东,2371,9633.766015000001
INTERTRAN鄂西-鄂东,2372,9855.573705000003
INTERTRAN鄂西-鄂东,2373,6094.761699995153
INTERTRAN鄂西-鄂东,2374,8589.536494990301
INTERTRAN鄂西-鄂东,2375,8893.287724945432
INTERTRAN鄂西-鄂东,2376,8708.004299995155
INTERTRAN鄂西-鄂东,2377,7012.0545999999995
INTERTRAN鄂西-鄂东,2378,9007.762190999998
INTERTRAN鄂西-鄂东,2379,7238.808699995152
INTERTRAN鄂西-鄂东,2380,8367.157999995154
INTERTRAN鄂西-鄂东,2381,9301.270999995151
INTERTRAN鄂西-鄂东,2382,8937.318649999997
INTERTRAN鄂西-鄂东,2383,8152.928419990309
INTERTRAN鄂西-鄂东,2384,8858.723699995156
INTERTRAN鄂西-鄂东,2385,9451.054579999996
INTERTRAN鄂西-鄂东,2386,6807.915999999997
INTERTRAN鄂西-鄂东,2387,6584.213000000003
INTERTRAN鄂西-鄂东,2388,6495.368199999997
INTERTRAN鄂西-鄂东,2389,5892.692761698301
INTERTRAN鄂西-鄂东,2390,5995.709662221088
INTERTRAN鄂西-鄂东,2391,9955.718799995153
INTERTRAN鄂西-鄂东,2392,9718.362949377868
INTERTRAN鄂西-鄂东,2393,9797.311593235288
INTERTRAN鄂西-鄂东,2394,11977.054899995153
INTERTRAN鄂西-鄂东,2395,8613.700859287092
INTERTRAN鄂西-鄂东,2396,9880.511125
INTERTRAN鄂西-鄂东,2397,7785.660699995155
INTERTRAN鄂西-鄂东,2398,9725.146200000003
INTERTRAN鄂西-鄂东,2399,10337.333599999998
INTERTRAN鄂西-鄂东,2400,7250.386449990303
INTERTRAN鄂西-鄂东,2401,8729.520949999998
INTERTRAN鄂西-鄂东,2402,5616.1096499999985
INTERTRAN鄂西-鄂东,2403,9947.5619
INTERTRAN鄂西-鄂东,2404,9003.363400000002
INTERTRAN鄂西-鄂东,2405,9055.159899995153
INTERTRAN鄂西-鄂东,2406,9850.573550000001
INTERTRAN鄂西-鄂东,2407,9741.077997562497
INTERTRAN鄂西-鄂东,2408,10049.902599995152
INTERTRAN鄂西-鄂东,2409,11084.689799995154
INTERTRAN鄂西-鄂东,2410,6956.166399995163
INTERTRAN鄂西-鄂东,2411,8431.21015881149
INTERTRAN鄂西-鄂东,2412,3659.1163000000015
INTERTRAN鄂西-鄂东,2413,9532.900739490637
INTERTRAN鄂西-鄂东,2414,2460.9369372549045
INTERTRAN鄂西-鄂东,2415,3138.4685980392132
INTERTRAN鄂西-鄂东,2416,6732.3344279749945
INTERTRAN鄂西-鄂东,2417,7709.321500000002
INTERTRAN鄂西-鄂东,2418,8907.478990000003
INTERTRAN鄂西-鄂东,2419,9748.772299995151
INTERTRAN鄂西-鄂东,2420,7747.995349990313
INTERTRAN鄂西-鄂东,2421,7237.482740190666
INTERTRAN鄂西-鄂东,2422,7596.597899995151
INTERTRAN鄂西-鄂东,2423,8741.822799995156
INTERTRAN鄂西-鄂东,2424,8682.556199999995
INTERTRAN鄂西-鄂东,2425,7740.139299995153
INTERTRAN鄂西-鄂东,2426,12600.0
INTERTRAN鄂西-鄂东,2427,11062.911399995151
INTERTRAN鄂西-鄂东,2428,8587.916599995151
INTERTRAN鄂西-鄂东,2429,8709.699349999995
INTERTRAN鄂西-鄂东,2430,7140.605600000003
INTERTRAN鄂西-鄂东,2431,9014.010099995157
INTERTRAN鄂西-鄂东,2432,10069.975299995152
INTERTRAN鄂西-鄂东,2433,9520.301904764812
INTERTRAN鄂西-鄂东,2434,2121.7270999999964
INTERTRAN鄂西-鄂东,2435,4552.271141171623
INTERTRAN鄂西-鄂东,2436,723.6379999999954
INTERTRAN鄂西-鄂东,2437,2169.6603374081205
INTERTRAN鄂西-鄂东,2438,6852.449963594274
INTERTRAN鄂西-鄂东,2439,3121.1109111062633
INTERTRAN鄂西-鄂东,2440,3362.4271111111066
INTERTRAN鄂西-鄂东,2441,8098.516055555556
INTERTRAN鄂西-鄂东,2442,4975.744705877503
INTERTRAN鄂西-鄂东,2443,9066.402836176472
INTERTRAN鄂西-鄂东,2444,6378.071694999999
INTERTRAN鄂西-鄂东,2445,8424.775299995152
INTERTRAN鄂西-鄂东,2446,8963.466499995153
INTERTRAN鄂西-鄂东,2447,7751.1889984374975
INTERTRAN鄂西北-鄂东,2304,-1913.3474999999996
INTERTRAN鄂西北-鄂东,2305,-2199.4180000000006
INTERTRAN鄂西北-鄂东,2306,-856.4502499999999
INTERTRAN鄂西北-鄂东,2307,-232.52613841468428
INTERTRAN鄂西北-鄂东,2308,1475.624450009691
INTERTRAN鄂西北-鄂东,2309,-15.21075000000019
INTERTRAN鄂西北-鄂东,2310,-443.69475000000057
INTERTRAN鄂西北-鄂东,2311,2716.3985949999997
INTERTRAN鄂西北-鄂东,2312,1460.9829263187785
INTERTRAN鄂西北-鄂东,2313,-1534.1616650000005
INTERTRAN鄂西北-鄂东,2314,-3000.0
INTERTRAN鄂西北-鄂东,2315,-3000.0
INTERTRAN鄂西北-鄂东,2316,-3000.0
INTERTRAN鄂西北-鄂东,2317,-3000.0
INTERTRAN鄂西北-鄂东,2318,-3000.0
INTERTRAN鄂西北-鄂东,2319,-3000.0
INTERTRAN鄂西北-鄂东,2320,-3000.0
INTERTRAN鄂西北-鄂东,2321,-3000.0
INTERTRAN鄂西北-鄂东,2322,-3000.0
INTERTRAN鄂西北-鄂东,2323,-3000.0
INTERTRAN鄂西北-鄂东,2324,1955.2793000048432
INTERTRAN鄂西北-鄂东,2325,347.58475000000044
INTERTRAN鄂西北-鄂东,2326,-1202.3697500000005
INTERTRAN鄂西北-鄂东,2327,-770.0937500000009
INTERTRAN鄂西北-鄂东,2328,568.0274999999997
INTERTRAN鄂西北-鄂东,2329,421.38174999999956
INTERTRAN鄂西北-鄂东,2330,1340.18280499518
INTERTRAN鄂西北-鄂东,2331,1470.5870443519088
INTERTRAN鄂西北-鄂东,2332,-837.1022500000004
INTERTRAN鄂西北-鄂东,2333,-42.10199999999986
INTERTRAN鄂西北-鄂东,2334,1192.3909999999996
INTERTRAN鄂西北-鄂东,2335,-999.3647499854592
INTERTRAN鄂西北-鄂东,2336,2505.819400004846
INTERTRAN鄂西北-鄂东,2337,-1394.4364100000007
INTERTRAN鄂西北-鄂东,2338,-3000.0
INTERTRAN鄂西北-鄂东,2339,-3000.0
INTERTRAN鄂西北-鄂东,2340,-3000.0
INTERTRAN鄂西北-鄂东,2341,-3000.0
INTERTRAN鄂西北-鄂东,2342,-3000.0
INTERTRAN鄂西北-鄂东,2343,-3000.0
INTERTRAN鄂西北-鄂东,2344,-3000.0
INTERTRAN鄂西北-鄂东,2345,-3000.0
INTERTRAN鄂西北-鄂东,2346,-3000.0
INTERTRAN鄂西北-鄂东,2347,-2350.7417899999996
INTERTRAN鄂西北-鄂东,2348,-120.3990146298479
INTERTRAN鄂西北-鄂东,2349,-234.57739999515434
INTERTRAN鄂西北-鄂东,2350,1288.0163648744528
INTERTRAN鄂西北-鄂东,2351,233.83300000000008
INTERTRAN鄂西北-鄂东,2352,-560.5408999951524
INTERTRAN鄂西北-鄂东,2353,-756.6817500000002
INTERTRAN鄂西北-鄂东,2354,-832.2728676470588
INTERTRAN鄂西北-鄂东,2355,-257.5750000000007
INTERTRAN鄂西北-鄂东,2356,-583.5727500000007
INTERTRAN鄂西北-鄂东,2357,-1719.5204528749985
INTERTRAN鄂西北-鄂东,2358,-1337.0068999951523
INTERTRAN鄂西北-鄂东,2359,-498.6676804113308
INTERTRAN鄂西北-鄂东,2360,-884.5156770548488
INTERTRAN鄂西北-鄂东,2361,-2593.329999995158
INTERTRAN鄂西北-鄂东,2362,-3000.0
INTERTRAN鄂西北-鄂东,2363,-3000.0
INTERTRAN鄂西北-鄂东,2364,-3000.0
INTERTRAN鄂西北-鄂东,2365,-3000.0
INTERTRAN鄂西北-鄂东,2366,-3000.0
INTERTRAN鄂西北-鄂东,2367,-3000.0
INTERTRAN鄂西北-鄂东,2368,-3000.0
INTERTRAN鄂西北-鄂东,2369,-3000.0
INTERTRAN鄂西北-鄂东,2370,-3000.0
INTERTRAN鄂西北-鄂东,2371,-2817.008915
INTERTRAN鄂西北-鄂东,2372,-601.7094049999996
INTERTRAN鄂西北-鄂东,2373,1622.3536000048452
INTERTRAN鄂西北-鄂东,2374,749.7719830951528
INTERTRAN鄂西北-鄂东,2375,2713.288675054564
INTERTRAN鄂西北-鄂东,2376,2533.3941000048453
INTERTRAN鄂西北-鄂东,2377,-507.9355000000005
INTERTRAN鄂西北-鄂东,2378,633.8287090000003
INTERTRAN鄂西北-鄂东,2379,1752.3447000048445
INTERTRAN鄂西北-鄂东,2380,579.1106000048458
INTERTRAN鄂西北-鄂东,2381,-411.85629999515004
INTERTRAN鄂西北-鄂东,2382,-909.4352499999995
INTERTRAN鄂西北-鄂东,2383,-846.53132
INTERTRAN鄂西北-鄂东,2384,-1429.1032999999993
INTERTRAN鄂西北-鄂东,2385,427.1835200000005
INTERTRAN鄂西北-鄂东,2386,-3000.0
INTERTRAN鄂西北-鄂东,2387,-3000.0
INTERTRAN鄂西北-鄂东,2388,-3000.0
INTERTRAN鄂西北-鄂东,2389,-3000.0
INTERTRAN鄂西北-鄂东,2390,-3000.0
INTERTRAN鄂西北-鄂东,2391,-3000.0
INTERTRAN鄂西北-鄂东,2392,-1654.5326200000004
INTERTRAN鄂西北-鄂东,2393,230.01509499999975
INTERTRAN鄂西北-鄂东,2394,1185.3063349999984
INTERTRAN鄂西北-鄂东,2395,-2222.7148592870944
INTERTRAN鄂西北-鄂东,2396,-1102.182325000001
INTERTRAN鄂西北-鄂东,2397,1979.7117000048456
INTERTRAN鄂西北-鄂东,2398,-1109.6025
INTERTRAN鄂西北-鄂东,2399,1304.9574999999995
INTERTRAN鄂西北-鄂东,2400,2815.032050009697
INTERTRAN鄂西北-鄂东,2401,-870.3687500000001
INTERTRAN鄂西北-鄂东,2402,-945.2802500000007
INTERTRAN鄂西北-鄂东,2403,-581.9780000000001
INTERTRAN鄂西北-鄂东,2404,1928.1054999999988
INTERTRAN鄂西北-鄂东,2405,402.9261000048464
INTERTRAN鄂西北-鄂东,2406,-828.9357500000006
INTERTRAN鄂西北-鄂东,2407,-539.2655975625003
INTERTRAN鄂西北-鄂东,2408,1321.9533677948657
INTERTRAN鄂西北-鄂东,2409,1625.6657649999997
INTERTRAN鄂西北-鄂东,2410,-384.7664809480966
INTERTRAN鄂西北-鄂东,2411,-3000.0
INTERTRAN鄂西北-鄂东,2412,-3000.0
INTERTRAN鄂西北-鄂东,2413,-3000.0
INTERTRAN鄂西北-鄂东,2414,-3000.0
INTERTRAN鄂西北-鄂东,2415,-3000.0
INTERTRAN鄂西北-鄂东,2416,-3000.0
INTERTRAN鄂西北-鄂东,2417,-3000.0
INTERTRAN鄂西北-鄂东,2418,-1493.7078900000013
INTERTRAN鄂西北-鄂东,2419,-1275.39277
INTERTRAN鄂西北-鄂东,2420,1461.945557341197
INTERTRAN鄂西北-鄂东,2421,2514.4252598093326
INTERTRAN鄂西北-鄂东,2422,59.08266500969603
INTERTRAN鄂西北-鄂东,2423,2186.020600004844
INTERTRAN鄂西北-鄂东,2424,1302.9854999999998
INTERTRAN鄂西北-鄂东,2425,2137.7490401858195
INTERTRAN鄂西北-鄂东,2426,-1748.4657499999998
INTERTRAN鄂西北-鄂东,2427,-502.22175000000016
INTERTRAN鄂西北-鄂东,2428,96.54995000969393
INTERTRAN鄂西北-鄂东,2429,-600.1317499999996
INTERTRAN鄂西北-鄂东,2430,507.9874999999997
INTERTRAN鄂西北-鄂东,2431,-791.2328999951587
INTERTRAN鄂西北-鄂东,2432,1042.7216350000003
INTERTRAN鄂西北-鄂东,2433,-1451.316004764808
INTERTRAN鄂西北-鄂东,2434,-3000.0
INTERTRAN鄂西北-鄂东,2435,-3000.0
INTERTRAN鄂西北-鄂东,2436,-3000.0
INTERTRAN鄂西北-鄂东,2437,-3000.0
INTERTRAN鄂西北-鄂东,2438,-3000.0
INTERTRAN鄂西北-鄂东,2439,-3000.0
INTERTRAN鄂西北-鄂东,2440,-3000.0
INTERTRAN鄂西北-鄂东,2441,-3000.0
INTERTRAN鄂西北-鄂东,2442,-3000.0
INTERTRAN鄂西北-鄂东,2443,-2921.6920950000003
INTERTRAN鄂西北-鄂东,2444,-1003.3639950000006
INTERTRAN鄂西北-鄂东,2445,-2047.409899995153
INTERTRAN鄂西北-鄂东,2446,798.3557000048459
INTERTRAN鄂西北-鄂东,2447,-810.3166984374998
INTERTRAN鄂西-鄂西北,2304,-2000.0
INTERTRAN鄂西-鄂西北,2305,-2000.0
INTERTRAN鄂西-鄂西北,2306,-2000.0
INTERTRAN鄂西-鄂西北,2307,-2000.0
INTERTRAN鄂西-鄂西北,2308,-2000.0
INTERTRAN鄂西-鄂西北,2309,-2000.0
INTERTRAN鄂西-鄂西北,2310,-2000.0
INTERTRAN鄂西-鄂西北,2311,-2000.0
INTERTRAN鄂西-鄂西北,2312,-2000.0
INTERTRAN鄂西-鄂西北,2313,-2000.0
INTERTRAN鄂西-鄂西北,2314,636.5357741765015
INTERTRAN鄂西-鄂西北,2315,2000.0
INTERTRAN鄂西-鄂西北,2316,2000.0
INTERTRAN鄂西-鄂西北,2317,2000.0
INTERTRAN鄂西-鄂西北,2318,2000.0
INTERTRAN鄂西-鄂西北,2319,2000.0
INTERTRAN鄂西-鄂西北,2320,2000.0
INTERTRAN鄂西-鄂西北,2321,2000.0
INTERTRAN鄂西-鄂西北,2322,838.684583171902
INTERTRAN鄂西-鄂西北,2323,-2000.0
INTERTRAN鄂西-鄂西北,2324,-2000.0
INTERTRAN鄂西-鄂西北,2325,-2000.0
INTERTRAN鄂西-鄂西北,2326,-2000.0
INTERTRAN鄂西-鄂西北,2327,-2000.0
INTERTRAN鄂西-鄂西北,2328,-2000.0
INTERTRAN鄂西-鄂西北,2329,-2000.0
INTERTRAN鄂西-鄂西北,2330,-2000.0
INTERTRAN鄂西-鄂西北,2331,-2000.0
INTERTRAN鄂西-鄂西北,2332,-2000.0
INTERTRAN鄂西-鄂西北,2333,-2000.0
INTERTRAN鄂西-鄂西北,2334,-2000.0
INTERTRAN鄂西-鄂西北,2335,-2000.0
INTERTRAN鄂西-鄂西北,2336,-2000.0
INTERTRAN鄂西-鄂西北,2337,-2000.0
INTERTRAN鄂西-鄂西北,2338,2000.0
INTERTRAN鄂西-鄂西北,2339,2000.0
INTERTRAN鄂西-鄂西北,2340,2000.0
INTERTRAN鄂西-鄂西北,2341,2000.0
INTERTRAN鄂西-鄂西北,2342,2000.0
INTERTRAN鄂西-鄂西北,2343,2000.0
INTERTRAN鄂西-鄂西北,2344,2000.0
INTERTRAN鄂西-鄂西北,2345,476.4157722222217
INTERTRAN鄂西-鄂西北,2346,-799.8663550000001
INTERTRAN鄂西-鄂西北,2347,-2000.0
INTERTRAN鄂西-鄂西北,2348,-2000.0
INTERTRAN鄂西-鄂西北,2349,-2000.0
INTERTRAN鄂西-鄂西北,2350,-2000.0
INTERTRAN鄂西-鄂西北,2351,-2000.0
INTERTRAN鄂西-鄂西北,2352,-2000.0
INTERTRAN鄂西-鄂西北,2353,-2000.0
INTERTRAN鄂西-鄂西北,2354,-2000.0
INTERTRAN鄂西-鄂西北,2355,-2000.0
INTERTRAN鄂西-鄂西北,2356,-2000.0
INTERTRAN鄂西-鄂西北,2357,-2000.0
INTERTRAN鄂西-鄂西北,2358,-2000.0
INTERTRAN鄂西-鄂西北,2359,-2000.0
INTERTRAN鄂西-鄂西北,2360,-2000.0
INTERTRAN鄂西-鄂西北,2361,-2000.0
INTERTRAN鄂西-鄂西北,2362,2000.0
INTERTRAN鄂西-鄂西北,2363,2000.0
INTERTRAN鄂西-鄂西北,2364,2000.0
INTERTRAN鄂西-鄂西北,2365,2000.0
INTERTRAN鄂西-鄂西北,2366,2000.0
INTERTRAN鄂西-鄂西北,2367,2000.0
INTERTRAN鄂西-鄂西北,2368,2000.0
INTERTRAN鄂西-鄂西北,2369,1883.1325294444432
INTERTRAN鄂西-鄂西北,2370,584.5392099999999
INTERTRAN鄂西-鄂西北,2371,-2000.0
INTERTRAN鄂西-鄂西北,2372,-2000.0
INTERTRAN鄂西-鄂西北,2373,-2000.0
INTERTRAN鄂西-鄂西北,2374,-2000.0
INTERTRAN鄂西-鄂西北,2375,-2000.0
INTERTRAN鄂西-鄂西北,2376,-2000.0
INTERTRAN鄂西-鄂西北,2377,-2000.0
INTERTRAN鄂西-鄂西北,2378,-2000.0
INTERTRAN鄂西-鄂西北,2379,-2000.0
INTERTRAN鄂西-鄂西北,2380,-2000.0
INTERTRAN鄂西-鄂西北,2381,-2000.0
INTERTRAN鄂西-鄂西北,2382,-2000.0
INTERTRAN鄂西-鄂西北,2383,-2000.0
INTERTRAN鄂西-鄂西北,2384,-2000.0
INTERTRAN鄂西-鄂西北,2385,-2000.0
INTERTRAN鄂西-鄂西北,2386,-2000.0
INTERTRAN鄂西-鄂西北,2387,892.923667907216
INTERTRAN鄂西-鄂西北,2388,830.9173499999993
INTERTRAN鄂西-鄂西北,2389,2000.0
INTERTRAN鄂西-鄂西北,2390,-2000.0
INTERTRAN鄂西-鄂西北,2391,-2000.0
INTERTRAN鄂西-鄂西北,2392,-2000.0
INTERTRAN鄂西-鄂西北,2393,-2000.0
INTERTRAN鄂西-鄂西北,2394,-2000.0
INTERTRAN鄂西-鄂西北,2395,-2000.0
INTERTRAN鄂西-鄂西北,2396,-2000.0
INTERTRAN鄂西-鄂西北,2397,-2000.0
INTERTRAN鄂西-鄂西北,2398,-2000.0
INTERTRAN鄂西-鄂西北,2399,-2000.0
INTERTRAN鄂西-鄂西北,2400,-2000.0
INTERTRAN鄂西-鄂西北,2401,-2000.0
INTERTRAN鄂西-鄂西北,2402,-2000.0
INTERTRAN鄂西-鄂西北,2403,-2000.0
INTERTRAN鄂西-鄂西北,2404,-2000.0
INTERTRAN鄂西-鄂西北,2405,-2000.0
INTERTRAN鄂西-鄂西北,2406,-2000.0
INTERTRAN鄂西-鄂西北,2407,-2000.0
INTERTRAN鄂西-鄂西北,2408,-2000.0
INTERTRAN鄂西-鄂西北,2409,-2000.0
INTERTRAN鄂西-鄂西北,2410,-2000.0
INTERTRAN鄂西-鄂西北,2411,-1532.5306588163344
INTERTRAN鄂西-鄂西北,2412,-265.628670593082
INTERTRAN鄂西-鄂西北,2413,-565.0082300000004
INTERTRAN鄂西-鄂西北,2414,1649.3481160659803
INTERTRAN鄂西-鄂西北,2415,-70.27356222222352
INTERTRAN鄂西-鄂西北,2416,1245.9553917732433
INTERTRAN鄂西-鄂西北,2417,-1380.1910000048456
INTERTRAN鄂西-鄂西北,2418,-2000.0
INTERTRAN鄂西-鄂西北,2419,-2000.0
INTERTRAN鄂西-鄂西北,2420,-2000.0
INTERTRAN鄂西-鄂西北,2421,-2000.0
INTERTRAN鄂西-鄂西北,2422,-2000.0
INTERTRAN鄂西-鄂西北,2423,-2000.0
INTERTRAN鄂西-鄂西北,2424,-2000.0
INTERTRAN鄂西-鄂西北,2425,-2000.0
INTERTRAN鄂西-鄂西北,2426,-2000.0
INTERTRAN鄂西-鄂西北,2427,-2000.0
INTERTRAN鄂西-鄂西北,2428,-2000.0
INTERTRAN鄂西-鄂西北,2429,-2000.0
INTERTRAN鄂西-鄂西北,2430,-2000.0
INTERTRAN鄂西-鄂西北,2431,-2000.0
INTERTRAN鄂西-鄂西北,2432,-2000.0
INTERTRAN鄂西-鄂西北,2433,-2000.0
INTERTRAN鄂西-鄂西北,2434,1464.5446722222214
INTERTRAN鄂西-鄂西北,2435,2000.0
INTERTRAN鄂西-鄂西北,2436,2000.0
INTERTRAN鄂西-鄂西北,2437,2000.0
INTERTRAN鄂西-鄂西北,2438,2000.0
INTERTRAN鄂西-鄂西北,2439,2000.0
INTERTRAN鄂西-鄂西北,2440,2000.0
INTERTRAN鄂西-鄂西北,2441,2000.0
INTERTRAN鄂西-鄂西北,2442,2000.0
INTERTRAN鄂西-鄂西北,2443,-2000.0
INTERTRAN鄂西-鄂西北,2444,-2000.0
INTERTRAN鄂西-鄂西北,2445,-2000.0
INTERTRAN鄂西-鄂西北,2446,-2000.0
INTERTRAN鄂西-鄂西北,2447,-2000.0
INTERTRAN鄂西-鄂东,2448,11912.9703
INTERTRAN鄂西-鄂东,2449,8988.647835110958
INTERTRAN鄂西-鄂东,2450,5632.914482348093
INTERTRAN鄂西-鄂东,2451,8715.75586795254
INTERTRAN鄂西-鄂东,2452,5238.3433
INTERTRAN鄂西-鄂东,2453,10440.017950000001
INTERTRAN鄂西-鄂东,2454,7981.797095679012
INTERTRAN鄂西-鄂东,2455,5342.237156482417
INTERTRAN鄂西-鄂东,2456,12600.0
INTERTRAN鄂西-鄂东,2457,3490.1342899999963
INTERTRAN鄂西-鄂东,2458,1727.9192390244516
INTERTRAN鄂西-鄂东,2459,5639.287464047447
INTERTRAN鄂西-鄂东,2460,1861.0401777729276
INTERTRAN鄂西-鄂东,2461,5664.852462273047
INTERTRAN鄂西-鄂东,2462,2727.088552936335
INTERTRAN鄂西-鄂东,2463,844.0282999951487
INTERTRAN鄂西-鄂东,2464,1902.1109504671895
INTERTRAN鄂西-鄂东,2465,5625.9360823480965
INTERTRAN鄂西-鄂东,2466,8150.978391171622
INTERTRAN鄂西-鄂东,2467,9655.179208278867
INTERTRAN鄂西-鄂东,2468,9328.147875118055
INTERTRAN鄂西-鄂东,2469,9371.524199995154
INTERTRAN鄂西-鄂东,2470,9159.1568
INTERTRAN鄂西-鄂东,2471,5058.154499999997
INTERTRAN鄂西-鄂东,2472,6054.314299995152
INTERTRAN鄂西-鄂东,2473,9064.38495
INTERTRAN鄂西-鄂东,2474,6838.005849999998
INTERTRAN鄂西-鄂东,2475,4582.194200000002
INTERTRAN鄂西-鄂东,2476,10908.258399995153
INTERTRAN鄂西-鄂东,2477,8502.903899999998
INTERTRAN鄂西-鄂东,2478,1683.8212000000021
INTERTRAN鄂西-鄂东,2479,10738.99248
INTERTRAN鄂西-鄂东,2480,3834.540270007932
INTERTRAN鄂西-鄂东,2481,8779.410650004847
INTERTRAN鄂西-鄂东,2482,4546.495099995154
INTERTRAN鄂西-鄂东,2483,6095.334844439596
INTERTRAN鄂西-鄂东,2484,4406.121608891321
INTERTRAN鄂西-鄂东,2485,4455.836371101424
INTERTRAN鄂西-鄂东,2486,2362.833978157809
INTERTRAN鄂西-鄂东,2487,5093.310418518522
INTERTRAN鄂西-鄂东,2488,1014.6011999999973
INTERTRAN鄂西-鄂东,2489,7956.753104995158
INTERTRAN鄂西-鄂东,2490,7638.67969607843
INTERTRAN鄂西-鄂东,2491,9621.977899999998
INTERTRAN鄂西-鄂东,2492,9369.846599995155
INTERTRAN鄂西-鄂东,2493,4027.780250004842
INTERTRAN鄂西-鄂东,2494,3261.133600000001
INTERTRAN鄂西-鄂东,2495,6664.9083500000015
INTERTRAN鄂西-鄂东,2496,7103.958149999999
INTERTRAN鄂西-鄂东,2497,9846.859999995155
INTERTRAN鄂西-鄂东,2498,1958.4962353798473
INTERTRAN鄂西-鄂东,2499,8120.916150000005
INTERTRAN鄂西-鄂东,2500,7366.0206
INTERTRAN鄂西-鄂东,2501,304.521999999999
INTERTRAN鄂西-鄂东,2502,6335.060999999998
INTERTRAN鄂西-鄂东,2503,6946.084524999998
INTERTRAN鄂西-鄂东,2504,10501.36939999515
INTERTRAN鄂西-鄂东,2505,10331.342699995152
INTERTRAN鄂西-鄂东,2506,2074.5961176470573
INTERTRAN鄂西-鄂东,2507,5623.431975816988
INTERTRAN鄂西-鄂东,2508,1253.0843103024163
INTERTRAN鄂西-鄂东,2509,7187.902886269661
INTERTRAN鄂西-鄂东,2510,3845.425305228753
INTERTRAN鄂西-鄂东,2511,3066.780921645064
INTERTRAN鄂西-鄂东,2512,-559.9664574666876
INTERTRAN鄂西-鄂东,2513,5927.432338562092
INTERTRAN鄂西-鄂东,2514,5407.231052941177
INTERTRAN鄂西-鄂东,2515,8066.525319999997
INTERTRAN鄂西-鄂东,2516,9988.824394999996
INTERTRAN鄂西-鄂东,2517,6555.789000000001
INTERTRAN鄂西-鄂东,2518,6609.040131372549
INTERTRAN鄂西-鄂东,2519,11803.436499995154
INTERTRAN鄂西-鄂东,2520,2378.0607999999993
INTERTRAN鄂西-鄂东,2521,9012.082000000002
INTERTRAN鄂西-鄂东,2522,9894.846150000001
INTERTRAN鄂西-鄂东,2523,7408.237299999997
INTERTRAN鄂西-鄂东,2524,10567.14039999515
INTERTRAN鄂西-鄂东,2525,4307.019399995152
INTERTRAN鄂西-鄂东,2526,6417.302199999998
INTERTRAN鄂西-鄂东,2527,9288.371635
INTERTRAN鄂西-鄂东,2528,3998.4390149999963
INTERTRAN鄂西-鄂东,2529,11095.678739999996
INTERTRAN鄂西-鄂东,2530,3300.6174647010357
INTERTRAN鄂西-鄂东,2531,4516.25879946864
INTERTRAN鄂西-鄂东,2532,-937.4545666715112
INTERTRAN鄂西-鄂东,2533,3728.144267542928
INTERTRAN鄂西-鄂东,2534,-1110.151400004841
INTERTRAN鄂西-鄂东,2535,4927.194407988543
INTERTRAN鄂西-鄂东,2536,3533.825899995154
INTERTRAN鄂西-鄂东,2537,2410.300888235288
INTERTRAN鄂西-鄂东,2538,5739.583998725488
INTERTRAN鄂西-鄂东,2539,8458.338902719268
INTERTRAN鄂西-鄂东,2540,3776.165499999999
INTERTRAN鄂西-鄂东,2541,5431.579499995154
INTERTRAN鄂西-鄂东,2542,3850.8997000000018
INTERTRAN鄂西-鄂东,2543,8728.564749999998
INTERTRAN鄂西-鄂东,2544,9894.565999999999
INTERTRAN鄂西-鄂东,2545,9115.580349999997
INTERTRAN鄂西-鄂东,2546,8485.250999999997
INTERTRAN鄂西-鄂东,2547,7243.4511999999995
INTERTRAN鄂西-鄂东,2548,3844.6273999999976
INTERTRAN鄂西-鄂东,2549,5885.911168437509
INTERTRAN鄂西-鄂东,2550,10010.996449999999
INTERTRAN鄂西-鄂东,2551,9958.390799995155
INTERTRAN鄂西-鄂东,2552,10273.190769170942
INTERTRAN鄂西-鄂东,2553,9363.544179999997
INTERTRAN鄂西-鄂东,2554,6922.969711111109
INTERTRAN鄂西-鄂东,2555,3109.6078350000007
INTERTRAN鄂西-鄂东,2556,1439.933958818683
INTERTRAN鄂西-鄂东,2557,6326.4216000000015
INTERTRAN鄂西-鄂东,2558,6900.749022725726
INTERTRAN鄂西-鄂东,2559,2830.922602469136
INTERTRAN鄂西-鄂东,2560,3880.499015686273
INTERTRAN鄂西-鄂东,2561,9644.6253
INTERTRAN鄂西-鄂东,2562,11455.790079999992
INTERTRAN鄂西-鄂东,2563,5953.495300000002
INTERTRAN鄂西-鄂东,2564,7590.523299997625
INTERTRAN鄂西-鄂东,2565,8576.84055
INTERTRAN鄂西-鄂东,2566,8975.144050000003
INTERTRAN鄂西-鄂东,2567,6518.135142003812
INTERTRAN鄂西-鄂东,2568,7475.4990999951515
INTERTRAN鄂西-鄂东,2569,9080.883964621786
INTERTRAN鄂西-鄂东,2570,5917.861500000003
INTERTRAN鄂西-鄂东,2571,9770.426199995152
INTERTRAN鄂西-鄂东,2572,8933.572500000002
INTERTRAN鄂西-鄂东,2573,6223.091700000001
INTERTRAN鄂西-鄂东,2574,6575.0203
INTERTRAN鄂西-鄂东,2575,8053.295908001033
INTERTRAN鄂西-鄂东,2576,11243.865604999999
INTERTRAN鄂西-鄂东,2577,10475.297104999998
INTERTRAN鄂西-鄂东,2578,8301.345299997629
INTERTRAN鄂西-鄂东,2579,8747.409699999997
INTERTRAN鄂西-鄂东,2580,8898.804680000001
INTERTRAN鄂西-鄂东,2581,9953.562839999999
INTERTRAN鄂西-鄂东,2582,9121.222909999997
INTERTRAN鄂西-鄂东,2583,7626.552635
INTERTRAN鄂西-鄂东,2584,8989.013900004851
INTERTRAN鄂西-鄂东,2585,12451.71776405254
INTERTRAN鄂西-鄂东,2586,11048.812599995152
INTERTRAN鄂西-鄂东,2587,8161.899799995153
INTERTRAN鄂西-鄂东,2588,7448.701799995157
INTERTRAN鄂西-鄂东,2589,10498.545035947453
INTERTRAN鄂西-鄂东,2590,4902.895499999999
INTERTRAN鄂西-鄂东,2591,8381.328900164954
INTERTRAN鄂西北-鄂东,2448,-215.503999999999
INTERTRAN鄂西北-鄂东,2449,1047.5765000000001
INTERTRAN鄂西北-鄂东,2450,1362.100317651907
INTERTRAN鄂西北-鄂东,2451,-1719.1010679525389
INTERTRAN鄂西北-鄂东,2452,-1905.963
INTERTRAN鄂西北-鄂东,2453,98.10424999999941
INTERTRAN鄂西北-鄂东,2454,-1290.0480956790132
INTERTRAN鄂西北-鄂东,2455,3000.0
INTERTRAN鄂西北-鄂东,2456,-885.4790000000012
INTERTRAN鄂西北-鄂东,2457,2642.6669100000017
INTERTRAN鄂西北-鄂东,2458,-1839.8822011111115
INTERTRAN鄂西北-鄂东,2459,-3000.0
INTERTRAN鄂西北-鄂东,2460,-3000.0
INTERTRAN鄂西北-鄂东,2461,-3000.0
INTERTRAN鄂西北-鄂东,2462,-3000.0
INTERTRAN鄂西北-鄂东,2463,-3000.0
INTERTRAN鄂西北-鄂东,2464,-3000.0
INTERTRAN鄂西北-鄂东,2465,-3000.0
INTERTRAN鄂西北-鄂东,2466,-3000.0
INTERTRAN鄂西北-鄂东,2467,-3000.0
INTERTRAN鄂西北-鄂东,2468,-96.06547511805502
INTERTRAN鄂西北-鄂东,2469,-614.1699999999996
INTERTRAN鄂西北-鄂东,2470,-2081.9225000000006
INTERTRAN鄂西北-鄂东,2471,2165.1679999999997
INTERTRAN鄂西北-鄂东,2472,2802.2567499999986
INTERTRAN鄂西北-鄂东,2473,-69.3467499999997
INTERTRAN鄂西北-鄂东,2474,-127.42224999999962
INTERTRAN鄂西北-鄂东,2475,3000.0
INTERTRAN鄂西北-鄂东,2476,-285.6175000000003
INTERTRAN鄂西北-鄂东,2477,-915.652
INTERTRAN鄂西北-鄂东,2478,3000.0
INTERTRAN鄂西北-鄂东,2479,-260.75378
INTERTRAN鄂西北-鄂东,2480,3000.0
INTERTRAN鄂西北-鄂东,2481,-3000.0
INTERTRAN鄂西北-鄂东,2482,-3000.0
INTERTRAN鄂西北-鄂东,2483,-2372.6973406790116
INTERTRAN鄂西北-鄂东,2484,-3000.0
INTERTRAN鄂西北-鄂东,2485,-3000.0
INTERTRAN鄂西北-鄂东,2486,-3000.0
INTERTRAN鄂西北-鄂东,2487,-3000.0
INTERTRAN鄂西北-鄂东,2488,-3000.0
INTERTRAN鄂西北-鄂东,2489,-3000.0
INTERTRAN鄂西北-鄂东,2490,-3000.0
INTERTRAN鄂西北-鄂东,2491,-3000.0
INTERTRAN鄂西北-鄂东,2492,378.8514000048435
INTERTRAN鄂西北-鄂东,2493,963.6654999999996
INTERTRAN鄂西北-鄂东,2494,3000.0
INTERTRAN鄂西北-鄂东,2495,2393.6322499999997
INTERTRAN鄂西北-鄂东,2496,-2167.06375
INTERTRAN鄂西北-鄂东,2497,-1061.5182499999996
INTERTRAN鄂西北-鄂东,2498,3000.0
INTERTRAN鄂西北-鄂东,2499,-20.97375000000011
INTERTRAN鄂西北-鄂东,2500,3000.0
INTERTRAN鄂西北-鄂东,2501,3000.0
INTERTRAN鄂西北-鄂东,2502,3000.0
INTERTRAN鄂西北-鄂东,2503,2545.793675
INTERTRAN鄂西北-鄂东,2504,-1015.5299353750011
INTERTRAN鄂西北-鄂东,2505,-2417.7697999951542
INTERTRAN鄂西北-鄂东,2506,-3000.0
INTERTRAN鄂西北-鄂东,2507,-3000.0
INTERTRAN鄂西北-鄂东,2508,-1596.1300549999996
INTERTRAN鄂西北-鄂东,2509,-2972.3255500000005
INTERTRAN鄂西北-鄂东,2510,-3000.0
INTERTRAN鄂西北-鄂东,2511,-3000.0
INTERTRAN鄂西北-鄂东,2512,-2781.114877222221
INTERTRAN鄂西北-鄂东,2513,-3000.0
INTERTRAN鄂西北-鄂东,2514,-3000.0
INTERTRAN鄂西北-鄂东,2515,-2461.06322
INTERTRAN鄂西北-鄂东,2516,-1489.949594999999
INTERTRAN鄂西北-鄂东,2517,3000.0
INTERTRAN鄂西北-鄂东,2518,-2776.188
INTERTRAN鄂西北-鄂东,2519,-2740.9547999951537
INTERTRAN鄂西北-鄂东,2520,2929.7884999999997
INTERTRAN鄂西北-鄂东,2521,-3000.0
INTERTRAN鄂西北-鄂东,2522,-1673.8987500000003
INTERTRAN鄂西北-鄂东,2523,-1438.6369999999997
INTERTRAN鄂西北-鄂东,2524,-1227.697399995153
INTERTRAN鄂西北-鄂东,2525,3000.0
INTERTRAN鄂西北-鄂东,2526,3000.0
INTERTRAN鄂西北-鄂东,2527,995.8042650000002
INTERTRAN鄂西北-鄂东,2528,1820.4443850000007
INTERTRAN鄂西北-鄂东,2529,-2584.517839999999
INTERTRAN鄂西北-鄂东,2530,-2569.03834
INTERTRAN鄂西北-鄂东,2531,-3000.0
INTERTRAN鄂西北-鄂东,2532,1142.6025336333905
INTERTRAN鄂西北-鄂东,2533,-3000.0
INTERTRAN鄂西北-鄂东,2534,-3000.0
INTERTRAN鄂西北-鄂东,2535,-3000.0
INTERTRAN鄂西北-鄂东,2536,-3000.0
INTERTRAN鄂西北-鄂东,2537,-3000.0
INTERTRAN鄂西北-鄂东,2538,-2436.9420849999997
INTERTRAN鄂西北-鄂东,2539,-3000.0
INTERTRAN鄂西北-鄂东,2540,1024.4914999999996
INTERTRAN鄂西北-鄂东,2541,2520.995800009692
INTERTRAN鄂西北-鄂东,2542,3000.0
INTERTRAN鄂西北-鄂东,2543,467.1902499999992
INTERTRAN鄂西北-鄂东,2544,-922.808500000001
INTERTRAN鄂西北-鄂东,2545,-2227.75475
INTERTRAN鄂西北-鄂东,2546,-1077.4955
INTERTRAN鄂西北-鄂东,2547,-250.71450000000095
INTERTRAN鄂西北-鄂东,2548,3000.0
INTERTRAN鄂西北-鄂东,2549,-170.76375000000007
INTERTRAN鄂西北-鄂东,2550,-1458.9282500000004
INTERTRAN鄂西北-鄂东,2551,-973.7711999951534
INTERTRAN鄂西北-鄂东,2552,-557.1026691709467
INTERTRAN鄂西北-鄂东,2553,-976.2385800000002
INTERTRAN鄂西北-鄂东,2554,-3000.0
INTERTRAN鄂西北-鄂东,2555,1261.5172650000004
INTERTRAN鄂西北-鄂东,2556,278.4803568675925
INTERTRAN鄂西北-鄂东,2557,-3000.0
INTERTRAN鄂西北-鄂东,2558,-3000.0
INTERTRAN鄂西北-鄂东,2559,-3000.0
INTERTRAN鄂西北-鄂东,2560,-3000.0
INTERTRAN鄂西北-鄂东,2561,-2298.230999999999
INTERTRAN鄂西北-鄂东,2562,-2491.467079999989
INTERTRAN鄂西北-鄂东,2563,3000.0
INTERTRAN鄂西北-鄂东,2564,-191.75523000000067
INTERTRAN鄂西北-鄂东,2565,-1049.7297500000006
INTERTRAN鄂西北-鄂东,2566,1116.6547499999997
INTERTRAN鄂西北-鄂东,2567,3000.0
INTERTRAN鄂西北-鄂东,2568,1768.9187500000007
INTERTRAN鄂西北-鄂东,2569,-641.8636646217856
INTERTRAN鄂西北-鄂东,2570,1112.8770000000004
INTERTRAN鄂西北-鄂东,2571,-811.0268999951531
INTERTRAN鄂西北-鄂东,2572,117.86200000000008
INTERTRAN鄂西北-鄂东,2573,3000.0
INTERTRAN鄂西北-鄂东,2574,3000.0
INTERTRAN鄂西北-鄂东,2575,3000.0
INTERTRAN鄂西北-鄂东,2576,-192.72720500000014
INTERTRAN鄂西北-鄂东,2577,-26.15170500000022
INTERTRAN鄂西北-鄂东,2578,-738.5859699952543
INTERTRAN鄂西北-鄂东,2579,127.37350999999944
INTERTRAN鄂西北-鄂东,2580,-2220.8439799999996
INTERTRAN鄂西北-鄂东,2581,-2163.78784
INTERTRAN鄂西北-鄂东,2582,-2806.73881
INTERTRAN鄂西北-鄂东,2583,-1872.5370349999998
INTERTRAN鄂西北-鄂东,2584,-1188.121500004848
INTERTRAN鄂西北-鄂东,2585,-1359.8972499999998
INTERTRAN鄂西北-鄂东,2586,1669.887300004846
INTERTRAN鄂西北-鄂东,2587,3000.0
INTERTRAN鄂西北-鄂东,2588,1683.4010000096878
INTERTRAN鄂西北-鄂东,2589,-668.2402500000003
INTERTRAN鄂西北-鄂东,2590,3000.0
INTERTRAN鄂西北-鄂东,2591,1556.4176998374169
INTERTRAN鄂西-鄂西北,2448,-2000.0
INTERTRAN鄂西-鄂西北,2449,-2000.0
INTERTRAN鄂西-鄂西北,2450,-2000.0
INTERTRAN鄂西-鄂西北,2451,-2000.0
INTERTRAN鄂西-鄂西北,2452,-2000.0
INTERTRAN鄂西-鄂西北,2453,-2000.0
INTERTRAN鄂西-鄂西北,2454,-2000.0
INTERTRAN鄂西-鄂西北,2455,-2000.0
INTERTRAN鄂西-鄂西北,2456,-1166.8587950000008
INTERTRAN鄂西-鄂西北,2457,2000.0
INTERTRAN鄂西-鄂西北,2458,2000.0
INTERTRAN鄂西-鄂西北,2459,2000.0
INTERTRAN鄂西-鄂西北,2460,2000.0
INTERTRAN鄂西-鄂西北,2461,2000.0
INTERTRAN鄂西-鄂西北,2462,2000.0
INTERTRAN鄂西-鄂西北,2463,2000.0
INTERTRAN鄂西-鄂西北,2464,2000.0
INTERTRAN鄂西-鄂西北,2465,2000.0
INTERTRAN鄂西-鄂西北,2466,-605.4533500000002
INTERTRAN鄂西-鄂西北,2467,-2000.0
INTERTRAN鄂西-鄂西北,2468,-2000.0
INTERTRAN鄂西-鄂西北,2469,-2000.0
INTERTRAN鄂西-鄂西北,2470,-2000.0
INTERTRAN鄂西-鄂西北,2471,2000.0
INTERTRAN鄂西-鄂西北,2472,-2000.0
INTERTRAN鄂西-鄂西北,2473,-2000.0
INTERTRAN鄂西-鄂西北,2474,-2000.0
INTERTRAN鄂西-鄂西北,2475,265.60679999515014
INTERTRAN鄂西-鄂西北,2476,-2000.0
INTERTRAN鄂西-鄂西北,2477,-2000.0
INTERTRAN鄂西-鄂西北,2478,1714.2127500000006
INTERTRAN鄂西-鄂西北,2479,-2000.0
INTERTRAN鄂西-鄂西北,2480,-2000.0
INTERTRAN鄂西-鄂西北,2481,-2000.0
INTERTRAN鄂西-鄂西北,2482,2000.0
INTERTRAN鄂西-鄂西北,2483,2000.0
INTERTRAN鄂西-鄂西北,2484,2000.0
INTERTRAN鄂西-鄂西北,2485,2000.0
INTERTRAN鄂西-鄂西北,2486,2000.0
INTERTRAN鄂西-鄂西北,2487,2000.0
INTERTRAN鄂西-鄂西北,2488,2000.0
INTERTRAN鄂西-鄂西北,2489,1092.4115949999982
INTERTRAN鄂西-鄂西北,2490,-628.8708200000015
INTERTRAN鄂西-鄂西北,2491,-2000.0
INTERTRAN鄂西-鄂西北,2492,-2000.0
INTERTRAN鄂西-鄂西北,2493,-2000.0
INTERTRAN鄂西-鄂西北,2494,-811.8032499999995
INTERTRAN鄂西-鄂西北,2495,-2000.0
INTERTRAN鄂西-鄂西北,2496,-2000.0
INTERTRAN鄂西-鄂西北,2497,-2000.0
INTERTRAN鄂西-鄂西北,2498,-504.92724999999973
INTERTRAN鄂西-鄂西北,2499,-2000.0
INTERTRAN鄂西-鄂西北,2500,-2000.0
INTERTRAN鄂西-鄂西北,2501,-74.76525000000015
INTERTRAN鄂西-鄂西北,2502,2000.0
INTERTRAN鄂西-鄂西北,2503,2000.0
INTERTRAN鄂西-鄂西北,2504,-2000.0
INTERTRAN鄂西-鄂西北,2505,-2000.0
INTERTRAN鄂西-鄂西北,2506,2000.0
INTERTRAN鄂西-鄂西北,2507,2000.0
INTERTRAN鄂西-鄂西北,2508,-2000.0
INTERTRAN鄂西-鄂西北,2509,2000.0
INTERTRAN鄂西-鄂西北,2510,2000.0
INTERTRAN鄂西-鄂西北,2511,2000.0
INTERTRAN鄂西-鄂西北,2512,2000.0
INTERTRAN鄂西-鄂西北,2513,2000.0
INTERTRAN鄂西-鄂西北,2514,1142.5437000000002
INTERTRAN鄂西-鄂西北,2515,-2000.0
INTERTRAN鄂西-鄂西北,2516,-2000.0
INTERTRAN鄂西-鄂西北,2517,1642.7922500000004
INTERTRAN鄂西-鄂西北,2518,-2000.0
INTERTRAN鄂西-鄂西北,2519,-2000.0
INTERTRAN鄂西-鄂西北,2520,2000.0
INTERTRAN鄂西-鄂西北,2521,1138.2042500000007
INTERTRAN鄂西-鄂西北,2522,-2000.0
INTERTRAN鄂西-鄂西北,2523,-2000.0
INTERTRAN鄂西-鄂西北,2524,-2000.0
INTERTRAN鄂西-鄂西北,2525,-1659.6264999999996
INTERTRAN鄂西-鄂西北,2526,1484.6927499999997
INTERTRAN鄂西-鄂西北,2527,-2000.0
INTERTRAN鄂西-鄂西北,2528,2000.0
INTERTRAN鄂西-鄂西北,2529,-2000.0
INTERTRAN鄂西-鄂西北,2530,-2000.0
INTERTRAN鄂西-鄂西北,2531,699.7962249999996
INTERTRAN鄂西-鄂西北,2532,2000.0
INTERTRAN鄂西-鄂西北,2533,2000.0
INTERTRAN鄂西-鄂西北,2534,2000.0
INTERTRAN鄂西-鄂西北,2535,2000.0
INTERTRAN鄂西-鄂西北,2536,2000.0
INTERTRAN鄂西-鄂西北,2537,2000.0
INTERTRAN鄂西-鄂西北,2538,2000.0
INTERTRAN鄂西-鄂西北,2539,-2000.0
INTERTRAN鄂西-鄂西北,2540,-2000.0
INTERTRAN鄂西-鄂西北,2541,2000.0
INTERTRAN鄂西-鄂西北,2542,1849.3543120231993
INTERTRAN鄂西-鄂西北,2543,-2000.0
INTERTRAN鄂西-鄂西北,2544,-2000.0
INTERTRAN鄂西-鄂西北,2545,-2000.0
INTERTRAN鄂西-鄂西北,2546,-2000.0
INTERTRAN鄂西-鄂西北,2547,-2000.0
INTERTRAN鄂西-鄂西北,2548,820.6237499999993
INTERTRAN鄂西-鄂西北,2549,-2000.0
INTERTRAN鄂西-鄂西北,2550,-2000.0
INTERTRAN鄂西-鄂西北,2551,-2000.0
INTERTRAN鄂西-鄂西北,2552,-2000.0
INTERTRAN鄂西-鄂西北,2553,-2000.0
INTERTRAN鄂西-鄂西北,2554,-2000.0
INTERTRAN鄂西-鄂西北,2555,2000.0
INTERTRAN鄂西-鄂西北,2556,2000.0
INTERTRAN鄂西-鄂西北,2557,-943.7766850000003
INTERTRAN鄂西-鄂西北,2558,-2000.0
INTERTRAN鄂西-鄂西北,2559,2000.0
INTERTRAN鄂西-鄂西北,2560,702.8656200000005
INTERTRAN鄂西-鄂西北,2561,-2000.0
INTERTRAN鄂西-鄂西北,2562,-2000.0
INTERTRAN鄂西-鄂西北,2563,1475.3548549999996
INTERTRAN鄂西-鄂西北,2564,-2000.0
INTERTRAN鄂西-鄂西北,2565,-2000.0
INTERTRAN鄂西-鄂西北,2566,-2000.0
INTERTRAN鄂西-鄂西北,2567,-787.6562420086602
INTERTRAN鄂西-鄂西北,2568,-2000.0
INTERTRAN鄂西-鄂西北,2569,-2000.0
INTERTRAN鄂西-鄂西北,2570,-2000.0
INTERTRAN鄂西-鄂西北,2571,-2000.0
INTERTRAN鄂西-鄂西北,2572,-2000.0
INTERTRAN鄂西-鄂西北,2573,1593.6130000000003
INTERTRAN鄂西-鄂西北,2574,-1319.5796000048485
INTERTRAN鄂西-鄂西北,2575,-1854.740708001032
INTERTRAN鄂西-鄂西北,2576,-2000.0
INTERTRAN鄂西-鄂西北,2577,-2000.0
INTERTRAN鄂西-鄂西北,2578,-2000.0
INTERTRAN鄂西-鄂西北,2579,-2000.0
INTERTRAN鄂西-鄂西北,2580,-2000.0
INTERTRAN鄂西-鄂西北,2581,-2000.0
INTERTRAN鄂西-鄂西北,2582,-2000.0
INTERTRAN鄂西-鄂西北,2583,-2000.0
INTERTRAN鄂西-鄂西北,2584,-2000.0
INTERTRAN鄂西-鄂西北,2585,-2000.0
INTERTRAN鄂西-鄂西北,2586,2000.0
INTERTRAN鄂西-鄂西北,2587,-2000.0
INTERTRAN鄂西-鄂西北,2588,-2000.0
INTERTRAN鄂西-鄂西北,2589,-2000.0
INTERTRAN鄂西-鄂西北,2590,-285.620663193361
INTERTRAN鄂西-鄂西北,2591,-2000.0
INTERTRAN鄂西-鄂东,2592,6778.669402738189
INTERTRAN鄂西-鄂东,2593,10681.581999999999
INTERTRAN鄂西-鄂东,2594,9531.363099995153
INTERTRAN鄂西-鄂东,2595,8835.045199998895
INTERTRAN鄂西-鄂东,2596,6697.896481995645
INTERTRAN鄂西-鄂东,2597,9210.047099998894
INTERTRAN鄂西-鄂东,2598,9883.069749999995
INTERTRAN鄂西-鄂东,2599,10927.922899998892
INTERTRAN鄂西-鄂东,2600,7547.515489999998
INTERTRAN鄂西-鄂东,2601,10981.532055803924
INTERTRAN鄂西-鄂东,2602,3650.2145333333356
INTERTRAN鄂西-鄂东,2603,4769.917100000006
INTERTRAN鄂西-鄂东,2604,2409.9429999999993
INTERTRAN鄂西-鄂东,2605,467.66379999515266
INTERTRAN鄂西-鄂东,2606,5027.715930728646
INTERTRAN鄂西-鄂东,2607,5897.9270823529405
INTERTRAN鄂西-鄂东,2608,4376.996599995153
INTERTRAN鄂西-鄂东,2609,4889.986099346399
INTERTRAN鄂西-鄂东,2610,8807.564100000003
INTERTRAN鄂西-鄂东,2611,10523.013699997526
INTERTRAN鄂西-鄂东,2612,8466.08859999779
INTERTRAN鄂西-鄂东,2613,10145.449299998894
INTERTRAN鄂西-鄂东,2614,8562.707499998894
INTERTRAN鄂西-鄂东,2615,8898.921999999999
INTERTRAN鄂西-鄂东,2616,8169.262799998891
INTERTRAN鄂西-鄂东,2617,9352.961199998892
INTERTRAN鄂西-鄂东,2618,8081.976599998892
INTERTRAN鄂西-鄂东,2619,8977.736499998893
INTERTRAN鄂西-鄂东,2620,10914.53469999889
INTERTRAN鄂西-鄂东,2621,7902.838299999996
INTERTRAN鄂西-鄂东,2622,8769.623150159794
INTERTRAN鄂西-鄂东,2623,9401.684399998892
INTERTRAN鄂西-鄂东,2624,6634.914899998894
INTERTRAN鄂西-鄂东,2625,9474.199967001106
INTERTRAN鄂西-鄂东,2626,8857.273199997526
INTERTRAN鄂西-鄂东,2627,10006.305050000003
INTERTRAN鄂西-鄂东,2628,4398.066599998892
INTERTRAN鄂西-鄂东,2629,8912.108043223248
INTERTRAN鄂西-鄂东,2630,9119.183400000002
INTERTRAN鄂西-鄂东,2631,10428.726499998891
INTERTRAN鄂西-鄂东,2632,6566.657000726311
INTERTRAN鄂西-鄂东,2633,5760.744200000001
INTERTRAN鄂西-鄂东,2634,9572.01999999889
INTERTRAN鄂西-鄂东,2635,8688.216699998891
INTERTRAN鄂西-鄂东,2636,8441.305699998891
INTERTRAN鄂西-鄂东,2637,9944.184099999999
INTERTRAN鄂西-鄂东,2638,9291.918450001103
INTERTRAN鄂西-鄂东,2639,9714.390599998893
INTERTRAN鄂西-鄂东,2640,9913.408799999997
INTERTRAN鄂西-鄂东,2641,9524.753600263022
INTERTRAN鄂西-鄂东,2642,9810.7094
INTERTRAN鄂西-鄂东,2643,8356.6434
INTERTRAN鄂西-鄂东,2644,9978.140499997524
INTERTRAN鄂西-鄂东,2645,9813.418949377869
INTERTRAN鄂西-鄂东,2646,10427.895500000002
INTERTRAN鄂西-鄂东,2647,11182.28759999515
INTERTRAN鄂西-鄂东,2648,7722.776599997524
INTERTRAN鄂西-鄂东,2649,8228.765793518454
INTERTRAN鄂西-鄂东,2650,5929.928699999997
INTERTRAN鄂西-鄂东,2651,5468.4243078431355
INTERTRAN鄂西-鄂东,2652,6739.843500000003
INTERTRAN鄂西-鄂东,2653,5450.197201960782
INTERTRAN鄂西-鄂东,2654,3251.5516145013244
INTERTRAN鄂西-鄂东,2655,5792.068779117642
INTERTRAN鄂西-鄂东,2656,6425.7225000000035
INTERTRAN鄂西-鄂东,2657,9745.421599995156
INTERTRAN鄂西-鄂东,2658,11180.195899999999
INTERTRAN鄂西-鄂东,2659,6046.30832
INTERTRAN鄂西-鄂东,2660,6257.768229999998
INTERTRAN鄂西-鄂东,2661,7011.6927
INTERTRAN鄂西-鄂东,2662,8569.776271552011
INTERTRAN鄂西-鄂东,2663,8824.10295
INTERTRAN鄂西-鄂东,2664,10763.948149999997
INTERTRAN鄂西-鄂东,2665,10794.463499995152
INTERTRAN鄂西-鄂东,2666,8999.200799999999
INTERTRAN鄂西-鄂东,2667,9301.5174
INTERTRAN鄂西-鄂东,2668,9276.3983
INTERTRAN鄂西-鄂东,2669,5866.664550000001
INTERTRAN鄂西-鄂东,2670,9990.72655
INTERTRAN鄂西-鄂东,2671,11466.846485000002
INTERTRAN鄂西-鄂东,2672,11092.039099997528
INTERTRAN鄂西-鄂东,2673,8707.941735
INTERTRAN鄂西-鄂东,2674,5340.096499999996
INTERTRAN鄂西-鄂东,2675,4584.122155550707
INTERTRAN鄂西-鄂东,2676,1038.7113951598203
INTERTRAN鄂西-鄂东,2677,5798.896297526015
INTERTRAN鄂西-鄂东,2678,2538.9570629689442
INTERTRAN鄂西-鄂东,2679,2163.1630594492945
INTERTRAN鄂西-鄂东,2680,4813.006744995153
INTERTRAN鄂西-鄂东,2681,5174.846282348095
INTERTRAN鄂西-鄂东,2682,6495.553299995154
INTERTRAN鄂西-鄂东,2683,6237.224560000002
INTERTRAN鄂西-鄂东,2684,5882.871150000003
INTERTRAN鄂西-鄂东,2685,7170.324900183718
INTERTRAN鄂西-鄂东,2686,7283.995299995153
INTERTRAN鄂西-鄂东,2687,5459.5574000000015
INTERTRAN鄂西-鄂东,2688,7399.036399995151
INTERTRAN鄂西-鄂东,2689,8900.914987254902
INTERTRAN鄂西-鄂东,2690,3596.3937250048402
INTERTRAN鄂西-鄂东,2691,7931.3352111264685
INTERTRAN鄂西-鄂东,2692,6079.880299999997
INTERTRAN鄂西-鄂东,2693,6450.430199995153
INTERTRAN鄂西-鄂东,2694,11265.093399997524
INTERTRAN鄂西-鄂东,2695,9374.26801
INTERTRAN鄂西-鄂东,2696,8121.884079999996
INTERTRAN鄂西-鄂东,2697,10626.711856111113
INTERTRAN鄂西-鄂东,2698,4713.900835294116
INTERTRAN鄂西-鄂东,2699,7408.710099995151
INTERTRAN鄂西-鄂东,2700,6600.083999995153
INTERTRAN鄂西-鄂东,2701,1992.886166666658
INTERTRAN鄂西-鄂东,2702,4692.800321568626
INTERTRAN鄂西-鄂东,2703,2020.794899995155
INTERTRAN鄂西-鄂东,2704,7049.538410030247
INTERTRAN鄂西-鄂东,2705,8713.504234995155
INTERTRAN鄂西-鄂东,2706,6811.5334
INTERTRAN鄂西-鄂东,2707,4726.169023529412
INTERTRAN鄂西-鄂东,2708,4902.293099999995
INTERTRAN鄂西-鄂东,2709,2985.8351000000002
INTERTRAN鄂西-鄂东,2710,6101.863400000002
INTERTRAN鄂西-鄂东,2711,4230.298040001104
INTERTRAN鄂西-鄂东,2712,7142.479299999999
INTERTRAN鄂西-鄂东,2713,1797.5049716049361
INTERTRAN鄂西-鄂东,2714,5600.3452499999985
INTERTRAN鄂西-鄂东,2715,6062.955399999999
INTERTRAN鄂西-鄂东,2716,5274.3081999999995
INTERTRAN鄂西-鄂东,2717,5775.083499995151
INTERTRAN鄂西-鄂东,2718,8241.105900000002
INTERTRAN鄂西-鄂东,2719,5918.626341239542
INTERTRAN鄂西-鄂东,2720,7036.035000004842
INTERTRAN鄂西-鄂东,2721,6850.261742717208
INTERTRAN鄂西-鄂东,2722,5637.497498547571
INTERTRAN鄂西-鄂东,2723,2283.7240177632066
INTERTRAN鄂西-鄂东,2724,3198.0409117695453
INTERTRAN鄂西-鄂东,2725,502.32160653110077
INTERTRAN鄂西-鄂东,2726,2178.6696385621
INTERTRAN鄂西-鄂东,2727,5269.638899995156
INTERTRAN鄂西-鄂东,2728,5181.703870588237
INTERTRAN鄂西-鄂东,2729,11255.895478934865
INTERTRAN鄂西-鄂东,2730,6435.851823524565
INTERTRAN鄂西-鄂东,2731,7486.2117
INTERTRAN鄂西-鄂东,2732,6524.692199997524
INTERTRAN鄂西-鄂东,2733,3510.358299999998
INTERTRAN鄂西-鄂东,2734,7349.357899997525
INTERTRAN鄂西-鄂东,2735,5255.515475004846
INTERTRAN鄂西北-鄂东,2592,-559.1840209808997
INTERTRAN鄂西北-鄂东,2593,-985.1814999999997
INTERTRAN鄂西北-鄂东,2594,1078.053100004845
INTERTRAN鄂西北-鄂东,2595,-133.17289999889363
INTERTRAN鄂西北-鄂东,2596,3000.0
INTERTRAN鄂西北-鄂东,2597,431.2991000011061
INTERTRAN鄂西北-鄂东,2598,523.6852500000005
INTERTRAN鄂西北-鄂东,2599,324.42434000000094
INTERTRAN鄂西北-鄂东,2600,3000.0
INTERTRAN鄂西北-鄂东,2601,-1511.3743558039257
INTERTRAN鄂西北-鄂东,2602,-3000.0
INTERTRAN鄂西北-鄂东,2603,-3000.0
INTERTRAN鄂西北-鄂东,2604,-3000.0
INTERTRAN鄂西北-鄂东,2605,-3000.0
INTERTRAN鄂西北-鄂东,2606,-3000.0
INTERTRAN鄂西北-鄂东,2607,-3000.0
INTERTRAN鄂西北-鄂东,2608,-3000.0
INTERTRAN鄂西北-鄂东,2609,-3000.0
INTERTRAN鄂西北-鄂东,2610,-3000.0
INTERTRAN鄂西北-鄂东,2611,-2941.534099997528
INTERTRAN鄂西北-鄂东,2612,2644.941400002206
INTERTRAN鄂西北-鄂东,2613,-461.7208999988907
INTERTRAN鄂西北-鄂东,2614,-710.3082500000005
INTERTRAN鄂西北-鄂东,2615,3000.0
INTERTRAN鄂西北-鄂东,2616,1216.3135000000002
INTERTRAN鄂西北-鄂东,2617,-116.76689999889277
INTERTRAN鄂西北-鄂东,2618,2275.500100001107
INTERTRAN鄂西北-鄂东,2619,675.3152500000001
INTERTRAN鄂西北-鄂东,2620,-293.5468999988898
INTERTRAN鄂西北-鄂东,2621,3000.0
INTERTRAN鄂西北-鄂东,2622,1707.6710998413164
INTERTRAN鄂西北-鄂东,2623,-669.8876199999995
INTERTRAN鄂西北-鄂东,2624,2759.4488149999997
INTERTRAN鄂西北-鄂东,2625,2645.0160179999984
INTERTRAN鄂西北-鄂东,2626,-1617.6710999975276
INTERTRAN鄂西北-鄂东,2627,-1694.0924500000003
INTERTRAN鄂西北-鄂东,2628,2685.91456
INTERTRAN鄂西北-鄂东,2629,-2247.755035
INTERTRAN鄂西北-鄂东,2630,-3000.0
INTERTRAN鄂西北-鄂东,2631,-1227.2214550000008
INTERTRAN鄂西北-鄂东,2632,1770.8568992736919
INTERTRAN鄂西北-鄂东,2633,-3000.0
INTERTRAN鄂西北-鄂东,2634,714.0189499999992
INTERTRAN鄂西北-鄂东,2635,-125.11241000000064
INTERTRAN鄂西北-鄂东,2636,1380.9857600000005
INTERTRAN鄂西北-鄂东,2637,-558.1010000000001
INTERTRAN鄂西北-鄂东,2638,245.29714999889347
INTERTRAN鄂西北-鄂东,2639,358.459100001106
INTERTRAN鄂西北-鄂东,2640,-981.8625000000002
INTERTRAN鄂西北-鄂东,2641,-926.5674002630203
INTERTRAN鄂西北-鄂东,2642,-1205.8545
INTERTRAN鄂西北-鄂东,2643,-330.5565000000006
INTERTRAN鄂西北-鄂东,2644,-2129.013399997524
INTERTRAN鄂西北-鄂东,2645,-1798.3664493778697
INTERTRAN鄂西北-鄂东,2646,-1445.0349999999999
INTERTRAN鄂西北-鄂东,2647,-1277.4310999951485
INTERTRAN鄂西北-鄂东,2648,2352.1421000024784
INTERTRAN鄂西北-鄂东,2649,-436.6572935184522
INTERTRAN鄂西北-鄂东,2650,-3000.0
INTERTRAN鄂西北-鄂东,2651,-3000.0
INTERTRAN鄂西北-鄂东,2652,-3000.0
INTERTRAN鄂西北-鄂东,2653,-3000.0
INTERTRAN鄂西北-鄂东,2654,-3000.0
INTERTRAN鄂西北-鄂东,2655,-2941.7683849999985
INTERTRAN鄂西北-鄂东,2656,-3000.0
INTERTRAN鄂西北-鄂东,2657,-2722.8571999951546
INTERTRAN鄂西北-鄂东,2658,-3000.0
INTERTRAN鄂西北-鄂东,2659,1123.2687799999994
INTERTRAN鄂西北-鄂东,2660,-350.80542999999943
INTERTRAN鄂西北-鄂东,2661,1143.906
INTERTRAN鄂西北-鄂东,2662,-2565.1477500000005
INTERTRAN鄂西北-鄂东,2663,5.861249999999927
INTERTRAN鄂西北-鄂东,2664,-1196.75875
INTERTRAN鄂西北-鄂东,2665,-1591.311399995153
INTERTRAN鄂西北-鄂东,2666,-893.0715000000005
INTERTRAN鄂西北-鄂东,2667,-750.1484999999998
INTERTRAN鄂西北-鄂东,2668,-433.04900000000043
INTERTRAN鄂西北-鄂东,2669,2182.8732499999996
INTERTRAN鄂西北-鄂东,2670,-1389.5707500000003
INTERTRAN鄂西北-鄂东,2671,-1789.7537850000006
INTERTRAN鄂西北-鄂东,2672,-1081.1569999975272
INTERTRAN鄂西北-鄂东,2673,-2872.1940350000004
INTERTRAN鄂西北-鄂东,2674,-3000.0
INTERTRAN鄂西北-鄂东,2675,-3000.0
INTERTRAN鄂西北-鄂东,2676,-3000.0
INTERTRAN鄂西北-鄂东,2677,-3000.0
INTERTRAN鄂西北-鄂东,2678,-3000.0
INTERTRAN鄂西北-鄂东,2679,-3000.0
INTERTRAN鄂西北-鄂东,2680,-3000.0
INTERTRAN鄂西北-鄂东,2681,-2159.4626319184094
INTERTRAN鄂西北-鄂东,2682,-55.054024999998546
INTERTRAN鄂西北-鄂东,2683,2106.2701399999987
INTERTRAN鄂西北-鄂东,2684,2544.621049999998
INTERTRAN鄂西北-鄂东,2685,2970.073099816281
INTERTRAN鄂西北-鄂东,2686,291.7466000048462
INTERTRAN鄂西北-鄂东,2687,-956.6995000000006
INTERTRAN鄂西北-鄂东,2688,-916.6542499999996
INTERTRAN鄂西北-鄂东,2689,1004.9827499999997
INTERTRAN鄂西北-鄂东,2690,2180.867
INTERTRAN鄂西北-鄂东,2691,-949.9411111264699
INTERTRAN鄂西北-鄂东,2692,3000.0
INTERTRAN鄂西北-鄂东,2693,1424.267200004845
INTERTRAN鄂西北-鄂东,2694,-1272.4428999975262
INTERTRAN鄂西北-鄂东,2695,-311.34321
INTERTRAN鄂西北-鄂东,2696,-1312.2092799999996
INTERTRAN鄂西北-鄂东,2697,-2960.7853561111115
INTERTRAN鄂西北-鄂东,2698,-3000.0
INTERTRAN鄂西北-鄂东,2699,-2468.209426111111
INTERTRAN鄂西北-鄂东,2700,-1821.8082723174189
INTERTRAN鄂西北-鄂东,2701,-3000.0
INTERTRAN鄂西北-鄂东,2702,-3000.0
INTERTRAN鄂西北-鄂东,2703,-3000.0
INTERTRAN鄂西北-鄂东,2704,-3000.0
INTERTRAN鄂西北-鄂东,2705,-3000.0
INTERTRAN鄂西北-鄂东,2706,-3000.0
INTERTRAN鄂西北-鄂东,2707,1011.5276000000003
INTERTRAN鄂西北-鄂东,2708,3000.0
INTERTRAN鄂西北-鄂东,2709,632.0929999999998
INTERTRAN鄂西北-鄂东,2710,1715.6184999999996
INTERTRAN鄂西北-鄂东,2711,2215.521999999999
INTERTRAN鄂西北-鄂东,2712,3000.0
INTERTRAN鄂西北-鄂东,2713,3000.0
INTERTRAN鄂西北-鄂东,2714,1393.0147499999994
INTERTRAN鄂西北-鄂东,2715,3000.0
INTERTRAN鄂西北-鄂东,2716,3000.0
INTERTRAN鄂西北-鄂东,2717,2079.8950000000004
INTERTRAN鄂西北-鄂东,2718,55.27500000000009
INTERTRAN鄂西北-鄂东,2719,-2990.664955
INTERTRAN鄂西北-鄂东,2720,-1020.6007999999997
INTERTRAN鄂西北-鄂东,2721,-1445.971825070151
INTERTRAN鄂西北-鄂东,2722,-3000.0
INTERTRAN鄂西北-鄂东,2723,-2749.1866680480216
INTERTRAN鄂西北-鄂东,2724,-3000.0
INTERTRAN鄂西北-鄂东,2725,-3000.0
INTERTRAN鄂西北-鄂东,2726,-3000.0
INTERTRAN鄂西北-鄂东,2727,-3000.0
INTERTRAN鄂西北-鄂东,2728,-3000.0
INTERTRAN鄂西北-鄂东,2729,-3000.0
INTERTRAN鄂西北-鄂东,2730,-3000.0
INTERTRAN鄂西北-鄂东,2731,-3000.0
INTERTRAN鄂西北-鄂东,2732,2222.3126649999986
INTERTRAN鄂西北-鄂东,2733,3000.0
INTERTRAN鄂西北-鄂东,2734,-766.0632499999997
INTERTRAN鄂西北-鄂东,2735,2329.1265000000003
INTERTRAN鄂西-鄂西北,2592,-2000.0
INTERTRAN鄂西-鄂西北,2593,-2000.0
INTERTRAN鄂西-鄂西北,2594,-2000.0
INTERTRAN鄂西-鄂西北,2595,-2000.0
INTERTRAN鄂西-鄂西北,2596,327.30016800213843
INTERTRAN鄂西-鄂西北,2597,-2000.0
INTERTRAN鄂西-鄂西北,2598,-2000.0
INTERTRAN鄂西-鄂西北,2599,-2000.0
INTERTRAN鄂西-鄂西北,2600,19.213709998892227
INTERTRAN鄂西-鄂西北,2601,-2000.0
INTERTRAN鄂西-鄂西北,2602,-643.1132274558308
INTERTRAN鄂西-鄂西北,2603,151.45021999999972
INTERTRAN鄂西-鄂西北,2604,2000.0
INTERTRAN鄂西-鄂西北,2605,2000.0
INTERTRAN鄂西-鄂西北,2606,2000.0
INTERTRAN鄂西-鄂西北,2607,2000.0
INTERTRAN鄂西-鄂西北,2608,2000.0
INTERTRAN鄂西-鄂西北,2609,1740.6835937050705
INTERTRAN鄂西-鄂西北,2610,-2000.0
INTERTRAN鄂西-鄂西北,2611,-2000.0
INTERTRAN鄂西-鄂西北,2612,-2000.0
INTERTRAN鄂西-鄂西北,2613,-2000.0
INTERTRAN鄂西-鄂西北,2614,-2000.0
INTERTRAN鄂西-鄂西北,2615,-1521.168200156466
INTERTRAN鄂西-鄂西北,2616,-2000.0
INTERTRAN鄂西-鄂西北,2617,-2000.0
INTERTRAN鄂西-鄂西北,2618,-2000.0
INTERTRAN鄂西-鄂西北,2619,-2000.0
INTERTRAN鄂西-鄂西北,2620,-2000.0
INTERTRAN鄂西-鄂西北,2621,-1957.977100001105
INTERTRAN鄂西-鄂西北,2622,-2000.0
INTERTRAN鄂西-鄂西北,2623,-2000.0
INTERTRAN鄂西-鄂西北,2624,-2000.0
INTERTRAN鄂西-鄂西北,2625,-2000.0
INTERTRAN鄂西-鄂西北,2626,-2000.0
INTERTRAN鄂西-鄂西北,2627,-2000.0
INTERTRAN鄂西-鄂西北,2628,2000.0
INTERTRAN鄂西-鄂西北,2629,-2000.0
INTERTRAN鄂西-鄂西北,2630,-846.7540399999993
INTERTRAN鄂西-鄂西北,2631,-2000.0
INTERTRAN鄂西-鄂西北,2632,2000.0
INTERTRAN鄂西-鄂西北,2633,-2000.0
INTERTRAN鄂西-鄂西北,2634,-2000.0
INTERTRAN鄂西-鄂西北,2635,-2000.0
INTERTRAN鄂西-鄂西北,2636,-2000.0
INTERTRAN鄂西-鄂西北,2637,-2000.0
INTERTRAN鄂西-鄂西北,2638,-2000.0
INTERTRAN鄂西-鄂西北,2639,-2000.0
INTERTRAN鄂西-鄂西北,2640,-2000.0
INTERTRAN鄂西-鄂西北,2641,-2000.0
INTERTRAN鄂西-鄂西北,2642,-2000.0
INTERTRAN鄂西-鄂西北,2643,-2000.0
INTERTRAN鄂西-鄂西北,2644,-2000.0
INTERTRAN鄂西-鄂西北,2645,-2000.0
INTERTRAN鄂西-鄂西北,2646,-2000.0
INTERTRAN鄂西-鄂西北,2647,-2000.0
INTERTRAN鄂西-鄂西北,2648,2000.0
INTERTRAN鄂西-鄂西北,2649,-2000.0
INTERTRAN鄂西-鄂西北,2650,-1669.2815111159578
INTERTRAN鄂西-鄂西北,2651,2000.0
INTERTRAN鄂西-鄂西北,2652,17.334270000000743
INTERTRAN鄂西-鄂西北,2653,378.3567215637795
INTERTRAN鄂西-鄂西北,2654,-1558.5062750000002
INTERTRAN鄂西-鄂西北,2655,-2000.0
INTERTRAN鄂西-鄂西北,2656,-1390.036370000001
INTERTRAN鄂西-鄂西北,2657,-2000.0
INTERTRAN鄂西-鄂西北,2658,-2000.0
INTERTRAN鄂西-鄂西北,2659,-2000.0
INTERTRAN鄂西-鄂西北,2660,-2000.0
INTERTRAN鄂西-鄂西北,2661,-2000.0
INTERTRAN鄂西-鄂西北,2662,-2000.0
INTERTRAN鄂西-鄂西北,2663,-2000.0
INTERTRAN鄂西-鄂西北,2664,-2000.0
INTERTRAN鄂西-鄂西北,2665,-2000.0
INTERTRAN鄂西-鄂西北,2666,-2000.0
INTERTRAN鄂西-鄂西北,2667,-2000.0
INTERTRAN鄂西-鄂西北,2668,-2000.0
INTERTRAN鄂西-鄂西北,2669,-2000.0
INTERTRAN鄂西-鄂西北,2670,-2000.0
INTERTRAN鄂西-鄂西北,2671,-2000.0
INTERTRAN鄂西-鄂西北,2672,-2000.0
INTERTRAN鄂西-鄂西北,2673,-2000.0
INTERTRAN鄂西-鄂西北,2674,2000.0
INTERTRAN鄂西-鄂西北,2675,2000.0
INTERTRAN鄂西-鄂西北,2676,1888.222275
INTERTRAN鄂西-鄂西北,2677,2000.0
INTERTRAN鄂西-鄂西北,2678,2000.0
INTERTRAN鄂西-鄂西北,2679,2000.0
INTERTRAN鄂西-鄂西北,2680,-429.63304500000004
INTERTRAN鄂西-鄂西北,2681,-2000.0
INTERTRAN鄂西-鄂西北,2682,2000.0
INTERTRAN鄂西-鄂西北,2683,2000.0
INTERTRAN鄂西-鄂西北,2684,2000.0
INTERTRAN鄂西-鄂西北,2685,2000.0
INTERTRAN鄂西-鄂西北,2686,-2000.0
INTERTRAN鄂西-鄂西北,2687,-2000.0
INTERTRAN鄂西-鄂西北,2688,-2000.0
INTERTRAN鄂西-鄂西北,2689,-2000.0
INTERTRAN鄂西-鄂西北,2690,2000.0
INTERTRAN鄂西-鄂西北,2691,-2000.0
INTERTRAN鄂西-鄂西北,2692,-2000.0
INTERTRAN鄂西-鄂西北,2693,-2000.0
INTERTRAN鄂西-鄂西北,2694,-2000.0
INTERTRAN鄂西-鄂西北,2695,-2000.0
INTERTRAN鄂西-鄂西北,2696,-2000.0
INTERTRAN鄂西-鄂西北,2697,-2000.0
INTERTRAN鄂西-鄂西北,2698,-952.1999250000003
INTERTRAN鄂西-鄂西北,2699,-2000.0
INTERTRAN鄂西-鄂西北,2700,2000.0
INTERTRAN鄂西-鄂西北,2701,2000.0
INTERTRAN鄂西-鄂西北,2702,2000.0
INTERTRAN鄂西-鄂西北,2703,2000.0
INTERTRAN鄂西-鄂西北,2704,2000.0
INTERTRAN鄂西-鄂西北,2705,-782.9924350000001
INTERTRAN鄂西-鄂西北,2706,156.30444499999885
INTERTRAN鄂西-鄂西北,2707,2000.0
INTERTRAN鄂西-鄂西北,2708,1287.8277099999987
INTERTRAN鄂西-鄂西北,2709,2000.0
INTERTRAN鄂西-鄂西北,2710,2000.0
INTERTRAN鄂西-鄂西北,2711,-2000.0
INTERTRAN鄂西-鄂西北,2712,-1145.7270000000008
INTERTRAN鄂西-鄂西北,2713,2000.0
INTERTRAN鄂西-鄂西北,2714,2000.0
INTERTRAN鄂西-鄂西北,2715,-846.4461664697164
INTERTRAN鄂西-鄂西北,2716,1188.7093999951521
INTERTRAN鄂西-鄂西北,2717,2000.0
INTERTRAN鄂西-鄂西北,2718,-2000.0
INTERTRAN鄂西-鄂西北,2719,-2000.0
INTERTRAN鄂西-鄂西北,2720,-2000.0
INTERTRAN鄂西-鄂西北,2721,-2000.0
INTERTRAN鄂西-鄂西北,2722,2000.0
INTERTRAN鄂西-鄂西北,2723,2000.0
INTERTRAN鄂西-鄂西北,2724,2000.0
INTERTRAN鄂西-鄂西北,2725,2000.0
INTERTRAN鄂西-鄂西北,2726,2000.0
INTERTRAN鄂西-鄂西北,2727,2000.0
INTERTRAN鄂西-鄂西北,2728,2000.0
INTERTRAN鄂西-鄂西北,2729,-1404.9089148874239
INTERTRAN鄂西-鄂西北,2730,2000.0
INTERTRAN鄂西-鄂西北,2731,-1295.5573850000005
INTERTRAN鄂西-鄂西北,2732,2000.0
INTERTRAN鄂西-鄂西北,2733,1698.2685000000006
INTERTRAN鄂西-鄂西北,2734,-2000.0
INTERTRAN鄂西-鄂西北,2735,-2000.0
INTERTRAN鄂西-鄂东,2736,3299.8116941141816
INTERTRAN鄂西-鄂东,2737,8412.868499999997
INTERTRAN鄂西-鄂东,2738,5936.302285322166
INTERTRAN鄂西-鄂东,2739,5996.048099996537
INTERTRAN鄂西-鄂东,2740,7279.7188999965365
INTERTRAN鄂西-鄂东,2741,9231.464300002473
INTERTRAN鄂西-鄂东,2742,10410.697150025888
INTERTRAN鄂西-鄂东,2743,10938.833100001375
INTERTRAN鄂西-鄂东,2744,1594.2970418721525
INTERTRAN鄂西-鄂东,2745,8833.158384974548
INTERTRAN鄂西-鄂东,2746,3516.655299999995
INTERTRAN鄂西-鄂东,2747,5100.36013463706
INTERTRAN鄂西-鄂东,2748,3256.3101555520916
INTERTRAN鄂西-鄂东,2749,6034.801622218754
INTERTRAN鄂西-鄂东,2750,6504.881822218758
INTERTRAN鄂西-鄂东,2751,4115.204437036538
INTERTRAN鄂西-鄂东,2752,4737.816422695094
INTERTRAN鄂西-鄂东,2753,6416.484700000001
INTERTRAN鄂西-鄂东,2754,6270.467794996537
INTERTRAN鄂西-鄂东,2755,7598.440752842675
INTERTRAN鄂西-鄂东,2756,4349.610650000002
INTERTRAN鄂西-鄂东,2757,5843.236499999999
INTERTRAN鄂西-鄂东,2758,4394.126499996535
INTERTRAN鄂西-鄂东,2759,12388.435749999997
INTERTRAN鄂西-鄂东,2760,9972.331899999997
INTERTRAN鄂西-鄂东,2761,8602.12385
INTERTRAN鄂西-鄂东,2762,6503.118500006931
INTERTRAN鄂西-鄂东,2763,4215.757949999999
INTERTRAN鄂西-鄂东,2764,6795.692750000002
INTERTRAN鄂西-鄂东,2765,5493.640399999997
INTERTRAN鄂西-鄂东,2766,9878.365614625167
INTERTRAN鄂西-鄂东,2767,10592.256449996534
INTERTRAN鄂西-鄂东,2768,8070.786299996533
INTERTRAN鄂西-鄂东,2769,8593.933699996534
INTERTRAN鄂西-鄂东,2770,2062.3810313725517
INTERTRAN鄂西-鄂东,2771,4659.100729048656
INTERTRAN鄂西-鄂东,2772,668.3282400454955
INTERTRAN鄂西-鄂东,2773,6901.858590607049
INTERTRAN鄂西-鄂东,2774,5074.272199999999
INTERTRAN鄂西-鄂东,2775,3703.4745999965344
INTERTRAN鄂西-鄂东,2776,5233.118294117652
INTERTRAN鄂西-鄂东,2777,5955.286500000006
INTERTRAN鄂西-鄂东,2778,7334.364822046009
INTERTRAN鄂西-鄂东,2779,8101.509499996537
INTERTRAN鄂西-鄂东,2780,3691.706176353193
INTERTRAN鄂西-鄂东,2781,5799.43554117647
INTERTRAN鄂西-鄂东,2782,9525.807599996533
INTERTRAN鄂西-鄂东,2783,12583.29609568329
INTERTRAN鄂西-鄂东,2784,9175.414747591927
INTERTRAN鄂西-鄂东,2785,8330.1394
INTERTRAN鄂西-鄂东,2786,8850.899550003465
INTERTRAN鄂西-鄂东,2787,4360.0739999965335
INTERTRAN鄂西-鄂东,2788,5119.176699996533
INTERTRAN鄂西-鄂东,2789,8050.9625000000015
INTERTRAN鄂西-鄂东,2790,4627.09804598039
INTERTRAN鄂西-鄂东,2791,7140.218860003461
INTERTRAN鄂西-鄂东,2792,7626.897499996536
INTERTRAN鄂西-鄂东,2793,5790.502182349475
INTERTRAN鄂西-鄂东,2794,3041.817556825532
INTERTRAN鄂西-鄂东,2795,4720.865899999997
INTERTRAN鄂西-鄂东,2796,4164.658799999994
INTERTRAN鄂西-鄂东,2797,4462.639589324252
INTERTRAN鄂西-鄂东,2798,3051.4400444409803
INTERTRAN鄂西-鄂东,2799,5865.698802502226
INTERTRAN鄂西-鄂东,2800,6885.612024298625
INTERTRAN鄂西-鄂东,2801,5407.962614379088
INTERTRAN鄂西-鄂东,2802,8436.564535294121
INTERTRAN鄂西-鄂东,2803,4867.642099996534
INTERTRAN鄂西-鄂东,2804,4113.068193705298
INTERTRAN鄂西-鄂东,2805,8442.111349999996
INTERTRAN鄂西-鄂东,2806,8242.71836000347
INTERTRAN鄂西-鄂东,2807,5832.506299996538
INTERTRAN鄂西-鄂东,2808,7476.605439989609
INTERTRAN鄂西-鄂东,2809,6378.9984
INTERTRAN鄂西-鄂东,2810,5693.962350000002
INTERTRAN鄂西-鄂东,2811,7541.721799999996
INTERTRAN鄂西-鄂东,2812,9653.219749999997
INTERTRAN鄂西-鄂东,2813,4628.211523646805
INTERTRAN鄂西-鄂东,2814,7397.775699996535
INTERTRAN鄂西-鄂东,2815,5999.071275000002
INTERTRAN鄂西-鄂东,2816,5901.028099996533
INTERTRAN鄂西-鄂东,2817,7285.8009249986135
INTERTRAN鄂西-鄂东,2818,3356.3942411730077
INTERTRAN鄂西-鄂东,2819,3044.9678529446282
INTERTRAN鄂西-鄂东,2820,1381.2793485612947
INTERTRAN鄂西-鄂东,2821,183.00978453158768
INTERTRAN鄂西-鄂东,2822,7111.3462
INTERTRAN鄂西-鄂东,2823,11381.2457
INTERTRAN鄂西-鄂东,2824,2567.745676157854
INTERTRAN鄂西-鄂东,2825,4160.4607
INTERTRAN鄂西-鄂东,2826,6294.775965817786
INTERTRAN鄂西-鄂东,2827,5171.304767605587
INTERTRAN鄂西-鄂东,2828,7499.728399996533
INTERTRAN鄂西-鄂东,2829,9088.908799999997
INTERTRAN鄂西-鄂东,2830,4143.208300000002
INTERTRAN鄂西-鄂东,2831,10157.737856195083
INTERTRAN鄂西-鄂东,2832,6523.352299999999
INTERTRAN鄂西-鄂东,2833,7484.823550000001
INTERTRAN鄂西-鄂东,2834,4269.332900000001
INTERTRAN鄂西-鄂东,2835,7165.142250000001
INTERTRAN鄂西-鄂东,2836,4186.472499996533
INTERTRAN鄂西-鄂东,2837,1857.0277999965365
INTERTRAN鄂西-鄂东,2838,4337.478099996537
INTERTRAN鄂西-鄂东,2839,4616.077474906822
INTERTRAN鄂西-鄂东,2840,6730.14872445189
INTERTRAN鄂西-鄂东,2841,9154.88775264706
INTERTRAN鄂西-鄂东,2842,5327.9785150000025
INTERTRAN鄂西-鄂东,2843,1392.5135444548414
INTERTRAN鄂西-鄂东,2844,4931.739600000001
INTERTRAN鄂西-鄂东,2845,5545.365099996532
INTERTRAN鄂西-鄂东,2846,6307.63649999307
INTERTRAN鄂西-鄂东,2847,-623.4491222256875
INTERTRAN鄂西-鄂东,2848,4234.343597527397
INTERTRAN鄂西-鄂东,2849,3004.0907431372616
INTERTRAN鄂西-鄂东,2850,6796.230850980392
INTERTRAN鄂西-鄂东,2851,7700.3912520363665
INTERTRAN鄂西-鄂东,2852,4878.241480000004
INTERTRAN鄂西-鄂东,2853,12363.032299996528
INTERTRAN鄂西-鄂东,2854,5452.58278999307
INTERTRAN鄂西-鄂东,2855,9511.915991300477
INTERTRAN鄂西-鄂东,2856,4306.818836296814
INTERTRAN鄂西-鄂东,2857,6353.587549999997
INTERTRAN鄂西-鄂东,2858,7288.368599996535
INTERTRAN鄂西-鄂东,2859,6060.253359996535
INTERTRAN鄂西-鄂东,2860,7544.590749999996
INTERTRAN鄂西-鄂东,2861,10358.730599999999
INTERTRAN鄂西-鄂东,2862,7053.156299996532
INTERTRAN鄂西-鄂东,2863,11093.1053
INTERTRAN鄂西-鄂东,2864,5361.257914848964
INTERTRAN鄂西-鄂东,2865,4243.182199999999
INTERTRAN鄂西-鄂东,2866,7417.3255999999965
INTERTRAN鄂西-鄂东,2867,2477.824332406177
INTERTRAN鄂西-鄂东,2868,3476.3240000000005
INTERTRAN鄂西-鄂东,2869,1042.4950749965337
INTERTRAN鄂西-鄂东,2870,4914.491775702903
INTERTRAN鄂西-鄂东,2871,6138.444029996532
INTERTRAN鄂西-鄂东,2872,2891.707499996537
INTERTRAN鄂西-鄂东,2873,4818.285499996535
INTERTRAN鄂西-鄂东,2874,4129.956399996532
INTERTRAN鄂西-鄂东,2875,4009.668499996533
INTERTRAN鄂西-鄂东,2876,4253.461699999993
INTERTRAN鄂西-鄂东,2877,5254.630000000001
INTERTRAN鄂西-鄂东,2878,4426.001853703703
INTERTRAN鄂西-鄂东,2879,7535.403199999997
INTERTRAN鄂西北-鄂东,2736,-2813.62470098039
INTERTRAN鄂西北-鄂东,2737,1112.3821000000007
INTERTRAN鄂西北-鄂东,2738,685.5887996500005
INTERTRAN鄂西北-鄂东,2739,3000.0
INTERTRAN鄂西北-鄂东,2740,-1206.1837750013838
INTERTRAN鄂西北-鄂东,2741,-2549.80375
INTERTRAN鄂西北-鄂东,2742,1314.7337472548443
INTERTRAN鄂西北-鄂东,2743,-864.2501000013744
INTERTRAN鄂西北-鄂东,2744,3000.0
INTERTRAN鄂西北-鄂东,2745,-3000.0
INTERTRAN鄂西北-鄂东,2746,-3000.0
INTERTRAN鄂西北-鄂东,2747,-1107.1917799999997
INTERTRAN鄂西北-鄂东,2748,-3000.0
INTERTRAN鄂西北-鄂东,2749,-2630.791505000001
INTERTRAN鄂西北-鄂东,2750,-3000.0
INTERTRAN鄂西北-鄂东,2751,-3000.0
INTERTRAN鄂西北-鄂东,2752,-3000.0
INTERTRAN鄂西北-鄂东,2753,-3000.0
INTERTRAN鄂西北-鄂东,2754,-3000.0
INTERTRAN鄂西北-鄂东,2755,-3000.0
INTERTRAN鄂西北-鄂东,2756,3000.0
INTERTRAN鄂西北-鄂东,2757,3000.0
INTERTRAN鄂西北-鄂东,2758,622.1966000034627
INTERTRAN鄂西北-鄂东,2759,-659.6567500000001
INTERTRAN鄂西北-鄂东,2760,-478.96524999999974
INTERTRAN鄂西北-鄂东,2761,481.88274999999976
INTERTRAN鄂西北-鄂东,2762,3000.0
INTERTRAN鄂西北-鄂东,2763,1351.0342499999997
INTERTRAN鄂西北-鄂东,2764,602.0562500000001
INTERTRAN鄂西北-鄂东,2765,3000.0
INTERTRAN鄂西北-鄂东,2766,-3000.0
INTERTRAN鄂西北-鄂东,2767,-521.6698499965346
INTERTRAN鄂西北-鄂东,2768,-582.2820999965334
INTERTRAN鄂西北-鄂东,2769,-1613.169994999999
INTERTRAN鄂西北-鄂东,2770,-3000.0
INTERTRAN鄂西北-鄂东,2771,-3000.0
INTERTRAN鄂西北-鄂东,2772,-3000.0
INTERTRAN鄂西北-鄂东,2773,-3000.0
INTERTRAN鄂西北-鄂东,2774,-3000.0
INTERTRAN鄂西北-鄂东,2775,-3000.0
INTERTRAN鄂西北-鄂东,2776,-3000.0
INTERTRAN鄂西北-鄂东,2777,-3000.0
INTERTRAN鄂西北-鄂东,2778,-3000.0
INTERTRAN鄂西北-鄂东,2779,-2322.1318349999997
INTERTRAN鄂西北-鄂东,2780,3000.0
INTERTRAN鄂西北-鄂东,2781,-2127.981441176471
INTERTRAN鄂西北-鄂东,2782,-1107.0550499930687
INTERTRAN鄂西北-鄂东,2783,-1579.3470956832912
INTERTRAN鄂西北-鄂东,2784,-573.7220475919271
INTERTRAN鄂西北-鄂东,2785,-52.785499999999956
INTERTRAN鄂西北-鄂东,2786,-3000.0
INTERTRAN鄂西北-鄂东,2787,2260.3147500000005
INTERTRAN鄂西北-鄂东,2788,-1556.2402500000003
INTERTRAN鄂西北-鄂东,2789,-3000.0
INTERTRAN鄂西北-鄂东,2790,600.8018540196076
INTERTRAN鄂西北-鄂东,2791,-2689.677725
INTERTRAN鄂西北-鄂东,2792,1178.7337000034613
INTERTRAN鄂西北-鄂东,2793,1144.6277176505255
INTERTRAN鄂西北-鄂东,2794,-3000.0
INTERTRAN鄂西北-鄂东,2795,-3000.0
INTERTRAN鄂西北-鄂东,2796,-3000.0
INTERTRAN鄂西北-鄂东,2797,-3000.0
INTERTRAN鄂西北-鄂东,2798,-3000.0
INTERTRAN鄂西北-鄂东,2799,-3000.0
INTERTRAN鄂西北-鄂东,2800,-3000.0
INTERTRAN鄂西北-鄂东,2801,-3000.0
INTERTRAN鄂西北-鄂东,2802,-3000.0
INTERTRAN鄂西北-鄂东,2803,-895.7579999965355
INTERTRAN鄂西北-鄂东,2804,2507.5473549999997
INTERTRAN鄂西北-鄂东,2805,211.26425000000017
INTERTRAN鄂西北-鄂东,2806,867.108739996535
INTERTRAN鄂西北-鄂东,2807,1229.4521000034629
INTERTRAN鄂西北-鄂东,2808,394.1478600103883
INTERTRAN鄂西北-鄂东,2809,600.6054999999997
INTERTRAN鄂西北-鄂东,2810,-1938.2667499999998
INTERTRAN鄂西北-鄂东,2811,-1807.1494999999995
INTERTRAN鄂西北-鄂东,2812,-920.1517499999995
INTERTRAN鄂西北-鄂东,2813,3000.0
INTERTRAN鄂西北-鄂东,2814,1306.5617500000008
INTERTRAN鄂西北-鄂东,2815,2012.998524999999
INTERTRAN鄂西北-鄂东,2816,971.5756189486901
INTERTRAN鄂西北-鄂东,2817,-2326.955024998617
INTERTRAN鄂西北-鄂东,2818,-3000.0
INTERTRAN鄂西北-鄂东,2819,-3000.0
INTERTRAN鄂西北-鄂东,2820,-3000.0
INTERTRAN鄂西北-鄂东,2821,-3000.0
INTERTRAN鄂西北-鄂东,2822,-3000.0
INTERTRAN鄂西北-鄂东,2823,-3000.0
INTERTRAN鄂西北-鄂东,2824,-3000.0
INTERTRAN鄂西北-鄂东,2825,-3000.0
INTERTRAN鄂西北-鄂东,2826,-3000.0
INTERTRAN鄂西北-鄂东,2827,-614.014270000001
INTERTRAN鄂西北-鄂东,2828,-3000.0
INTERTRAN鄂西北-鄂东,2829,-3000.0
INTERTRAN鄂西北-鄂东,2830,3000.0
INTERTRAN鄂西北-鄂东,2831,-2109.03925
INTERTRAN鄂西北-鄂东,2832,944.4359999999997
INTERTRAN鄂西北-鄂东,2833,-2394.34775
INTERTRAN鄂西北-鄂东,2834,3000.0
INTERTRAN鄂西北-鄂东,2835,672.9267499999996
INTERTRAN鄂西北-鄂东,2836,-1108.283899996536
INTERTRAN鄂西北-鄂东,2837,-1250.4807500000002
INTERTRAN鄂西北-鄂东,2838,2426.490550006929
INTERTRAN鄂西北-鄂东,2839,-721.4092749068222
INTERTRAN鄂西北-鄂东,2840,-2854.2976244518914
INTERTRAN鄂西北-鄂东,2841,-1819.6661350000008
INTERTRAN鄂西北-鄂东,2842,263.525885
INTERTRAN鄂西北-鄂东,2843,-3000.0
INTERTRAN鄂西北-鄂东,2844,-3000.0
INTERTRAN鄂西北-鄂东,2845,-3000.0
INTERTRAN鄂西北-鄂东,2846,-3000.0
INTERTRAN鄂西北-鄂东,2847,-3000.0
INTERTRAN鄂西北-鄂东,2848,-1767.5437004037844
INTERTRAN鄂西北-鄂东,2849,-3000.0
INTERTRAN鄂西北-鄂东,2850,-3000.0
INTERTRAN鄂西北-鄂东,2851,-1238.965252036363
INTERTRAN鄂西北-鄂东,2852,2003.2535199999993
INTERTRAN鄂西北-鄂东,2853,-1275.2787999965312
INTERTRAN鄂西北-鄂东,2854,1824.3971100069302
INTERTRAN鄂西北-鄂东,2855,-1080.7414999999999
INTERTRAN鄂西北-鄂东,2856,3000.0
INTERTRAN鄂西北-鄂东,2857,1139.9172500000004
INTERTRAN鄂西北-鄂东,2858,200.68610000346416
INTERTRAN鄂西北-鄂东,2859,266.7524999999996
INTERTRAN鄂西北-鄂东,2860,-162.6617499999993
INTERTRAN鄂西北-鄂东,2861,-561.5754999999995
INTERTRAN鄂西北-鄂东,2862,100.54126284298172
INTERTRAN鄂西北-鄂东,2863,-3000.0
INTERTRAN鄂西北-鄂东,2864,3000.0
INTERTRAN鄂西北-鄂东,2865,3000.0
INTERTRAN鄂西北-鄂东,2866,-3000.0
INTERTRAN鄂西北-鄂东,2867,-3000.0
INTERTRAN鄂西北-鄂东,2868,-3000.0
INTERTRAN鄂西北-鄂东,2869,-3000.0
INTERTRAN鄂西北-鄂东,2870,-2692.41882
INTERTRAN鄂西北-鄂东,2871,-3000.0
INTERTRAN鄂西北-鄂东,2872,851.8920350000003
INTERTRAN鄂西北-鄂东,2873,1606.9556000034627
INTERTRAN鄂西北-鄂东,2874,748.7130000034658
INTERTRAN鄂西北-鄂东,2875,1108.93224
INTERTRAN鄂西北-鄂东,2876,3000.0
INTERTRAN鄂西北-鄂东,2877,1238.3435
INTERTRAN鄂西北-鄂东,2878,-172.80145370370428
INTERTRAN鄂西北-鄂东,2879,-668.6035000000002
INTERTRAN鄂西-鄂西北,2736,-2000.0
INTERTRAN鄂西-鄂西北,2737,-2000.0
INTERTRAN鄂西-鄂西北,2738,-2000.0
INTERTRAN鄂西-鄂西北,2739,-2000.0
INTERTRAN鄂西-鄂西北,2740,-2000.0
INTERTRAN鄂西-鄂西北,2741,-2000.0
INTERTRAN鄂西-鄂西北,2742,-2000.0
INTERTRAN鄂西-鄂西北,2743,-2000.0
INTERTRAN鄂西-鄂西北,2744,2000.0
INTERTRAN鄂西-鄂西北,2745,-2000.0
INTERTRAN鄂西-鄂西北,2746,-550.9620888923464
INTERTRAN鄂西-鄂西北,2747,2000.0
INTERTRAN鄂西-鄂西北,2748,2000.0
INTERTRAN鄂西-鄂西北,2749,2000.0
INTERTRAN鄂西-鄂西北,2750,2000.0
INTERTRAN鄂西-鄂西北,2751,2000.0
INTERTRAN鄂西-鄂西北,2752,1768.2061199999998
INTERTRAN鄂西-鄂西北,2753,682.7326899999994
INTERTRAN鄂西-鄂西北,2754,-1397.141095
INTERTRAN鄂西-鄂西北,2755,-1782.634552846137
INTERTRAN鄂西-鄂西北,2756,-987.2339362499999
INTERTRAN鄂西-鄂西北,2757,-324.57082548371613
INTERTRAN鄂西-鄂西北,2758,-2000.0
INTERTRAN鄂西-鄂西北,2759,-2000.0
INTERTRAN鄂西-鄂西北,2760,-2000.0
INTERTRAN鄂西-鄂西北,2761,-2000.0
INTERTRAN鄂西-鄂西北,2762,-2000.0
INTERTRAN鄂西-鄂西北,2763,-2000.0
INTERTRAN鄂西-鄂西北,2764,-2000.0
INTERTRAN鄂西-鄂西北,2765,1548.7993500034627
INTERTRAN鄂西-鄂西北,2766,-2000.0
INTERTRAN鄂西-鄂西北,2767,-2000.0
INTERTRAN鄂西-鄂西北,2768,-2000.0
INTERTRAN鄂西-鄂西北,2769,-2000.0
INTERTRAN鄂西-鄂西北,2770,-182.01950500000066
INTERTRAN鄂西-鄂西北,2771,2000.0
INTERTRAN鄂西-鄂西北,2772,2000.0
INTERTRAN鄂西-鄂西北,2773,2000.0
INTERTRAN鄂西-鄂西北,2774,2000.0
INTERTRAN鄂西-鄂西北,2775,2000.0
INTERTRAN鄂西-鄂西北,2776,2000.0
INTERTRAN鄂西-鄂西北,2777,2000.0
INTERTRAN鄂西-鄂西北,2778,-228.49027999999998
INTERTRAN鄂西-鄂西北,2779,-2000.0
INTERTRAN鄂西-鄂西北,2780,-896.4668537002531
INTERTRAN鄂西-鄂西北,2781,-2000.0
INTERTRAN鄂西-鄂西北,2782,-2000.0
INTERTRAN鄂西-鄂西北,2783,-2000.0
INTERTRAN鄂西-鄂西北,2784,-2000.0
INTERTRAN鄂西-鄂西北,2785,-2000.0
INTERTRAN鄂西-鄂西北,2786,-611.5504999999998
INTERTRAN鄂西-鄂西北,2787,-2000.0
INTERTRAN鄂西-鄂西北,2788,-2000.0
INTERTRAN鄂西-鄂西北,2789,-2000.0
INTERTRAN鄂西-鄂西北,2790,2000.0
INTERTRAN鄂西-鄂西北,2791,-2000.0
INTERTRAN鄂西-鄂西北,2792,-2000.0
INTERTRAN鄂西-鄂西北,2793,-2000.0
INTERTRAN鄂西-鄂西北,2794,1881.8611599999995
INTERTRAN鄂西-鄂西北,2795,2000.0
INTERTRAN鄂西-鄂西北,2796,2000.0
INTERTRAN鄂西-鄂西北,2797,2000.0
INTERTRAN鄂西-鄂西北,2798,2000.0
INTERTRAN鄂西-鄂西北,2799,2000.0
INTERTRAN鄂西-鄂西北,2800,2000.0
INTERTRAN鄂西-鄂西北,2801,2000.0
INTERTRAN鄂西-鄂西北,2802,-705.3858000034652
INTERTRAN鄂西-鄂西北,2803,-2000.0
INTERTRAN鄂西-鄂西北,2804,-2000.0
INTERTRAN鄂西-鄂西北,2805,-2000.0
INTERTRAN鄂西-鄂西北,2806,-2000.0
INTERTRAN鄂西-鄂西北,2807,-2000.0
INTERTRAN鄂西-鄂西北,2808,-2000.0
INTERTRAN鄂西-鄂西北,2809,-2000.0
INTERTRAN鄂西-鄂西北,2810,-2000.0
INTERTRAN鄂西-鄂西北,2811,-2000.0
INTERTRAN鄂西-鄂西北,2812,-2000.0
INTERTRAN鄂西-鄂西北,2813,-2000.0
INTERTRAN鄂西-鄂西北,2814,-2000.0
INTERTRAN鄂西-鄂西北,2815,-2000.0
INTERTRAN鄂西-鄂西北,2816,2000.0
INTERTRAN鄂西-鄂西北,2817,-2000.0
INTERTRAN鄂西-鄂西北,2818,2000.0
INTERTRAN鄂西-鄂西北,2819,1695.0837176401392
INTERTRAN鄂西-鄂西北,2820,2000.0
INTERTRAN鄂西-鄂西北,2821,2000.0
INTERTRAN鄂西-鄂西北,2822,2000.0
INTERTRAN鄂西-鄂西北,2823,2000.0
INTERTRAN鄂西-鄂西北,2824,2000.0
INTERTRAN鄂西-鄂西北,2825,1600.347065
INTERTRAN鄂西-鄂西北,2826,452.0036699999996
INTERTRAN鄂西-鄂西北,2827,-2000.0
INTERTRAN鄂西-鄂西北,2828,-2000.0
INTERTRAN鄂西-鄂西北,2829,433.19039999653614
INTERTRAN鄂西-鄂西北,2830,1309.4703255377117
INTERTRAN鄂西-鄂西北,2831,-2000.0
INTERTRAN鄂西-鄂西北,2832,-2000.0
INTERTRAN鄂西-鄂西北,2833,-2000.0
INTERTRAN鄂西-鄂西北,2834,298.7368999965356
INTERTRAN鄂西-鄂西北,2835,-2000.0
INTERTRAN鄂西-鄂西北,2836,2000.0
INTERTRAN鄂西-鄂西北,2837,2000.0
INTERTRAN鄂西-鄂西北,2838,-2000.0
INTERTRAN鄂西-鄂西北,2839,-2000.0
INTERTRAN鄂西-鄂西北,2840,-2000.0
INTERTRAN鄂西-鄂西北,2841,-2000.0
INTERTRAN鄂西-鄂西北,2842,2000.0
INTERTRAN鄂西-鄂西北,2843,1300.0309999861347
INTERTRAN鄂西-鄂西北,2844,2000.0
INTERTRAN鄂西-鄂西北,2845,2000.0
INTERTRAN鄂西-鄂西北,2846,2000.0
INTERTRAN鄂西-鄂西北,2847,2000.0
INTERTRAN鄂西-鄂西北,2848,2000.0
INTERTRAN鄂西-鄂西北,2849,1305.4292013037148
INTERTRAN鄂西-鄂西北,2850,-505.2044850000002
INTERTRAN鄂西-鄂西北,2851,-2000.0
INTERTRAN鄂西-鄂西北,2852,2000.0
INTERTRAN鄂西-鄂西北,2853,-2000.0
INTERTRAN鄂西-鄂西北,2854,-2000.0
INTERTRAN鄂西-鄂西北,2855,-2000.0
INTERTRAN鄂西-鄂西北,2856,542.3943786962836
INTERTRAN鄂西-鄂西北,2857,-2000.0
INTERTRAN鄂西-鄂西北,2858,-2000.0
INTERTRAN鄂西-鄂西北,2859,-2000.0
INTERTRAN鄂西-鄂西北,2860,-2000.0
INTERTRAN鄂西-鄂西北,2861,-2000.0
INTERTRAN鄂西-鄂西北,2862,-2000.0
INTERTRAN鄂西-鄂西北,2863,-2000.0
INTERTRAN鄂西-鄂西北,2864,-1446.7772148524314
INTERTRAN鄂西-鄂西北,2865,287.68040999999994
INTERTRAN鄂西-鄂西北,2866,-843.1074150000004
INTERTRAN鄂西-鄂西北,2867,-2000.0
INTERTRAN鄂西-鄂西北,2868,-1467.3779699999998
INTERTRAN鄂西-鄂西北,2869,-1896.4170749999998
INTERTRAN鄂西-鄂西北,2870,-2000.0
INTERTRAN鄂西-鄂西北,2871,131.73556999999983
INTERTRAN鄂西-鄂西北,2872,-2000.0
INTERTRAN鄂西-鄂西北,2873,-2000.0
INTERTRAN鄂西-鄂西北,2874,-2000.0
INTERTRAN鄂西-鄂西北,2875,-2000.0
INTERTRAN鄂西-鄂西北,2876,2000.0
INTERTRAN鄂西-鄂西北,2877,-2000.0
INTERTRAN鄂西-鄂西北,2878,-2000.0
INTERTRAN鄂西-鄂西北,2879,-2000.0
INTERTRAN鄂西-鄂东,2880,8389.6862037037
INTERTRAN鄂西-鄂东,2881,4471.973390617284
INTERTRAN鄂西-鄂东,2882,5955.737577777778
INTERTRAN鄂西-鄂东,2883,4849.542904705879
INTERTRAN鄂西-鄂东,2884,12383.653493827158
INTERTRAN鄂西-鄂东,2885,6386.035269135802
INTERTRAN鄂西-鄂东,2886,6845.996438205671
INTERTRAN鄂西-鄂东,2887,925.6415836456072
INTERTRAN鄂西-鄂东,2888,2505.1183338416813
INTERTRAN鄂西-鄂东,2889,1591.4419814259309
INTERTRAN鄂西-鄂东,2890,2400.119583137257
INTERTRAN鄂西-鄂东,2891,-373.2481828177224
INTERTRAN鄂西-鄂东,2892,-821.6116529411847
INTERTRAN鄂西-鄂东,2893,2443.935024691351
INTERTRAN鄂西-鄂东,2894,-662.7076803921664
INTERTRAN鄂西-鄂东,2895,3648.4680333333217
INTERTRAN鄂西-鄂东,2896,4814.698478405378
INTERTRAN鄂西-鄂东,2897,1515.757334233822
INTERTRAN鄂西-鄂东,2898,5311.151492302091
INTERTRAN鄂西-鄂东,2899,2246.689901607344
INTERTRAN鄂西-鄂东,2900,-1202.3523690456113
INTERTRAN鄂西-鄂东,2901,-1575.9364570949292
INTERTRAN鄂西-鄂东,2902,6261.8725683950615
INTERTRAN鄂西-鄂东,2903,5099.08897222222
INTERTRAN鄂西-鄂东,2904,1882.554564037764
INTERTRAN鄂西-鄂东,2905,10981.204819753082
INTERTRAN鄂西-鄂东,2906,1244.7101399999992
INTERTRAN鄂西-鄂东,2907,1584.6681999999928
INTERTRAN鄂西-鄂东,2908,6667.667017647054
INTERTRAN鄂西-鄂东,2909,-11381.681905823387
INTERTRAN鄂西-鄂东,2910,7026.24544056083
INTERTRAN鄂西-鄂东,2911,7785.048640000001
INTERTRAN鄂西-鄂东,2912,935.1872870457264
INTERTRAN鄂西-鄂东,2913,3034.203982352932
INTERTRAN鄂西-鄂东,2914,568.6099870588223
INTERTRAN鄂西-鄂东,2915,1419.3096511111107
INTERTRAN鄂西-鄂东,2916,1185.4657999999945
INTERTRAN鄂西-鄂东,2917,9388.626240000001
INTERTRAN鄂西-鄂东,2918,-12105.574149092758
INTERTRAN鄂西-鄂东,2919,422.0096733333303
INTERTRAN鄂西-鄂东,2920,4489.1576271313825
INTERTRAN鄂西-鄂东,2921,35.89452989883648
INTERTRAN鄂西-鄂东,2922,3164.285599999992
INTERTRAN鄂西-鄂东,2923,1438.258999999989
INTERTRAN鄂西-鄂东,2924,7490.012658692649
INTERTRAN鄂西-鄂东,2925,5235.589836157902
INTERTRAN鄂西-鄂东,2926,2688.642680958619
INTERTRAN鄂西-鄂东,2927,4822.729072984741
INTERTRAN鄂西-鄂东,2928,4484.78583950617
INTERTRAN鄂西-鄂东,2929,1019.7818617856246
INTERTRAN鄂西-鄂东,2930,6424.766679520697
INTERTRAN鄂西-鄂东,2931,-401.7062693004791
INTERTRAN鄂西-鄂东,2932,2054.8079117646994
INTERTRAN鄂西-鄂东,2933,2045.7233296296254
INTERTRAN鄂西-鄂东,2934,5710.819663398688
INTERTRAN鄂西-鄂东,2935,5958.34244
INTERTRAN鄂西-鄂东,2936,3084.556427712969
INTERTRAN鄂西-鄂东,2937,3252.705310588237
INTERTRAN鄂西-鄂东,2938,2766.551629411755
INTERTRAN鄂西-鄂东,2939,242.4489877850374
INTERTRAN鄂西-鄂东,2940,2526.1330228691477
INTERTRAN鄂西-鄂东,2941,5603.024140000001
INTERTRAN鄂西-鄂东,2942,501.48579999998765
INTERTRAN鄂西-鄂东,2943,-3450.07589298761
INTERTRAN鄂西-鄂东,2944,4832.135056354382
INTERTRAN鄂西-鄂东,2945,1979.5632936819093
INTERTRAN鄂西-鄂东,2946,3783.864829411754
INTERTRAN鄂西-鄂东,2947,1799.024358852963
INTERTRAN鄂西-鄂东,2948,1650.998799999832
INTERTRAN鄂西-鄂东,2949,6988.5062847764675
INTERTRAN鄂西-鄂东,2950,297.8615478431366
INTERTRAN鄂西-鄂东,2951,3620.3310999999994
INTERTRAN鄂西-鄂东,2952,9936.474599999998
INTERTRAN鄂西-鄂东,2953,2880.3826133696457
INTERTRAN鄂西-鄂东,2954,183.50566592592259
INTERTRAN鄂西-鄂东,2955,-1065.38071764706
INTERTRAN鄂西-鄂东,2956,5414.084988235292
INTERTRAN鄂西-鄂东,2957,9254.559913549292
INTERTRAN鄂西-鄂东,2958,-256.0275240740757
INTERTRAN鄂西-鄂东,2959,3645.2042315250583
INTERTRAN鄂西-鄂东,2960,7846.625310225121
INTERTRAN鄂西-鄂东,2961,6083.8691910415655
INTERTRAN鄂西-鄂东,2962,2056.210330716709
INTERTRAN鄂西-鄂东,2963,3551.6029360784287
INTERTRAN鄂西-鄂东,2964,60.49241111111223
INTERTRAN鄂西-鄂东,2965,9257.87023703703
INTERTRAN鄂西-鄂东,2966,1304.4136435003638
INTERTRAN鄂西-鄂东,2967,5981.965337657948
INTERTRAN鄂西-鄂东,2968,4538.78051660132
INTERTRAN鄂西-鄂东,2969,5568.989099999999
INTERTRAN鄂西-鄂东,2970,6792.046080660355
INTERTRAN鄂西-鄂东,2971,1165.653699999999
INTERTRAN鄂西-鄂东,2972,6710.60665490196
INTERTRAN鄂西-鄂东,2973,1363.6380827886678
INTERTRAN鄂西-鄂东,2974,4783.062488475443
INTERTRAN鄂西-鄂东,2975,10132.423739999998
INTERTRAN鄂西-鄂东,2976,10789.78927841685
INTERTRAN鄂西-鄂东,2977,5919.263289999999
INTERTRAN鄂西-鄂东,2978,3730.458899999998
INTERTRAN鄂西-鄂东,2979,6147.506309876542
INTERTRAN鄂西-鄂东,2980,3795.5208214814847
INTERTRAN鄂西-鄂东,2981,5152.13264
INTERTRAN鄂西-鄂东,2982,11490.949139999997
INTERTRAN鄂西-鄂东,2983,1351.800650000001
INTERTRAN鄂西-鄂东,2984,9410.976258823528
INTERTRAN鄂西-鄂东,2985,8239.019650312275
INTERTRAN鄂西-鄂东,2986,5381.441818518517
INTERTRAN鄂西-鄂东,2987,6839.090383950617
INTERTRAN鄂西-鄂东,2988,3667.1465825245286
INTERTRAN鄂西-鄂东,2989,-1011.3620769965382
INTERTRAN鄂西-鄂东,2990,9453.891000784308
INTERTRAN鄂西-鄂东,2991,2470.906470802478
INTERTRAN鄂西-鄂东,2992,1183.252264192197
INTERTRAN鄂西-鄂东,2993,8352.912599999996
INTERTRAN鄂西-鄂东,2994,1911.6281017283945
INTERTRAN鄂西-鄂东,2995,12600.0
INTERTRAN鄂西-鄂东,2996,5149.3352816574115
INTERTRAN鄂西-鄂东,2997,4682.296216597686
INTERTRAN鄂西-鄂东,2998,488.73976340231275
INTERTRAN鄂西-鄂东,2999,7894.23144
INTERTRAN鄂西-鄂东,3000,8421.80741267492
INTERTRAN鄂西-鄂东,3001,8175.725558518527
INTERTRAN鄂西-鄂东,3002,9167.746936804644
INTERTRAN鄂西-鄂东,3003,8130.3917988235335
INTERTRAN鄂西-鄂东,3004,5752.021039999996
INTERTRAN鄂西-鄂东,3005,6028.569806254101
INTERTRAN鄂西-鄂东,3006,9632.679104938274
INTERTRAN鄂西-鄂东,3007,1223.595578126362
INTERTRAN鄂西-鄂东,3008,7539.572001728397
INTERTRAN鄂西-鄂东,3009,12600.0
INTERTRAN鄂西-鄂东,3010,8323.565439999998
INTERTRAN鄂西-鄂东,3011,6671.580100130719
INTERTRAN鄂西-鄂东,3012,6805.5776000000005
INTERTRAN鄂西-鄂东,3013,-5403.268654466234
INTERTRAN鄂西-鄂东,3014,2534.3718999999983
INTERTRAN鄂西-鄂东,3015,8316.9127
INTERTRAN鄂西-鄂东,3016,-7311.447601432426
INTERTRAN鄂西-鄂东,3017,12600.0
INTERTRAN鄂西-鄂东,3018,9167.735539999994
INTERTRAN鄂西-鄂东,3019,2608.3110517647074
INTERTRAN鄂西-鄂东,3020,8502.854226670308
INTERTRAN鄂西-鄂东,3021,3257.594399999998
INTERTRAN鄂西-鄂东,3022,9403.150938848928
INTERTRAN鄂西-鄂东,3023,7960.418229629628
INTERTRAN鄂西北-鄂东,2880,-117.55298529411857
INTERTRAN鄂西北-鄂东,2881,3000.0
INTERTRAN鄂西北-鄂东,2882,3000.0
INTERTRAN鄂西北-鄂东,2883,-20.650659767609795
INTERTRAN鄂西北-鄂东,2884,-909.6405577487276
INTERTRAN鄂西北-鄂东,2885,-3000.0
INTERTRAN鄂西北-鄂东,2886,433.512032035399
INTERTRAN鄂西北-鄂东,2887,3000.0
INTERTRAN鄂西北-鄂东,2888,3000.0
INTERTRAN鄂西北-鄂东,2889,-3000.0
INTERTRAN鄂西北-鄂东,2890,-3000.0
INTERTRAN鄂西北-鄂东,2891,-3000.0
INTERTRAN鄂西北-鄂东,2892,-3000.0
INTERTRAN鄂西北-鄂东,2893,-3000.0
INTERTRAN鄂西北-鄂东,2894,-3000.0
INTERTRAN鄂西北-鄂东,2895,-3000.0
INTERTRAN鄂西北-鄂东,2896,-3000.0
INTERTRAN鄂西北-鄂东,2897,-3000.0
INTERTRAN鄂西北-鄂东,2898,-3000.0
INTERTRAN鄂西北-鄂东,2899,165.32906249999814
INTERTRAN鄂西北-鄂东,2900,1786.2318540595488
INTERTRAN鄂西北-鄂东,2901,-3000.0
INTERTRAN鄂西北-鄂东,2902,-3000.0
INTERTRAN鄂西北-鄂东,2903,3000.0
INTERTRAN鄂西北-鄂东,2904,3000.0
INTERTRAN鄂西北-鄂东,2905,-3000.0
INTERTRAN鄂西北-鄂东,2906,3000.0
INTERTRAN鄂西北-鄂东,2907,2116.261815184993
INTERTRAN鄂西北-鄂东,2908,2248.614595047031
INTERTRAN鄂西北-鄂东,2909,3000.0
INTERTRAN鄂西北-鄂东,2910,29.158249999999498
INTERTRAN鄂西北-鄂东,2911,-3000.0
INTERTRAN鄂西北-鄂东,2912,-3000.0
INTERTRAN鄂西北-鄂东,2913,-3000.0
INTERTRAN鄂西北-鄂东,2914,-3000.0
INTERTRAN鄂西北-鄂东,2915,-3000.0
INTERTRAN鄂西北-鄂东,2916,-3000.0
INTERTRAN鄂西北-鄂东,2917,-3000.0
INTERTRAN鄂西北-鄂东,2918,-3000.0
INTERTRAN鄂西北-鄂东,2919,-3000.0
INTERTRAN鄂西北-鄂东,2920,-3000.0
INTERTRAN鄂西北-鄂东,2921,-3000.0
INTERTRAN鄂西北-鄂东,2922,-3000.0
INTERTRAN鄂西北-鄂东,2923,-3000.0
INTERTRAN鄂西北-鄂东,2924,-2807.4093211518334
INTERTRAN鄂西北-鄂东,2925,-573.9637500000008
INTERTRAN鄂西北-鄂东,2926,205.4164629629622
INTERTRAN鄂西北-鄂东,2927,-3000.0
INTERTRAN鄂西北-鄂东,2928,-3000.0
INTERTRAN鄂西北-鄂东,2929,3000.0
INTERTRAN鄂西北-鄂东,2930,3000.0
INTERTRAN鄂西北-鄂东,2931,1432.6241093004774
INTERTRAN鄂西北-鄂东,2932,2.109993827160906
INTERTRAN鄂西北-鄂东,2933,-2712.8993337590327
INTERTRAN鄂西北-鄂东,2934,-831.6741666666676
INTERTRAN鄂西北-鄂东,2935,-3000.0
INTERTRAN鄂西北-鄂东,2936,-3000.0
INTERTRAN鄂西北-鄂东,2937,-3000.0
INTERTRAN鄂西北-鄂东,2938,-3000.0
INTERTRAN鄂西北-鄂东,2939,-3000.0
INTERTRAN鄂西北-鄂东,2940,-3000.0
INTERTRAN鄂西北-鄂东,2941,-3000.0
INTERTRAN鄂西北-鄂东,2942,-3000.0
INTERTRAN鄂西北-鄂东,2943,-3000.0
INTERTRAN鄂西北-鄂东,2944,-3000.0
INTERTRAN鄂西北-鄂东,2945,-3000.0
INTERTRAN鄂西北-鄂东,2946,-3000.0
INTERTRAN鄂西北-鄂东,2947,-3000.0
INTERTRAN鄂西北-鄂东,2948,1637.920228827159
INTERTRAN鄂西北-鄂东,2949,3000.0
INTERTRAN鄂西北-鄂东,2950,3000.0
INTERTRAN鄂西北-鄂东,2951,1220.8817438271599
INTERTRAN鄂西北-鄂东,2952,-1964.8262599999957
INTERTRAN鄂西北-鄂东,2953,3000.0
INTERTRAN鄂西北-鄂东,2954,3000.0
INTERTRAN鄂西北-鄂东,2955,1465.3508382352938
INTERTRAN鄂西北-鄂东,2956,1196.5281072984744
INTERTRAN鄂西北-鄂东,2957,-2698.229866050436
INTERTRAN鄂西北-鄂东,2958,3000.0
INTERTRAN鄂西北-鄂东,2959,3000.0
INTERTRAN鄂西北-鄂东,2960,-3000.0
INTERTRAN鄂西北-鄂东,2961,-3000.0
INTERTRAN鄂西北-鄂东,2962,-3000.0
INTERTRAN鄂西北-鄂东,2963,-3000.0
INTERTRAN鄂西北-鄂东,2964,-3000.0
INTERTRAN鄂西北-鄂东,2965,-3000.0
INTERTRAN鄂西北-鄂东,2966,-3000.0
INTERTRAN鄂西北-鄂东,2967,-3000.0
INTERTRAN鄂西北-鄂东,2968,-3000.0
INTERTRAN鄂西北-鄂东,2969,-2165.6405599999994
INTERTRAN鄂西北-鄂东,2970,-1860.4206846291193
INTERTRAN鄂西北-鄂东,2971,-2690.4233180246893
INTERTRAN鄂西北-鄂东,2972,-263.18800713144446
INTERTRAN鄂西北-鄂东,2973,3000.0
INTERTRAN鄂西北-鄂东,2974,-2897.9003478218465
INTERTRAN鄂西北-鄂东,2975,3000.0
INTERTRAN鄂西北-鄂东,2976,-3000.0
INTERTRAN鄂西北-鄂东,2977,2422.0237499999994
INTERTRAN鄂西北-鄂东,2978,-2287.35525
INTERTRAN鄂西北-鄂东,2979,3000.0
INTERTRAN鄂西北-鄂东,2980,3000.0
INTERTRAN鄂西北-鄂东,2981,3000.0
INTERTRAN鄂西北-鄂东,2982,-3000.0
INTERTRAN鄂西北-鄂东,2983,-203.45680999999968
INTERTRAN鄂西北-鄂东,2984,1498.3359199999986
INTERTRAN鄂西北-鄂东,2985,-3000.0
INTERTRAN鄂西北-鄂东,2986,2226.6775214814825
INTERTRAN鄂西北-鄂东,2987,-3000.0
INTERTRAN鄂西北-鄂东,2988,-3000.0
INTERTRAN鄂西北-鄂东,2989,3000.0
INTERTRAN鄂西北-鄂东,2990,-3000.0
INTERTRAN鄂西北-鄂东,2991,1119.9610049999992
INTERTRAN鄂西北-鄂东,2992,-3000.0
INTERTRAN鄂西北-鄂东,2993,-1280.364502952081
INTERTRAN鄂西北-鄂东,2994,-3000.0
INTERTRAN鄂西北-鄂东,2995,-480.09197354411435
INTERTRAN鄂西北-鄂东,2996,350.34019167592396
INTERTRAN鄂西北-鄂东,2997,3000.0
INTERTRAN鄂西北-鄂东,2998,-1930.8809999999985
INTERTRAN鄂西北-鄂东,2999,-3000.0
INTERTRAN鄂西北-鄂东,3000,-3000.0
INTERTRAN鄂西北-鄂东,3001,-1276.6090185185199
INTERTRAN鄂西北-鄂东,3002,3000.0
INTERTRAN鄂西北-鄂东,3003,3000.0
INTERTRAN鄂西北-鄂东,3004,3000.0
INTERTRAN鄂西北-鄂东,3005,1092.3394337458958
INTERTRAN鄂西北-鄂东,3006,-3000.0
INTERTRAN鄂西北-鄂东,3007,3000.0
INTERTRAN鄂西北-鄂东,3008,3000.0
INTERTRAN鄂西北-鄂东,3009,-2550.7344746840936
INTERTRAN鄂西北-鄂东,3010,-3000.0
INTERTRAN鄂西北-鄂东,3011,-3000.0
INTERTRAN鄂西北-鄂东,3012,-1429.9789442155525
INTERTRAN鄂西北-鄂东,3013,-3000.0
INTERTRAN鄂西北-鄂东,3014,3000.0
INTERTRAN鄂西北-鄂东,3015,-3000.0
INTERTRAN鄂西北-鄂东,3016,2447.535941432431
INTERTRAN鄂西北-鄂东,3017,320.7429145098049
INTERTRAN鄂西北-鄂东,3018,3000.0
INTERTRAN鄂西北-鄂东,3019,3000.0
INTERTRAN鄂西北-鄂东,3020,-391.72568667030646
INTERTRAN鄂西北-鄂东,3021,1744.9119885849495
INTERTRAN鄂西北-鄂东,3022,-2064.617678684328
INTERTRAN鄂西北-鄂东,3023,318.97212345678827
INTERTRAN鄂西-鄂西北,2880,2000.0
INTERTRAN鄂西-鄂西北,2881,1001.9368480392159
INTERTRAN鄂西-鄂西北,2882,1072.5302810457488
INTERTRAN鄂西-鄂西北,2883,-2000.0
INTERTRAN鄂西-鄂西北,2884,-2000.0
INTERTRAN鄂西-鄂西北,2885,2000.0
INTERTRAN鄂西-鄂西北,2886,-2000.0
INTERTRAN鄂西-鄂西北,2887,-2000.0
INTERTRAN鄂西-鄂西北,2888,2000.0
INTERTRAN鄂西-鄂西北,2889,2000.0
INTERTRAN鄂西-鄂西北,2890,2000.0
INTERTRAN鄂西-鄂西北,2891,2000.0
INTERTRAN鄂西-鄂西北,2892,2000.0
INTERTRAN鄂西-鄂西北,2893,2000.0
INTERTRAN鄂西-鄂西北,2894,2000.0
INTERTRAN鄂西-鄂西北,2895,2000.0
INTERTRAN鄂西-鄂西北,2896,2000.0
INTERTRAN鄂西-鄂西北,2897,2000.0
INTERTRAN鄂西-鄂西北,2898,2000.0
INTERTRAN鄂西-鄂西北,2899,-2000.0
INTERTRAN鄂西-鄂西北,2900,2000.0
INTERTRAN鄂西-鄂西北,2901,2000.0
INTERTRAN鄂西-鄂西北,2902,2000.0
INTERTRAN鄂西-鄂西北,2903,-489.0867499999995
INTERTRAN鄂西-鄂西北,2904,2000.0
INTERTRAN鄂西-鄂西北,2905,-2000.0
INTERTRAN鄂西-鄂西北,2906,2000.0
INTERTRAN鄂西-鄂西北,2907,-2000.0
INTERTRAN鄂西-鄂西北,2908,2000.0
INTERTRAN鄂西-鄂西北,2909,1823.229679012346
INTERTRAN鄂西-鄂西北,2910,-2000.0
INTERTRAN鄂西-鄂西北,2911,2000.0
INTERTRAN鄂西-鄂西北,2912,2000.0
INTERTRAN鄂西-鄂西北,2913,2000.0
INTERTRAN鄂西-鄂西北,2914,2000.0
INTERTRAN鄂西-鄂西北,2915,2000.0
INTERTRAN鄂西-鄂西北,2916,2000.0
INTERTRAN鄂西-鄂西北,2917,2000.0
INTERTRAN鄂西-鄂西北,2918,2000.0
INTERTRAN鄂西-鄂西北,2919,2000.0
INTERTRAN鄂西-鄂西北,2920,2000.0
INTERTRAN鄂西-鄂西北,2921,2000.0
INTERTRAN鄂西-鄂西北,2922,2000.0
INTERTRAN鄂西-鄂西北,2923,2000.0
INTERTRAN鄂西-鄂西北,2924,-2000.0
INTERTRAN鄂西-鄂西北,2925,-2000.0
INTERTRAN鄂西-鄂西北,2926,-2000.0
INTERTRAN鄂西-鄂西北,2927,640.770469135804
INTERTRAN鄂西-鄂西北,2928,2000.0
INTERTRAN鄂西-鄂西北,2929,2000.0
INTERTRAN鄂西-鄂西北,2930,-2000.0
INTERTRAN鄂西-鄂西北,2931,-2000.0
INTERTRAN鄂西-鄂西北,2932,-2000.0
INTERTRAN鄂西-鄂西北,2933,-2000.0
INTERTRAN鄂西-鄂西北,2934,-2000.0
INTERTRAN鄂西-鄂西北,2935,2000.0
INTERTRAN鄂西-鄂西北,2936,2000.0
INTERTRAN鄂西-鄂西北,2937,2000.0
INTERTRAN鄂西-鄂西北,2938,2000.0
INTERTRAN鄂西-鄂西北,2939,2000.0
INTERTRAN鄂西-鄂西北,2940,2000.0
INTERTRAN鄂西-鄂西北,2941,2000.0
INTERTRAN鄂西-鄂西北,2942,2000.0
INTERTRAN鄂西-鄂西北,2943,2000.0
INTERTRAN鄂西-鄂西北,2944,2000.0
INTERTRAN鄂西-鄂西北,2945,2000.0
INTERTRAN鄂西-鄂西北,2946,2000.0
INTERTRAN鄂西-鄂西北,2947,2000.0
INTERTRAN鄂西-鄂西北,2948,2000.0
INTERTRAN鄂西-鄂西北,2949,-2000.0
INTERTRAN鄂西-鄂西北,2950,1280.1429418410507
INTERTRAN鄂西-鄂西北,2951,2000.0
INTERTRAN鄂西-鄂西北,2952,-2000.0
INTERTRAN鄂西-鄂西北,2953,-388.2390244807584
INTERTRAN鄂西-鄂西北,2954,2000.0
INTERTRAN鄂西-鄂西北,2955,2000.0
INTERTRAN鄂西-鄂西北,2956,2000.0
INTERTRAN鄂西-鄂西北,2957,-2000.0
INTERTRAN鄂西-鄂西北,2958,-1470.30975
INTERTRAN鄂西-鄂西北,2959,2000.0
INTERTRAN鄂西-鄂西北,2960,-2000.0
INTERTRAN鄂西-鄂西北,2961,-988.6375663502095
INTERTRAN鄂西-鄂西北,2962,2000.0
INTERTRAN鄂西-鄂西北,2963,2000.0
INTERTRAN鄂西-鄂西北,2964,2000.0
INTERTRAN鄂西-鄂西北,2965,2000.0
INTERTRAN鄂西-鄂西北,2966,2000.0
INTERTRAN鄂西-鄂西北,2967,1374.9998897930323
INTERTRAN鄂西-鄂西北,2968,2000.0
INTERTRAN鄂西-鄂西北,2969,2000.0
INTERTRAN鄂西-鄂西北,2970,2000.0
INTERTRAN鄂西-鄂西北,2971,2000.0
INTERTRAN鄂西-鄂西北,2972,-2000.0
INTERTRAN鄂西-鄂西北,2973,1936.9919411764718
INTERTRAN鄂西-鄂西北,2974,2000.0
INTERTRAN鄂西-鄂西北,2975,-1887.267240000001
INTERTRAN鄂西-鄂西北,2976,-2000.0
INTERTRAN鄂西-鄂西北,2977,-2000.0
INTERTRAN鄂西-鄂西北,2978,-2000.0
INTERTRAN鄂西-鄂西北,2979,2000.0
INTERTRAN鄂西-鄂西北,2980,-2000.0
INTERTRAN鄂西-鄂西北,2981,1763.357750000001
INTERTRAN鄂西-鄂西北,2982,-1729.5264753086417
INTERTRAN鄂西-鄂西北,2983,-2000.0
INTERTRAN鄂西-鄂西北,2984,2000.0
INTERTRAN鄂西-鄂西北,2985,-1980.5289503122767
INTERTRAN鄂西-鄂西北,2986,-2000.0
INTERTRAN鄂西-鄂西北,2987,-2000.0
INTERTRAN鄂西-鄂西北,2988,1962.4337260821171
INTERTRAN鄂西-鄂西北,2989,746.2181467383252
INTERTRAN鄂西-鄂西北,2990,2000.0
INTERTRAN鄂西-鄂西北,2991,2000.0
INTERTRAN鄂西-鄂西北,2992,2000.0
INTERTRAN鄂西-鄂西北,2993,2000.0
INTERTRAN鄂西-鄂西北,2994,2000.0
INTERTRAN鄂西-鄂西北,2995,-2000.0
INTERTRAN鄂西-鄂西北,2996,-2000.0
INTERTRAN鄂西-鄂西北,2997,-283.9965554391965
INTERTRAN鄂西-鄂西北,2998,-2000.0
INTERTRAN鄂西-鄂西北,2999,1369.0315686419726
INTERTRAN鄂西-鄂西北,3000,1191.0869446235556
INTERTRAN鄂西-鄂西北,3001,2000.0
INTERTRAN鄂西-鄂西北,3002,2000.0
INTERTRAN鄂西-鄂西北,3003,2000.0
INTERTRAN鄂西-鄂西北,3004,-2000.0
INTERTRAN鄂西-鄂西北,3005,2000.0
INTERTRAN鄂西-鄂西北,3006,-1381.9004999999995
INTERTRAN鄂西-鄂西北,3007,-2000.0
INTERTRAN鄂西-鄂西北,3008,-1226.6393435185182
INTERTRAN鄂西-鄂西北,3009,2000.0
INTERTRAN鄂西-鄂西北,3010,2000.0
INTERTRAN鄂西-鄂西北,3011,2000.0
INTERTRAN鄂西-鄂西北,3012,-2000.0
INTERTRAN鄂西-鄂西北,3013,2000.0
INTERTRAN鄂西-鄂西北,3014,2000.0
INTERTRAN鄂西-鄂西北,3015,2000.0
INTERTRAN鄂西-鄂西北,3016,2000.0
INTERTRAN鄂西-鄂西北,3017,-359.08792716049857
INTERTRAN鄂西-鄂西北,3018,2000.0
INTERTRAN鄂西-鄂西北,3019,2000.0
INTERTRAN鄂西-鄂西北,3020,-2000.0
INTERTRAN鄂西-鄂西北,3021,2000.0
INTERTRAN鄂西-鄂西北,3022,-2000.0
INTERTRAN鄂西-鄂西北,3023,2000.0
INTERTRAN鄂西-鄂东,3024,7688.964755686273
INTERTRAN鄂西-鄂东,3025,9248.964887131442
INTERTRAN鄂西-鄂东,3026,8187.551639999998
INTERTRAN鄂西-鄂东,3027,5191.525448641973
INTERTRAN鄂西-鄂东,3028,10349.18334
INTERTRAN鄂西-鄂东,3029,11527.454564509808
INTERTRAN鄂西-鄂东,3030,8925.475489999997
INTERTRAN鄂西-鄂东,3031,10775.808799999999
INTERTRAN鄂西-鄂东,3032,11022.38452
INTERTRAN鄂西-鄂东,3033,10908.462450000003
INTERTRAN鄂西-鄂东,3034,8215.988239999999
INTERTRAN鄂西-鄂东,3035,1319.6555746758113
INTERTRAN鄂西-鄂东,3036,3052.7742858024685
INTERTRAN鄂西-鄂东,3037,8737.832455555555
INTERTRAN鄂西-鄂东,3038,3326.0962176470566
INTERTRAN鄂西-鄂东,3039,7173.096199999993
INTERTRAN鄂西-鄂东,3040,6110.565889999998
INTERTRAN鄂西-鄂东,3041,11470.977429999999
INTERTRAN鄂西-鄂东,3042,11902.280099999996
INTERTRAN鄂西-鄂东,3043,10449.094699999998
INTERTRAN鄂西-鄂东,3044,9521.699499999999
INTERTRAN鄂西-鄂东,3045,6151.232490000002
INTERTRAN鄂西-鄂东,3046,8938.189040000001
INTERTRAN鄂西-鄂东,3047,8989.002399999998
INTERTRAN鄂西-鄂东,3048,5580.23429
INTERTRAN鄂西-鄂东,3049,10136.81624
INTERTRAN鄂西-鄂东,3050,9422.84734
INTERTRAN鄂西-鄂东,3051,5477.169139999998
INTERTRAN鄂西-鄂东,3052,5917.983745882353
INTERTRAN鄂西-鄂东,3053,5157.134439999998
INTERTRAN鄂西-鄂东,3054,10472.407299999999
INTERTRAN鄂西-鄂东,3055,10016.8131
INTERTRAN鄂西-鄂东,3056,9900.002999999997
INTERTRAN鄂西-鄂东,3057,9599.7011595679
INTERTRAN鄂西-鄂东,3058,9087.868579999995
INTERTRAN鄂西-鄂东,3059,7924.979357647062
INTERTRAN鄂西-鄂东,3060,2297.6436976470595
INTERTRAN鄂西-鄂东,3061,3363.16825061728
INTERTRAN鄂西-鄂东,3062,2845.106449150324
INTERTRAN鄂西-鄂东,3063,6092.651973333337
INTERTRAN鄂西-鄂东,3064,8834.566395000002
INTERTRAN鄂西-鄂东,3065,12600.0
INTERTRAN鄂西-鄂东,3066,10210.3364
INTERTRAN鄂西-鄂东,3067,4150.925927843138
INTERTRAN鄂西-鄂东,3068,7633.4688499999975
INTERTRAN鄂西-鄂东,3069,9063.126939999998
INTERTRAN鄂西-鄂东,3070,3883.222139999998
INTERTRAN鄂西-鄂东,3071,692.3681900000029
INTERTRAN鄂西-鄂东,3072,4316.437739999998
INTERTRAN鄂西-鄂东,3073,3287.4632848069778
INTERTRAN鄂西-鄂东,3074,2314.823139999997
INTERTRAN鄂西-鄂东,3075,6769.070790000002
INTERTRAN鄂西-鄂东,3076,6037.757853425926
INTERTRAN鄂西-鄂东,3077,8387.438289999998
INTERTRAN鄂西-鄂东,3078,9717.523389999998
INTERTRAN鄂西-鄂东,3079,10042.522099999998
INTERTRAN鄂西-鄂东,3080,6144.093140000001
INTERTRAN鄂西-鄂东,3081,3460.2292400000006
INTERTRAN鄂西-鄂东,3082,7318.678100000001
INTERTRAN鄂西-鄂东,3083,6717.80644
INTERTRAN鄂西-鄂东,3084,7570.462139999996
INTERTRAN鄂西-鄂东,3085,3120.5014922658247
INTERTRAN鄂西-鄂东,3086,3052.494089999993
INTERTRAN鄂西-鄂东,3087,3635.005117777775
INTERTRAN鄂西-鄂东,3088,5904.323909999999
INTERTRAN鄂西-鄂东,3089,5556.645940000002
INTERTRAN鄂西-鄂东,3090,5170.01369
INTERTRAN鄂西-鄂东,3091,8351.329899999997
INTERTRAN鄂西-鄂东,3092,8835.656452160485
INTERTRAN鄂西-鄂东,3093,3204.740889999999
INTERTRAN鄂西-鄂东,3094,3713.10794
INTERTRAN鄂西-鄂东,3095,3445.188140000002
INTERTRAN鄂西-鄂东,3096,3453.3487399999976
INTERTRAN鄂西-鄂东,3097,4503.6000399999975
INTERTRAN鄂西-鄂东,3098,4534.163139999997
INTERTRAN鄂西-鄂东,3099,4583.2603899999995
INTERTRAN鄂西-鄂东,3100,6266.1846617315205
INTERTRAN鄂西-鄂东,3101,3514.4535399999986
INTERTRAN鄂西-鄂东,3102,9886.584140000006
INTERTRAN鄂西-鄂东,3103,6916.505431372556
INTERTRAN鄂西-鄂东,3104,6372.18667000001
INTERTRAN鄂西-鄂东,3105,6200.605879999999
INTERTRAN鄂西-鄂东,3106,3441.809660522851
INTERTRAN鄂西-鄂东,3107,-881.8851653594902
INTERTRAN鄂西-鄂东,3108,724.9169973856115
INTERTRAN鄂西-鄂东,3109,5883.668927087816
INTERTRAN鄂西-鄂东,3110,1904.6494814088946
INTERTRAN鄂西-鄂东,3111,-1221.5956933333346
INTERTRAN鄂西-鄂东,3112,1440.274884444445
INTERTRAN鄂西-鄂东,3113,3532.964379084955
INTERTRAN鄂西-鄂东,3114,3523.232541176465
INTERTRAN鄂西-鄂东,3115,7012.633839999999
INTERTRAN鄂西-鄂东,3116,763.3174900000013
INTERTRAN鄂西-鄂东,3117,6030.042989999998
INTERTRAN鄂西-鄂东,3118,4505.797339999997
INTERTRAN鄂西-鄂东,3119,7529.715799999998
INTERTRAN鄂西-鄂东,3120,5364.344589382716
INTERTRAN鄂西-鄂东,3121,3690.30054
INTERTRAN鄂西-鄂东,3122,2923.3946804648585
INTERTRAN鄂西-鄂东,3123,8457.468240000002
INTERTRAN鄂西-鄂东,3124,7227.280199999997
INTERTRAN鄂西-鄂东,3125,6305.682540000002
INTERTRAN鄂西-鄂东,3126,7183.7068
INTERTRAN鄂西-鄂东,3127,6320.618345000003
INTERTRAN鄂西-鄂东,3128,6349.52362054
INTERTRAN鄂西-鄂东,3129,6649.24399077753
INTERTRAN鄂西-鄂东,3130,1407.601508333324
INTERTRAN鄂西-鄂东,3131,4922.9927950649
INTERTRAN鄂西-鄂东,3132,1830.4057992592607
INTERTRAN鄂西-鄂东,3133,-1090.26505888889
INTERTRAN鄂西-鄂东,3134,-639.3753323892633
INTERTRAN鄂西-鄂东,3135,-3105.800017240368
INTERTRAN鄂西-鄂东,3136,1350.9641372548922
INTERTRAN鄂西-鄂东,3137,6463.681811023966
INTERTRAN鄂西-鄂东,3138,3230.942138842709
INTERTRAN鄂西-鄂东,3139,8633.051579415318
INTERTRAN鄂西-鄂东,3140,4136.529839999996
INTERTRAN鄂西-鄂东,3141,7726.443038601756
INTERTRAN鄂西-鄂东,3142,3462.023274252453
INTERTRAN鄂西-鄂东,3143,2375.4561900000026
INTERTRAN鄂西-鄂东,3144,6084.614972592597
INTERTRAN鄂西-鄂东,3145,5990.93764
INTERTRAN鄂西-鄂东,3146,241.00489000000198
INTERTRAN鄂西-鄂东,3147,2073.5484400000005
INTERTRAN鄂西-鄂东,3148,3617.402807407403
INTERTRAN鄂西-鄂东,3149,4492.20174
INTERTRAN鄂西-鄂东,3150,4324.3835400000025
INTERTRAN鄂西-鄂东,3151,4859.7549249999975
INTERTRAN鄂西-鄂东,3152,4967.559727262174
INTERTRAN鄂西-鄂东,3153,5959.923099999989
INTERTRAN鄂西-鄂东,3154,-794.8516599854865
INTERTRAN鄂西-鄂东,3155,3154.63837885258
INTERTRAN鄂西-鄂东,3156,3442.0011009586433
INTERTRAN鄂西-鄂东,3157,-382.40521218593494
INTERTRAN鄂西-鄂东,3158,5182.092918603594
INTERTRAN鄂西-鄂东,3159,-2882.7804000000106
INTERTRAN鄂西-鄂东,3160,-637.1038355991877
INTERTRAN鄂西-鄂东,3161,3249.0100068865886
INTERTRAN鄂西-鄂东,3162,5149.461528978485
INTERTRAN鄂西-鄂东,3163,5630.237939999995
INTERTRAN鄂西-鄂东,3164,3454.338109509803
INTERTRAN鄂西-鄂东,3165,4813.7341400000005
INTERTRAN鄂西-鄂东,3166,8332.473839999999
INTERTRAN鄂西-鄂东,3167,6902.14528393824
INTERTRAN鄂西北-鄂东,3024,-1052.8709999999992
INTERTRAN鄂西北-鄂东,3025,3000.0
INTERTRAN鄂西北-鄂东,3026,3000.0
INTERTRAN鄂西北-鄂东,3027,3000.0
INTERTRAN鄂西北-鄂东,3028,-1364.655
INTERTRAN鄂西北-鄂东,3029,-542.8592500000004
INTERTRAN鄂西北-鄂东,3030,-1044.5712499999995
INTERTRAN鄂西北-鄂东,3031,-1703.3723785185198
INTERTRAN鄂西北-鄂东,3032,-822.7575800000009
INTERTRAN鄂西北-鄂东,3033,-2720.2350100000012
INTERTRAN鄂西北-鄂东,3034,-3000.0
INTERTRAN鄂西北-鄂东,3035,1518.6145653241874
INTERTRAN鄂西北-鄂东,3036,1067.36659
INTERTRAN鄂西北-鄂东,3037,-1656.7821599999997
INTERTRAN鄂西北-鄂东,3038,1947.6514454529479
INTERTRAN鄂西北-鄂东,3039,-167.7764700000007
INTERTRAN鄂西北-鄂东,3040,1951.0363499999994
INTERTRAN鄂西北-鄂东,3041,-1687.8137900000015
INTERTRAN鄂西北-鄂东,3042,-1919.5000599999967
INTERTRAN鄂西北-鄂东,3043,-2626.4458600000007
INTERTRAN鄂西北-鄂东,3044,-1825.8274434729037
INTERTRAN鄂西北-鄂东,3045,2437.2067499999994
INTERTRAN鄂西北-鄂东,3046,-1936.616500000001
INTERTRAN鄂西北-鄂东,3047,-1269.810759999998
INTERTRAN鄂西北-鄂东,3048,-2313.88325
INTERTRAN鄂西北-鄂东,3049,-1535.6915000000001
INTERTRAN鄂西北-鄂东,3050,-569.5260000000003
INTERTRAN鄂西北-鄂东,3051,2023.682999999999
INTERTRAN鄂西北-鄂东,3052,3000.0
INTERTRAN鄂西北-鄂东,3053,3000.0
INTERTRAN鄂西北-鄂东,3054,-1159.755259999998
INTERTRAN鄂西北-鄂东,3055,-1248.7029850000004
INTERTRAN鄂西北-鄂东,3056,-1749.3957150000006
INTERTRAN鄂西北-鄂东,3057,-543.7557195679005
INTERTRAN鄂西北-鄂东,3058,-1319.71554
INTERTRAN鄂西北-鄂东,3059,-3000.0
INTERTRAN鄂西北-鄂东,3060,3000.0
INTERTRAN鄂西北-鄂东,3061,-1892.0891302251207
INTERTRAN鄂西北-鄂东,3062,-3000.0
INTERTRAN鄂西北-鄂东,3063,-3000.0
INTERTRAN鄂西北-鄂东,3064,-3000.0
INTERTRAN鄂西北-鄂东,3065,-3000.0
INTERTRAN鄂西北-鄂东,3066,-3000.0
INTERTRAN鄂西北-鄂东,3067,2716.625719999999
INTERTRAN鄂西北-鄂东,3068,-1004.3403100000007
INTERTRAN鄂西北-鄂东,3069,-1311.3610000000003
INTERTRAN鄂西北-鄂东,3070,3000.0
INTERTRAN鄂西北-鄂东,3071,-1097.639750000001
INTERTRAN鄂西北-鄂东,3072,3000.0
INTERTRAN鄂西北-鄂东,3073,-587.9437500000004
INTERTRAN鄂西北-鄂东,3074,3000.0
INTERTRAN鄂西北-鄂东,3075,2874.789249999999
INTERTRAN鄂西北-鄂东,3076,252.2005865740739
INTERTRAN鄂西北-鄂东,3077,-648.5692500000005
INTERTRAN鄂西北-鄂东,3078,-652.8857499999999
INTERTRAN鄂西北-鄂东,3079,-1164.2768599999984
INTERTRAN鄂西北-鄂东,3080,3000.0
INTERTRAN鄂西北-鄂东,3081,3000.0
INTERTRAN鄂西北-鄂东,3082,-1529.8744207843163
INTERTRAN鄂西北-鄂东,3083,-2064.6507
INTERTRAN鄂西北-鄂东,3084,-3000.0
INTERTRAN鄂西北-鄂东,3085,1388.8415849999983
INTERTRAN鄂西北-鄂东,3086,-3000.0
INTERTRAN鄂西北-鄂东,3087,1495.7865999999995
INTERTRAN鄂西北-鄂东,3088,-2018.23857
INTERTRAN鄂西北-鄂东,3089,-3000.0
INTERTRAN鄂西北-鄂东,3090,2366.0800499999996
INTERTRAN鄂西北-鄂东,3091,-2210.744660000002
INTERTRAN鄂西北-鄂东,3092,-1260.9476750000013
INTERTRAN鄂西北-鄂东,3093,2984.46875
INTERTRAN鄂西北-鄂东,3094,255.83499999999913
INTERTRAN鄂西北-鄂东,3095,3000.0
INTERTRAN鄂西北-鄂东,3096,3000.0
INTERTRAN鄂西北-鄂东,3097,3000.0
INTERTRAN鄂西北-鄂东,3098,3000.0
INTERTRAN鄂西北-鄂东,3099,2732.750249999999
INTERTRAN鄂西北-鄂东,3100,3000.0
INTERTRAN鄂西北-鄂东,3101,3000.0
INTERTRAN鄂西北-鄂东,3102,-1435.3880000000006
INTERTRAN鄂西北-鄂东,3103,411.74718999999914
INTERTRAN鄂西北-鄂东,3104,1636.5066699999925
INTERTRAN鄂西北-鄂东,3105,-2861.5559399999997
INTERTRAN鄂西北-鄂东,3106,-3000.0
INTERTRAN鄂西北-鄂东,3107,-3000.0
INTERTRAN鄂西北-鄂东,3108,-3000.0
INTERTRAN鄂西北-鄂东,3109,-3000.0
INTERTRAN鄂西北-鄂东,3110,-3000.0
INTERTRAN鄂西北-鄂东,3111,-3000.0
INTERTRAN鄂西北-鄂东,3112,-3000.0
INTERTRAN鄂西北-鄂东,3113,-3000.0
INTERTRAN鄂西北-鄂东,3114,-3000.0
INTERTRAN鄂西北-鄂东,3115,-3000.0
INTERTRAN鄂西北-鄂东,3116,1547.3296499999997
INTERTRAN鄂西北-鄂东,3117,1904.3202499999998
INTERTRAN鄂西北-鄂东,3118,1492.0550000000003
INTERTRAN鄂西北-鄂东,3119,-98.56145607842882
INTERTRAN鄂西北-鄂东,3120,3000.0
INTERTRAN鄂西北-鄂东,3121,3000.0
INTERTRAN鄂西北-鄂东,3122,3000.0
INTERTRAN鄂西北-鄂东,3123,-529.4005000000011
INTERTRAN鄂西北-鄂东,3124,2022.4122400000015
INTERTRAN鄂西北-鄂东,3125,478.4239999999995
INTERTRAN鄂西北-鄂东,3126,3000.0
INTERTRAN鄂西北-鄂东,3127,1403.4486949999991
INTERTRAN鄂西北-鄂东,3128,-3000.0
INTERTRAN鄂西北-鄂东,3129,-3000.0
INTERTRAN鄂西北-鄂东,3130,-3000.0
INTERTRAN鄂西北-鄂东,3131,-3000.0
INTERTRAN鄂西北-鄂东,3132,-3000.0
INTERTRAN鄂西北-鄂东,3133,-2901.557390000001
INTERTRAN鄂西北-鄂东,3134,-3000.0
INTERTRAN鄂西北-鄂东,3135,-3000.0
INTERTRAN鄂西北-鄂东,3136,-1835.3152800000003
INTERTRAN鄂西北-鄂东,3137,-3000.0
INTERTRAN鄂西北-鄂东,3138,2845.5182196758124
INTERTRAN鄂西北-鄂东,3139,-2497.2526789214953
INTERTRAN鄂西北-鄂东,3140,3000.0
INTERTRAN鄂西北-鄂东,3141,-561.8688986017578
INTERTRAN鄂西北-鄂东,3142,2712.9366657475484
INTERTRAN鄂西北-鄂东,3143,-619.9587500000007
INTERTRAN鄂西北-鄂东,3144,3000.0
INTERTRAN鄂西北-鄂东,3145,2704.4924999999994
INTERTRAN鄂西北-鄂东,3146,583.1197499999998
INTERTRAN鄂西北-鄂东,3147,3000.0
INTERTRAN鄂西北-鄂东,3148,3000.0
INTERTRAN鄂西北-鄂东,3149,3000.0
INTERTRAN鄂西北-鄂东,3150,1709.701
INTERTRAN鄂西北-鄂东,3151,1313.2905150000006
INTERTRAN鄂西北-鄂东,3152,-1335.7475872621749
INTERTRAN鄂西北-鄂东,3153,-3000.0
INTERTRAN鄂西北-鄂东,3154,-3000.0
INTERTRAN鄂西北-鄂东,3155,-3000.0
INTERTRAN鄂西北-鄂东,3156,-3000.0
INTERTRAN鄂西北-鄂东,3157,-3000.0
INTERTRAN鄂西北-鄂东,3158,-3000.0
INTERTRAN鄂西北-鄂东,3159,-3000.0
INTERTRAN鄂西北-鄂东,3160,-3000.0
INTERTRAN鄂西北-鄂东,3161,-3000.0
INTERTRAN鄂西北-鄂东,3162,-3000.0
INTERTRAN鄂西北-鄂东,3163,-3000.0
INTERTRAN鄂西北-鄂东,3164,1058.9188049999998
INTERTRAN鄂西北-鄂东,3165,3000.0
INTERTRAN鄂西北-鄂东,3166,-1906.1215000000002
INTERTRAN鄂西北-鄂东,3167,-2484.0922499999997
INTERTRAN鄂西-鄂西北,3024,2000.0
INTERTRAN鄂西-鄂西北,3025,1697.8422941176477
INTERTRAN鄂西-鄂西北,3026,1105.54875
INTERTRAN鄂西-鄂西北,3027,1493.648000000001
INTERTRAN鄂西-鄂西北,3028,-2000.0
INTERTRAN鄂西-鄂西北,3029,-2000.0
INTERTRAN鄂西-鄂西北,3030,-2000.0
INTERTRAN鄂西-鄂西北,3031,-2000.0
INTERTRAN鄂西-鄂西北,3032,-2000.0
INTERTRAN鄂西-鄂西北,3033,-2000.0
INTERTRAN鄂西-鄂西北,3034,-2000.0
INTERTRAN鄂西-鄂西北,3035,2000.0
INTERTRAN鄂西-鄂西北,3036,2000.0
INTERTRAN鄂西-鄂西北,3037,-2000.0
INTERTRAN鄂西-鄂西北,3038,2000.0
INTERTRAN鄂西-鄂西北,3039,2000.0
INTERTRAN鄂西-鄂西北,3040,2000.0
INTERTRAN鄂西-鄂西北,3041,-2000.0
INTERTRAN鄂西-鄂西北,3042,-2000.0
INTERTRAN鄂西-鄂西北,3043,-2000.0
INTERTRAN鄂西-鄂西北,3044,-2000.0
INTERTRAN鄂西-鄂西北,3045,2000.0
INTERTRAN鄂西-鄂西北,3046,-2000.0
INTERTRAN鄂西-鄂西北,3047,-2000.0
INTERTRAN鄂西-鄂西北,3048,-2000.0
INTERTRAN鄂西-鄂西北,3049,-2000.0
INTERTRAN鄂西-鄂西北,3050,-2000.0
INTERTRAN鄂西-鄂西北,3051,2000.0
INTERTRAN鄂西-鄂西北,3052,1629.0235541176462
INTERTRAN鄂西-鄂西北,3053,2000.0
INTERTRAN鄂西-鄂西北,3054,-2000.0
INTERTRAN鄂西-鄂西北,3055,-2000.0
INTERTRAN鄂西-鄂西北,3056,-2000.0
INTERTRAN鄂西-鄂西北,3057,-2000.0
INTERTRAN鄂西-鄂西北,3058,-2000.0
INTERTRAN鄂西-鄂西北,3059,-2000.0
INTERTRAN鄂西-鄂西北,3060,1485.9634650000016
INTERTRAN鄂西-鄂西北,3061,-2000.0
INTERTRAN鄂西-鄂西北,3062,2000.0
INTERTRAN鄂西-鄂西北,3063,1710.2765350000009
INTERTRAN鄂西-鄂西北,3064,-610.9022949999999
INTERTRAN鄂西-鄂西北,3065,-1687.6836449999994
INTERTRAN鄂西-鄂西北,3066,-2000.0
INTERTRAN鄂西-鄂西北,3067,2000.0
INTERTRAN鄂西-鄂西北,3068,-2000.0
INTERTRAN鄂西-鄂西北,3069,-2000.0
INTERTRAN鄂西-鄂西北,3070,389.7249999999999
INTERTRAN鄂西-鄂西北,3071,-2000.0
INTERTRAN鄂西-鄂西北,3072,2000.0
INTERTRAN鄂西-鄂西北,3073,-2000.0
INTERTRAN鄂西-鄂西北,3074,2000.0
INTERTRAN鄂西-鄂西北,3075,2000.0
INTERTRAN鄂西-鄂西北,3076,-2000.0
INTERTRAN鄂西-鄂西北,3077,-2000.0
INTERTRAN鄂西-鄂西北,3078,-2000.0
INTERTRAN鄂西-鄂西北,3079,-2000.0
INTERTRAN鄂西-鄂西北,3080,1266.6645150000004
INTERTRAN鄂西-鄂西北,3081,2000.0
INTERTRAN鄂西-鄂西北,3082,-2000.0
INTERTRAN鄂西-鄂西北,3083,-2000.0
INTERTRAN鄂西-鄂西北,3084,-1577.4294400000008
INTERTRAN鄂西-鄂西北,3085,2000.0
INTERTRAN鄂西-鄂西北,3086,1210.0607100000007
INTERTRAN鄂西-鄂西北,3087,2000.0
INTERTRAN鄂西-鄂西北,3088,-2000.0
INTERTRAN鄂西-鄂西北,3089,-2000.0
INTERTRAN鄂西-鄂西北,3090,2000.0
INTERTRAN鄂西-鄂西北,3091,-2000.0
INTERTRAN鄂西-鄂西北,3092,-2000.0
INTERTRAN鄂西-鄂西北,3093,2000.0
INTERTRAN鄂西-鄂西北,3094,-2000.0
INTERTRAN鄂西-鄂西北,3095,2000.0
INTERTRAN鄂西-鄂西北,3096,1709.8340000000003
INTERTRAN鄂西-鄂西北,3097,647.8497500000003
INTERTRAN鄂西-鄂西北,3098,2000.0
INTERTRAN鄂西-鄂西北,3099,2000.0
INTERTRAN鄂西-鄂西北,3100,2000.0
INTERTRAN鄂西-鄂西北,3101,992.6102599999995
INTERTRAN鄂西-鄂西北,3102,-2000.0
INTERTRAN鄂西-鄂西北,3103,-2000.0
INTERTRAN鄂西-鄂西北,3104,2000.0
INTERTRAN鄂西-鄂西北,3105,-2000.0
INTERTRAN鄂西-鄂西北,3106,2000.0
INTERTRAN鄂西-鄂西北,3107,2000.0
INTERTRAN鄂西-鄂西北,3108,2000.0
INTERTRAN鄂西-鄂西北,3109,2000.0
INTERTRAN鄂西-鄂西北,3110,2000.0
INTERTRAN鄂西-鄂西北,3111,2000.0
INTERTRAN鄂西-鄂西北,3112,2000.0
INTERTRAN鄂西-鄂西北,3113,2000.0
INTERTRAN鄂西-鄂西北,3114,1957.9134999999997
INTERTRAN鄂西-鄂西北,3115,-281.16975999999977
INTERTRAN鄂西-鄂西北,3116,2000.0
INTERTRAN鄂西-鄂西北,3117,2000.0
INTERTRAN鄂西-鄂西北,3118,2000.0
INTERTRAN鄂西-鄂西北,3119,-2000.0
INTERTRAN鄂西-鄂西北,3120,-6.691000000000258
INTERTRAN鄂西-鄂西北,3121,-1340.5432400000027
INTERTRAN鄂西-鄂西北,3122,660.2340000000004
INTERTRAN鄂西-鄂西北,3123,-2000.0
INTERTRAN鄂西-鄂西北,3124,2000.0
INTERTRAN鄂西-鄂西北,3125,-2000.0
INTERTRAN鄂西-鄂西北,3126,2000.0
INTERTRAN鄂西-鄂西北,3127,-2000.0
INTERTRAN鄂西-鄂西北,3128,-2000.0
INTERTRAN鄂西-鄂西北,3129,-1159.790694999999
INTERTRAN鄂西-鄂西北,3130,231.7545250000012
INTERTRAN鄂西-鄂西北,3131,1278.464379405883
INTERTRAN鄂西-鄂西北,3132,2000.0
INTERTRAN鄂西-鄂西北,3133,2000.0
INTERTRAN鄂西-鄂西北,3134,2000.0
INTERTRAN鄂西-鄂西北,3135,2000.0
INTERTRAN鄂西-鄂西北,3136,2000.0
INTERTRAN鄂西-鄂西北,3137,428.69580662308636
INTERTRAN鄂西-鄂西北,3138,2000.0
INTERTRAN鄂西-鄂西北,3139,-2000.0
INTERTRAN鄂西-鄂西北,3140,2000.0
INTERTRAN鄂西-鄂西北,3141,-2000.0
INTERTRAN鄂西-鄂西北,3142,2000.0
INTERTRAN鄂西-鄂西北,3143,2000.0
INTERTRAN鄂西-鄂西北,3144,1372.902339974582
INTERTRAN鄂西-鄂西北,3145,2000.0
INTERTRAN鄂西-鄂西北,3146,2000.0
INTERTRAN鄂西-鄂西北,3147,2000.0
INTERTRAN鄂西-鄂西北,3148,-1236.0164999999986
INTERTRAN鄂西-鄂西北,3149,-1563.240499999999
INTERTRAN鄂西-鄂西北,3150,2000.0
INTERTRAN鄂西-鄂西北,3151,2000.0
INTERTRAN鄂西-鄂西北,3152,-2000.0
INTERTRAN鄂西-鄂西北,3153,2000.0
INTERTRAN鄂西-鄂西北,3154,2000.0
INTERTRAN鄂西-鄂西北,3155,2000.0
INTERTRAN鄂西-鄂西北,3156,2000.0
INTERTRAN鄂西-鄂西北,3157,2000.0
INTERTRAN鄂西-鄂西北,3158,2000.0
INTERTRAN鄂西-鄂西北,3159,2000.0
INTERTRAN鄂西-鄂西北,3160,2000.0
INTERTRAN鄂西-鄂西北,3161,2000.0
INTERTRAN鄂西-鄂西北,3162,2000.0
INTERTRAN鄂西-鄂西北,3163,-1956.95954
INTERTRAN鄂西-鄂西北,3164,2000.0
INTERTRAN鄂西-鄂西北,3165,-794.1459769678986
INTERTRAN鄂西-鄂西北,3166,-2000.0
INTERTRAN鄂西-鄂西北,3167,-2000.0
INTERTRAN鄂西-鄂东,3168,1139.2910578264637
INTERTRAN鄂西-鄂东,3169,12600.0
INTERTRAN鄂西-鄂东,3170,7757.242855000011
INTERTRAN鄂西-鄂东,3171,5059.048943500362
INTERTRAN鄂西-鄂东,3172,7700.399877254902
INTERTRAN鄂西-鄂东,3173,4964.290489999999
INTERTRAN鄂西-鄂东,3174,7857.52351745098
INTERTRAN鄂西-鄂东,3175,6169.115662941178
INTERTRAN鄂西-鄂东,3176,3607.7139400000015
INTERTRAN鄂西-鄂东,3177,2287.569447970538
INTERTRAN鄂西-鄂东,3178,5604.0446556862735
INTERTRAN鄂西-鄂东,3179,1316.4949400000005
INTERTRAN鄂西-鄂东,3180,1240.5794840232356
INTERTRAN鄂西-鄂东,3181,5078.815252549022
INTERTRAN鄂西-鄂东,3182,2546.3529945533737
INTERTRAN鄂西-鄂东,3183,5195.258140000005
INTERTRAN鄂西-鄂东,3184,3366.148226666668
INTERTRAN鄂西-鄂东,3185,7170.3334752941155
INTERTRAN鄂西-鄂东,3186,8433.460945000006
INTERTRAN鄂西-鄂东,3187,10215.742054999999
INTERTRAN鄂西-鄂东,3188,8682.706745000003
INTERTRAN鄂西-鄂东,3189,9368.863189999996
INTERTRAN鄂西-鄂东,3190,6631.036789999998
INTERTRAN鄂西-鄂东,3191,6296.307339999999
INTERTRAN鄂西-鄂东,3192,5347.08799
INTERTRAN鄂西-鄂东,3193,5632.931639999999
INTERTRAN鄂西-鄂东,3194,-1116.5928599999988
INTERTRAN鄂西-鄂东,3195,2442.280995000001
INTERTRAN鄂西-鄂东,3196,6073.803599999999
INTERTRAN鄂西-鄂东,3197,5115.06409
INTERTRAN鄂西-鄂东,3198,1861.438439999998
INTERTRAN鄂西-鄂东,3199,7071.239744999999
INTERTRAN鄂西-鄂东,3200,6253.728740000002
INTERTRAN鄂西-鄂东,3201,9983.060375000001
INTERTRAN鄂西-鄂东,3202,3024.393184999997
INTERTRAN鄂西-鄂东,3203,3931.5328000000154
INTERTRAN鄂西-鄂东,3204,7519.996809411765
INTERTRAN鄂西-鄂东,3205,6354.931744814818
INTERTRAN鄂西-鄂东,3206,2852.1524999999983
INTERTRAN鄂西-鄂东,3207,9861.944815032679
INTERTRAN鄂西-鄂东,3208,6992.766014812409
INTERTRAN鄂西-鄂东,3209,9880.03872
INTERTRAN鄂西-鄂东,3210,7601.009133333333
INTERTRAN鄂西-鄂东,3211,5963.822874193902
INTERTRAN鄂西-鄂东,3212,6731.029399999999
INTERTRAN鄂西-鄂东,3213,2525.026457647058
INTERTRAN鄂西-鄂东,3214,6108.704599999997
INTERTRAN鄂西-鄂东,3215,9068.72559999999
INTERTRAN鄂西-鄂东,3216,3736.4972400000006
INTERTRAN鄂西-鄂东,3217,8850.86204
INTERTRAN鄂西-鄂东,3218,5502.558399999998
INTERTRAN鄂西-鄂东,3219,5866.368739999998
INTERTRAN鄂西-鄂东,3220,8409.351389999996
INTERTRAN鄂西-鄂东,3221,6146.23214
INTERTRAN鄂西-鄂东,3222,5910.527539999999
INTERTRAN鄂西-鄂东,3223,5137.161722450979
INTERTRAN鄂西-鄂东,3224,7123.265799999997
INTERTRAN鄂西-鄂东,3225,5741.046340000001
INTERTRAN鄂西-鄂东,3226,-521.8010600000016
INTERTRAN鄂西-鄂东,3227,4409.900754814815
INTERTRAN鄂西-鄂东,3228,-1087.4170241830107
INTERTRAN鄂西-鄂东,3229,3647.7569341176495
INTERTRAN鄂西-鄂东,3230,1196.1996007843136
INTERTRAN鄂西-鄂东,3231,3841.4291917051814
INTERTRAN鄂西-鄂东,3232,-101.96989790850239
INTERTRAN鄂西-鄂东,3233,-671.311737545393
INTERTRAN鄂西-鄂东,3234,4486.015940000001
INTERTRAN鄂西-鄂东,3235,6950.057975308642
INTERTRAN鄂西-鄂东,3236,1945.4116894698745
INTERTRAN鄂西-鄂东,3237,6417.891739999999
INTERTRAN鄂西-鄂东,3238,6675.591099999998
INTERTRAN鄂西-鄂东,3239,6607.2594999999965
INTERTRAN鄂西-鄂东,3240,9371.94874
INTERTRAN鄂西-鄂东,3241,2448.3000949019624
INTERTRAN鄂西-鄂东,3242,7622.032055686272
INTERTRAN鄂西-鄂东,3243,12298.034710379525
INTERTRAN鄂西-鄂东,3244,5078.138699999996
INTERTRAN鄂西-鄂东,3245,3422.800884117645
INTERTRAN鄂西-鄂东,3246,8542.108494117638
INTERTRAN鄂西-鄂东,3247,6577.337145538331
INTERTRAN鄂西-鄂东,3248,4894.213527250005
INTERTRAN鄂西-鄂东,3249,2618.295490000004
INTERTRAN鄂西-鄂东,3250,5023.370735
INTERTRAN鄂西-鄂东,3251,1600.59982570805
INTERTRAN鄂西-鄂东,3252,6830.489113961117
INTERTRAN鄂西-鄂东,3253,743.7029739869322
INTERTRAN鄂西-鄂东,3254,2423.2731758169866
INTERTRAN鄂西-鄂东,3255,573.5913352360039
INTERTRAN鄂西-鄂东,3256,-658.539780588233
INTERTRAN鄂西-鄂东,3257,-2395.610816317356
INTERTRAN鄂西-鄂东,3258,7523.485121699348
INTERTRAN鄂西-鄂东,3259,1116.90555764706
INTERTRAN鄂西-鄂东,3260,3806.1624642156894
INTERTRAN鄂西-鄂东,3261,7621.3830429411755
INTERTRAN鄂西-鄂东,3262,8510.961590000003
INTERTRAN鄂西-鄂东,3263,11877.73173607843
INTERTRAN鄂西-鄂东,3264,4483.907377254902
INTERTRAN鄂西-鄂东,3265,1558.9058056862777
INTERTRAN鄂西-鄂东,3266,5019.6821899999995
INTERTRAN鄂西-鄂东,3267,404.53193999999894
INTERTRAN鄂西-鄂东,3268,4673.528539999999
INTERTRAN鄂西-鄂东,3269,6986.817205333326
INTERTRAN鄂西-鄂东,3270,4556.477849382714
INTERTRAN鄂西-鄂东,3271,7138.571517777775
INTERTRAN鄂西-鄂东,3272,11022.38927
INTERTRAN鄂西-鄂东,3273,3317.173140000001
INTERTRAN鄂西-鄂东,3274,2918.86286499999
INTERTRAN鄂西-鄂东,3275,2736.171876470582
INTERTRAN鄂西-鄂东,3276,984.1485837908513
INTERTRAN鄂西-鄂东,3277,3239.0504517647096
INTERTRAN鄂西-鄂东,3278,1434.5948556862731
INTERTRAN鄂西-鄂东,3279,2673.5276752941118
INTERTRAN鄂西-鄂东,3280,3203.715424618731
INTERTRAN鄂西-鄂东,3281,3250.0213513289764
INTERTRAN鄂西-鄂东,3282,5710.165121989834
INTERTRAN鄂西-鄂东,3283,1849.779094999998
INTERTRAN鄂西-鄂东,3284,4217.808550000005
INTERTRAN鄂西-鄂东,3285,6054.3027
INTERTRAN鄂西-鄂东,3286,4937.726599999998
INTERTRAN鄂西-鄂东,3287,4769.839390000001
INTERTRAN鄂西-鄂东,3288,3823.2318400000004
INTERTRAN鄂西-鄂东,3289,7351.342240000005
INTERTRAN鄂西-鄂东,3290,5648.970277254903
INTERTRAN鄂西-鄂东,3291,7245.844689999998
INTERTRAN鄂西-鄂东,3292,4289.445337530866
INTERTRAN鄂西-鄂东,3293,1962.706530123456
INTERTRAN鄂西-鄂东,3294,7250.45358673203
INTERTRAN鄂西-鄂东,3295,11776.663789999999
INTERTRAN鄂西-鄂东,3296,5915.816140000003
INTERTRAN鄂西-鄂东,3297,6409.124138039217
INTERTRAN鄂西-鄂东,3298,650.6341360784281
INTERTRAN鄂西-鄂东,3299,2120.6890924183135
INTERTRAN鄂西-鄂东,3300,1715.9019588888805
INTERTRAN鄂西-鄂东,3301,-717.6701333333403
INTERTRAN鄂西-鄂东,3302,4032.536828036573
INTERTRAN鄂西-鄂东,3303,7297.3722992011535
INTERTRAN鄂西-鄂东,3304,-4905.581944579767
INTERTRAN鄂西-鄂东,3305,5345.624305882349
INTERTRAN鄂西-鄂东,3306,5804.846117647048
INTERTRAN鄂西-鄂东,3307,6111.440539222953
INTERTRAN鄂西-鄂东,3308,3881.8295999999973
INTERTRAN鄂西-鄂东,3309,4900.480399999997
INTERTRAN鄂西-鄂东,3310,1730.7670399999988
INTERTRAN鄂西-鄂东,3311,3346.9326400000027
INTERTRAN鄂西北-鄂东,3168,-3000.0
INTERTRAN鄂西北-鄂东,3169,-694.417974814814
INTERTRAN鄂西北-鄂东,3170,-1628.2399150000128
INTERTRAN鄂西北-鄂东,3171,2620.63189649964
INTERTRAN鄂西北-鄂东,3172,3000.0
INTERTRAN鄂西北-鄂东,3173,1842.97775
INTERTRAN鄂西北-鄂东,3174,1586.0347499999998
INTERTRAN鄂西北-鄂东,3175,2523.8184299999994
INTERTRAN鄂西北-鄂东,3176,3000.0
INTERTRAN鄂西北-鄂东,3177,2490.321927323579
INTERTRAN鄂西北-鄂东,3178,-3000.0
INTERTRAN鄂西北-鄂东,3179,-3000.0
INTERTRAN鄂西北-鄂东,3180,-2158.8601416666675
INTERTRAN鄂西北-鄂东,3181,-3000.0
INTERTRAN鄂西北-鄂东,3182,-3000.0
INTERTRAN鄂西北-鄂东,3183,-3000.0
INTERTRAN鄂西北-鄂东,3184,1076.274313333332
INTERTRAN鄂西北-鄂东,3185,3000.0
INTERTRAN鄂西北-鄂东,3186,-41.028205000000526
INTERTRAN鄂西北-鄂东,3187,-1674.5005150000006
INTERTRAN鄂西北-鄂东,3188,-2112.4931050000014
INTERTRAN鄂西北-鄂东,3189,-1574.30775
INTERTRAN鄂西北-鄂东,3190,-2894.47575
INTERTRAN鄂西北-鄂东,3191,-2164.323
INTERTRAN鄂西北-鄂东,3192,1138.0372499999994
INTERTRAN鄂西北-鄂东,3193,3000.0
INTERTRAN鄂西北-鄂东,3194,2329.5409999999993
INTERTRAN鄂西北-鄂东,3195,2139.416044999998
INTERTRAN鄂西北-鄂东,3196,-463.5670000000009
INTERTRAN鄂西北-鄂东,3197,-519.0492500000009
INTERTRAN鄂西北-鄂东,3198,3000.0
INTERTRAN鄂西北-鄂东,3199,366.71359499999926
INTERTRAN鄂西北-鄂东,3200,3000.0
INTERTRAN鄂西北-鄂东,3201,-1548.2515350000008
INTERTRAN鄂西北-鄂东,3202,2147.416655
INTERTRAN鄂西北-鄂东,3203,917.6056678817195
INTERTRAN鄂西北-鄂东,3204,-3000.0
INTERTRAN鄂西北-鄂东,3205,-2352.398790000001
INTERTRAN鄂西北-鄂东,3206,-382.2031599999991
INTERTRAN鄂西北-鄂东,3207,-2058.2524809150364
INTERTRAN鄂西北-鄂东,3208,-779.5696193294784
INTERTRAN鄂西北-鄂东,3209,-2670.0402800000006
INTERTRAN鄂西北-鄂东,3210,-710.2205600000011
INTERTRAN鄂西北-鄂东,3211,-1027.9613741939029
INTERTRAN鄂西北-鄂东,3212,-1908.5014599999975
INTERTRAN鄂西北-鄂东,3213,3000.0
INTERTRAN鄂西北-鄂东,3214,-1418.6499070588234
INTERTRAN鄂西北-鄂东,3215,-231.44635999998718
INTERTRAN鄂西北-鄂东,3216,3000.0
INTERTRAN鄂西北-鄂东,3217,-1637.4825
INTERTRAN鄂西北-鄂东,3218,-197.5582500000005
INTERTRAN鄂西北-鄂东,3219,3000.0
INTERTRAN鄂西北-鄂东,3220,-1130.5257500000007
INTERTRAN鄂西北-鄂东,3221,3000.0
INTERTRAN鄂西北-鄂东,3222,-2241.4469999999997
INTERTRAN鄂西北-鄂东,3223,1948.8183449999997
INTERTRAN鄂西北-鄂东,3224,-1042.6546599999963
INTERTRAN鄂西北-鄂东,3225,-3000.0
INTERTRAN鄂西北-鄂东,3226,3000.0
INTERTRAN鄂西北-鄂东,3227,-3000.0
INTERTRAN鄂西北-鄂东,3228,-3000.0
INTERTRAN鄂西北-鄂东,3229,-3000.0
INTERTRAN鄂西北-鄂东,3230,-3000.0
INTERTRAN鄂西北-鄂东,3231,-3000.0
INTERTRAN鄂西北-鄂东,3232,-3000.0
INTERTRAN鄂西北-鄂东,3233,-3000.0
INTERTRAN鄂西北-鄂东,3234,-3000.0
INTERTRAN鄂西北-鄂东,3235,840.5343646913561
INTERTRAN鄂西北-鄂东,3236,875.5090799999989
INTERTRAN鄂西北-鄂东,3237,-3000.0
INTERTRAN鄂西北-鄂东,3238,-2874.9618580392153
INTERTRAN鄂西北-鄂东,3239,-1863.2942538271573
INTERTRAN鄂西北-鄂东,3240,-3000.0
INTERTRAN鄂西北-鄂东,3241,3000.0
INTERTRAN鄂西北-鄂东,3242,3000.0
INTERTRAN鄂西北-鄂东,3243,-3000.0
INTERTRAN鄂西北-鄂东,3244,1881.6812400000017
INTERTRAN鄂西北-鄂东,3245,1552.1932499999994
INTERTRAN鄂西北-鄂东,3246,-1169.875250000001
INTERTRAN鄂西北-鄂东,3247,-545.6238055383292
INTERTRAN鄂西北-鄂东,3248,422.16582500000004
INTERTRAN鄂西北-鄂东,3249,1891.731249999999
INTERTRAN鄂西北-鄂东,3250,930.737904999999
INTERTRAN鄂西北-鄂东,3251,-3000.0
INTERTRAN鄂西北-鄂东,3252,-3000.0
INTERTRAN鄂西北-鄂东,3253,-3000.0
INTERTRAN鄂西北-鄂东,3254,-3000.0
INTERTRAN鄂西北-鄂东,3255,-1441.7932100000003
INTERTRAN鄂西北-鄂东,3256,478.7716499999997
INTERTRAN鄂西北-鄂东,3257,-1108.256495
INTERTRAN鄂西北-鄂东,3258,-3000.0
INTERTRAN鄂西北-鄂东,3259,-3000.0
INTERTRAN鄂西北-鄂东,3260,1895.067614999999
INTERTRAN鄂西北-鄂东,3261,-1733.2672500000012
INTERTRAN鄂西北-鄂东,3262,-619.5417500000003
INTERTRAN鄂西北-鄂东,3263,-520.3529411764703
INTERTRAN鄂西北-鄂东,3264,3000.0
INTERTRAN鄂西北-鄂东,3265,1658.94225
INTERTRAN鄂西北-鄂东,3266,1268.4762499999997
INTERTRAN鄂西北-鄂东,3267,1650.2709999999988
INTERTRAN鄂西北-鄂东,3268,2908.9269999999997
INTERTRAN鄂西北-鄂东,3269,-1180.226
INTERTRAN鄂西北-鄂东,3270,-1009.4586612345656
INTERTRAN鄂西北-鄂东,3271,3000.0
INTERTRAN鄂西北-鄂东,3272,-2440.53663
INTERTRAN鄂西北-鄂东,3273,3000.0
INTERTRAN鄂西北-鄂东,3274,-3000.0
INTERTRAN鄂西北-鄂东,3275,-1518.8197950000003
INTERTRAN鄂西北-鄂东,3276,-3000.0
INTERTRAN鄂西北-鄂东,3277,-3000.0
INTERTRAN鄂西北-鄂东,3278,-3000.0
INTERTRAN鄂西北-鄂东,3279,-3000.0
INTERTRAN鄂西北-鄂东,3280,-3000.0
INTERTRAN鄂西北-鄂东,3281,-3000.0
INTERTRAN鄂西北-鄂东,3282,-3000.0
INTERTRAN鄂西北-鄂东,3283,-2256.314155
INTERTRAN鄂西北-鄂东,3284,1929.225489999999
INTERTRAN鄂西北-鄂东,3285,-569.2062599999999
INTERTRAN鄂西北-鄂东,3286,2064.977740000002
INTERTRAN鄂西北-鄂东,3287,2192.7442499999997
INTERTRAN鄂西北-鄂东,3288,3000.0
INTERTRAN鄂西北-鄂东,3289,-273.25930000000744
INTERTRAN鄂西北-鄂东,3290,1766.4339999999993
INTERTRAN鄂西北-鄂东,3291,-2476.14825
INTERTRAN鄂西北-鄂东,3292,3000.0
INTERTRAN鄂西北-鄂东,3293,3000.0
INTERTRAN鄂西北-鄂东,3294,466.58361274509707
INTERTRAN鄂西北-鄂东,3295,-2856.6503500000003
INTERTRAN鄂西北-鄂东,3296,-3000.0
INTERTRAN鄂西北-鄂东,3297,-3000.0
INTERTRAN鄂西北-鄂东,3298,-3000.0
INTERTRAN鄂西北-鄂东,3299,-3000.0
INTERTRAN鄂西北-鄂东,3300,-3000.0
INTERTRAN鄂西北-鄂东,3301,-3000.0
INTERTRAN鄂西北-鄂东,3302,-3000.0
INTERTRAN鄂西北-鄂东,3303,-3000.0
INTERTRAN鄂西北-鄂东,3304,-3000.0
INTERTRAN鄂西北-鄂东,3305,-3000.0
INTERTRAN鄂西北-鄂东,3306,-3000.0
INTERTRAN鄂西北-鄂东,3307,-2603.0713799999994
INTERTRAN鄂西北-鄂东,3308,1853.221840000001
INTERTRAN鄂西北-鄂东,3309,2684.9922400000023
INTERTRAN鄂西北-鄂东,3310,3000.0
INTERTRAN鄂西北-鄂东,3311,3000.0
INTERTRAN鄂西-鄂西北,3168,2000.0
INTERTRAN鄂西-鄂西北,3169,1268.3302751851857
INTERTRAN鄂西-鄂西北,3170,-2000.0
INTERTRAN鄂西-鄂西北,3171,-2000.0
INTERTRAN鄂西-鄂西北,3172,-2000.0
INTERTRAN鄂西-鄂西北,3173,2000.0
INTERTRAN鄂西-鄂西北,3174,-2000.0
INTERTRAN鄂西-鄂西北,3175,2000.0
INTERTRAN鄂西-鄂西北,3176,2000.0
INTERTRAN鄂西-鄂西北,3177,2000.0
INTERTRAN鄂西-鄂西北,3178,605.6040015359413
INTERTRAN鄂西-鄂西北,3179,1027.605292058824
INTERTRAN鄂西-鄂西北,3180,2000.0
INTERTRAN鄂西-鄂西北,3181,-82.23155254902576
INTERTRAN鄂西-鄂西北,3182,2000.0
INTERTRAN鄂西-鄂西北,3183,50.79069107910118
INTERTRAN鄂西-鄂西北,3184,2000.0
INTERTRAN鄂西-鄂西北,3185,-1926.76992465589
INTERTRAN鄂西-鄂西北,3186,-2000.0
INTERTRAN鄂西-鄂西北,3187,-2000.0
INTERTRAN鄂西-鄂西北,3188,-2000.0
INTERTRAN鄂西-鄂西北,3189,-2000.0
INTERTRAN鄂西-鄂西北,3190,-2000.0
INTERTRAN鄂西-鄂西北,3191,-2000.0
INTERTRAN鄂西-鄂西北,3192,2000.0
INTERTRAN鄂西-鄂西北,3193,-528.3842400000017
INTERTRAN鄂西-鄂西北,3194,2000.0
INTERTRAN鄂西-鄂西北,3195,-2000.0
INTERTRAN鄂西-鄂西北,3196,-2000.0
INTERTRAN鄂西-鄂西北,3197,-2000.0
INTERTRAN鄂西-鄂西北,3198,-532.008749999999
INTERTRAN鄂西-鄂西北,3199,-2000.0
INTERTRAN鄂西-鄂西北,3200,1999.822595
INTERTRAN鄂西-鄂西北,3201,-2000.0
INTERTRAN鄂西-鄂西北,3202,2000.0
INTERTRAN鄂西-鄂西北,3203,-2000.0
INTERTRAN鄂西-鄂西北,3204,-712.6484799999998
INTERTRAN鄂西-鄂西北,3205,-2000.0
INTERTRAN鄂西-鄂西北,3206,2000.0
INTERTRAN鄂西-鄂西北,3207,-2000.0
INTERTRAN鄂西-鄂西北,3208,2000.0
INTERTRAN鄂西-鄂西北,3209,-2000.0
INTERTRAN鄂西-鄂西北,3210,-2000.0
INTERTRAN鄂西-鄂西北,3211,-2000.0
INTERTRAN鄂西-鄂西北,3212,-2000.0
INTERTRAN鄂西-鄂西北,3213,1989.2110000000002
INTERTRAN鄂西-鄂西北,3214,-2000.0
INTERTRAN鄂西-鄂西北,3215,-2000.0
INTERTRAN鄂西-鄂西北,3216,2000.0
INTERTRAN鄂西-鄂西北,3217,-2000.0
INTERTRAN鄂西-鄂西北,3218,-2000.0
INTERTRAN鄂西-鄂西北,3219,701.0982600000007
INTERTRAN鄂西-鄂西北,3220,-2000.0
INTERTRAN鄂西-鄂西北,3221,2000.0
INTERTRAN鄂西-鄂西北,3222,-2000.0
INTERTRAN鄂西-鄂西北,3223,2000.0
INTERTRAN鄂西-鄂西北,3224,-2000.0
INTERTRAN鄂西-鄂西北,3225,436.30748250000033
INTERTRAN鄂西-鄂西北,3226,1991.6787678431383
INTERTRAN鄂西-鄂西北,3227,2000.0
INTERTRAN鄂西-鄂西北,3228,2000.0
INTERTRAN鄂西-鄂西北,3229,2000.0
INTERTRAN鄂西-鄂西北,3230,2000.0
INTERTRAN鄂西-鄂西北,3231,2000.0
INTERTRAN鄂西-鄂西北,3232,2000.0
INTERTRAN鄂西-鄂西北,3233,2000.0
INTERTRAN鄂西-鄂西北,3234,2000.0
INTERTRAN鄂西-鄂西北,3235,-2000.0
INTERTRAN鄂西-鄂西北,3236,2000.0
INTERTRAN鄂西-鄂西北,3237,-730.8919999999998
INTERTRAN鄂西-鄂西北,3238,-2000.0
INTERTRAN鄂西-鄂西北,3239,-2000.0
INTERTRAN鄂西-鄂西北,3240,-717.2902074999972
INTERTRAN鄂西-鄂西北,3241,1919.837250000001
INTERTRAN鄂西-鄂西北,3242,-755.9934556862754
INTERTRAN鄂西-鄂西北,3243,-2000.0
INTERTRAN鄂西-鄂西北,3244,2000.0
INTERTRAN鄂西-鄂西北,3245,2000.0
INTERTRAN鄂西-鄂西北,3246,-2000.0
INTERTRAN鄂西-鄂西北,3247,-2000.0
INTERTRAN鄂西-鄂西北,3248,2000.0
INTERTRAN鄂西-鄂西北,3249,2000.0
INTERTRAN鄂西-鄂西北,3250,-2000.0
INTERTRAN鄂西-鄂西北,3251,2000.0
INTERTRAN鄂西-鄂西北,3252,1167.1158120519403
INTERTRAN鄂西-鄂西北,3253,2000.0
INTERTRAN鄂西-鄂西北,3254,2000.0
INTERTRAN鄂西-鄂西北,3255,2000.0
INTERTRAN鄂西-鄂西北,3256,2000.0
INTERTRAN鄂西-鄂西北,3257,-2000.0
INTERTRAN鄂西-鄂西北,3258,1414.1163894117653
INTERTRAN鄂西-鄂西北,3259,1689.8141541000018
INTERTRAN鄂西-鄂西北,3260,2000.0
INTERTRAN鄂西-鄂西北,3261,-2000.0
INTERTRAN鄂西-鄂西北,3262,-2000.0
INTERTRAN鄂西-鄂西北,3263,-2000.0
INTERTRAN鄂西-鄂西北,3264,-342.68561799564213
INTERTRAN鄂西-鄂西北,3265,2000.0
INTERTRAN鄂西-鄂西北,3266,-2000.0
INTERTRAN鄂西-鄂西北,3267,-2000.0
INTERTRAN鄂西-鄂西北,3268,2000.0
INTERTRAN鄂西-鄂西北,3269,-2000.0
INTERTRAN鄂西-鄂西北,3270,2000.0
INTERTRAN鄂西-鄂西北,3271,-386.72906500000045
INTERTRAN鄂西-鄂西北,3272,-2000.0
INTERTRAN鄂西-鄂西北,3273,1667.60709
INTERTRAN鄂西-鄂西北,3274,1917.440035000001
INTERTRAN鄂西-鄂西北,3275,2000.0
INTERTRAN鄂西-鄂西北,3276,2000.0
INTERTRAN鄂西-鄂西北,3277,2000.0
INTERTRAN鄂西-鄂西北,3278,2000.0
INTERTRAN鄂西-鄂西北,3279,2000.0
INTERTRAN鄂西-鄂西北,3280,2000.0
INTERTRAN鄂西-鄂西北,3281,2000.0
INTERTRAN鄂西-鄂西北,3282,-600.1121129645567
INTERTRAN鄂西-鄂西北,3283,-2000.0
INTERTRAN鄂西-鄂西北,3284,-2000.0
INTERTRAN鄂西-鄂西北,3285,-2000.0
INTERTRAN鄂西-鄂西北,3286,2000.0
INTERTRAN鄂西-鄂西北,3287,-2000.0
INTERTRAN鄂西-鄂西北,3288,663.1717499999995
INTERTRAN鄂西-鄂西北,3289,-2000.0
INTERTRAN鄂西-鄂西北,3290,-2000.0
INTERTRAN鄂西-鄂西北,3291,-2000.0
INTERTRAN鄂西-鄂西北,3292,2000.0
INTERTRAN鄂西-鄂西北,3293,2000.0
INTERTRAN鄂西-鄂西北,3294,-2000.0
INTERTRAN鄂西-鄂西北,3295,-2000.0
INTERTRAN鄂西-鄂西北,3296,1715.054403286661
INTERTRAN鄂西-鄂西北,3297,1435.053891886574
INTERTRAN鄂西-鄂西北,3298,2000.0
INTERTRAN鄂西-鄂西北,3299,2000.0
INTERTRAN鄂西-鄂西北,3300,1240.1286299999992
INTERTRAN鄂西-鄂西北,3301,2000.0
INTERTRAN鄂西-鄂西北,3302,2000.0
INTERTRAN鄂西-鄂西北,3303,2000.0
INTERTRAN鄂西-鄂西北,3304,2000.0
INTERTRAN鄂西-鄂西北,3305,2000.0
INTERTRAN鄂西-鄂西北,3306,2000.0
INTERTRAN鄂西-鄂西北,3307,-2000.0
INTERTRAN鄂西-鄂西北,3308,2000.0
INTERTRAN鄂西-鄂西北,3309,2000.0
INTERTRAN鄂西-鄂西北,3310,894.1882500000002
INTERTRAN鄂西-鄂西北,3311,1196.7577500000007
INTERTRAN鄂西-鄂东,3312,3806.7575731154648
INTERTRAN鄂西-鄂东,3313,8225.046883645606
INTERTRAN鄂西-鄂东,3314,10276.292292505448
INTERTRAN鄂西-鄂东,3315,3076.4283936549036
INTERTRAN鄂西-鄂东,3316,5940.715606666665
INTERTRAN鄂西-鄂东,3317,5299.972814122877
INTERTRAN鄂西-鄂东,3318,6907.506676180099
INTERTRAN鄂西-鄂东,3319,465.5418977668851
INTERTRAN鄂西-鄂东,3320,7414.245341165577
INTERTRAN鄂西-鄂东,3321,3215.299163805739
INTERTRAN鄂西-鄂东,3322,3185.289195555555
INTERTRAN鄂西-鄂东,3323,10190.026338329699
INTERTRAN鄂西-鄂东,3324,-2293.234265882358
INTERTRAN鄂西-鄂东,3325,2979.1555518518435
INTERTRAN鄂西-鄂东,3326,2726.8560955555513
INTERTRAN鄂西-鄂东,3327,2872.4755722440095
INTERTRAN鄂西-鄂东,3328,1419.9647881481487
INTERTRAN鄂西-鄂东,3329,3500.5041967901216
INTERTRAN鄂西-鄂东,3330,5267.2868615686275
INTERTRAN鄂西-鄂东,3331,2614.882555686274
INTERTRAN鄂西-鄂东,3332,4263.805939999998
INTERTRAN鄂西-鄂东,3333,12034.469373769065
INTERTRAN鄂西-鄂东,3334,-946.9036153739999
INTERTRAN鄂西-鄂东,3335,248.81320154684
INTERTRAN鄂西-鄂东,3336,12455.019442204073
INTERTRAN鄂西-鄂东,3337,5326.913328395058
INTERTRAN鄂西-鄂东,3338,6938.471818537899
INTERTRAN鄂西-鄂东,3339,8845.389296427013
INTERTRAN鄂西-鄂东,3340,6982.279973696441
INTERTRAN鄂西-鄂东,3341,11597.829621989833
INTERTRAN鄂西-鄂东,3342,5571.262662657951
INTERTRAN鄂西-鄂东,3343,10190.141781666673
INTERTRAN鄂西-鄂东,3344,7901.362655686273
INTERTRAN鄂西-鄂东,3345,2638.3883885693594
INTERTRAN鄂西-鄂东,3346,4818.88334793755
INTERTRAN鄂西-鄂东,3347,6950.322675729847
INTERTRAN鄂西-鄂东,3348,3393.3409509803896
INTERTRAN鄂西-鄂东,3349,250.4331915540988
INTERTRAN鄂西-鄂东,3350,-4371.066400000007
INTERTRAN鄂西-鄂东,3351,6304.721851401595
INTERTRAN鄂西-鄂东,3352,8081.645842469137
INTERTRAN鄂西-鄂东,3353,6947.023240000002
INTERTRAN鄂西-鄂东,3354,8860.463959259258
INTERTRAN鄂西-鄂东,3355,5437.045022280316
INTERTRAN鄂西-鄂东,3356,4924.85974
INTERTRAN鄂西-鄂东,3357,-326.9927168627455
INTERTRAN鄂西-鄂东,3358,12600.0
INTERTRAN鄂西-鄂东,3359,7027.875840000001
INTERTRAN鄂西-鄂东,3360,7475.73924522876
INTERTRAN鄂西-鄂东,3361,12544.851256049387
INTERTRAN鄂西-鄂东,3362,2571.884799999998
INTERTRAN鄂西-鄂东,3363,3251.5419392883014
INTERTRAN鄂西-鄂东,3364,9826.504029629628
INTERTRAN鄂西-鄂东,3365,6580.245118155406
INTERTRAN鄂西-鄂东,3366,987.9644708641972
INTERTRAN鄂西-鄂东,3367,8747.539309433552
INTERTRAN鄂西-鄂东,3368,3789.6094087400197
INTERTRAN鄂西-鄂东,3369,5523.31104588235
INTERTRAN鄂西-鄂东,3370,4345.562023166294
INTERTRAN鄂西-鄂东,3371,1272.6986652239193
INTERTRAN鄂西-鄂东,3372,-4109.899871890617
INTERTRAN鄂西-鄂东,3373,3522.3972470588124
INTERTRAN鄂西-鄂东,3374,5063.487699999991
INTERTRAN鄂西-鄂东,3375,4785.697019206011
INTERTRAN鄂西-鄂东,3376,924.6871341176447
INTERTRAN鄂西-鄂东,3377,2814.931901699365
INTERTRAN鄂西-鄂东,3378,6212.340114430917
INTERTRAN鄂西-鄂东,3379,4872.205633333324
INTERTRAN鄂西-鄂东,3380,5152.058019444448
INTERTRAN鄂西-鄂东,3381,2450.3916906172853
INTERTRAN鄂西-鄂东,3382,8045.657980819618
INTERTRAN鄂西-鄂东,3383,6794.9584480610065
INTERTRAN鄂西-鄂东,3384,5277.186750036308
INTERTRAN鄂西-鄂东,3385,9026.021377620877
INTERTRAN鄂西-鄂东,3386,8565.256484313722
INTERTRAN鄂西-鄂东,3387,-218.80138801743306
INTERTRAN鄂西-鄂东,3388,6491.017664727668
INTERTRAN鄂西-鄂东,3389,-2657.0581600000005
INTERTRAN鄂西-鄂东,3390,7089.715599999996
INTERTRAN鄂西-鄂东,3391,11468.842768191716
INTERTRAN鄂西-鄂东,3392,7891.465350221501
INTERTRAN鄂西-鄂东,3393,-1932.6426434858531
INTERTRAN鄂西-鄂东,3394,6415.955602846792
INTERTRAN鄂西-鄂东,3395,-288.80867430646686
INTERTRAN鄂西-鄂东,3396,5089.046617777774
INTERTRAN鄂西-鄂东,3397,7671.908118431365
INTERTRAN鄂西-鄂东,3398,128.32731918662466
INTERTRAN鄂西-鄂东,3399,-6647.353882222221
INTERTRAN鄂西-鄂东,3400,2338.1055647930043
INTERTRAN鄂西-鄂东,3401,3175.454622443751
INTERTRAN鄂西-鄂东,3402,5778.7459258532945
INTERTRAN鄂西-鄂东,3403,2221.042103748012
INTERTRAN鄂西-鄂东,3404,8774.79906470588
INTERTRAN鄂西-鄂东,3405,2414.172032156861
INTERTRAN鄂西-鄂东,3406,4987.887331067541
INTERTRAN鄂西-鄂东,3407,7562.373025403052
INTERTRAN鄂西-鄂东,3408,11855.439683137254
INTERTRAN鄂西-鄂东,3409,6641.269183950615
INTERTRAN鄂西-鄂东,3410,5805.444321975312
INTERTRAN鄂西-鄂东,3411,3117.646897298475
INTERTRAN鄂西-鄂东,3412,7713.506242469135
INTERTRAN鄂西-鄂东,3413,6420.10042798112
INTERTRAN鄂西-鄂东,3414,5565.727018990554
INTERTRAN鄂西-鄂东,3415,11854.396170864198
INTERTRAN鄂西-鄂东,3416,8324.857544938273
INTERTRAN鄂西-鄂东,3417,5854.144615381265
INTERTRAN鄂西-鄂东,3418,859.5013309259248
INTERTRAN鄂西-鄂东,3419,1975.9968376834058
INTERTRAN鄂西-鄂东,3420,-323.3858137254974
INTERTRAN鄂西-鄂东,3421,5122.054696862742
INTERTRAN鄂西-鄂东,3422,3714.810739999997
INTERTRAN鄂西-鄂东,3423,3159.3156929411707
INTERTRAN鄂西-鄂东,3424,1294.765658787188
INTERTRAN鄂西-鄂东,3425,-471.97537113289036
INTERTRAN鄂西-鄂东,3426,1133.4558843870054
INTERTRAN鄂西-鄂东,3427,12600.0
INTERTRAN鄂西-鄂东,3428,8699.33042061438
INTERTRAN鄂西-鄂东,3429,7170.72454382716
INTERTRAN鄂西-鄂东,3430,5224.120763529412
INTERTRAN鄂西-鄂东,3431,12600.0
INTERTRAN鄂西-鄂东,3432,4769.137659259257
INTERTRAN鄂西-鄂东,3433,9315.597348714597
INTERTRAN鄂西-鄂东,3434,9704.69395
INTERTRAN鄂西-鄂东,3435,10459.984775802466
INTERTRAN鄂西-鄂东,3436,6634.918440000001
INTERTRAN鄂西-鄂东,3437,10950.705479448072
INTERTRAN鄂西-鄂东,3438,5038.658633305233
INTERTRAN鄂西-鄂东,3439,2868.902897654327
INTERTRAN鄂西-鄂东,3440,8209.271780106057
INTERTRAN鄂西-鄂东,3441,11428.674081405228
INTERTRAN鄂西-鄂东,3442,8630.332072511766
INTERTRAN鄂西-鄂东,3443,9209.214139782136
INTERTRAN鄂西-鄂东,3444,8314.3495
INTERTRAN鄂西-鄂东,3445,2389.7562999999936
INTERTRAN鄂西-鄂东,3446,5787.445329760354
INTERTRAN鄂西-鄂东,3447,9938.56042300653
INTERTRAN鄂西-鄂东,3448,4015.230098823533
INTERTRAN鄂西-鄂东,3449,7015.277964084962
INTERTRAN鄂西-鄂东,3450,8453.454358823525
INTERTRAN鄂西-鄂东,3451,8712.895924999997
INTERTRAN鄂西-鄂东,3452,8082.711599999999
INTERTRAN鄂西-鄂东,3453,12600.0
INTERTRAN鄂西-鄂东,3454,5712.591
INTERTRAN鄂西-鄂东,3455,10523.164592592591
INTERTRAN鄂西北-鄂东,3312,3000.0
INTERTRAN鄂西北-鄂东,3313,-2119.2950987654317
INTERTRAN鄂西北-鄂东,3314,-1121.9377407407408
INTERTRAN鄂西北-鄂东,3315,3000.0
INTERTRAN鄂西北-鄂东,3316,3000.0
INTERTRAN鄂西北-鄂东,3317,2958.0367499999993
INTERTRAN鄂西北-鄂东,3318,526.8599749310124
INTERTRAN鄂西北-鄂东,3319,2964.4894446296294
INTERTRAN鄂西北-鄂东,3320,-2130.9892011655784
INTERTRAN鄂西北-鄂东,3321,-3000.0
INTERTRAN鄂西北-鄂东,3322,-3000.0
INTERTRAN鄂西北-鄂东,3323,-3000.0
INTERTRAN鄂西北-鄂东,3324,-3000.0
INTERTRAN鄂西北-鄂东,3325,-3000.0
INTERTRAN鄂西北-鄂东,3326,-3000.0
INTERTRAN鄂西北-鄂东,3327,-3000.0
INTERTRAN鄂西北-鄂东,3328,-3000.0
INTERTRAN鄂西北-鄂东,3329,-3000.0
INTERTRAN鄂西北-鄂东,3330,-3000.0
INTERTRAN鄂西北-鄂东,3331,-3000.0
INTERTRAN鄂西北-鄂东,3332,-3000.0
INTERTRAN鄂西北-鄂东,3333,-3000.0
INTERTRAN鄂西北-鄂东,3334,2902.2382499999994
INTERTRAN鄂西北-鄂东,3335,912.5247500000005
INTERTRAN鄂西北-鄂东,3336,-3000.0
INTERTRAN鄂西北-鄂东,3337,178.80783641975268
INTERTRAN鄂西北-鄂东,3338,-14.508776068763382
INTERTRAN鄂西北-鄂东,3339,-247.30722222222266
INTERTRAN鄂西北-鄂东,3340,-3000.0
INTERTRAN鄂西北-鄂东,3341,-3000.0
INTERTRAN鄂西北-鄂东,3342,3000.0
INTERTRAN鄂西北-鄂东,3343,143.56095833333347
INTERTRAN鄂西北-鄂东,3344,3000.0
INTERTRAN鄂西北-鄂东,3345,-3000.0
INTERTRAN鄂西北-鄂东,3346,-3000.0
INTERTRAN鄂西北-鄂东,3347,-3000.0
INTERTRAN鄂西北-鄂东,3348,-3000.0
INTERTRAN鄂西北-鄂东,3349,3000.0
INTERTRAN鄂西北-鄂东,3350,-845.137838529411
INTERTRAN鄂西北-鄂东,3351,-3000.0
INTERTRAN鄂西北-鄂东,3352,-3000.0
INTERTRAN鄂西北-鄂东,3353,-3000.0
INTERTRAN鄂西北-鄂东,3354,1194.1721116049393
INTERTRAN鄂西北-鄂东,3355,3000.0
INTERTRAN鄂西北-鄂东,3356,3000.0
INTERTRAN鄂西北-鄂东,3357,3000.0
INTERTRAN鄂西北-鄂东,3358,-3000.0
INTERTRAN鄂西北-鄂东,3359,-3000.0
INTERTRAN鄂西北-鄂东,3360,-3000.0
INTERTRAN鄂西北-鄂东,3361,3000.0
INTERTRAN鄂西北-鄂东,3362,882.4312400000017
INTERTRAN鄂西北-鄂东,3363,2952.715400711694
INTERTRAN鄂西北-鄂东,3364,361.73769117647
INTERTRAN鄂西北-鄂东,3365,3000.0
INTERTRAN鄂西北-鄂东,3366,3000.0
INTERTRAN鄂西北-鄂东,3367,557.8856699999992
INTERTRAN鄂西北-鄂东,3368,3000.0
INTERTRAN鄂西北-鄂东,3369,-3000.0
INTERTRAN鄂西北-鄂东,3370,-3000.0
INTERTRAN鄂西北-鄂东,3371,-3000.0
INTERTRAN鄂西北-鄂东,3372,-221.32611469412313
INTERTRAN鄂西北-鄂东,3373,-3000.0
INTERTRAN鄂西北-鄂东,3374,-3000.0
INTERTRAN鄂西北-鄂东,3375,-3000.0
INTERTRAN鄂西北-鄂东,3376,-3000.0
INTERTRAN鄂西北-鄂东,3377,-3000.0
INTERTRAN鄂西北-鄂东,3378,-3000.0
INTERTRAN鄂西北-鄂东,3379,1477.317013888889
INTERTRAN鄂西北-鄂东,3380,-2341.790279444446
INTERTRAN鄂西北-鄂东,3381,-3000.0
INTERTRAN鄂西北-鄂东,3382,3000.0
INTERTRAN鄂西北-鄂东,3383,-3000.0
INTERTRAN鄂西北-鄂东,3384,-138.4732963108163
INTERTRAN鄂西北-鄂东,3385,-1337.4911491677174
INTERTRAN鄂西北-鄂东,3386,-2666.7735443137226
INTERTRAN鄂西北-鄂东,3387,1890.153653943361
INTERTRAN鄂西北-鄂东,3388,2344.718749999999
INTERTRAN鄂西北-鄂东,3389,-3000.0
INTERTRAN鄂西北-鄂东,3390,-215.626118024692
INTERTRAN鄂西北-鄂东,3391,-1429.311548453156
INTERTRAN鄂西北-鄂东,3392,-234.50771348947092
INTERTRAN鄂西北-鄂东,3393,-3000.0
INTERTRAN鄂西北-鄂东,3394,-3000.0
INTERTRAN鄂西北-鄂东,3395,-3000.0
INTERTRAN鄂西北-鄂东,3396,-3000.0
INTERTRAN鄂西北-鄂东,3397,-3000.0
INTERTRAN鄂西北-鄂东,3398,-2210.508865
INTERTRAN鄂西北-鄂东,3399,-3000.0
INTERTRAN鄂西北-鄂东,3400,-3000.0
INTERTRAN鄂西北-鄂东,3401,-3000.0
INTERTRAN鄂西北-鄂东,3402,-3000.0
INTERTRAN鄂西北-鄂东,3403,-2242.996894798478
INTERTRAN鄂西北-鄂东,3404,-3000.0
INTERTRAN鄂西北-鄂东,3405,-3000.0
INTERTRAN鄂西北-鄂东,3406,3000.0
INTERTRAN鄂西北-鄂东,3407,3000.0
INTERTRAN鄂西北-鄂东,3408,-3000.0
INTERTRAN鄂西北-鄂东,3409,3000.0
INTERTRAN鄂西北-鄂东,3410,3000.0
INTERTRAN鄂西北-鄂东,3411,-3000.0
INTERTRAN鄂西北-鄂东,3412,-3000.0
INTERTRAN鄂西北-鄂东,3413,1233.441044117646
INTERTRAN鄂西北-鄂东,3414,3000.0
INTERTRAN鄂西北-鄂东,3415,-1740.7173086419757
INTERTRAN鄂西北-鄂东,3416,-3000.0
INTERTRAN鄂西北-鄂东,3417,-3000.0
INTERTRAN鄂西北-鄂东,3418,-2227.5630650000003
INTERTRAN鄂西北-鄂东,3419,-3000.0
INTERTRAN鄂西北-鄂东,3420,-3000.0
INTERTRAN鄂西北-鄂东,3421,-3000.0
INTERTRAN鄂西北-鄂东,3422,-3000.0
INTERTRAN鄂西北-鄂东,3423,-3000.0
INTERTRAN鄂西北-鄂东,3424,-3000.0
INTERTRAN鄂西北-鄂东,3425,-1788.4271100000014
INTERTRAN鄂西北-鄂东,3426,-3000.0
INTERTRAN鄂西北-鄂东,3427,-2083.259202571467
INTERTRAN鄂西北-鄂东,3428,-3000.0
INTERTRAN鄂西北-鄂东,3429,3000.0
INTERTRAN鄂西北-鄂东,3430,-2956.5560000000005
INTERTRAN鄂西北-鄂东,3431,-1270.5326333333371
INTERTRAN鄂西北-鄂东,3432,-2208.241519259256
INTERTRAN鄂西北-鄂东,3433,-3000.0
INTERTRAN鄂西北-鄂东,3434,3000.0
INTERTRAN鄂西北-鄂东,3435,-3000.0
INTERTRAN鄂西北-鄂东,3436,3000.0
INTERTRAN鄂西北-鄂东,3437,260.64754084967353
INTERTRAN鄂西北-鄂东,3438,3000.0
INTERTRAN鄂西北-鄂东,3439,724.4979423456771
INTERTRAN鄂西北-鄂东,3440,-3000.0
INTERTRAN鄂西北-鄂东,3441,-2773.206478660132
INTERTRAN鄂西北-鄂东,3442,584.9804164705865
INTERTRAN鄂西北-鄂东,3443,-3000.0
INTERTRAN鄂西北-鄂东,3444,-2194.6425303631027
INTERTRAN鄂西北-鄂东,3445,-3000.0
INTERTRAN鄂西北-鄂东,3446,-3000.0
INTERTRAN鄂西北-鄂东,3447,-3000.0
INTERTRAN鄂西北-鄂东,3448,-3000.0
INTERTRAN鄂西北-鄂东,3449,2494.7542068518505
INTERTRAN鄂西北-鄂东,3450,-1573.4121800000016
INTERTRAN鄂西北-鄂东,3451,-942.6711850000006
INTERTRAN鄂西北-鄂东,3452,-483.52046000000155
INTERTRAN鄂西北-鄂东,3453,1767.1327399999964
INTERTRAN鄂西北-鄂东,3454,-2208.3114364705866
INTERTRAN鄂西北-鄂东,3455,325.4250014328718
INTERTRAN鄂西-鄂西北,3312,728.1066583297024
INTERTRAN鄂西-鄂西北,3313,-2000.0
INTERTRAN鄂西-鄂西北,3314,-2000.0
INTERTRAN鄂西-鄂西北,3315,-2000.0
INTERTRAN鄂西-鄂西北,3316,-2000.0
INTERTRAN鄂西-鄂西北,3317,2000.0
INTERTRAN鄂西-鄂西北,3318,2000.0
INTERTRAN鄂西-鄂西北,3319,-2000.0
INTERTRAN鄂西-鄂西北,3320,2000.0
INTERTRAN鄂西-鄂西北,3321,1793.2216149358073
INTERTRAN鄂西-鄂西北,3322,2000.0
INTERTRAN鄂西-鄂西北,3323,2000.0
INTERTRAN鄂西-鄂西北,3324,2000.0
INTERTRAN鄂西-鄂西北,3325,2000.0
INTERTRAN鄂西-鄂西北,3326,2000.0
INTERTRAN鄂西-鄂西北,3327,2000.0
INTERTRAN鄂西-鄂西北,3328,2000.0
INTERTRAN鄂西-鄂西北,3329,2000.0
INTERTRAN鄂西-鄂西北,3330,2000.0
INTERTRAN鄂西-鄂西北,3331,2000.0
INTERTRAN鄂西-鄂西北,3332,-1831.4334269120418
INTERTRAN鄂西-鄂西北,3333,-2000.0
INTERTRAN鄂西-鄂西北,3334,2000.0
INTERTRAN鄂西-鄂西北,3335,-2000.0
INTERTRAN鄂西-鄂西北,3336,-1318.740484615113
INTERTRAN鄂西-鄂西北,3337,2000.0
INTERTRAN鄂西-鄂西北,3338,-2000.0
INTERTRAN鄂西-鄂西北,3339,-2000.0
INTERTRAN鄂西-鄂西北,3340,1613.394617647059
INTERTRAN鄂西-鄂西北,3341,-1857.0567499999988
INTERTRAN鄂西-鄂西北,3342,741.4937447494522
INTERTRAN鄂西-鄂西北,3343,-2000.0
INTERTRAN鄂西-鄂西北,3344,2000.0
INTERTRAN鄂西-鄂西北,3345,2000.0
INTERTRAN鄂西-鄂西北,3346,2000.0
INTERTRAN鄂西-鄂西北,3347,2000.0
INTERTRAN鄂西-鄂西北,3348,2000.0
INTERTRAN鄂西-鄂西北,3349,1671.9227037908513
INTERTRAN鄂西-鄂西北,3350,2000.0
INTERTRAN鄂西-鄂西北,3351,2000.0
INTERTRAN鄂西-鄂西北,3352,2000.0
INTERTRAN鄂西-鄂西北,3353,2000.0
INTERTRAN鄂西-鄂西北,3354,2000.0
INTERTRAN鄂西-鄂西北,3355,-2000.0
INTERTRAN鄂西-鄂西北,3356,38.32355999999709
INTERTRAN鄂西-鄂西北,3357,-1204.2364349891088
INTERTRAN鄂西-鄂西北,3358,-2000.0
INTERTRAN鄂西-鄂西北,3359,-678.5562708642019
INTERTRAN鄂西-鄂西北,3360,-202.6229845679004
INTERTRAN鄂西-鄂西北,3361,-2000.0
INTERTRAN鄂西-鄂西北,3362,-2000.0
INTERTRAN鄂西-鄂西北,3363,2000.0
INTERTRAN鄂西-鄂西北,3364,-2000.0
INTERTRAN鄂西-鄂西北,3365,-2000.0
INTERTRAN鄂西-鄂西北,3366,2000.0
INTERTRAN鄂西-鄂西北,3367,2000.0
INTERTRAN鄂西-鄂西北,3368,2000.0
INTERTRAN鄂西-鄂西北,3369,1701.2644028104573
INTERTRAN鄂西-鄂西北,3370,2000.0
INTERTRAN鄂西-鄂西北,3371,2000.0
INTERTRAN鄂西-鄂西北,3372,2000.0
INTERTRAN鄂西-鄂西北,3373,2000.0
INTERTRAN鄂西-鄂西北,3374,2000.0
INTERTRAN鄂西-鄂西北,3375,2000.0
INTERTRAN鄂西-鄂西北,3376,2000.0
INTERTRAN鄂西-鄂西北,3377,2000.0
INTERTRAN鄂西-鄂西北,3378,-1417.2113711028976
INTERTRAN鄂西-鄂西北,3379,2000.0
INTERTRAN鄂西-鄂西北,3380,2000.0
INTERTRAN鄂西-鄂西北,3381,2000.0
INTERTRAN鄂西-鄂西北,3382,523.7715339506176
INTERTRAN鄂西-鄂西北,3383,50.60387037037117
INTERTRAN鄂西-鄂西北,3384,2000.0
INTERTRAN鄂西-鄂西北,3385,-2000.0
INTERTRAN鄂西-鄂西北,3386,-2000.0
INTERTRAN鄂西-鄂西北,3387,-2000.0
INTERTRAN鄂西-鄂西北,3388,-2000.0
INTERTRAN鄂西-鄂西北,3389,-600.4280003485878
INTERTRAN鄂西-鄂西北,3390,2000.0
INTERTRAN鄂西-鄂西北,3391,2000.0
INTERTRAN鄂西-鄂西北,3392,2000.0
INTERTRAN鄂西-鄂西北,3393,2000.0
INTERTRAN鄂西-鄂西北,3394,2000.0
INTERTRAN鄂西-鄂西北,3395,2000.0
INTERTRAN鄂西-鄂西北,3396,2000.0
INTERTRAN鄂西-鄂西北,3397,2000.0
INTERTRAN鄂西-鄂西北,3398,2000.0
INTERTRAN鄂西-鄂西北,3399,2000.0
INTERTRAN鄂西-鄂西北,3400,2000.0
INTERTRAN鄂西-鄂西北,3401,2000.0
INTERTRAN鄂西-鄂西北,3402,2000.0
INTERTRAN鄂西-鄂西北,3403,-2000.0
INTERTRAN鄂西-鄂西北,3404,-2000.0
INTERTRAN鄂西-鄂西北,3405,-2000.0
INTERTRAN鄂西-鄂西北,3406,-2000.0
INTERTRAN鄂西-鄂西北,3407,-2000.0
INTERTRAN鄂西-鄂西北,3408,-2000.0
INTERTRAN鄂西-鄂西北,3409,-2000.0
INTERTRAN鄂西-鄂西北,3410,-301.3627499999993
INTERTRAN鄂西-鄂西北,3411,386.2600000000007
INTERTRAN鄂西-鄂西北,3412,-2000.0
INTERTRAN鄂西-鄂西北,3413,2000.0
INTERTRAN鄂西-鄂西北,3414,770.7371319898334
INTERTRAN鄂西-鄂西北,3415,-2000.0
INTERTRAN鄂西-鄂西北,3416,2000.0
INTERTRAN鄂西-鄂西北,3417,2000.0
INTERTRAN鄂西-鄂西北,3418,2000.0
INTERTRAN鄂西-鄂西北,3419,2000.0
INTERTRAN鄂西-鄂西北,3420,2000.0
INTERTRAN鄂西-鄂西北,3421,2000.0
INTERTRAN鄂西-鄂西北,3422,2000.0
INTERTRAN鄂西-鄂西北,3423,2000.0
INTERTRAN鄂西-鄂西北,3424,2000.0
INTERTRAN鄂西-鄂西北,3425,2000.0
INTERTRAN鄂西-鄂西北,3426,2000.0
INTERTRAN鄂西-鄂西北,3427,2000.0
INTERTRAN鄂西-鄂西北,3428,-1936.927933572977
INTERTRAN鄂西-鄂西北,3429,-803.9382438271607
INTERTRAN鄂西-鄂西北,3430,-2000.0
INTERTRAN鄂西-鄂西北,3431,-782.7555352941204
INTERTRAN鄂西-鄂西北,3432,2000.0
INTERTRAN鄂西-鄂西北,3433,-1395.9222745098039
INTERTRAN鄂西-鄂西北,3434,-812.8162499999999
INTERTRAN鄂西-鄂西北,3435,-2000.0
INTERTRAN鄂西-鄂西北,3436,-847.5702499999993
INTERTRAN鄂西-鄂西北,3437,-2000.0
INTERTRAN鄂西-鄂西北,3438,-1932.3259181190974
INTERTRAN鄂西-鄂西北,3439,2000.0
INTERTRAN鄂西-鄂西北,3440,95.80141865937549
INTERTRAN鄂西-鄂西北,3441,-2000.0
INTERTRAN鄂西-鄂西北,3442,-2000.0
INTERTRAN鄂西-鄂西北,3443,2000.0
INTERTRAN鄂西-鄂西北,3444,-2000.0
INTERTRAN鄂西-鄂西北,3445,2000.0
INTERTRAN鄂西-鄂西北,3446,2000.0
INTERTRAN鄂西-鄂西北,3447,2000.0
INTERTRAN鄂西-鄂西北,3448,2000.0
INTERTRAN鄂西-鄂西北,3449,2000.0
INTERTRAN鄂西-鄂西北,3450,2000.0
INTERTRAN鄂西-鄂西北,3451,-2000.0
INTERTRAN鄂西-鄂西北,3452,-2000.0
INTERTRAN鄂西-鄂西北,3453,958.545921510563
INTERTRAN鄂西-鄂西北,3454,-2000.0
INTERTRAN鄂西-鄂西北,3455,-2000.0
INTERTRAN鄂西-鄂东,3456,2487.9645350974315
INTERTRAN鄂西-鄂东,3457,6547.836311023966
INTERTRAN鄂西-鄂东,3458,6793.325399999998
INTERTRAN鄂西-鄂东,3459,4210.891517104137
INTERTRAN鄂西-鄂东,3460,9044.253340000003
INTERTRAN鄂西-鄂东,3461,3711.2952399999976
INTERTRAN鄂西-鄂东,3462,8877.129812549021
INTERTRAN鄂西-鄂东,3463,10998.232434999998
INTERTRAN鄂西-鄂东,3464,6318.553640000002
INTERTRAN鄂西-鄂东,3465,2454.3284162751206
INTERTRAN鄂西-鄂东,3466,2191.395765000001
INTERTRAN鄂西-鄂东,3467,4172.287639999995
INTERTRAN鄂西-鄂东,3468,5307.074688954257
INTERTRAN鄂西-鄂东,3469,7219.411459428033
INTERTRAN鄂西-鄂东,3470,5443.334146125002
INTERTRAN鄂西-鄂东,3471,12143.72100078431
INTERTRAN鄂西-鄂东,3472,2444.9885900000027
INTERTRAN鄂西-鄂东,3473,7294.498340000002
INTERTRAN鄂西-鄂东,3474,10538.8724
INTERTRAN鄂西-鄂东,3475,4870.073010640968
INTERTRAN鄂西-鄂东,3476,10536.717399999998
INTERTRAN鄂西-鄂东,3477,5079.976449999998
INTERTRAN鄂西-鄂东,3478,5223.1434400000035
INTERTRAN鄂西-鄂东,3479,7613.022293381946
INTERTRAN鄂西-鄂东,3480,10754.935689999998
INTERTRAN鄂西-鄂东,3481,4705.976980740743
INTERTRAN鄂西-鄂东,3482,9284.786699999997
INTERTRAN鄂西-鄂东,3483,5367.888039999998
INTERTRAN鄂西-鄂东,3484,12600.0
INTERTRAN鄂西-鄂东,3485,2958.44974
INTERTRAN鄂西-鄂东,3486,9250.428499999998
INTERTRAN鄂西-鄂东,3487,6132.190899999998
INTERTRAN鄂西-鄂东,3488,5585.068899999998
INTERTRAN鄂西-鄂东,3489,5666.573080000002
INTERTRAN鄂西-鄂东,3490,-734.6479849673196
INTERTRAN鄂西-鄂东,3491,6397.182586535946
INTERTRAN鄂西-鄂东,3492,1787.3187321568603
INTERTRAN鄂西-鄂东,3493,519.122117777777
INTERTRAN鄂西-鄂东,3494,3354.111257647064
INTERTRAN鄂西-鄂东,3495,1030.9613307189466
INTERTRAN鄂西-鄂东,3496,915.4987197385599
INTERTRAN鄂西-鄂东,3497,2763.7775516957154
INTERTRAN鄂西-鄂东,3498,2298.165482222217
INTERTRAN鄂西-鄂东,3499,12600.0
INTERTRAN鄂西-鄂东,3500,6318.944239999997
INTERTRAN鄂西-鄂东,3501,8076.155338622415
INTERTRAN鄂西-鄂东,3502,5320.474340000001
INTERTRAN鄂西-鄂东,3503,8438.31209123457
INTERTRAN鄂西-鄂东,3504,9819.4118772549
INTERTRAN鄂西-鄂东,3505,6314.254099999998
INTERTRAN鄂西-鄂东,3506,782.9837900000002
INTERTRAN鄂西-鄂东,3507,11795.207614509804
INTERTRAN鄂西-鄂东,3508,4630.6108419607845
INTERTRAN鄂西-鄂东,3509,3807.956539999999
INTERTRAN鄂西-鄂东,3510,6111.320640000002
INTERTRAN鄂西-鄂东,3511,8973.608699999997
INTERTRAN鄂西-鄂东,3512,10371.676495
INTERTRAN鄂西-鄂东,3513,4984.671639999997
INTERTRAN鄂西-鄂东,3514,5757.094775294117
INTERTRAN鄂西-鄂东,3515,3993.4095950326664
INTERTRAN鄂西-鄂东,3516,1642.7125411764555
INTERTRAN鄂西-鄂东,3517,444.35126222222243
INTERTRAN鄂西-鄂东,3518,-1189.7206588235367
INTERTRAN鄂西-鄂东,3519,4970.490639999993
INTERTRAN鄂西-鄂东,3520,3017.1803888888808
INTERTRAN鄂西-鄂东,3521,3814.743890849666
INTERTRAN鄂西-鄂东,3522,7605.966662058825
INTERTRAN鄂西-鄂东,3523,5517.780899999991
INTERTRAN鄂西-鄂东,3524,1775.6260529411702
INTERTRAN鄂西-鄂东,3525,4053.1927556862756
INTERTRAN鄂西-鄂东,3526,-1999.625200000004
INTERTRAN鄂西-鄂东,3527,4028.686840000002
INTERTRAN鄂西-鄂东,3528,9161.08884
INTERTRAN鄂西-鄂东,3529,7110.535790000002
INTERTRAN鄂西-鄂东,3530,8635.390599999999
INTERTRAN鄂西-鄂东,3531,4797.974985098037
INTERTRAN鄂西-鄂东,3532,11604.854910820617
INTERTRAN鄂西-鄂东,3533,6764.9260399999985
INTERTRAN鄂西-鄂东,3534,2689.0916400000024
INTERTRAN鄂西-鄂东,3535,3550.553890000001
INTERTRAN鄂西-鄂东,3536,8332.220530000002
INTERTRAN鄂西-鄂东,3537,6283.5183571132875
INTERTRAN鄂西-鄂东,3538,2338.5107637037036
INTERTRAN鄂西-鄂东,3539,10275.145241960781
INTERTRAN鄂西-鄂东,3540,5084.023461350767
INTERTRAN鄂西-鄂东,3541,10518.605038692811
INTERTRAN鄂西-鄂东,3542,10075.57793117647
INTERTRAN鄂西-鄂东,3543,4050.990185098035
INTERTRAN鄂西-鄂东,3544,8216.256291412486
INTERTRAN鄂西-鄂东,3545,9239.943539999997
INTERTRAN鄂西-鄂东,3546,11605.28663702251
INTERTRAN鄂西-鄂东,3547,6494.3591449999985
INTERTRAN鄂西-鄂东,3548,3301.311495
INTERTRAN鄂西-鄂东,3549,3013.889299999997
INTERTRAN鄂西-鄂东,3550,9233.033099999997
INTERTRAN鄂西-鄂东,3551,3469.562189999997
INTERTRAN鄂西-鄂东,3552,2208.109940000002
INTERTRAN鄂西-鄂东,3553,3534.687539999999
INTERTRAN鄂西-鄂东,3554,7569.279590000002
INTERTRAN鄂西-鄂东,3555,3931.386839999999
INTERTRAN鄂西-鄂东,3556,6450.346977254903
INTERTRAN鄂西-鄂东,3557,3313.531899999998
INTERTRAN鄂西-鄂东,3558,10042.263042766834
INTERTRAN鄂西-鄂东,3559,9190.2977
INTERTRAN鄂西-鄂东,3560,6562.520819058824
INTERTRAN鄂西-鄂东,3561,9807.34504
INTERTRAN鄂西-鄂东,3562,7923.666693039217
INTERTRAN鄂西-鄂东,3563,8145.55658905
INTERTRAN鄂西-鄂东,3564,8461.974450000002
INTERTRAN鄂西-鄂东,3565,-248.0383099999999
INTERTRAN鄂西-鄂东,3566,8827.13044
INTERTRAN鄂西-鄂东,3567,10760.840565584622
INTERTRAN鄂西-鄂东,3568,4528.543828456786
INTERTRAN鄂西-鄂东,3569,10342.483385555555
INTERTRAN鄂西-鄂东,3570,9592.068755
INTERTRAN鄂西-鄂东,3571,5257.161716230978
INTERTRAN鄂西-鄂东,3572,-2197.4634205882303
INTERTRAN鄂西-鄂东,3573,7984.700239999998
INTERTRAN鄂西-鄂东,3574,7224.167668400001
INTERTRAN鄂西-鄂东,3575,12175.385799999996
INTERTRAN鄂西-鄂东,3576,11534.458789999997
INTERTRAN鄂西-鄂东,3577,4218.804190000003
INTERTRAN鄂西-鄂东,3578,7472.30084
INTERTRAN鄂西-鄂东,3579,9181.767399999997
INTERTRAN鄂西-鄂东,3580,8578.838552941175
INTERTRAN鄂西-鄂东,3581,6894.550401764704
INTERTRAN鄂西-鄂东,3582,6857.36074
INTERTRAN鄂西-鄂东,3583,12600.0
INTERTRAN鄂西-鄂东,3584,8064.648835
INTERTRAN鄂西-鄂东,3585,-1183.5831599999983
INTERTRAN鄂西-鄂东,3586,4865.076875000006
INTERTRAN鄂西-鄂东,3587,8142.713395773419
INTERTRAN鄂西-鄂东,3588,1908.943072737844
INTERTRAN鄂西-鄂东,3589,3657.8052959912857
INTERTRAN鄂西-鄂东,3590,7319.6939666666585
INTERTRAN鄂西-鄂东,3591,5952.645099259258
INTERTRAN鄂西-鄂东,3592,3370.2167229484294
INTERTRAN鄂西-鄂东,3593,11387.693658518525
INTERTRAN鄂西-鄂东,3594,10164.410754615528
INTERTRAN鄂西-鄂东,3595,8730.319677254902
INTERTRAN鄂西-鄂东,3596,6659.156199999998
INTERTRAN鄂西-鄂东,3597,2873.8734399999994
INTERTRAN鄂西-鄂东,3598,5048.597040000001
INTERTRAN鄂西-鄂东,3599,5284.984307647064
INTERTRAN鄂西北-鄂东,3456,1635.601999999999
INTERTRAN鄂西北-鄂东,3457,-3000.0
INTERTRAN鄂西北-鄂东,3458,599.6569251851852
INTERTRAN鄂西北-鄂东,3459,2675.4526356409624
INTERTRAN鄂西北-鄂东,3460,-1901.4160000000006
INTERTRAN鄂西北-鄂东,3461,3000.0
INTERTRAN鄂西北-鄂东,3462,-421.1725000000015
INTERTRAN鄂西北-鄂东,3463,-1815.0169950000004
INTERTRAN鄂西北-鄂东,3464,3000.0
INTERTRAN鄂西北-鄂东,3465,2240.9033600000002
INTERTRAN鄂西北-鄂东,3466,975.8629749999991
INTERTRAN鄂西北-鄂东,3467,3000.0
INTERTRAN鄂西北-鄂东,3468,-2529.836270000001
INTERTRAN鄂西北-鄂东,3469,215.14388551023603
INTERTRAN鄂西北-鄂东,3470,-3000.0
INTERTRAN鄂西北-鄂东,3471,-3000.0
INTERTRAN鄂西北-鄂东,3472,751.200649999998
INTERTRAN鄂西北-鄂东,3473,3000.0
INTERTRAN鄂西北-鄂东,3474,-1961.6670950000002
INTERTRAN鄂西北-鄂东,3475,1786.9399293590304
INTERTRAN鄂西北-鄂东,3476,-1830.0966200000014
INTERTRAN鄂西北-鄂东,3477,3000.0
INTERTRAN鄂西北-鄂东,3478,3000.0
INTERTRAN鄂西北-鄂东,3479,3000.0
INTERTRAN鄂西北-鄂东,3480,-492.7882499999996
INTERTRAN鄂西北-鄂东,3481,3000.0
INTERTRAN鄂西北-鄂东,3482,-340.0982500000009
INTERTRAN鄂西北-鄂东,3483,3000.0
INTERTRAN鄂西北-鄂东,3484,-2490.7343972549024
INTERTRAN鄂西北-鄂东,3485,3000.0
INTERTRAN鄂西北-鄂东,3486,-1338.7227500000013
INTERTRAN鄂西北-鄂东,3487,26.160040000002482
INTERTRAN鄂西北-鄂东,3488,2560.041115
INTERTRAN鄂西北-鄂东,3489,-98.41604000000052
INTERTRAN鄂西北-鄂东,3490,177.15103999999974
INTERTRAN鄂西北-鄂东,3491,-3000.0
INTERTRAN鄂西北-鄂东,3492,-3000.0
INTERTRAN鄂西北-鄂东,3493,-3000.0
INTERTRAN鄂西北-鄂东,3494,-3000.0
INTERTRAN鄂西北-鄂东,3495,-3000.0
INTERTRAN鄂西北-鄂东,3496,-3000.0
INTERTRAN鄂西北-鄂东,3497,327.6352349999993
INTERTRAN鄂西北-鄂东,3498,1902.5470577777778
INTERTRAN鄂西北-鄂东,3499,-3000.0
INTERTRAN鄂西北-鄂东,3500,-3000.0
INTERTRAN鄂西北-鄂东,3501,-2658.7844986224163
INTERTRAN鄂西北-鄂东,3502,3000.0
INTERTRAN鄂西北-鄂东,3503,-1326.9826512345685
INTERTRAN鄂西北-鄂东,3504,-450.34299999999985
INTERTRAN鄂西北-鄂东,3505,2289.182740000002
INTERTRAN鄂西北-鄂东,3506,-8.190750000000207
INTERTRAN鄂西北-鄂东,3507,-2526.639000000001
INTERTRAN鄂西北-鄂东,3508,3000.0
INTERTRAN鄂西北-鄂东,3509,3000.0
INTERTRAN鄂西北-鄂东,3510,3000.0
INTERTRAN鄂西北-鄂东,3511,525.676940000003
INTERTRAN鄂西北-鄂东,3512,-2706.7586550000005
INTERTRAN鄂西北-鄂东,3513,3000.0
INTERTRAN鄂西北-鄂东,3514,-3000.0
INTERTRAN鄂西北-鄂东,3515,-3000.0
INTERTRAN鄂西北-鄂东,3516,-3000.0
INTERTRAN鄂西北-鄂东,3517,-3000.0
INTERTRAN鄂西北-鄂东,3518,-3000.0
INTERTRAN鄂西北-鄂东,3519,-3000.0
INTERTRAN鄂西北-鄂东,3520,-3000.0
INTERTRAN鄂西北-鄂东,3521,-3000.0
INTERTRAN鄂西北-鄂东,3522,-1866.5893750000018
INTERTRAN鄂西北-鄂东,3523,-2661.511375
INTERTRAN鄂西北-鄂东,3524,1306.6938999999993
INTERTRAN鄂西北-鄂东,3525,1740.5739999999987
INTERTRAN鄂西北-鄂东,3526,2195.1422400000056
INTERTRAN鄂西北-鄂东,3527,2891.7564999999986
INTERTRAN鄂西北-鄂东,3528,-3000.0
INTERTRAN鄂西北-鄂东,3529,205.4942500000002
INTERTRAN鄂西北-鄂东,3530,-872.5847600000006
INTERTRAN鄂西北-鄂东,3531,3000.0
INTERTRAN鄂西北-鄂东,3532,-2920.7696742768126
INTERTRAN鄂西北-鄂东,3533,3000.0
INTERTRAN鄂西北-鄂东,3534,3000.0
INTERTRAN鄂西北-鄂东,3535,2324.731349999999
INTERTRAN鄂西北-鄂东,3536,-1945.8815900000009
INTERTRAN鄂西北-鄂东,3537,-169.4521450000002
INTERTRAN鄂西北-鄂东,3538,415.7222799999986
INTERTRAN鄂西北-鄂东,3539,-3000.0
INTERTRAN鄂西北-鄂东,3540,-3000.0
INTERTRAN鄂西北-鄂东,3541,-3000.0
INTERTRAN鄂西北-鄂东,3542,-1814.7179500000002
INTERTRAN鄂西北-鄂东,3543,-3000.0
INTERTRAN鄂西北-鄂东,3544,-2917.3217288271608
INTERTRAN鄂西北-鄂东,3545,-3000.0
INTERTRAN鄂西北-鄂东,3546,-3000.0
INTERTRAN鄂西北-鄂东,3547,688.4443949999986
INTERTRAN鄂西北-鄂东,3548,2839.5502449999994
INTERTRAN鄂西北-鄂东,3549,1716.2832400000016
INTERTRAN鄂西北-鄂东,3550,-3000.0
INTERTRAN鄂西北-鄂东,3551,1697.6042500000003
INTERTRAN鄂西北-鄂东,3552,3000.0
INTERTRAN鄂西北-鄂东,3553,3000.0
INTERTRAN鄂西北-鄂东,3554,-1311.000750000001
INTERTRAN鄂西北-鄂东,3555,3000.0
INTERTRAN鄂西北-鄂东,3556,-1347.4705000000006
INTERTRAN鄂西北-鄂东,3557,-1567.0297600000008
INTERTRAN鄂西北-鄂东,3558,-2211.7803439433046
INTERTRAN鄂西北-鄂东,3559,-1410.9790600000006
INTERTRAN鄂西北-鄂东,3560,2176.8843779411764
INTERTRAN鄂西北-鄂东,3561,-3000.0
INTERTRAN鄂西北-鄂东,3562,-2661.2612550000003
INTERTRAN鄂西北-鄂东,3563,-3000.0
INTERTRAN鄂西北-鄂东,3564,131.80018999999993
INTERTRAN鄂西北-鄂东,3565,1808.5117499999997
INTERTRAN鄂西北-鄂东,3566,-3000.0
INTERTRAN鄂西北-鄂东,3567,-3000.0
INTERTRAN鄂西北-鄂东,3568,1453.150911543209
INTERTRAN鄂西北-鄂东,3569,-269.68429000000015
INTERTRAN鄂西北-鄂东,3570,-1060.9692150000003
INTERTRAN鄂西北-鄂东,3571,-1832.0636300000006
INTERTRAN鄂西北-鄂东,3572,2047.5356299999994
INTERTRAN鄂西北-鄂东,3573,-1541.3245000000013
INTERTRAN鄂西北-鄂东,3574,-659.7617500000001
INTERTRAN鄂西北-鄂东,3575,-1533.9815541176467
INTERTRAN鄂西北-鄂东,3576,-2132.5767500000006
INTERTRAN鄂西北-鄂东,3577,2813.3812500000004
INTERTRAN鄂西北-鄂东,3578,-1805.5865000000008
INTERTRAN鄂西北-鄂东,3579,-1409.7477600000002
INTERTRAN鄂西北-鄂东,3580,425.73879882352594
INTERTRAN鄂西北-鄂东,3581,-1470.2047500000008
INTERTRAN鄂西北-鄂东,3582,-1539.9210000000012
INTERTRAN鄂西北-鄂东,3583,-3000.0
INTERTRAN鄂西北-鄂东,3584,3000.0
INTERTRAN鄂西北-鄂东,3585,51.22509999999875
INTERTRAN鄂西北-鄂东,3586,-1103.0557350000013
INTERTRAN鄂西北-鄂东,3587,-3000.0
INTERTRAN鄂西北-鄂东,3588,-3000.0
INTERTRAN鄂西北-鄂东,3589,-3000.0
INTERTRAN鄂西北-鄂东,3590,-2647.474610000001
INTERTRAN鄂西北-鄂东,3591,-3000.0
INTERTRAN鄂西北-鄂东,3592,-3000.0
INTERTRAN鄂西北-鄂东,3593,-3000.0
INTERTRAN鄂西北-鄂东,3594,-3000.0
INTERTRAN鄂西北-鄂东,3595,-3000.0
INTERTRAN鄂西北-鄂东,3596,735.3401955728468
INTERTRAN鄂西北-鄂东,3597,-3000.0
INTERTRAN鄂西北-鄂东,3598,3000.0
INTERTRAN鄂西北-鄂东,3599,1608.9982499999987
INTERTRAN鄂西-鄂西北,3456,2000.0
INTERTRAN鄂西-鄂西北,3457,-2000.0
INTERTRAN鄂西-鄂西北,3458,-2000.0
INTERTRAN鄂西-鄂西北,3459,2000.0
INTERTRAN鄂西-鄂西北,3460,-2000.0
INTERTRAN鄂西-鄂西北,3461,1943.16325
INTERTRAN鄂西-鄂西北,3462,-2000.0
INTERTRAN鄂西-鄂西北,3463,-2000.0
INTERTRAN鄂西-鄂西北,3464,1832.4353950000013
INTERTRAN鄂西-鄂西北,3465,2000.0
INTERTRAN鄂西-鄂西北,3466,2000.0
INTERTRAN鄂西-鄂西北,3467,716.9609599999994
INTERTRAN鄂西-鄂西北,3468,-2000.0
INTERTRAN鄂西-鄂西北,3469,-2000.0
INTERTRAN鄂西-鄂西北,3470,-501.4713149999998
INTERTRAN鄂西-鄂西北,3471,-1759.1680149999993
INTERTRAN鄂西-鄂西北,3472,2000.0
INTERTRAN鄂西-鄂西北,3473,630.7733500000008
INTERTRAN鄂西-鄂西北,3474,-2000.0
INTERTRAN鄂西-鄂西北,3475,2000.0
INTERTRAN鄂西-鄂西北,3476,-2000.0
INTERTRAN鄂西-鄂西北,3477,1558.6222500000013
INTERTRAN鄂西-鄂西北,3478,-2000.0
INTERTRAN鄂西-鄂西北,3479,-870.2513649455141
INTERTRAN鄂西-鄂西北,3480,-2000.0
INTERTRAN鄂西-鄂西北,3481,1849.6655192592552
INTERTRAN鄂西-鄂西北,3482,-2000.0
INTERTRAN鄂西-鄂西北,3483,1771.9042500000005
INTERTRAN鄂西-鄂西北,3484,-1748.0945000000097
INTERTRAN鄂西-鄂西北,3485,1687.8810000000012
INTERTRAN鄂西-鄂西北,3486,-2000.0
INTERTRAN鄂西-鄂西北,3487,2000.0
INTERTRAN鄂西-鄂西北,3488,2000.0
INTERTRAN鄂西-鄂西北,3489,2000.0
INTERTRAN鄂西-鄂西北,3490,2000.0
INTERTRAN鄂西-鄂西北,3491,2000.0
INTERTRAN鄂西-鄂西北,3492,2000.0
INTERTRAN鄂西-鄂西北,3493,2000.0
INTERTRAN鄂西-鄂西北,3494,2000.0
INTERTRAN鄂西-鄂西北,3495,1722.2156999999997
INTERTRAN鄂西-鄂西北,3496,2000.0
INTERTRAN鄂西-鄂西北,3497,-2000.0
INTERTRAN鄂西-鄂西北,3498,2000.0
INTERTRAN鄂西-鄂西北,3499,-2000.0
INTERTRAN鄂西-鄂西北,3500,-828.0917349999986
INTERTRAN鄂西-鄂西北,3501,-2000.0
INTERTRAN鄂西-鄂西北,3502,1796.255
INTERTRAN鄂西-鄂西北,3503,-2000.0
INTERTRAN鄂西-鄂西北,3504,-2000.0
INTERTRAN鄂西-鄂西北,3505,2000.0
INTERTRAN鄂西-鄂西北,3506,-2000.0
INTERTRAN鄂西-鄂西北,3507,-2000.0
INTERTRAN鄂西-鄂西北,3508,-1492.0374999999995
INTERTRAN鄂西-鄂西北,3509,-2000.0
INTERTRAN鄂西-鄂西北,3510,1299.9862500000008
INTERTRAN鄂西-鄂西北,3511,2000.0
INTERTRAN鄂西-鄂西北,3512,-2000.0
INTERTRAN鄂西-鄂西北,3513,1051.3863800000004
INTERTRAN鄂西-鄂西北,3514,336.42627503266885
INTERTRAN鄂西-鄂西北,3515,2000.0
INTERTRAN鄂西-鄂西北,3516,2000.0
INTERTRAN鄂西-鄂西北,3517,2000.0
INTERTRAN鄂西-鄂西北,3518,2000.0
INTERTRAN鄂西-鄂西北,3519,-433.37338222222206
INTERTRAN鄂西-鄂西北,3520,2000.0
INTERTRAN鄂西-鄂西北,3521,2000.0
INTERTRAN鄂西-鄂西北,3522,2000.0
INTERTRAN鄂西-鄂西北,3523,-2000.0
INTERTRAN鄂西-鄂西北,3524,-2000.0
INTERTRAN鄂西-鄂西北,3525,2000.0
INTERTRAN鄂西-鄂西北,3526,2000.0
INTERTRAN鄂西-鄂西北,3527,2000.0
INTERTRAN鄂西-鄂西北,3528,-2000.0
INTERTRAN鄂西-鄂西北,3529,-2000.0
INTERTRAN鄂西-鄂西北,3530,-2000.0
INTERTRAN鄂西-鄂西北,3531,1465.7262500000002
INTERTRAN鄂西-鄂西北,3532,-2000.0
INTERTRAN鄂西-鄂西北,3533,897.6327500000007
INTERTRAN鄂西-鄂西北,3534,2000.0
INTERTRAN鄂西-鄂西北,3535,2000.0
INTERTRAN鄂西-鄂西北,3536,-2000.0
INTERTRAN鄂西-鄂西北,3537,2000.0
INTERTRAN鄂西-鄂西北,3538,2000.0
INTERTRAN鄂西-鄂西北,3539,-1898.6162849999996
INTERTRAN鄂西-鄂西北,3540,2000.0
INTERTRAN鄂西-鄂西北,3541,2000.0
INTERTRAN鄂西-鄂西北,3542,-2000.0
INTERTRAN鄂西-鄂西北,3543,2000.0
INTERTRAN鄂西-鄂西北,3544,2000.0
INTERTRAN鄂西-鄂西北,3545,1745.4113049999996
INTERTRAN鄂西-鄂西北,3546,-1066.0222999999999
INTERTRAN鄂西-鄂西北,3547,2000.0
INTERTRAN鄂西-鄂西北,3548,2000.0
INTERTRAN鄂西-鄂西北,3549,2000.0
INTERTRAN鄂西-鄂西北,3550,-2000.0
INTERTRAN鄂西-鄂西北,3551,2000.0
INTERTRAN鄂西-鄂西北,3552,2000.0
INTERTRAN鄂西-鄂西北,3553,2000.0
INTERTRAN鄂西-鄂西北,3554,-2000.0
INTERTRAN鄂西-鄂西北,3555,-1800.4987742245767
INTERTRAN鄂西-鄂西北,3556,-2000.0
INTERTRAN鄂西-鄂西北,3557,-2000.0
INTERTRAN鄂西-鄂西北,3558,-2000.0
INTERTRAN鄂西-鄂西北,3559,-2000.0
INTERTRAN鄂西-鄂西北,3560,2000.0
INTERTRAN鄂西-鄂西北,3561,-1787.325954999999
INTERTRAN鄂西-鄂西北,3562,-2000.0
INTERTRAN鄂西-鄂西北,3563,-1558.4874200000004
INTERTRAN鄂西-鄂西北,3564,2000.0
INTERTRAN鄂西-鄂西北,3565,2000.0
INTERTRAN鄂西-鄂西北,3566,-1463.4227386224652
INTERTRAN鄂西-鄂西北,3567,-1671.1122299999997
INTERTRAN鄂西-鄂西北,3568,2000.0
INTERTRAN鄂西-鄂西北,3569,2000.0
INTERTRAN鄂西-鄂西北,3570,-2000.0
INTERTRAN鄂西-鄂西北,3571,-2000.0
INTERTRAN鄂西-鄂西北,3572,2000.0
INTERTRAN鄂西-鄂西北,3573,-2000.0
INTERTRAN鄂西-鄂西北,3574,-2000.0
INTERTRAN鄂西-鄂西北,3575,-2000.0
INTERTRAN鄂西-鄂西北,3576,-2000.0
INTERTRAN鄂西-鄂西北,3577,2000.0
INTERTRAN鄂西-鄂西北,3578,-2000.0
INTERTRAN鄂西-鄂西北,3579,-2000.0
INTERTRAN鄂西-鄂西北,3580,-2000.0
INTERTRAN鄂西-鄂西北,3581,-2000.0
INTERTRAN鄂西-鄂西北,3582,-2000.0
INTERTRAN鄂西-鄂西北,3583,-655.1273399999991
INTERTRAN鄂西-鄂西北,3584,1466.6771650000005
INTERTRAN鄂西-鄂西北,3585,2000.0
INTERTRAN鄂西-鄂西北,3586,2000.0
INTERTRAN鄂西-鄂西北,3587,2000.0
INTERTRAN鄂西-鄂西北,3588,2000.0
INTERTRAN鄂西-鄂西北,3589,1110.0091500000008
INTERTRAN鄂西-鄂西北,3590,2000.0
INTERTRAN鄂西-鄂西北,3591,2000.0
INTERTRAN鄂西-鄂西北,3592,2000.0
INTERTRAN鄂西-鄂西北,3593,2000.0
INTERTRAN鄂西-鄂西北,3594,-1202.5926149999993
INTERTRAN鄂西-鄂西北,3595,-1119.3878515432077
INTERTRAN鄂西-鄂西北,3596,-2000.0
INTERTRAN鄂西-鄂西北,3597,-1994.6922599999941
INTERTRAN鄂西-鄂西北,3598,1585.2017599999963
INTERTRAN鄂西-鄂西北,3599,2000.0
INTERTRAN鄂西-鄂东,3600,6136.865900522861
INTERTRAN鄂西-鄂东,3601,8685.219144538856
INTERTRAN鄂西-鄂东,3602,5122.173695836418
INTERTRAN鄂西-鄂东,3603,4433.559524223116
INTERTRAN鄂西-鄂东,3604,6246.547465860573
INTERTRAN鄂西-鄂东,3605,12600.0
INTERTRAN鄂西-鄂东,3606,1486.4791998039236
INTERTRAN鄂西-鄂东,3607,4965.275845388525
INTERTRAN鄂西-鄂东,3608,8337.029369629632
INTERTRAN鄂西-鄂东,3609,10457.415529019609
INTERTRAN鄂西-鄂东,3610,788.7660501259891
INTERTRAN鄂西-鄂东,3611,1538.735565163408
INTERTRAN鄂西-鄂东,3612,6789.134257792304
INTERTRAN鄂西-鄂东,3613,-1023.4687100000087
INTERTRAN鄂西-鄂东,3614,1147.9552099999974
INTERTRAN鄂西-鄂东,3615,11265.09928470588
INTERTRAN鄂西-鄂东,3616,7422.428124313727
INTERTRAN鄂西-鄂东,3617,5764.921692345682
INTERTRAN鄂西-鄂东,3618,8939.227834117646
INTERTRAN鄂西-鄂东,3619,9775.49765996006
INTERTRAN鄂西-鄂东,3620,8359.7627134931
INTERTRAN鄂西-鄂东,3621,1019.9103399999996
INTERTRAN鄂西-鄂东,3622,7797.514352941175
INTERTRAN鄂西-鄂东,3623,177.42072850252976
INTERTRAN鄂西-鄂东,3624,3135.6769799999993
INTERTRAN鄂西-鄂东,3625,9439.39069456428
INTERTRAN鄂西-鄂东,3626,4130.48852197531
INTERTRAN鄂西-鄂东,3627,4269.103995686275
INTERTRAN鄂西-鄂东,3628,8814.259030254178
INTERTRAN鄂西-鄂东,3629,872.2824651851836
INTERTRAN鄂西-鄂东,3630,8006.491980000001
INTERTRAN鄂西-鄂东,3631,6806.899180000003
INTERTRAN鄂西-鄂东,3632,916.4170647058767
INTERTRAN鄂西-鄂东,3633,6513.535027741467
INTERTRAN鄂西-鄂东,3634,1858.6318346078447
INTERTRAN鄂西-鄂东,3635,3581.2802232026056
INTERTRAN鄂西-鄂东,3636,-4198.183150617291
INTERTRAN鄂西-鄂东,3637,1142.0081849999988
INTERTRAN鄂西-鄂东,3638,-3776.044616569944
INTERTRAN鄂西-鄂东,3639,6095.437161728387
INTERTRAN鄂西-鄂东,3640,-214.2444641539587
INTERTRAN鄂西-鄂东,3641,6345.6373174291875
INTERTRAN鄂西-鄂东,3642,3632.4531358550107
INTERTRAN鄂西-鄂东,3643,-3107.477315613658
INTERTRAN鄂西-鄂东,3644,2860.5387786274528
INTERTRAN鄂西-鄂东,3645,2797.6100999999917
INTERTRAN鄂西-鄂东,3646,723.2819357695084
INTERTRAN鄂西-鄂东,3647,4662.300125925927
INTERTRAN鄂西-鄂东,3648,7855.95415777778
INTERTRAN鄂西-鄂东,3649,5716.594452258533
INTERTRAN鄂西-鄂东,3650,7626.158425098037
INTERTRAN鄂西-鄂东,3651,3633.7297917647024
INTERTRAN鄂西-鄂东,3652,6866.3660770878705
INTERTRAN鄂西-鄂东,3653,2819.75319023965
INTERTRAN鄂西-鄂东,3654,6393.102270849388
INTERTRAN鄂西-鄂东,3655,1740.2253799999999
INTERTRAN鄂西-鄂东,3656,1254.0029871604943
INTERTRAN鄂西-鄂东,3657,7126.442066172841
INTERTRAN鄂西-鄂东,3658,-3099.8801615432076
INTERTRAN鄂西-鄂东,3659,1221.6498306575227
INTERTRAN鄂西-鄂东,3660,7202.466511372549
INTERTRAN鄂西-鄂东,3661,-2277.5202258823483
INTERTRAN鄂西-鄂东,3662,1622.128380000002
INTERTRAN鄂西-鄂东,3663,6004.11366888889
INTERTRAN鄂西-鄂东,3664,1730.45470223058
INTERTRAN鄂西-鄂东,3665,11730.392660235124
INTERTRAN鄂西-鄂东,3666,7003.486887625273
INTERTRAN鄂西-鄂东,3667,2590.92907628178
INTERTRAN鄂西-鄂东,3668,5261.213157196804
INTERTRAN鄂西-鄂东,3669,6752.48086939724
INTERTRAN鄂西-鄂东,3670,6921.824355555552
INTERTRAN鄂西-鄂东,3671,8144.761566855484
INTERTRAN鄂西-鄂东,3672,6230.273380000001
INTERTRAN鄂西-鄂东,3673,-4523.338872287581
INTERTRAN鄂西-鄂东,3674,2459.4638122004308
INTERTRAN鄂西-鄂东,3675,2250.0376059259256
INTERTRAN鄂西-鄂东,3676,12600.0
INTERTRAN鄂西-鄂东,3677,-3411.8147903703707
INTERTRAN鄂西-鄂东,3678,4795.461148845317
INTERTRAN鄂西-鄂东,3679,-369.6414282788662
INTERTRAN鄂西-鄂东,3680,8308.12008
INTERTRAN鄂西-鄂东,3681,-3934.3013636698643
INTERTRAN鄂西-鄂东,3682,3395.5235976470567
INTERTRAN鄂西-鄂东,3683,151.73774699305432
INTERTRAN鄂西-鄂东,3684,-4062.7556823529485
INTERTRAN鄂西-鄂东,3685,-1086.8998702033525
INTERTRAN鄂西-鄂东,3686,29.059508641972812
INTERTRAN鄂西-鄂东,3687,2106.091599999996
INTERTRAN鄂西-鄂东,3688,-524.9685679690721
INTERTRAN鄂西-鄂东,3689,-3801.0701787073294
INTERTRAN鄂西-鄂东,3690,3672.5597813329837
INTERTRAN鄂西-鄂东,3691,1030.3171552043889
INTERTRAN鄂西-鄂东,3692,5272.004126071163
INTERTRAN鄂西-鄂东,3693,1536.3978761510518
INTERTRAN鄂西-鄂东,3694,-1777.886026753812
INTERTRAN鄂西-鄂东,3695,3997.2822218300694
INTERTRAN鄂西-鄂东,3696,-589.3752526942528
INTERTRAN鄂西-鄂东,3697,2340.5859590123455
INTERTRAN鄂西-鄂东,3698,2569.4167961220037
INTERTRAN鄂西-鄂东,3699,-2861.1862296296354
INTERTRAN鄂西-鄂东,3700,1284.5345706318076
INTERTRAN鄂西-鄂东,3701,4206.731758939723
INTERTRAN鄂西-鄂东,3702,4069.289071241825
INTERTRAN鄂西-鄂东,3703,-1789.7584542560478
INTERTRAN鄂西-鄂东,3704,3617.2032135802415
INTERTRAN鄂西-鄂东,3705,1542.9188831114684
INTERTRAN鄂西-鄂东,3706,-1848.205225882353
INTERTRAN鄂西-鄂东,3707,1740.8802264052283
INTERTRAN鄂西-鄂东,3708,-258.8199348414036
INTERTRAN鄂西-鄂东,3709,662.9357761885977
INTERTRAN鄂西-鄂东,3710,-3568.7075000000077
INTERTRAN鄂西-鄂东,3711,1419.3653911111137
INTERTRAN鄂西-鄂东,3712,3743.8763462212273
INTERTRAN鄂西-鄂东,3713,4374.879366654544
INTERTRAN鄂西-鄂东,3714,1876.9564696118355
INTERTRAN鄂西-鄂东,3715,583.5666889760364
INTERTRAN鄂西-鄂东,3716,3319.4650294117446
INTERTRAN鄂西-鄂东,3717,3064.393190384896
INTERTRAN鄂西-鄂东,3718,5625.108731234572
INTERTRAN鄂西-鄂东,3719,7888.911743834423
INTERTRAN鄂西-鄂东,3720,1771.111501960782
INTERTRAN鄂西-鄂东,3721,8919.371675210628
INTERTRAN鄂西-鄂东,3722,-3181.161044400872
INTERTRAN鄂西-鄂东,3723,7281.440586318081
INTERTRAN鄂西-鄂东,3724,4069.308174045026
INTERTRAN鄂西-鄂东,3725,-1460.078104168479
INTERTRAN鄂西-鄂东,3726,7534.469975308642
INTERTRAN鄂西-鄂东,3727,3530.1829790123443
INTERTRAN鄂西-鄂东,3728,790.3807543209822
INTERTRAN鄂西-鄂东,3729,-346.08855464052147
INTERTRAN鄂西-鄂东,3730,4691.442689444442
INTERTRAN鄂西-鄂东,3731,-2671.307131663044
INTERTRAN鄂西-鄂东,3732,-2297.190778213512
INTERTRAN鄂西-鄂东,3733,6543.527406971673
INTERTRAN鄂西-鄂东,3734,-2962.4240057552693
INTERTRAN鄂西-鄂东,3735,2136.6381999999926
INTERTRAN鄂西-鄂东,3736,-9.619890802477585
INTERTRAN鄂西-鄂东,3737,-119.96632810457896
INTERTRAN鄂西-鄂东,3738,4632.949180682636
INTERTRAN鄂西-鄂东,3739,4337.9310089471255
INTERTRAN鄂西-鄂东,3740,4406.897579273781
INTERTRAN鄂西-鄂东,3741,4160.948883267975
INTERTRAN鄂西-鄂东,3742,3813.9937755700794
INTERTRAN鄂西-鄂东,3743,2120.84658
INTERTRAN鄂西北-鄂东,3600,3000.0
INTERTRAN鄂西北-鄂东,3601,3.741249999999809
INTERTRAN鄂西北-鄂东,3602,2750.936091222404
INTERTRAN鄂西北-鄂东,3603,2923.7220157768843
INTERTRAN鄂西北-鄂东,3604,916.2674713018208
INTERTRAN鄂西北-鄂东,3605,-995.9271824056409
INTERTRAN鄂西北-鄂东,3606,2623.4705931372537
INTERTRAN鄂西北-鄂东,3607,-2179.016789090065
INTERTRAN鄂西北-鄂东,3608,3000.0
INTERTRAN鄂西北-鄂东,3609,-2949.9238576470593
INTERTRAN鄂西北-鄂东,3610,-810.6755101259898
INTERTRAN鄂西北-鄂东,3611,-3000.0
INTERTRAN鄂西北-鄂东,3612,-3000.0
INTERTRAN鄂西北-鄂东,3613,-3000.0
INTERTRAN鄂西北-鄂东,3614,-1954.15557
INTERTRAN鄂西北-鄂东,3615,-2833.058044705882
INTERTRAN鄂西北-鄂东,3616,-3000.0
INTERTRAN鄂西北-鄂东,3617,2149.2222599999986
INTERTRAN鄂西北-鄂东,3618,3000.0
INTERTRAN鄂西北-鄂东,3619,-2119.123272901237
INTERTRAN鄂西北-鄂东,3620,3000.0
INTERTRAN鄂西北-鄂东,3621,3000.0
INTERTRAN鄂西北-鄂东,3622,1247.3533870588262
INTERTRAN鄂西北-鄂东,3623,-1186.7996959099353
INTERTRAN鄂西北-鄂东,3624,3000.0
INTERTRAN鄂西北-鄂东,3625,3000.0
INTERTRAN鄂西北-鄂东,3626,3000.0
INTERTRAN鄂西北-鄂东,3627,3000.0
INTERTRAN鄂西北-鄂东,3628,1390.0371771968046
INTERTRAN鄂西北-鄂东,3629,398.7673148148148
INTERTRAN鄂西北-鄂东,3630,3000.0
INTERTRAN鄂西北-鄂东,3631,3000.0
INTERTRAN鄂西北-鄂东,3632,1545.8770310130703
INTERTRAN鄂西北-鄂东,3633,-1986.641292185911
INTERTRAN鄂西北-鄂东,3634,-1476.7987016666668
INTERTRAN鄂西北-鄂东,3635,-3000.0
INTERTRAN鄂西北-鄂东,3636,-3000.0
INTERTRAN鄂西北-鄂东,3637,-3000.0
INTERTRAN鄂西北-鄂东,3638,-3000.0
INTERTRAN鄂西北-鄂东,3639,-3000.0
INTERTRAN鄂西北-鄂东,3640,-3000.0
INTERTRAN鄂西北-鄂东,3641,210.08198334060114
INTERTRAN鄂西北-鄂东,3642,-2620.211061737363
INTERTRAN鄂西北-鄂东,3643,79.48549999999881
INTERTRAN鄂西北-鄂东,3644,3000.0
INTERTRAN鄂西北-鄂东,3645,3000.0
INTERTRAN鄂西北-鄂东,3646,970.3367314814808
INTERTRAN鄂西北-鄂东,3647,985.781359956428
INTERTRAN鄂西北-鄂东,3648,3000.0
INTERTRAN鄂西北-鄂东,3649,3000.0
INTERTRAN鄂西北-鄂东,3650,3000.0
INTERTRAN鄂西北-鄂东,3651,3000.0
INTERTRAN鄂西北-鄂东,3652,3000.0
INTERTRAN鄂西北-鄂东,3653,3000.0
INTERTRAN鄂西北-鄂东,3654,3000.0
INTERTRAN鄂西北-鄂东,3655,3000.0
INTERTRAN鄂西北-鄂东,3656,2861.446026172839
INTERTRAN鄂西北-鄂东,3657,2306.35541382716
INTERTRAN鄂西北-鄂东,3658,-1017.7407053703707
INTERTRAN鄂西北-鄂东,3659,2621.933537577771
INTERTRAN鄂西北-鄂东,3660,-3000.0
INTERTRAN鄂西北-鄂东,3661,3000.0
INTERTRAN鄂西北-鄂东,3662,-3000.0
INTERTRAN鄂西北-鄂东,3663,-3000.0
INTERTRAN鄂西北-鄂东,3664,-2262.343622230579
INTERTRAN鄂西北-鄂东,3665,463.3884687844825
INTERTRAN鄂西北-鄂东,3666,-3000.0
INTERTRAN鄂西北-鄂东,3667,3000.0
INTERTRAN鄂西北-鄂东,3668,3000.0
INTERTRAN鄂西北-鄂东,3669,3000.0
INTERTRAN鄂西北-鄂东,3670,-2605.932500000001
INTERTRAN鄂西北-鄂东,3671,3000.0
INTERTRAN鄂西北-鄂东,3672,3000.0
INTERTRAN鄂西北-鄂东,3673,2967.770052287581
INTERTRAN鄂西北-鄂东,3674,3000.0
INTERTRAN鄂西北-鄂东,3675,3000.0
INTERTRAN鄂西北-鄂东,3676,1023.9009999999993
INTERTRAN鄂西北-鄂东,3677,3000.0
INTERTRAN鄂西北-鄂东,3678,3000.0
INTERTRAN鄂西北-鄂东,3679,3000.0
INTERTRAN鄂西北-鄂东,3680,3000.0
INTERTRAN鄂西北-鄂东,3681,-1700.518274122438
INTERTRAN鄂西北-鄂东,3682,-3000.0
INTERTRAN鄂西北-鄂东,3683,-3000.0
INTERTRAN鄂西北-鄂东,3684,-3000.0
INTERTRAN鄂西北-鄂东,3685,-3000.0
INTERTRAN鄂西北-鄂东,3686,-3000.0
INTERTRAN鄂西北-鄂东,3687,-3000.0
INTERTRAN鄂西北-鄂东,3688,-3000.0
INTERTRAN鄂西北-鄂东,3689,3000.0
INTERTRAN鄂西北-鄂东,3690,-3000.0
INTERTRAN鄂西北-鄂东,3691,-3000.0
INTERTRAN鄂西北-鄂东,3692,3000.0
INTERTRAN鄂西北-鄂东,3693,3000.0
INTERTRAN鄂西北-鄂东,3694,3000.0
INTERTRAN鄂西北-鄂东,3695,3000.0
INTERTRAN鄂西北-鄂东,3696,2778.421026521415
INTERTRAN鄂西北-鄂东,3697,3000.0
INTERTRAN鄂西北-鄂东,3698,3000.0
INTERTRAN鄂西北-鄂东,3699,3000.0
INTERTRAN鄂西北-鄂东,3700,3000.0
INTERTRAN鄂西北-鄂东,3701,3000.0
INTERTRAN鄂西北-鄂东,3702,3000.0
INTERTRAN鄂西北-鄂东,3703,3000.0
INTERTRAN鄂西北-鄂东,3704,-2160.426810987655
INTERTRAN鄂西北-鄂东,3705,2298.7126320374073
INTERTRAN鄂西北-鄂东,3706,-3000.0
INTERTRAN鄂西北-鄂东,3707,-3000.0
INTERTRAN鄂西北-鄂东,3708,-3000.0
INTERTRAN鄂西北-鄂东,3709,-881.729374999999
INTERTRAN鄂西北-鄂东,3710,-3000.0
INTERTRAN鄂西北-鄂东,3711,-3000.0
INTERTRAN鄂西北-鄂东,3712,-3000.0
INTERTRAN鄂西北-鄂东,3713,-3000.0
INTERTRAN鄂西北-鄂东,3714,492.1521227338444
INTERTRAN鄂西北-鄂东,3715,-2333.590432941177
INTERTRAN鄂西北-鄂东,3716,2108.59148500726
INTERTRAN鄂西北-鄂东,3717,3000.0
INTERTRAN鄂西北-鄂东,3718,1193.4803487654315
INTERTRAN鄂西北-鄂东,3719,3000.0
INTERTRAN鄂西北-鄂东,3720,-747.9875091793707
INTERTRAN鄂西北-鄂东,3721,3000.0
INTERTRAN鄂西北-鄂东,3722,3000.0
INTERTRAN鄂西北-鄂东,3723,-1838.2736612200433
INTERTRAN鄂西北-鄂东,3724,3000.0
INTERTRAN鄂西北-鄂东,3725,3000.0
INTERTRAN鄂西北-鄂东,3726,2120.7482421016066
INTERTRAN鄂西北-鄂东,3727,3000.0
INTERTRAN鄂西北-鄂东,3728,2361.382140493836
INTERTRAN鄂西北-鄂东,3729,3000.0
INTERTRAN鄂西北-鄂东,3730,1802.6236572222228
INTERTRAN鄂西北-鄂东,3731,-1439.8177334349994
INTERTRAN鄂西北-鄂东,3732,83.0398262817715
INTERTRAN鄂西北-鄂东,3733,-1026.663768148148
INTERTRAN鄂西北-鄂东,3734,-3000.0
INTERTRAN鄂西北-鄂东,3735,-2907.182500501075
INTERTRAN鄂西北-鄂东,3736,-3000.0
INTERTRAN鄂西北-鄂东,3737,-3000.0
INTERTRAN鄂西北-鄂东,3738,2295.4945499346413
INTERTRAN鄂西北-鄂东,3739,385.59944772519367
INTERTRAN鄂西北-鄂东,3740,3000.0
INTERTRAN鄂西北-鄂东,3741,3000.0
INTERTRAN鄂西北-鄂东,3742,3000.0
INTERTRAN鄂西北-鄂东,3743,3000.0
INTERTRAN鄂西-鄂西北,3600,-2000.0
INTERTRAN鄂西-鄂西北,3601,-2000.0
INTERTRAN鄂西-鄂西北,3602,2000.0
INTERTRAN鄂西-鄂西北,3603,2000.0
INTERTRAN鄂西-鄂西北,3604,-2000.0
INTERTRAN鄂西-鄂西北,3605,-597.8651323166325
INTERTRAN鄂西-鄂西北,3606,2000.0
INTERTRAN鄂西-鄂西北,3607,2000.0
INTERTRAN鄂西-鄂西北,3608,-1982.2216782715932
INTERTRAN鄂西-鄂西北,3609,-2000.0
INTERTRAN鄂西-鄂西北,3610,2000.0
INTERTRAN鄂西-鄂西北,3611,2000.0
INTERTRAN鄂西-鄂西北,3612,2000.0
INTERTRAN鄂西-鄂西北,3613,-868.8450899999984
INTERTRAN鄂西-鄂西北,3614,2000.0
INTERTRAN鄂西-鄂西北,3615,-2000.0
INTERTRAN鄂西-鄂西北,3616,-1007.2145888671082
INTERTRAN鄂西-鄂西北,3617,2000.0
INTERTRAN鄂西-鄂西北,3618,-563.4765821641254
INTERTRAN鄂西-鄂西北,3619,-2000.0
INTERTRAN鄂西-鄂西北,3620,-2000.0
INTERTRAN鄂西-鄂西北,3621,1323.0126688235298
INTERTRAN鄂西-鄂西北,3622,-2000.0
INTERTRAN鄂西-鄂西北,3623,2000.0
INTERTRAN鄂西-鄂西北,3624,-921.7140000000013
INTERTRAN鄂西-鄂西北,3625,-1633.1944999999987
INTERTRAN鄂西-鄂西北,3626,-2000.0
INTERTRAN鄂西-鄂西北,3627,-2000.0
INTERTRAN鄂西-鄂西北,3628,-2000.0
INTERTRAN鄂西-鄂西北,3629,-2000.0
INTERTRAN鄂西-鄂西北,3630,-2000.0
INTERTRAN鄂西-鄂西北,3631,-1082.5521987654313
INTERTRAN鄂西-鄂西北,3632,2000.0
INTERTRAN鄂西-鄂西北,3633,-2000.0
INTERTRAN鄂西-鄂西北,3634,-2000.0
INTERTRAN鄂西-鄂西北,3635,-107.23632581699394
INTERTRAN鄂西-鄂西北,3636,2000.0
INTERTRAN鄂西-鄂西北,3637,82.53021499999886
INTERTRAN鄂西-鄂西北,3638,2000.0
INTERTRAN鄂西-鄂西北,3639,2000.0
INTERTRAN鄂西-鄂西北,3640,2000.0
INTERTRAN鄂西-鄂西北,3641,-2000.0
INTERTRAN鄂西-鄂西北,3642,2000.0
INTERTRAN鄂西-鄂西北,3643,-2000.0
INTERTRAN鄂西-鄂西北,3644,-1709.7269821677564
INTERTRAN鄂西-鄂西北,3645,-2000.0
INTERTRAN鄂西-鄂西北,3646,-2000.0
INTERTRAN鄂西-鄂西北,3647,2000.0
INTERTRAN鄂西-鄂西北,3648,-2000.0
INTERTRAN鄂西-鄂西北,3649,-1860.4484845678985
INTERTRAN鄂西-鄂西北,3650,-1942.4170164814795
INTERTRAN鄂西-鄂西北,3651,-2000.0
INTERTRAN鄂西-鄂西北,3652,-1413.6352499999994
INTERTRAN鄂西-鄂西北,3653,400.5547932098765
INTERTRAN鄂西-鄂西北,3654,-2000.0
INTERTRAN鄂西-鄂西北,3655,-2000.0
INTERTRAN鄂西-鄂西北,3656,2000.0
INTERTRAN鄂西-鄂西北,3657,-2000.0
INTERTRAN鄂西-鄂西北,3658,-2000.0
INTERTRAN鄂西-鄂西北,3659,2000.0
INTERTRAN鄂西-鄂西北,3660,-1267.672342777779
INTERTRAN鄂西-鄂西北,3661,-2000.0
INTERTRAN鄂西-鄂西北,3662,2000.0
INTERTRAN鄂西-鄂西北,3663,-1410.6140688888945
INTERTRAN鄂西-鄂西北,3664,-2000.0
INTERTRAN鄂西-鄂西北,3665,-2000.0
INTERTRAN鄂西-鄂西北,3666,-590.7509019176488
INTERTRAN鄂西-鄂西北,3667,-2000.0
INTERTRAN鄂西-鄂西北,3668,-2000.0
INTERTRAN鄂西-鄂西北,3669,-2000.0
INTERTRAN鄂西-鄂西北,3670,-2000.0
INTERTRAN鄂西-鄂西北,3671,-2000.0
INTERTRAN鄂西-鄂西北,3672,-697.2295311111096
INTERTRAN鄂西-鄂西北,3673,-2000.0
INTERTRAN鄂西-鄂西北,3674,-2000.0
INTERTRAN鄂西-鄂西北,3675,-1716.6687660529283
INTERTRAN鄂西-鄂西北,3676,-2000.0
INTERTRAN鄂西-鄂西北,3677,-2000.0
INTERTRAN鄂西-鄂西北,3678,-2000.0
INTERTRAN鄂西-鄂西北,3679,-421.67453323167024
INTERTRAN鄂西-鄂西北,3680,-2000.0
INTERTRAN鄂西-鄂西北,3681,-2000.0
INTERTRAN鄂西-鄂西北,3682,2000.0
INTERTRAN鄂西-鄂西北,3683,2000.0
INTERTRAN鄂西-鄂西北,3684,2000.0
INTERTRAN鄂西-鄂西北,3685,2000.0
INTERTRAN鄂西-鄂西北,3686,2000.0
INTERTRAN鄂西-鄂西北,3687,2000.0
INTERTRAN鄂西-鄂西北,3688,2000.0
INTERTRAN鄂西-鄂西北,3689,857.5215499999999
INTERTRAN鄂西-鄂西北,3690,2000.0
INTERTRAN鄂西-鄂西北,3691,-835.3249375573362
INTERTRAN鄂西-鄂西北,3692,-2000.0
INTERTRAN鄂西-鄂西北,3693,-2000.0
INTERTRAN鄂西-鄂西北,3694,-2000.0
INTERTRAN鄂西-鄂西北,3695,-2000.0
INTERTRAN鄂西-鄂西北,3696,2000.0
INTERTRAN鄂西-鄂西北,3697,-2000.0
INTERTRAN鄂西-鄂西北,3698,-2000.0
INTERTRAN鄂西-鄂西北,3699,2000.0
INTERTRAN鄂西-鄂西北,3700,-2000.0
INTERTRAN鄂西-鄂西北,3701,-445.8550864959616
INTERTRAN鄂西-鄂西北,3702,-2000.0
INTERTRAN鄂西-鄂西北,3703,-2000.0
INTERTRAN鄂西-鄂西北,3704,-2000.0
INTERTRAN鄂西-鄂西北,3705,2000.0
INTERTRAN鄂西-鄂西北,3706,2000.0
INTERTRAN鄂西-鄂西北,3707,-1135.839438333335
INTERTRAN鄂西-鄂西北,3708,1244.161199629631
INTERTRAN鄂西-鄂西北,3709,2000.0
INTERTRAN鄂西-鄂西北,3710,2000.0
INTERTRAN鄂西-鄂西北,3711,2000.0
INTERTRAN鄂西-鄂西北,3712,-420.8011627777784
INTERTRAN鄂西-鄂西北,3713,2000.0
INTERTRAN鄂西-鄂西北,3714,-2000.0
INTERTRAN鄂西-鄂西北,3715,-2000.0
INTERTRAN鄂西-鄂西北,3716,-2000.0
INTERTRAN鄂西-鄂西北,3717,-2000.0
INTERTRAN鄂西-鄂西北,3718,-2000.0
INTERTRAN鄂西-鄂西北,3719,-2000.0
INTERTRAN鄂西-鄂西北,3720,-2000.0
INTERTRAN鄂西-鄂西北,3721,-2000.0
INTERTRAN鄂西-鄂西北,3722,-2000.0
INTERTRAN鄂西-鄂西北,3723,-2000.0
INTERTRAN鄂西-鄂西北,3724,-2000.0
INTERTRAN鄂西-鄂西北,3725,-2000.0
INTERTRAN鄂西-鄂西北,3726,-2000.0
INTERTRAN鄂西-鄂西北,3727,-2000.0
INTERTRAN鄂西-鄂西北,3728,2000.0
INTERTRAN鄂西-鄂西北,3729,-2000.0
INTERTRAN鄂西-鄂西北,3730,-2000.0
INTERTRAN鄂西-鄂西北,3731,2000.0
INTERTRAN鄂西-鄂西北,3732,2000.0
INTERTRAN鄂西-鄂西北,3733,2000.0
INTERTRAN鄂西-鄂西北,3734,-785.8948170588247
INTERTRAN鄂西-鄂西北,3735,2000.0
INTERTRAN鄂西-鄂西北,3736,-119.38512277777721
INTERTRAN鄂西-鄂西北,3737,2000.0
INTERTRAN鄂西-鄂西北,3738,-2000.0
INTERTRAN鄂西-鄂西北,3739,-2000.0
INTERTRAN鄂西-鄂西北,3740,-2000.0
INTERTRAN鄂西-鄂西北,3741,-2000.0
INTERTRAN鄂西-鄂西北,3742,2000.0
INTERTRAN鄂西-鄂西北,3743,-387.5095000000015
INTERTRAN鄂西-鄂东,3744,6440.029861481482
INTERTRAN鄂西-鄂东,3745,3382.400129999999
INTERTRAN鄂西-鄂东,3746,-983.1643017065206
INTERTRAN鄂西-鄂东,3747,7070.996780000001
INTERTRAN鄂西-鄂东,3748,2611.7562822705986
INTERTRAN鄂西-鄂东,3749,6373.601229382717
INTERTRAN鄂西-鄂东,3750,6993.78568
INTERTRAN鄂西-鄂东,3751,8611.517979992761
INTERTRAN鄂西-鄂东,3752,-2360.4864199999997
INTERTRAN鄂西-鄂东,3753,817.6392306172837
INTERTRAN鄂西-鄂东,3754,2463.31618
INTERTRAN鄂西-鄂东,3755,-857.4899249999951
INTERTRAN鄂西-鄂东,3756,39.758121394335234
INTERTRAN鄂西-鄂东,3757,46.94987999999648
INTERTRAN鄂西-鄂东,3758,-788.7165058387814
INTERTRAN鄂西-鄂东,3759,4213.502084313719
INTERTRAN鄂西-鄂东,3760,1236.463380000001
INTERTRAN鄂西-鄂东,3761,4115.696723075533
INTERTRAN鄂西-鄂东,3762,6298.833907984751
INTERTRAN鄂西-鄂东,3763,3678.9810911111135
INTERTRAN鄂西-鄂东,3764,7314.40148
INTERTRAN鄂西-鄂东,3765,5309.2023800000015
INTERTRAN鄂西-鄂东,3766,6801.416780000003
INTERTRAN鄂西-鄂东,3767,7712.428027647064
INTERTRAN鄂西-鄂东,3768,7987.231897647059
INTERTRAN鄂西-鄂东,3769,8969.82780222222
INTERTRAN鄂西-鄂东,3770,6746.879259520696
INTERTRAN鄂西-鄂东,3771,3762.252299999993
INTERTRAN鄂西-鄂东,3772,-573.2076014814816
INTERTRAN鄂西-鄂东,3773,8233.4789172549
INTERTRAN鄂西-鄂东,3774,1296.6260800000005
INTERTRAN鄂西-鄂东,3775,8569.077780000003
INTERTRAN鄂西-鄂东,3776,9601.3442
INTERTRAN鄂西-鄂东,3777,9240.354999999992
INTERTRAN鄂西-鄂东,3778,3649.881833333328
INTERTRAN鄂西-鄂东,3779,1731.802846666668
INTERTRAN鄂西-鄂东,3780,-684.2282555555621
INTERTRAN鄂西-鄂东,3781,5587.050828148147
INTERTRAN鄂西-鄂东,3782,-1494.3610942483524
INTERTRAN鄂西-鄂东,3783,3365.218399999998
INTERTRAN鄂西-鄂东,3784,5966.101036862747
INTERTRAN鄂西-鄂东,3785,8894.731874117646
INTERTRAN鄂西-鄂东,3786,5098.359599999994
INTERTRAN鄂西-鄂东,3787,5010.582866419754
INTERTRAN鄂西-鄂东,3788,8054.361010864201
INTERTRAN鄂西-鄂东,3789,3534.0187800000026
INTERTRAN鄂西-鄂东,3790,6652.333480000003
INTERTRAN鄂西-鄂东,3791,9185.112480000002
INTERTRAN鄂西-鄂东,3792,-628.2108399999908
INTERTRAN鄂西-鄂东,3793,7500.170860864201
INTERTRAN鄂西-鄂东,3794,10892.3216
INTERTRAN鄂西-鄂东,3795,6054.5791555555525
INTERTRAN鄂西-鄂东,3796,6890.470179999998
INTERTRAN鄂西-鄂东,3797,4701.118159800005
INTERTRAN鄂西-鄂东,3798,3513.5350015686263
INTERTRAN鄂西-鄂东,3799,6308.961880000001
INTERTRAN鄂西-鄂东,3800,4837.389299999994
INTERTRAN鄂西-鄂东,3801,7958.76863241467
INTERTRAN鄂西-鄂东,3802,1159.5337800000016
INTERTRAN鄂西-鄂东,3803,5914.836703666726
INTERTRAN鄂西-鄂东,3804,4524.11176888889
INTERTRAN鄂西-鄂东,3805,-5872.611281405217
INTERTRAN鄂西-鄂东,3806,1007.179586535947
INTERTRAN鄂西-鄂东,3807,7455.3240534422785
INTERTRAN鄂西-鄂东,3808,6781.109078941068
INTERTRAN鄂西-鄂东,3809,5415.271258823526
INTERTRAN鄂西-鄂东,3810,2851.1375999999946
INTERTRAN鄂西-鄂东,3811,5944.245674117647
INTERTRAN鄂西-鄂东,3812,9817.365625000002
INTERTRAN鄂西-鄂东,3813,7339.475352911081
INTERTRAN鄂西-鄂东,3814,6574.74208
INTERTRAN鄂西-鄂东,3815,10146.380009799997
INTERTRAN鄂西-鄂东,3816,8080.69658
INTERTRAN鄂西-鄂东,3817,8529.460480000003
INTERTRAN鄂西-鄂东,3818,5561.6837
INTERTRAN鄂西-鄂东,3819,7074.032579999999
INTERTRAN鄂西-鄂东,3820,9048.024074074076
INTERTRAN鄂西-鄂东,3821,6570.990400000001
INTERTRAN鄂西-鄂东,3822,7654.713499999998
INTERTRAN鄂西-鄂东,3823,8567.878799999999
INTERTRAN鄂西-鄂东,3824,8202.24448
INTERTRAN鄂西-鄂东,3825,6430.3694875624915
INTERTRAN鄂西-鄂东,3826,6152.7637503740225
INTERTRAN鄂西-鄂东,3827,5326.902880000003
INTERTRAN鄂西-鄂东,3828,1721.4994811111148
INTERTRAN鄂西-鄂东,3829,6492.1824999999935
INTERTRAN鄂西-鄂东,3830,-970.5936000000056
INTERTRAN鄂西-鄂东,3831,3717.62028
INTERTRAN鄂西-鄂东,3832,8440.459490344954
INTERTRAN鄂西-鄂东,3833,5522.689135158329
INTERTRAN鄂西-鄂东,3834,8846.830280000002
INTERTRAN鄂西-鄂东,3835,7920.817598518517
INTERTRAN鄂西-鄂东,3836,7519.990280000002
INTERTRAN鄂西-鄂东,3837,7558.238629999996
INTERTRAN鄂西-鄂东,3838,8689.735114876541
INTERTRAN鄂西-鄂东,3839,6256.910747850858
INTERTRAN鄂西-鄂东,3840,8617.430319753088
INTERTRAN鄂西-鄂东,3841,5923.445080000001
INTERTRAN鄂西-鄂东,3842,8028.6075
INTERTRAN鄂西-鄂东,3843,7822.8984165649945
INTERTRAN鄂西-鄂东,3844,5055.895158494122
INTERTRAN鄂西-鄂东,3845,8646.050607378362
INTERTRAN鄂西-鄂东,3846,9272.6769
INTERTRAN鄂西-鄂东,3847,8514.6394
INTERTRAN鄂西-鄂东,3848,9435.630099999998
INTERTRAN鄂西-鄂东,3849,9464.7152934375
INTERTRAN鄂西-鄂东,3850,6356.281356993461
INTERTRAN鄂西-鄂东,3851,7968.984340000001
INTERTRAN鄂西-鄂东,3852,1393.7522385620898
INTERTRAN鄂西-鄂东,3853,1804.0183999999917
INTERTRAN鄂西-鄂东,3854,6485.404773819744
INTERTRAN鄂西-鄂东,3855,4583.07399764706
INTERTRAN鄂西-鄂东,3856,2377.8836781844548
INTERTRAN鄂西-鄂东,3857,7104.196999629635
INTERTRAN鄂西-鄂东,3858,5009.041162222227
INTERTRAN鄂西-鄂东,3859,5906.209969135798
INTERTRAN鄂西-鄂东,3860,4751.82101500001
INTERTRAN鄂西-鄂东,3861,6808.975699999999
INTERTRAN鄂西-鄂东,3862,7322.568080000001
INTERTRAN鄂西-鄂东,3863,7567.893580000004
INTERTRAN鄂西-鄂东,3864,6987.1780800000015
INTERTRAN鄂西-鄂东,3865,9055.46858
INTERTRAN鄂西-鄂东,3866,8315.457270123456
INTERTRAN鄂西-鄂东,3867,8967.17422814815
INTERTRAN鄂西-鄂东,3868,8471.358895018157
INTERTRAN鄂西-鄂东,3869,8443.054179999997
INTERTRAN鄂西-鄂东,3870,3048.111780000003
INTERTRAN鄂西-鄂东,3871,7795.382180000002
INTERTRAN鄂西-鄂东,3872,6940.618880000002
INTERTRAN鄂西-鄂东,3873,6045.588680000001
INTERTRAN鄂西-鄂东,3874,4497.69548
INTERTRAN鄂西-鄂东,3875,3683.094299999995
INTERTRAN鄂西-鄂东,3876,1550.827250000004
INTERTRAN鄂西-鄂东,3877,3331.6989864697516
INTERTRAN鄂西-鄂东,3878,3152.616899999992
INTERTRAN鄂西-鄂东,3879,-2884.7639638888877
INTERTRAN鄂西-鄂东,3880,6499.029412843138
INTERTRAN鄂西-鄂东,3881,11722.17398
INTERTRAN鄂西-鄂东,3882,6237.211796346301
INTERTRAN鄂西-鄂东,3883,3788.815360000011
INTERTRAN鄂西-鄂东,3884,3637.6389800000024
INTERTRAN鄂西-鄂东,3885,9420.621880000002
INTERTRAN鄂西-鄂东,3886,7358.532880000004
INTERTRAN鄂西-鄂东,3887,7147.013080000001
INTERTRAN鄂西北-鄂东,3744,3000.0
INTERTRAN鄂西北-鄂东,3745,186.16775000000007
INTERTRAN鄂西北-鄂东,3746,1191.9431817065229
INTERTRAN鄂西北-鄂东,3747,3000.0
INTERTRAN鄂西北-鄂东,3748,3000.0
INTERTRAN鄂西北-鄂东,3749,3000.0
INTERTRAN鄂西北-鄂东,3750,3000.0
INTERTRAN鄂西北-鄂东,3751,1882.8158176542995
INTERTRAN鄂西北-鄂东,3752,3000.0
INTERTRAN鄂西北-鄂东,3753,3000.0
INTERTRAN鄂西北-鄂东,3754,-3000.0
INTERTRAN鄂西北-鄂东,3755,482.00860499999976
INTERTRAN鄂西北-鄂东,3756,-3000.0
INTERTRAN鄂西北-鄂东,3757,-3000.0
INTERTRAN鄂西北-鄂东,3758,-3000.0
INTERTRAN鄂西北-鄂东,3759,-444.628605000001
INTERTRAN鄂西北-鄂东,3760,-3000.0
INTERTRAN鄂西北-鄂东,3761,487.80301284313794
INTERTRAN鄂西北-鄂东,3762,-1697.7777550000008
INTERTRAN鄂西北-鄂东,3763,3000.0
INTERTRAN鄂西北-鄂东,3764,-3000.0
INTERTRAN鄂西北-鄂东,3765,3000.0
INTERTRAN鄂西北-鄂东,3766,3000.0
INTERTRAN鄂西北-鄂东,3767,-1006.3509476470605
INTERTRAN鄂西北-鄂东,3768,3000.0
INTERTRAN鄂西北-鄂东,3769,811.8497777777786
INTERTRAN鄂西北-鄂东,3770,3000.0
INTERTRAN鄂西北-鄂东,3771,3000.0
INTERTRAN鄂西北-鄂东,3772,3000.0
INTERTRAN鄂西北-鄂东,3773,3000.0
INTERTRAN鄂西北-鄂东,3774,3000.0
INTERTRAN鄂西北-鄂东,3775,3000.0
INTERTRAN鄂西北-鄂东,3776,773.7555149999998
INTERTRAN鄂西北-鄂东,3777,877.8103800000063
INTERTRAN鄂西北-鄂东,3778,-132.8430840603501
INTERTRAN鄂西北-鄂东,3779,-3000.0
INTERTRAN鄂西北-鄂东,3780,-3000.0
INTERTRAN鄂西北-鄂东,3781,-3000.0
INTERTRAN鄂西北-鄂东,3782,-3000.0
INTERTRAN鄂西北-鄂东,3783,-2164.123619999995
INTERTRAN鄂西北-鄂东,3784,-3000.0
INTERTRAN鄂西北-鄂东,3785,-3000.0
INTERTRAN鄂西北-鄂东,3786,-14.892471851840526
INTERTRAN鄂西北-鄂东,3787,3000.0
INTERTRAN鄂西北-鄂东,3788,3000.0
INTERTRAN鄂西北-鄂东,3789,3000.0
INTERTRAN鄂西北-鄂东,3790,3000.0
INTERTRAN鄂西北-鄂东,3791,3000.0
INTERTRAN鄂西北-鄂东,3792,3000.0
INTERTRAN鄂西北-鄂东,3793,2786.6937499999995
INTERTRAN鄂西北-鄂东,3794,2238.118999999999
INTERTRAN鄂西北-鄂东,3795,3000.0
INTERTRAN鄂西北-鄂东,3796,3000.0
INTERTRAN鄂西北-鄂东,3797,3000.0
INTERTRAN鄂西北-鄂东,3798,3000.0
INTERTRAN鄂西北-鄂东,3799,3000.0
INTERTRAN鄂西北-鄂东,3800,3000.0
INTERTRAN鄂西北-鄂东,3801,-241.4927750000013
INTERTRAN鄂西北-鄂东,3802,3000.0
INTERTRAN鄂西北-鄂东,3803,-3000.0
INTERTRAN鄂西北-鄂东,3804,-3000.0
INTERTRAN鄂西北-鄂东,3805,-1764.04215140523
INTERTRAN鄂西北-鄂东,3806,-3000.0
INTERTRAN鄂西北-鄂东,3807,-2721.119773442284
INTERTRAN鄂西北-鄂东,3808,-3000.0
INTERTRAN鄂西北-鄂东,3809,255.1980309804
INTERTRAN鄂西北-鄂东,3810,3000.0
INTERTRAN鄂西北-鄂东,3811,3000.0
INTERTRAN鄂西北-鄂东,3812,552.1737549999989
INTERTRAN鄂西北-鄂东,3813,3000.0
INTERTRAN鄂西北-鄂东,3814,3000.0
INTERTRAN鄂西北-鄂东,3815,2684.7249999999995
INTERTRAN鄂西北-鄂东,3816,3000.0
INTERTRAN鄂西北-鄂东,3817,3000.0
INTERTRAN鄂西北-鄂东,3818,3000.0
INTERTRAN鄂西北-鄂东,3819,3000.0
INTERTRAN鄂西北-鄂东,3820,2211.34
INTERTRAN鄂西北-鄂东,3821,2202.337989268924
INTERTRAN鄂西北-鄂东,3822,3000.0
INTERTRAN鄂西北-鄂东,3823,2131.9983249999977
INTERTRAN鄂西北-鄂东,3824,3000.0
INTERTRAN鄂西北-鄂东,3825,3000.0
INTERTRAN鄂西北-鄂东,3826,3000.0
INTERTRAN鄂西北-鄂东,3827,-3000.0
INTERTRAN鄂西北-鄂东,3828,-2401.210490000001
INTERTRAN鄂西北-鄂东,3829,-320.47254
INTERTRAN鄂西北-鄂东,3830,603.0831800000051
INTERTRAN鄂西北-鄂东,3831,3000.0
INTERTRAN鄂西北-鄂东,3832,-693.8211849999998
INTERTRAN鄂西北-鄂东,3833,2990.659444841673
INTERTRAN鄂西北-鄂东,3834,3000.0
INTERTRAN鄂西北-鄂东,3835,3000.0
INTERTRAN鄂西北-鄂东,3836,3000.0
INTERTRAN鄂西北-鄂东,3837,2826.679250000001
INTERTRAN鄂西北-鄂东,3838,3000.0
INTERTRAN鄂西北-鄂东,3839,3000.0
INTERTRAN鄂西北-鄂东,3840,2684.8031602469146
INTERTRAN鄂西北-鄂东,3841,3000.0
INTERTRAN鄂西北-鄂东,3842,3000.0
INTERTRAN鄂西北-鄂东,3843,2882.19006590414
INTERTRAN鄂西北-鄂东,3844,3000.0
INTERTRAN鄂西北-鄂东,3845,3000.0
INTERTRAN鄂西北-鄂东,3846,3000.0
INTERTRAN鄂西北-鄂东,3847,2380.8223650941177
INTERTRAN鄂西北-鄂东,3848,1867.4068466666668
INTERTRAN鄂西北-鄂东,3849,1834.0085865624997
INTERTRAN鄂西北-鄂东,3850,1212.865434117648
INTERTRAN鄂西北-鄂东,3851,-973.2636600000008
INTERTRAN鄂西北-鄂东,3852,693.605515947715
INTERTRAN鄂西北-鄂东,3853,-3.6955252256755102
INTERTRAN鄂西北-鄂东,3854,-3000.0
INTERTRAN鄂西北-鄂东,3855,-3000.0
INTERTRAN鄂西北-鄂东,3856,-3000.0
INTERTRAN鄂西北-鄂东,3857,-802.69429
INTERTRAN鄂西北-鄂东,3858,2086.302717777777
INTERTRAN鄂西北-鄂东,3859,-234.59408913579773
INTERTRAN鄂西北-鄂东,3860,3000.0
INTERTRAN鄂西北-鄂东,3861,3000.0
INTERTRAN鄂西北-鄂东,3862,3000.0
INTERTRAN鄂西北-鄂东,3863,3000.0
INTERTRAN鄂西北-鄂东,3864,3000.0
INTERTRAN鄂西北-鄂东,3865,3000.0
INTERTRAN鄂西北-鄂东,3866,3000.0
INTERTRAN鄂西北-鄂东,3867,3000.0
INTERTRAN鄂西北-鄂东,3868,2518.486984981846
INTERTRAN鄂西北-鄂东,3869,3000.0
INTERTRAN鄂西北-鄂东,3870,3000.0
INTERTRAN鄂西北-鄂东,3871,3000.0
INTERTRAN鄂西北-鄂东,3872,3000.0
INTERTRAN鄂西北-鄂东,3873,3000.0
INTERTRAN鄂西北-鄂东,3874,-3000.0
INTERTRAN鄂西北-鄂东,3875,33.98958000000499
INTERTRAN鄂西北-鄂东,3876,331.35692999999844
INTERTRAN鄂西北-鄂东,3877,-3000.0
INTERTRAN鄂西北-鄂东,3878,1589.0583800000131
INTERTRAN鄂西北-鄂东,3879,696.6224549999995
INTERTRAN鄂西北-鄂东,3880,-244.2078250000003
INTERTRAN鄂西北-鄂东,3881,-3000.0
INTERTRAN鄂西北-鄂东,3882,-388.8482114080258
INTERTRAN鄂西北-鄂东,3883,-3000.0
INTERTRAN鄂西北-鄂东,3884,3000.0
INTERTRAN鄂西北-鄂东,3885,3000.0
INTERTRAN鄂西北-鄂东,3886,-436.00150000000065
INTERTRAN鄂西北-鄂东,3887,3000.0
INTERTRAN鄂西-鄂西北,3744,-2000.0
INTERTRAN鄂西-鄂西北,3745,-2000.0
INTERTRAN鄂西-鄂西北,3746,-2000.0
INTERTRAN鄂西-鄂西北,3747,-2000.0
INTERTRAN鄂西-鄂西北,3748,-2000.0
INTERTRAN鄂西-鄂西北,3749,-2000.0
INTERTRAN鄂西-鄂西北,3750,-2000.0
INTERTRAN鄂西-鄂西北,3751,-2000.0
INTERTRAN鄂西-鄂西北,3752,-289.84658000000445
INTERTRAN鄂西-鄂西北,3753,1564.045445000001
INTERTRAN鄂西-鄂西北,3754,2000.0
INTERTRAN鄂西-鄂西北,3755,2000.0
INTERTRAN鄂西-鄂西北,3756,2000.0
INTERTRAN鄂西-鄂西北,3757,12.055114999999205
INTERTRAN鄂西-鄂西北,3758,2000.0
INTERTRAN鄂西-鄂西北,3759,-2000.0
INTERTRAN鄂西-鄂西北,3760,-87.05118000000584
INTERTRAN鄂西-鄂西北,3761,2000.0
INTERTRAN鄂西-鄂西北,3762,-2000.0
INTERTRAN鄂西-鄂西北,3763,-1880.5896447427933
INTERTRAN鄂西-鄂西北,3764,98.13962403050346
INTERTRAN鄂西-鄂西北,3765,-2000.0
INTERTRAN鄂西-鄂西北,3766,-2000.0
INTERTRAN鄂西-鄂西北,3767,-2000.0
INTERTRAN鄂西-鄂西北,3768,-1612.913697647059
INTERTRAN鄂西-鄂西北,3769,-2000.0
INTERTRAN鄂西-鄂西北,3770,-2000.0
INTERTRAN鄂西-鄂西北,3771,-2000.0
INTERTRAN鄂西-鄂西北,3772,-1709.856749999999
INTERTRAN鄂西-鄂西北,3773,-2000.0
INTERTRAN鄂西-鄂西北,3774,-2000.0
INTERTRAN鄂西-鄂西北,3775,-2000.0
INTERTRAN鄂西-鄂西北,3776,-2000.0
INTERTRAN鄂西-鄂西北,3777,-2000.0
INTERTRAN鄂西-鄂西北,3778,2000.0
INTERTRAN鄂西-鄂西北,3779,606.5255868917989
INTERTRAN鄂西-鄂西北,3780,2000.0
INTERTRAN鄂西-鄂西北,3781,-1655.158117254905
INTERTRAN鄂西-鄂西北,3782,2000.0
INTERTRAN鄂西-鄂西北,3783,2000.0
INTERTRAN鄂西-鄂西北,3784,2000.0
INTERTRAN鄂西-鄂西北,3785,-371.5609381808325
INTERTRAN鄂西-鄂西北,3786,2000.0
INTERTRAN鄂西-鄂西北,3787,-435.5769802037099
INTERTRAN鄂西-鄂西北,3788,-86.18066499999986
INTERTRAN鄂西-鄂西北,3789,-2000.0
INTERTRAN鄂西-鄂西北,3790,-2000.0
INTERTRAN鄂西-鄂西北,3791,-1747.5107500000008
INTERTRAN鄂西-鄂西北,3792,-71.1864999999998
INTERTRAN鄂西-鄂西北,3793,-2000.0
INTERTRAN鄂西-鄂西北,3794,-2000.0
INTERTRAN鄂西-鄂西北,3795,-2000.0
INTERTRAN鄂西-鄂西北,3796,-2000.0
INTERTRAN鄂西-鄂西北,3797,-2000.0
INTERTRAN鄂西-鄂西北,3798,-601.5862499999998
INTERTRAN鄂西-鄂西北,3799,-1976.7771549999998
INTERTRAN鄂西-鄂西北,3800,-2000.0
INTERTRAN鄂西-鄂西北,3801,-2000.0
INTERTRAN鄂西-鄂西北,3802,-2000.0
INTERTRAN鄂西-鄂西北,3803,1735.3333407777166
INTERTRAN鄂西-鄂西北,3804,-939.2487199999996
INTERTRAN鄂西-鄂西北,3805,2000.0
INTERTRAN鄂西-鄂西北,3806,2000.0
INTERTRAN鄂西-鄂西北,3807,2000.0
INTERTRAN鄂西-鄂西北,3808,-1057.265922222222
INTERTRAN鄂西-鄂西北,3809,2000.0
INTERTRAN鄂西-鄂西北,3810,2000.0
INTERTRAN鄂西-鄂西北,3811,-1616.0676741176503
INTERTRAN鄂西-鄂西北,3812,-2000.0
INTERTRAN鄂西-鄂西北,3813,-2000.0
INTERTRAN鄂西-鄂西北,3814,351.01174999999967
INTERTRAN鄂西-鄂西北,3815,-2000.0
INTERTRAN鄂西-鄂西北,3816,-2000.0
INTERTRAN鄂西-鄂西北,3817,-1613.7095800000043
INTERTRAN鄂西-鄂西北,3818,366.5375000000008
INTERTRAN鄂西-鄂西北,3819,-1167.8374999999987
INTERTRAN鄂西-鄂西北,3820,-2000.0
INTERTRAN鄂西-鄂西北,3821,-2000.0
INTERTRAN鄂西-鄂西北,3822,-2000.0
INTERTRAN鄂西-鄂西北,3823,-2000.0
INTERTRAN鄂西-鄂西北,3824,-2000.0
INTERTRAN鄂西-鄂西北,3825,2000.0
INTERTRAN鄂西-鄂西北,3826,-2000.0
INTERTRAN鄂西-鄂西北,3827,386.56530721404255
INTERTRAN鄂西-鄂西北,3828,-2000.0
INTERTRAN鄂西-鄂西北,3829,-2000.0
INTERTRAN鄂西-鄂西北,3830,2000.0
INTERTRAN鄂西-鄂西北,3831,1311.5473650000006
INTERTRAN鄂西-鄂西北,3832,-2000.0
INTERTRAN鄂西-鄂西北,3833,-2000.0
INTERTRAN鄂西-鄂西北,3834,386.65602987654165
INTERTRAN鄂西-鄂西北,3835,40.28281500000048
INTERTRAN鄂西-鄂西北,3836,-454.666580000002
INTERTRAN鄂西-鄂西北,3837,-2000.0
INTERTRAN鄂西-鄂西北,3838,-885.8734148765407
INTERTRAN鄂西-鄂西北,3839,-2000.0
INTERTRAN鄂西-鄂西北,3840,-2000.0
INTERTRAN鄂西-鄂西北,3841,-2000.0
INTERTRAN鄂西-鄂西北,3842,-2000.0
INTERTRAN鄂西-鄂西北,3843,2000.0
INTERTRAN鄂西-鄂西北,3844,-2000.0
INTERTRAN鄂西-鄂西北,3845,-1993.5944051972801
INTERTRAN鄂西-鄂西北,3846,-2000.0
INTERTRAN鄂西-鄂西北,3847,-2000.0
INTERTRAN鄂西-鄂西北,3848,-2000.0
INTERTRAN鄂西-鄂西北,3849,-2000.0
INTERTRAN鄂西-鄂西北,3850,-2000.0
INTERTRAN鄂西-鄂西北,3851,-2000.0
INTERTRAN鄂西-鄂西北,3852,2000.0
INTERTRAN鄂西-鄂西北,3853,2000.0
INTERTRAN鄂西-鄂西北,3854,2000.0
INTERTRAN鄂西-鄂西北,3855,1059.675902352933
INTERTRAN鄂西-鄂西北,3856,149.19163666666617
INTERTRAN鄂西-鄂西北,3857,-2000.0
INTERTRAN鄂西-鄂西北,3858,-2000.0
INTERTRAN鄂西-鄂西北,3859,-2000.0
INTERTRAN鄂西-鄂西北,3860,-1533.0320899999997
INTERTRAN鄂西-鄂西北,3861,-2000.0
INTERTRAN鄂西-鄂西北,3862,-2000.0
INTERTRAN鄂西-鄂西北,3863,-2000.0
INTERTRAN鄂西-鄂西北,3864,-2000.0
INTERTRAN鄂西-鄂西北,3865,-2000.0
INTERTRAN鄂西-鄂西北,3866,-2000.0
INTERTRAN鄂西-鄂西北,3867,-227.32425000000012
INTERTRAN鄂西-鄂西北,3868,-2000.0
INTERTRAN鄂西-鄂西北,3869,2000.0
INTERTRAN鄂西-鄂西北,3870,-1741.242180000009
INTERTRAN鄂西-鄂西北,3871,-2000.0
INTERTRAN鄂西-鄂西北,3872,-2000.0
INTERTRAN鄂西-鄂西北,3873,-2000.0
INTERTRAN鄂西-鄂西北,3874,343.34138000000075
INTERTRAN鄂西-鄂西北,3875,2000.0
INTERTRAN鄂西-鄂西北,3876,2000.0
INTERTRAN鄂西-鄂西北,3877,-1631.0200600000003
INTERTRAN鄂西-鄂西北,3878,2000.0
INTERTRAN鄂西-鄂西北,3879,2000.0
INTERTRAN鄂西-鄂西北,3880,-2000.0
INTERTRAN鄂西-鄂西北,3881,-964.7449300000001
INTERTRAN鄂西-鄂西北,3882,-2000.0
INTERTRAN鄂西-鄂西北,3883,-577.5954149999998
INTERTRAN鄂西-鄂西北,3884,-2000.0
INTERTRAN鄂西-鄂西北,3885,-2000.0
INTERTRAN鄂西-鄂西北,3886,-2000.0
INTERTRAN鄂西-鄂西北,3887,-2000.0
INTERTRAN鄂西-鄂东,3888,6234.818813333334
INTERTRAN鄂西-鄂东,3889,8744.041999999994
INTERTRAN鄂西-鄂东,3890,5676.586580000001
INTERTRAN鄂西-鄂东,3891,5983.823580000004
INTERTRAN鄂西-鄂东,3892,1898.6034008495421
INTERTRAN鄂西-鄂东,3893,4340.297380000003
INTERTRAN鄂西-鄂东,3894,7467.337180000002
INTERTRAN鄂西-鄂东,3895,6891.468742926596
INTERTRAN鄂西-鄂东,3896,5469.1330712256
INTERTRAN鄂西-鄂东,3897,5378.498080000001
INTERTRAN鄂西-鄂东,3898,2611.9292600000012
INTERTRAN鄂西-鄂东,3899,-1592.9477199999974
INTERTRAN鄂西-鄂东,3900,3305.062551851847
INTERTRAN鄂西-鄂东,3901,3543.1365999999953
INTERTRAN鄂西-鄂东,3902,-1458.141250000007
INTERTRAN鄂西-鄂东,3903,-2818.1948186274535
INTERTRAN鄂西-鄂东,3904,199.22509684679775
INTERTRAN鄂西-鄂东,3905,1719.8743799999984
INTERTRAN鄂西-鄂东,3906,3014.6741349019617
INTERTRAN鄂西-鄂东,3907,4699.125164999998
INTERTRAN鄂西-鄂东,3908,1977.5664800000013
INTERTRAN鄂西-鄂东,3909,5841.061448148146
INTERTRAN鄂西-鄂东,3910,4736.003030000005
INTERTRAN鄂西-鄂东,3911,5407.077579999999
INTERTRAN鄂西-鄂东,3912,5292.712680000001
INTERTRAN鄂西-鄂东,3913,4928.81378
INTERTRAN鄂西-鄂东,3914,3043.1381707843193
INTERTRAN鄂西-鄂东,3915,4721.019089215679
INTERTRAN鄂西-鄂东,3916,4471.90438
INTERTRAN鄂西-鄂东,3917,4396.915833333328
INTERTRAN鄂西-鄂东,3918,5674.546980000005
INTERTRAN鄂西-鄂东,3919,7350.8299999999945
INTERTRAN鄂西-鄂东,3920,6057.833198765427
INTERTRAN鄂西-鄂东,3921,6403.548595686278
INTERTRAN鄂西-鄂东,3922,3688.8068927777786
INTERTRAN鄂西-鄂东,3923,6171.081162236741
INTERTRAN鄂西-鄂东,3924,5069.679799999994
INTERTRAN鄂西-鄂东,3925,-3954.2686010728576
INTERTRAN鄂西-鄂东,3926,1307.2583403267788
INTERTRAN鄂西-鄂东,3927,2591.17858
INTERTRAN鄂西-鄂东,3928,4908.297606372551
INTERTRAN鄂西-鄂东,3929,3135.937880000003
INTERTRAN鄂西-鄂东,3930,2629.12418
INTERTRAN鄂西-鄂东,3931,5925.342099999996
INTERTRAN鄂西-鄂东,3932,6787.408480000002
INTERTRAN鄂西-鄂东,3933,7194.635732941177
INTERTRAN鄂西-鄂东,3934,3810.0071799999987
INTERTRAN鄂西-鄂东,3935,6601.939630000003
INTERTRAN鄂西-鄂东,3936,3745.05808
INTERTRAN鄂西-鄂东,3937,7948.031980000003
INTERTRAN鄂西-鄂东,3938,5326.842980000003
INTERTRAN鄂西-鄂东,3939,5089.224279999999
INTERTRAN鄂西-鄂东,3940,5675.561579999999
INTERTRAN鄂西-鄂东,3941,3732.7295099999988
INTERTRAN鄂西-鄂东,3942,7724.869089874874
INTERTRAN鄂西-鄂东,3943,8487.128780000001
INTERTRAN鄂西-鄂东,3944,8093.947438064706
INTERTRAN鄂西-鄂东,3945,6862.530303278901
INTERTRAN鄂西-鄂东,3946,5544.78583950617
INTERTRAN鄂西-鄂东,3947,1494.0203893209907
INTERTRAN鄂西-鄂东,3948,528.62209500001
INTERTRAN鄂西-鄂东,3949,-374.0276000000067
INTERTRAN鄂西-鄂东,3950,760.4837999999927
INTERTRAN鄂西-鄂东,3951,785.2486481481412
INTERTRAN鄂西-鄂东,3952,2812.243899999995
INTERTRAN鄂西-鄂东,3953,8882.487269117648
INTERTRAN鄂西-鄂东,3954,6897.09793135001
INTERTRAN鄂西-鄂东,3955,5166.832979999999
INTERTRAN鄂西-鄂东,3956,5015.808140000001
INTERTRAN鄂西-鄂东,3957,7968.633130000001
INTERTRAN鄂西-鄂东,3958,3253.027780000001
INTERTRAN鄂西-鄂东,3959,7446.275017250003
INTERTRAN鄂西-鄂东,3960,9795.830880000003
INTERTRAN鄂西-鄂东,3961,8063.825249999999
INTERTRAN鄂西-鄂东,3962,7104.713979999997
INTERTRAN鄂西-鄂东,3963,6047.225020740743
INTERTRAN鄂西-鄂东,3964,6084.458280000001
INTERTRAN鄂西-鄂东,3965,7168.857262352941
INTERTRAN鄂西-鄂东,3966,4871.8975800000035
INTERTRAN鄂西-鄂东,3967,8437.95738
INTERTRAN鄂西-鄂东,3968,6735.76478392157
INTERTRAN鄂西-鄂东,3969,4491.249278649989
INTERTRAN鄂西-鄂东,3970,98.98131781771775
INTERTRAN鄂西-鄂东,3971,2485.878899999996
INTERTRAN鄂西-鄂东,3972,5797.678079999998
INTERTRAN鄂西-鄂东,3973,1883.687139149334
INTERTRAN鄂西-鄂东,3974,5566.915597530855
INTERTRAN鄂西-鄂东,3975,3317.597711111108
INTERTRAN鄂西-鄂东,3976,4229.059688888885
INTERTRAN鄂西-鄂东,3977,6466.289896666664
INTERTRAN鄂西-鄂东,3978,8008.315424999997
INTERTRAN鄂西-鄂东,3979,3956.220479999997
INTERTRAN鄂西-鄂东,3980,6490.357499999995
INTERTRAN鄂西-鄂东,3981,8551.666699999998
INTERTRAN鄂西-鄂东,3982,5075.425430000003
INTERTRAN鄂西-鄂东,3983,7931.423379999998
INTERTRAN鄂西-鄂东,3984,9377.81928
INTERTRAN鄂西-鄂东,3985,6674.326180000002
INTERTRAN鄂西-鄂东,3986,9275.345354074074
INTERTRAN鄂西-鄂东,3987,7907.719829999999
INTERTRAN鄂西-鄂东,3988,4484.125480000001
INTERTRAN鄂西-鄂东,3989,7564.634479999999
INTERTRAN鄂西-鄂东,3990,8849.811553529413
INTERTRAN鄂西-鄂东,3991,8323.231680000003
INTERTRAN鄂西-鄂东,3992,11203.811615000002
INTERTRAN鄂西-鄂东,3993,10272.3914068
INTERTRAN鄂西-鄂东,3994,5080.265845
INTERTRAN鄂西-鄂东,3995,1398.8857556790151
INTERTRAN鄂西-鄂东,3996,5017.587779999998
INTERTRAN鄂西-鄂东,3997,589.931540000005
INTERTRAN鄂西-鄂东,3998,4876.435800915035
INTERTRAN鄂西-鄂东,3999,7132.855926764712
INTERTRAN鄂西-鄂东,4000,718.0076993463974
INTERTRAN鄂西-鄂东,4001,7609.7225745098
INTERTRAN鄂西-鄂东,4002,3974.0236799999984
INTERTRAN鄂西-鄂东,4003,3998.693879999999
INTERTRAN鄂西-鄂东,4004,8338.286199999999
INTERTRAN鄂西-鄂东,4005,7258.87918
INTERTRAN鄂西-鄂东,4006,6155.896879999998
INTERTRAN鄂西-鄂东,4007,9553.366454074074
INTERTRAN鄂西-鄂东,4008,10407.402000000002
INTERTRAN鄂西-鄂东,4009,8961.41968
INTERTRAN鄂西-鄂东,4010,2975.768136600011
INTERTRAN鄂西-鄂东,4011,6974.89798
INTERTRAN鄂西-鄂东,4012,6492.411179999999
INTERTRAN鄂西-鄂东,4013,6816.867679999999
INTERTRAN鄂西-鄂东,4014,4336.71078
INTERTRAN鄂西-鄂东,4015,5731.15489999999
INTERTRAN鄂西-鄂东,4016,7313.987400000001
INTERTRAN鄂西-鄂东,4017,6045.435779999996
INTERTRAN鄂西-鄂东,4018,3001.683800555559
INTERTRAN鄂西-鄂东,4019,3366.2554999999957
INTERTRAN鄂西-鄂东,4020,4518.404496130506
INTERTRAN鄂西-鄂东,4021,4885.053199999993
INTERTRAN鄂西-鄂东,4022,7575.279359259252
INTERTRAN鄂西-鄂东,4023,1958.153966666658
INTERTRAN鄂西-鄂东,4024,1998.8052200000004
INTERTRAN鄂西-鄂东,4025,7851.415954999999
INTERTRAN鄂西-鄂东,4026,8263.358980000003
INTERTRAN鄂西-鄂东,4027,6727.974480000001
INTERTRAN鄂西-鄂东,4028,8267.90436000001
INTERTRAN鄂西-鄂东,4029,9472.4551
INTERTRAN鄂西-鄂东,4030,5876.8478
INTERTRAN鄂西-鄂东,4031,8926.619960000005
INTERTRAN鄂西北-鄂东,3888,3000.0
INTERTRAN鄂西北-鄂东,3889,950.860180000007
INTERTRAN鄂西北-鄂东,3890,3000.0
INTERTRAN鄂西北-鄂东,3891,3000.0
INTERTRAN鄂西北-鄂东,3892,3000.0
INTERTRAN鄂西北-鄂东,3893,3000.0
INTERTRAN鄂西北-鄂东,3894,3000.0
INTERTRAN鄂西北-鄂东,3895,1645.4981370734035
INTERTRAN鄂西北-鄂东,3896,922.4092087743993
INTERTRAN鄂西北-鄂东,3897,3000.0
INTERTRAN鄂西北-鄂东,3898,1792.7337199999988
INTERTRAN鄂西北-鄂东,3899,3000.0
INTERTRAN鄂西北-鄂东,3900,-1218.877605185178
INTERTRAN鄂西北-鄂东,3901,-2885.3717886274435
INTERTRAN鄂西北-鄂东,3902,3000.0
INTERTRAN鄂西北-鄂东,3903,2410.2195300000003
INTERTRAN鄂西北-鄂东,3904,3000.0
INTERTRAN鄂西北-鄂东,3905,3000.0
INTERTRAN鄂西北-鄂东,3906,3000.0
INTERTRAN鄂西北-鄂东,3907,-172.34638499999937
INTERTRAN鄂西北-鄂东,3908,3000.0
INTERTRAN鄂西北-鄂东,3909,1368.8382500000002
INTERTRAN鄂西北-鄂东,3910,-52.34275000000116
INTERTRAN鄂西北-鄂东,3911,3000.0
INTERTRAN鄂西北-鄂东,3912,3000.0
INTERTRAN鄂西北-鄂东,3913,3000.0
INTERTRAN鄂西北-鄂东,3914,3000.0
INTERTRAN鄂西北-鄂东,3915,3000.0
INTERTRAN鄂西北-鄂东,3916,1875.3439999999991
INTERTRAN鄂西北-鄂东,3917,1864.2492500000008
INTERTRAN鄂西北-鄂东,3918,1821.0309999999981
INTERTRAN鄂西北-鄂东,3919,2139.2975800000113
INTERTRAN鄂西北-鄂东,3920,1366.3966427253197
INTERTRAN鄂西北-鄂东,3921,3000.0
INTERTRAN鄂西北-鄂东,3922,-473.8873127777778
INTERTRAN鄂西北-鄂东,3923,-1505.6392800000008
INTERTRAN鄂西北-鄂东,3924,-1002.5451500000008
INTERTRAN鄂西北-鄂东,3925,2154.2727399999994
INTERTRAN鄂西北-鄂东,3926,2479.260179999999
INTERTRAN鄂西北-鄂东,3927,-3000.0
INTERTRAN鄂西北-鄂东,3928,-997.0178950000007
INTERTRAN鄂西北-鄂东,3929,3000.0
INTERTRAN鄂西北-鄂东,3930,3000.0
INTERTRAN鄂西北-鄂东,3931,1302.9159800000034
INTERTRAN鄂西北-鄂东,3932,3000.0
INTERTRAN鄂西北-鄂东,3933,3000.0
INTERTRAN鄂西北-鄂东,3934,3000.0
INTERTRAN鄂西北-鄂东,3935,1168.107249999999
INTERTRAN鄂西北-鄂东,3936,3000.0
INTERTRAN鄂西北-鄂东,3937,3000.0
INTERTRAN鄂西北-鄂东,3938,2592.7439999999992
INTERTRAN鄂西北-鄂东,3939,3000.0
INTERTRAN鄂西北-鄂东,3940,2459.4080000000004
INTERTRAN鄂西北-鄂东,3941,2956.999000000002
INTERTRAN鄂西北-鄂东,3942,2865.2469901251266
INTERTRAN鄂西北-鄂东,3943,3000.0
INTERTRAN鄂西北-鄂东,3944,3000.0
INTERTRAN鄂西北-鄂东,3945,2540.3308767210974
INTERTRAN鄂西北-鄂东,3946,-649.1783558823529
INTERTRAN鄂西北-鄂东,3947,2431.985445
INTERTRAN鄂西北-鄂东,3948,3000.0
INTERTRAN鄂西北-鄂东,3949,2032.6231800000078
INTERTRAN鄂西北-鄂东,3950,283.74086499999953
INTERTRAN鄂西北-鄂东,3951,1501.2198318518597
INTERTRAN鄂西北-鄂东,3952,2500.3029800000086
INTERTRAN鄂西北-鄂东,3953,-408.3572949999998
INTERTRAN鄂西北-鄂东,3954,3000.0
INTERTRAN鄂西北-鄂东,3955,3000.0
INTERTRAN鄂西北-鄂东,3956,1281.1811399999992
INTERTRAN鄂西北-鄂东,3957,1401.45575
INTERTRAN鄂西北-鄂东,3958,3000.0
INTERTRAN鄂西北-鄂东,3959,3000.0
INTERTRAN鄂西北-鄂东,3960,3000.0
INTERTRAN鄂西北-鄂东,3961,3000.0
INTERTRAN鄂西北-鄂东,3962,3000.0
INTERTRAN鄂西北-鄂东,3963,3000.0
INTERTRAN鄂西北-鄂东,3964,3000.0
INTERTRAN鄂西北-鄂东,3965,3000.0
INTERTRAN鄂西北-鄂东,3966,3000.0
INTERTRAN鄂西北-鄂东,3967,3000.0
INTERTRAN鄂西北-鄂东,3968,3000.0
INTERTRAN鄂西北-鄂东,3969,2936.0103499999987
INTERTRAN鄂西北-鄂东,3970,785.6553817901229
INTERTRAN鄂西北-鄂东,3971,-145.92572588234907
INTERTRAN鄂西北-鄂东,3972,-3000.0
INTERTRAN鄂西北-鄂东,3973,-2643.7748599999995
INTERTRAN鄂西北-鄂东,3974,-3000.0
INTERTRAN鄂西北-鄂东,3975,-3000.0
INTERTRAN鄂西北-鄂东,3976,-2570.4414800000013
INTERTRAN鄂西北-鄂东,3977,-253.01494999999932
INTERTRAN鄂西北-鄂东,3978,-1056.800845
INTERTRAN鄂西北-鄂东,3979,3000.0
INTERTRAN鄂西北-鄂东,3980,1290.6515800000057
INTERTRAN鄂西北-鄂东,3981,3000.0
INTERTRAN鄂西北-鄂东,3982,2889.5942499999983
INTERTRAN鄂西北-鄂东,3983,3000.0
INTERTRAN鄂西北-鄂东,3984,3000.0
INTERTRAN鄂西北-鄂东,3985,3000.0
INTERTRAN鄂西北-鄂东,3986,1726.3055
INTERTRAN鄂西北-鄂东,3987,2293.522750000001
INTERTRAN鄂西北-鄂东,3988,3000.0
INTERTRAN鄂西北-鄂东,3989,3000.0
INTERTRAN鄂西北-鄂东,3990,1766.4212499999996
INTERTRAN鄂西北-鄂东,3991,3000.0
INTERTRAN鄂西北-鄂东,3992,1237.1950649999994
INTERTRAN鄂西北-鄂东,3993,847.9194750000006
INTERTRAN鄂西北-鄂东,3994,-1191.6323650000008
INTERTRAN鄂西北-鄂东,3995,2877.8523699999996
INTERTRAN鄂西北-鄂东,3996,-3000.0
INTERTRAN鄂西北-鄂东,3997,2966.2218399999983
INTERTRAN鄂西北-鄂东,3998,-3000.0
INTERTRAN鄂西北-鄂东,3999,-1216.4675467647126
INTERTRAN鄂西北-鄂东,4000,-1819.5129193464002
INTERTRAN鄂西北-鄂东,4001,-2143.28360431372
INTERTRAN鄂西北-鄂东,4002,3000.0
INTERTRAN鄂西北-鄂东,4003,3000.0
INTERTRAN鄂西北-鄂东,4004,3000.0
INTERTRAN鄂西北-鄂东,4005,3000.0
INTERTRAN鄂西北-鄂东,4006,998.2615000000005
INTERTRAN鄂西北-鄂东,4007,660.2709999999997
INTERTRAN鄂西北-鄂东,4008,1567.835579999999
INTERTRAN鄂西北-鄂东,4009,3000.0
INTERTRAN鄂西北-鄂东,4010,-934.944
INTERTRAN鄂西北-鄂东,4011,3000.0
INTERTRAN鄂西北-鄂东,4012,3000.0
INTERTRAN鄂西北-鄂东,4013,3000.0
INTERTRAN鄂西北-鄂东,4014,2152.9809999999998
INTERTRAN鄂西北-鄂东,4015,719.5536351383208
INTERTRAN鄂西北-鄂东,4016,3000.0
INTERTRAN鄂西北-鄂东,4017,3000.0
INTERTRAN鄂西北-鄂东,4018,2353.7136127777762
INTERTRAN鄂西北-鄂东,4019,-2530.8572400000003
INTERTRAN鄂西北-鄂东,4020,-1716.9923323251273
INTERTRAN鄂西北-鄂东,4021,-1842.9118749999998
INTERTRAN鄂西北-鄂东,4022,-1313.672451808272
INTERTRAN鄂西北-鄂东,4023,2705.851568333353
INTERTRAN鄂西北-鄂东,4024,2035.400659999999
INTERTRAN鄂西北-鄂东,4025,686.9285250000012
INTERTRAN鄂西北-鄂东,4026,3000.0
INTERTRAN鄂西北-鄂东,4027,3000.0
INTERTRAN鄂西北-鄂东,4028,3000.0
INTERTRAN鄂西北-鄂东,4029,1443.421580000002
INTERTRAN鄂西北-鄂东,4030,1312.4409999999993
INTERTRAN鄂西北-鄂东,4031,3000.0
INTERTRAN鄂西-鄂西北,3888,540.9618650000018
INTERTRAN鄂西-鄂西北,3889,-2000.0
INTERTRAN鄂西-鄂西北,3890,-1679.8446365938091
INTERTRAN鄂西-鄂西北,3891,-2000.0
INTERTRAN鄂西-鄂西北,3892,-265.5817499999997
INTERTRAN鄂西-鄂西北,3893,-1395.579962962962
INTERTRAN鄂西-鄂西北,3894,-2000.0
INTERTRAN鄂西-鄂西北,3895,-2000.0
INTERTRAN鄂西-鄂西北,3896,-2000.0
INTERTRAN鄂西-鄂西北,3897,-863.7106149999995
INTERTRAN鄂西-鄂西北,3898,-2000.0
INTERTRAN鄂西-鄂西北,3899,457.0280400000006
INTERTRAN鄂西-鄂西北,3900,2000.0
INTERTRAN鄂西-鄂西北,3901,2000.0
INTERTRAN鄂西-鄂西北,3902,57.72725000000082
INTERTRAN鄂西-鄂西北,3903,2000.0
INTERTRAN鄂西-鄂西北,3904,1147.7309927777796
INTERTRAN鄂西-鄂西北,3905,1805.7836199999965
INTERTRAN鄂西-鄂西北,3906,121.87456509803087
INTERTRAN鄂西-鄂西北,3907,-2000.0
INTERTRAN鄂西-鄂西北,3908,-2000.0
INTERTRAN鄂西-鄂西北,3909,-2000.0
INTERTRAN鄂西-鄂西北,3910,-2000.0
INTERTRAN鄂西-鄂西北,3911,-2000.0
INTERTRAN鄂西-鄂西北,3912,-2000.0
INTERTRAN鄂西-鄂西北,3913,-1746.7580244444512
INTERTRAN鄂西-鄂西北,3914,-2000.0
INTERTRAN鄂西-鄂西北,3915,-1135.8877499999999
INTERTRAN鄂西-鄂西北,3916,-2000.0
INTERTRAN鄂西-鄂西北,3917,-2000.0
INTERTRAN鄂西-鄂西北,3918,-2000.0
INTERTRAN鄂西-鄂西北,3919,-2000.0
INTERTRAN鄂西-鄂西北,3920,-2000.0
INTERTRAN鄂西-鄂西北,3921,-1691.3954755999962
INTERTRAN鄂西-鄂西北,3922,-2000.0
INTERTRAN鄂西-鄂西北,3923,-2000.0
INTERTRAN鄂西-鄂西北,3924,2000.0
INTERTRAN鄂西-鄂西北,3925,2000.0
INTERTRAN鄂西-鄂西北,3926,2000.0
INTERTRAN鄂西-鄂西北,3927,-2000.0
INTERTRAN鄂西-鄂西北,3928,-2000.0
INTERTRAN鄂西-鄂西北,3929,1990.1929541176476
INTERTRAN鄂西-鄂西北,3930,-226.09252500000002
INTERTRAN鄂西-鄂西北,3931,-2000.0
INTERTRAN鄂西-鄂西北,3932,-1431.8847600000008
INTERTRAN鄂西-鄂西北,3933,-2000.0
INTERTRAN鄂西-鄂西北,3934,-1427.491
INTERTRAN鄂西-鄂西北,3935,-2000.0
INTERTRAN鄂西-鄂西北,3936,-925.3322499999995
INTERTRAN鄂西-鄂西北,3937,-2000.0
INTERTRAN鄂西-鄂西北,3938,-2000.0
INTERTRAN鄂西-鄂西北,3939,-2000.0
INTERTRAN鄂西-鄂西北,3940,-2000.0
INTERTRAN鄂西-鄂西北,3941,-2000.0
INTERTRAN鄂西-鄂西北,3942,-2000.0
INTERTRAN鄂西-鄂西北,3943,-2000.0
INTERTRAN鄂西-鄂西北,3944,-2000.0
INTERTRAN鄂西-鄂西北,3945,-2000.0
INTERTRAN鄂西-鄂西北,3946,-2000.0
INTERTRAN鄂西-鄂西北,3947,2000.0
INTERTRAN鄂西-鄂西北,3948,2000.0
INTERTRAN鄂西-鄂西北,3949,2000.0
INTERTRAN鄂西-鄂西北,3950,2000.0
INTERTRAN鄂西-鄂西北,3951,2000.0
INTERTRAN鄂西-鄂西北,3952,2000.0
INTERTRAN鄂西-鄂西北,3953,-2000.0
INTERTRAN鄂西-鄂西北,3954,-2000.0
INTERTRAN鄂西-鄂西北,3955,-2000.0
INTERTRAN鄂西-鄂西北,3956,-2000.0
INTERTRAN鄂西-鄂西北,3957,-2000.0
INTERTRAN鄂西-鄂西北,3958,-2000.0
INTERTRAN鄂西-鄂西北,3959,-2000.0
INTERTRAN鄂西-鄂西北,3960,-2000.0
INTERTRAN鄂西-鄂西北,3961,-1408.6307499999994
INTERTRAN鄂西-鄂西北,3962,-973.2970000000005
INTERTRAN鄂西-鄂西北,3963,-2000.0
INTERTRAN鄂西-鄂西北,3964,-2000.0
INTERTRAN鄂西-鄂西北,3965,-1113.1689999999999
INTERTRAN鄂西-鄂西北,3966,-118.9769999999994
INTERTRAN鄂西-鄂西北,3967,-2000.0
INTERTRAN鄂西-鄂西北,3968,-2000.0
INTERTRAN鄂西-鄂西北,3969,-2000.0
INTERTRAN鄂西-鄂西北,3970,2000.0
INTERTRAN鄂西-鄂西北,3971,2000.0
INTERTRAN鄂西-鄂西北,3972,2000.0
INTERTRAN鄂西-鄂西北,3973,2000.0
INTERTRAN鄂西-鄂西北,3974,2000.0
INTERTRAN鄂西-鄂西北,3975,2000.0
INTERTRAN鄂西-鄂西北,3976,2000.0
INTERTRAN鄂西-鄂西北,3977,-2000.0
INTERTRAN鄂西-鄂西北,3978,-2000.0
INTERTRAN鄂西-鄂西北,3979,342.7545449999998
INTERTRAN鄂西-鄂西北,3980,-2000.0
INTERTRAN鄂西-鄂西北,3981,-2000.0
INTERTRAN鄂西-鄂西北,3982,2000.0
INTERTRAN鄂西-鄂西北,3983,-2000.0
INTERTRAN鄂西-鄂西北,3984,-2000.0
INTERTRAN鄂西-鄂西北,3985,-74.64350000000059
INTERTRAN鄂西-鄂西北,3986,-2000.0
INTERTRAN鄂西-鄂西北,3987,-2000.0
INTERTRAN鄂西-鄂西北,3988,-2000.0
INTERTRAN鄂西-鄂西北,3989,-2000.0
INTERTRAN鄂西-鄂西北,3990,-2000.0
INTERTRAN鄂西-鄂西北,3991,-840.51883
INTERTRAN鄂西-鄂西北,3992,-2000.0
INTERTRAN鄂西-鄂西北,3993,-2000.0
INTERTRAN鄂西-鄂西北,3994,-2000.0
INTERTRAN鄂西-鄂西北,3995,2000.0
INTERTRAN鄂西-鄂西北,3996,-2000.0
INTERTRAN鄂西-鄂西北,3997,2000.0
INTERTRAN鄂西-鄂西北,3998,2000.0
INTERTRAN鄂西-鄂西北,3999,2000.0
INTERTRAN鄂西-鄂西北,4000,2000.0
INTERTRAN鄂西-鄂西北,4001,-2000.0
INTERTRAN鄂西-鄂西北,4002,1710.6088750000006
INTERTRAN鄂西-鄂西北,4003,1065.181146842966
INTERTRAN鄂西-鄂西北,4004,-2000.0
INTERTRAN鄂西-鄂西北,4005,-2000.0
INTERTRAN鄂西-鄂西北,4006,-2000.0
INTERTRAN鄂西-鄂西北,4007,-2000.0
INTERTRAN鄂西-鄂西北,4008,-2000.0
INTERTRAN鄂西-鄂西北,4009,-1830.5012500000003
INTERTRAN鄂西-鄂西北,4010,-2000.0
INTERTRAN鄂西-鄂西北,4011,-2000.0
INTERTRAN鄂西-鄂西北,4012,-2000.0
INTERTRAN鄂西-鄂西北,4013,-2000.0
INTERTRAN鄂西-鄂西北,4014,-2000.0
INTERTRAN鄂西-鄂西北,4015,-2000.0
INTERTRAN鄂西-鄂西北,4016,-2000.0
INTERTRAN鄂西-鄂西北,4017,619.6839650000002
INTERTRAN鄂西-鄂西北,4018,2000.0
INTERTRAN鄂西-鄂西北,4019,-2000.0
INTERTRAN鄂西-鄂西北,4020,2000.0
INTERTRAN鄂西-鄂西北,4021,2000.0
INTERTRAN鄂西-鄂西北,4022,-2000.0
INTERTRAN鄂西-鄂西北,4023,2000.0
INTERTRAN鄂西-鄂西北,4024,2000.0
INTERTRAN鄂西-鄂西北,4025,-2000.0
INTERTRAN鄂西-鄂西北,4026,494.90045499999997
INTERTRAN鄂西-鄂西北,4027,265.12562999999955
INTERTRAN鄂西-鄂西北,4028,-1547.0279600000094
INTERTRAN鄂西-鄂西北,4029,-2000.0
INTERTRAN鄂西-鄂西北,4030,2000.0
INTERTRAN鄂西-鄂西北,4031,-2000.0
INTERTRAN鄂西-鄂东,4032,8087.504016300077
INTERTRAN鄂西-鄂东,4033,4823.001499999995
INTERTRAN鄂西-鄂东,4034,6871.326999999988
INTERTRAN鄂西-鄂东,4035,3663.3376800000005
INTERTRAN鄂西-鄂东,4036,7404.48998
INTERTRAN鄂西-鄂东,4037,4315.913269999989
INTERTRAN鄂西-鄂东,4038,4903.663149999998
INTERTRAN鄂西-鄂东,4039,8145.324974999997
INTERTRAN鄂西-鄂东,4040,2556.8059173514303
INTERTRAN鄂西-鄂东,4041,4404.749658499987
INTERTRAN鄂西-鄂东,4042,4674.535220000002
INTERTRAN鄂西-鄂东,4043,1372.3467333333294
INTERTRAN鄂西-鄂东,4044,-521.4333191357953
INTERTRAN鄂西-鄂东,4045,-572.8769000000048
INTERTRAN鄂西-鄂东,4046,4031.328399999995
INTERTRAN鄂西-鄂东,4047,3696.837724691354
INTERTRAN鄂西-鄂东,4048,4267.380055555553
INTERTRAN鄂西-鄂东,4049,265.6467704938658
INTERTRAN鄂西-鄂东,4050,2325.677880000003
INTERTRAN鄂西-鄂东,4051,6248.493234999998
INTERTRAN鄂西-鄂东,4052,1933.0478399999927
INTERTRAN鄂西-鄂东,4053,5117.196099999994
INTERTRAN鄂西-鄂东,4054,3975.9733499999948
INTERTRAN鄂西-鄂东,4055,3184.310080000002
INTERTRAN鄂西-鄂东,4056,4051.9595800000006
INTERTRAN鄂西-鄂东,4057,5552.809599999994
INTERTRAN鄂西-鄂东,4058,7396.542580000132
INTERTRAN鄂西-鄂东,4059,4993.212599999994
INTERTRAN鄂西-鄂东,4060,3177.727299999994
INTERTRAN鄂西-鄂东,4061,2296.049699999993
INTERTRAN鄂西-鄂东,4062,5896.599099999994
INTERTRAN鄂西-鄂东,4063,6073.039905
INTERTRAN鄂西-鄂东,4064,2557.382255599945
INTERTRAN鄂西-鄂东,4065,1741.4998049999954
INTERTRAN鄂西-鄂东,4066,-292.97448666666753
INTERTRAN鄂西-鄂东,4067,1315.1832999999951
INTERTRAN鄂西-鄂东,4068,2418.5588382715996
INTERTRAN鄂西-鄂东,4069,3384.140599999995
INTERTRAN鄂西-鄂东,4070,-179.67173969140404
INTERTRAN鄂西-鄂东,4071,3054.6517382715997
INTERTRAN鄂西-鄂东,4072,-2291.276800000005
INTERTRAN鄂西-鄂东,4073,5736.947899999994
INTERTRAN鄂西-鄂东,4074,6494.041139999999
INTERTRAN鄂西-鄂东,4075,4958.489380000003
INTERTRAN鄂西-鄂东,4076,5622.058489999999
INTERTRAN鄂西-鄂东,4077,6647.476549999999
INTERTRAN鄂西-鄂东,4078,6621.722879999999
INTERTRAN鄂西-鄂东,4079,6417.220199999994
INTERTRAN鄂西-鄂东,4080,6187.599199999998
INTERTRAN鄂西-鄂东,4081,3762.870150000013
INTERTRAN鄂西-鄂东,4082,4018.253880000002
INTERTRAN鄂西-鄂东,4083,4386.406799999998
INTERTRAN鄂西-鄂东,4084,3726.216075000549
INTERTRAN鄂西-鄂东,4085,4460.125699999997
INTERTRAN鄂西-鄂东,4086,3983.4389499999943
INTERTRAN鄂西-鄂东,4087,4976.381899999999
INTERTRAN鄂西-鄂东,4088,8352.560735
INTERTRAN鄂西-鄂东,4089,8423.95858
INTERTRAN鄂西-鄂东,4090,3577.7871799999984
INTERTRAN鄂西-鄂东,4091,5568.516480000002
INTERTRAN鄂西-鄂东,4092,2754.299719999993
INTERTRAN鄂西-鄂东,4093,2461.7547499999937
INTERTRAN鄂西-鄂东,4094,1559.1944299999961
INTERTRAN鄂西-鄂东,4095,3382.0036999999943
INTERTRAN鄂西-鄂东,4096,3773.392024999994
INTERTRAN鄂西-鄂东,4097,9466.747290000287
INTERTRAN鄂西-鄂东,4098,8272.34857
INTERTRAN鄂西-鄂东,4099,7820.0200749999985
INTERTRAN鄂西-鄂东,4100,8768.450500601786
INTERTRAN鄂西-鄂东,4101,8284.65055
INTERTRAN鄂西-鄂东,4102,8841.879986901045
INTERTRAN鄂西-鄂东,4103,9425.613280000001
INTERTRAN鄂西-鄂东,4104,6679.284649999998
INTERTRAN鄂西-鄂东,4105,6476.66385888342
INTERTRAN鄂西-鄂东,4106,6977.428180000001
INTERTRAN鄂西-鄂东,4107,6512.908599999999
INTERTRAN鄂西-鄂东,4108,8207.56978
INTERTRAN鄂西-鄂东,4109,8278.62118
INTERTRAN鄂西-鄂东,4110,7299.450949999999
INTERTRAN鄂西-鄂东,4111,8681.218969999998
INTERTRAN鄂西-鄂东,4112,9953.786325
INTERTRAN鄂西-鄂东,4113,5455.196279999998
INTERTRAN鄂西-鄂东,4114,4611.904855000001
INTERTRAN鄂西-鄂东,4115,5646.301714999998
INTERTRAN鄂西-鄂东,4116,3693.3834800000054
INTERTRAN鄂西-鄂东,4117,4254.613580000004
INTERTRAN鄂西-鄂东,4118,1817.2666999999915
INTERTRAN鄂西-鄂东,4119,3410.106624999994
INTERTRAN鄂西-鄂东,4120,2863.9829749999944
INTERTRAN鄂西-鄂东,4121,8083.903060000028
INTERTRAN鄂西-鄂东,4122,9906.923579999999
INTERTRAN鄂西-鄂东,4123,7034.680252437507
INTERTRAN鄂西-鄂东,4124,10351.59998
INTERTRAN鄂西-鄂东,4125,8743.778119999475
INTERTRAN鄂西-鄂东,4126,10618.3963
INTERTRAN鄂西-鄂东,4127,3665.4423800000004
INTERTRAN鄂西-鄂东,4128,7710.6110700005265
INTERTRAN鄂西-鄂东,4129,8619.026700000002
INTERTRAN鄂西-鄂东,4130,8145.999699999999
INTERTRAN鄂西-鄂东,4131,6171.750349999997
INTERTRAN鄂西-鄂东,4132,8438.351080000002
INTERTRAN鄂西-鄂东,4133,6830.306049999999
INTERTRAN鄂西-鄂东,4134,6910.104079999999
INTERTRAN鄂西-鄂东,4135,5386.974199999999
INTERTRAN鄂西-鄂东,4136,8011.6509799999985
INTERTRAN鄂西-鄂东,4137,9393.814579999998
INTERTRAN鄂西-鄂东,4138,4565.9674149999955
INTERTRAN鄂西-鄂东,4139,4632.535624999995
INTERTRAN鄂西-鄂东,4140,3192.6588949999928
INTERTRAN鄂西-鄂东,4141,1851.1014999999952
INTERTRAN鄂西-鄂东,4142,2791.366280000001
INTERTRAN鄂西-鄂东,4143,1683.608159999993
INTERTRAN鄂西-鄂东,4144,6047.71168
INTERTRAN鄂西-鄂东,4145,9266.57303
INTERTRAN鄂西-鄂东,4146,11258.346080000001
INTERTRAN鄂西-鄂东,4147,6811.09395
INTERTRAN鄂西-鄂东,4148,8580.50559999999
INTERTRAN鄂西-鄂东,4149,5373.351969999712
INTERTRAN鄂西-鄂东,4150,6751.410780000001
INTERTRAN鄂西-鄂东,4151,9293.89068
INTERTRAN鄂西-鄂东,4152,7815.590941015603
INTERTRAN鄂西-鄂东,4153,9672.517679999477
INTERTRAN鄂西-鄂东,4154,9037.383599999714
INTERTRAN鄂西-鄂东,4155,7420.688999999993
INTERTRAN鄂西-鄂东,4156,9762.26118
INTERTRAN鄂西-鄂东,4157,8849.993380000089
INTERTRAN鄂西-鄂东,4158,7436.332100000002
INTERTRAN鄂西-鄂东,4159,5955.151549999998
INTERTRAN鄂西-鄂东,4160,6547.104404999998
INTERTRAN鄂西-鄂东,4161,7276.543754999999
INTERTRAN鄂西-鄂东,4162,2730.24618
INTERTRAN鄂西-鄂东,4163,757.4444444444445
INTERTRAN鄂西-鄂东,4164,1599.2094987654293
INTERTRAN鄂西-鄂东,4165,1563.9372738271422
INTERTRAN鄂西-鄂东,4166,1756.4282422222268
INTERTRAN鄂西-鄂东,4167,2704.4537999999957
INTERTRAN鄂西-鄂东,4168,2771.941469506216
INTERTRAN鄂西-鄂东,4169,2399.765414999998
INTERTRAN鄂西-鄂东,4170,3946.2046800000026
INTERTRAN鄂西-鄂东,4171,2722.518553699954
INTERTRAN鄂西-鄂东,4172,6545.461114999996
INTERTRAN鄂西-鄂东,4173,5957.041000000001
INTERTRAN鄂西-鄂东,4174,8950.014380000204
INTERTRAN鄂西-鄂东,4175,8532.35565
INTERTRAN鄂西北-鄂东,4032,2288.270499999998
INTERTRAN鄂西北-鄂东,4033,3000.0
INTERTRAN鄂西北-鄂东,4034,3000.0
INTERTRAN鄂西北-鄂东,4035,3000.0
INTERTRAN鄂西北-鄂东,4036,3000.0
INTERTRAN鄂西北-鄂东,4037,3000.0
INTERTRAN鄂西北-鄂东,4038,3000.0
INTERTRAN鄂西北-鄂东,4039,3000.0
INTERTRAN鄂西北-鄂东,4040,3000.0
INTERTRAN鄂西北-鄂东,4041,3000.0
INTERTRAN鄂西北-鄂东,4042,-549.1423400000006
INTERTRAN鄂西北-鄂东,4043,1903.7560466666716
INTERTRAN鄂西北-鄂东,4044,2818.6477583950573
INTERTRAN鄂西北-鄂东,4045,1584.7714512345594
INTERTRAN鄂西北-鄂东,4046,-3000.0
INTERTRAN鄂西北-鄂东,4047,-3000.0
INTERTRAN鄂西北-鄂东,4048,-318.10768499999995
INTERTRAN鄂西北-鄂东,4049,3000.0
INTERTRAN鄂西北-鄂东,4050,3000.0
INTERTRAN鄂西北-鄂东,4051,-378.3095550000003
INTERTRAN鄂西北-鄂东,4052,3000.0
INTERTRAN鄂西北-鄂东,4053,2723.9907499999995
INTERTRAN鄂西北-鄂东,4054,3000.0
INTERTRAN鄂西北-鄂东,4055,3000.0
INTERTRAN鄂西北-鄂东,4056,3000.0
INTERTRAN鄂西北-鄂东,4057,3000.0
INTERTRAN鄂西北-鄂东,4058,3000.0
INTERTRAN鄂西北-鄂东,4059,3000.0
INTERTRAN鄂西北-鄂东,4060,3000.0
INTERTRAN鄂西北-鄂东,4061,3000.0
INTERTRAN鄂西北-鄂东,4062,3000.0
INTERTRAN鄂西北-鄂东,4063,3000.0
INTERTRAN鄂西北-鄂东,4064,3000.0
INTERTRAN鄂西北-鄂东,4065,3000.0
INTERTRAN鄂西北-鄂东,4066,3000.0
INTERTRAN鄂西北-鄂东,4067,153.95989111111865
INTERTRAN鄂西北-鄂东,4068,-311.2010303086596
INTERTRAN鄂西北-鄂东,4069,-3000.0
INTERTRAN鄂西北-鄂东,4070,3000.0
INTERTRAN鄂西北-鄂东,4071,-2574.666358271598
INTERTRAN鄂西北-鄂东,4072,2437.746985
INTERTRAN鄂西北-鄂东,4073,461.0763800000095
INTERTRAN鄂西北-鄂东,4074,1297.1221399999995
INTERTRAN鄂西北-鄂东,4075,3000.0
INTERTRAN鄂西北-鄂东,4076,3000.0
INTERTRAN鄂西北-鄂东,4077,3000.0
INTERTRAN鄂西北-鄂东,4078,3000.0
INTERTRAN鄂西北-鄂东,4079,3000.0
INTERTRAN鄂西北-鄂东,4080,3000.0
INTERTRAN鄂西北-鄂东,4081,3000.0
INTERTRAN鄂西北-鄂东,4082,3000.0
INTERTRAN鄂西北-鄂东,4083,3000.0
INTERTRAN鄂西北-鄂东,4084,3000.0
INTERTRAN鄂西北-鄂东,4085,3000.0
INTERTRAN鄂西北-鄂东,4086,3000.0
INTERTRAN鄂西北-鄂东,4087,3000.0
INTERTRAN鄂西北-鄂东,4088,3000.0
INTERTRAN鄂西北-鄂东,4089,3000.0
INTERTRAN鄂西北-鄂东,4090,3000.0
INTERTRAN鄂西北-鄂东,4091,3000.0
INTERTRAN鄂西北-鄂东,4092,3000.0
INTERTRAN鄂西北-鄂东,4093,3000.0
INTERTRAN鄂西北-鄂东,4094,3000.0
INTERTRAN鄂西北-鄂东,4095,3000.0
INTERTRAN鄂西北-鄂东,4096,3000.0
INTERTRAN鄂西北-鄂东,4097,3000.0
INTERTRAN鄂西北-鄂东,4098,3000.0
INTERTRAN鄂西北-鄂东,4099,3000.0
INTERTRAN鄂西北-鄂东,4100,3000.0
INTERTRAN鄂西北-鄂东,4101,3000.0
INTERTRAN鄂西北-鄂东,4102,3000.0
INTERTRAN鄂西北-鄂东,4103,3000.0
INTERTRAN鄂西北-鄂东,4104,3000.0
INTERTRAN鄂西北-鄂东,4105,3000.0
INTERTRAN鄂西北-鄂东,4106,3000.0
INTERTRAN鄂西北-鄂东,4107,3000.0
INTERTRAN鄂西北-鄂东,4108,3000.0
INTERTRAN鄂西北-鄂东,4109,3000.0
INTERTRAN鄂西北-鄂东,4110,3000.0
INTERTRAN鄂西北-鄂东,4111,3000.0
INTERTRAN鄂西北-鄂东,4112,3000.0
INTERTRAN鄂西北-鄂东,4113,3000.0
INTERTRAN鄂西北-鄂东,4114,3000.0
INTERTRAN鄂西北-鄂东,4115,3000.0
INTERTRAN鄂西北-鄂东,4116,3000.0
INTERTRAN鄂西北-鄂东,4117,3000.0
INTERTRAN鄂西北-鄂东,4118,3000.0
INTERTRAN鄂西北-鄂东,4119,3000.0
INTERTRAN鄂西北-鄂东,4120,3000.0
INTERTRAN鄂西北-鄂东,4121,3000.0
INTERTRAN鄂西北-鄂东,4122,3000.0
INTERTRAN鄂西北-鄂东,4123,3000.0
INTERTRAN鄂西北-鄂东,4124,3000.0
INTERTRAN鄂西北-鄂东,4125,3000.0
INTERTRAN鄂西北-鄂东,4126,2805.060473098954
INTERTRAN鄂西北-鄂东,4127,3000.0
INTERTRAN鄂西北-鄂东,4128,3000.0
INTERTRAN鄂西北-鄂东,4129,3000.0
INTERTRAN鄂西北-鄂东,4130,3000.0
INTERTRAN鄂西北-鄂东,4131,3000.0
INTERTRAN鄂西北-鄂东,4132,3000.0
INTERTRAN鄂西北-鄂东,4133,3000.0
INTERTRAN鄂西北-鄂东,4134,3000.0
INTERTRAN鄂西北-鄂东,4135,3000.0
INTERTRAN鄂西北-鄂东,4136,3000.0
INTERTRAN鄂西北-鄂东,4137,3000.0
INTERTRAN鄂西北-鄂东,4138,3000.0
INTERTRAN鄂西北-鄂东,4139,3000.0
INTERTRAN鄂西北-鄂东,4140,3000.0
INTERTRAN鄂西北-鄂东,4141,3000.0
INTERTRAN鄂西北-鄂东,4142,3000.0
INTERTRAN鄂西北-鄂东,4143,3000.0
INTERTRAN鄂西北-鄂东,4144,3000.0
INTERTRAN鄂西北-鄂东,4145,3000.0
INTERTRAN鄂西北-鄂东,4146,3000.0
INTERTRAN鄂西北-鄂东,4147,3000.0
INTERTRAN鄂西北-鄂东,4148,3000.0
INTERTRAN鄂西北-鄂东,4149,3000.0
INTERTRAN鄂西北-鄂东,4150,3000.0
INTERTRAN鄂西北-鄂东,4151,3000.0
INTERTRAN鄂西北-鄂东,4152,3000.0
INTERTRAN鄂西北-鄂东,4153,3000.0
INTERTRAN鄂西北-鄂东,4154,3000.0
INTERTRAN鄂西北-鄂东,4155,3000.0
INTERTRAN鄂西北-鄂东,4156,3000.0
INTERTRAN鄂西北-鄂东,4157,3000.0
INTERTRAN鄂西北-鄂东,4158,3000.0
INTERTRAN鄂西北-鄂东,4159,3000.0
INTERTRAN鄂西北-鄂东,4160,3000.0
INTERTRAN鄂西北-鄂东,4161,3000.0
INTERTRAN鄂西北-鄂东,4162,3000.0
INTERTRAN鄂西北-鄂东,4163,2476.4895638271596
INTERTRAN鄂西北-鄂东,4164,2214.2941008641974
INTERTRAN鄂西北-鄂东,4165,2265.322249012345
INTERTRAN鄂西北-鄂东,4166,-392.15151037037407
INTERTRAN鄂西北-鄂东,4167,-501.5296199999975
INTERTRAN鄂西北-鄂东,4168,-237.96101
INTERTRAN鄂西北-鄂东,4169,2727.439365
INTERTRAN鄂西北-鄂东,4170,3000.0
INTERTRAN鄂西北-鄂东,4171,3000.0
INTERTRAN鄂西北-鄂东,4172,3000.0
INTERTRAN鄂西北-鄂东,4173,3000.0
INTERTRAN鄂西北-鄂东,4174,3000.0
INTERTRAN鄂西北-鄂东,4175,3000.0
INTERTRAN鄂西-鄂西北,4032,-2000.0
INTERTRAN鄂西-鄂西北,4033,-2000.0
INTERTRAN鄂西-鄂西北,4034,-1470.4330000000036
INTERTRAN鄂西-鄂西北,4035,148.24974999999995
INTERTRAN鄂西-鄂西北,4036,-2000.0
INTERTRAN鄂西-鄂西北,4037,-387.875
INTERTRAN鄂西-鄂西北,4038,-1546.9072499999993
INTERTRAN鄂西-鄂西北,4039,197.86142500000005
INTERTRAN鄂西-鄂西北,4040,364.7633100000012
INTERTRAN鄂西-鄂西北,4041,-814.1394584999932
INTERTRAN鄂西-鄂西北,4042,-2000.0
INTERTRAN鄂西-鄂西北,4043,2000.0
INTERTRAN鄂西-鄂西北,4044,2000.0
INTERTRAN鄂西-鄂西北,4045,2000.0
INTERTRAN鄂西-鄂西北,4046,2000.0
INTERTRAN鄂西-鄂西北,4047,2000.0
INTERTRAN鄂西-鄂西北,4048,2000.0
INTERTRAN鄂西-鄂西北,4049,1394.2663599999996
INTERTRAN鄂西-鄂西北,4050,1907.9405781481491
INTERTRAN鄂西-鄂西北,4051,-2000.0
INTERTRAN鄂西-鄂西北,4052,973.8727600000004
INTERTRAN鄂西-鄂西北,4053,-2000.0
INTERTRAN鄂西-鄂西北,4054,844.7657500000005
INTERTRAN鄂西-鄂西北,4055,-1313.9702499999994
INTERTRAN鄂西-鄂西北,4056,-1822.511806499932
INTERTRAN鄂西-鄂西北,4057,-259.1409999999996
INTERTRAN鄂西-鄂西北,4058,-819.4034999999994
INTERTRAN鄂西-鄂西北,4059,-2000.0
INTERTRAN鄂西-鄂西北,4060,-1789.8704999999995
INTERTRAN鄂西-鄂西北,4061,-404.2864999999988
INTERTRAN鄂西-鄂西北,4062,-2000.0
INTERTRAN鄂西-鄂西北,4063,-2000.0
INTERTRAN鄂西-鄂西北,4064,137.09885500000019
INTERTRAN鄂西-鄂西北,4065,668.0474949999998
INTERTRAN鄂西-鄂西北,4066,1134.1126619753027
INTERTRAN鄂西-鄂西北,4067,2000.0
INTERTRAN鄂西-鄂西北,4068,2000.0
INTERTRAN鄂西-鄂西北,4069,2000.0
INTERTRAN鄂西-鄂西北,4070,1966.3115359876545
INTERTRAN鄂西-鄂西北,4071,2000.0
INTERTRAN鄂西-鄂西北,4072,2000.0
INTERTRAN鄂西-鄂西北,4073,-2000.0
INTERTRAN鄂西-鄂西北,4074,-2000.0
INTERTRAN鄂西-鄂西北,4075,-959.5955249999988
INTERTRAN鄂西-鄂西北,4076,987.1844100000001
INTERTRAN鄂西-鄂西北,4077,140.01775000000043
INTERTRAN鄂西-鄂西北,4078,-196.71124999999938
INTERTRAN鄂西-鄂西北,4079,86.4099999999994
INTERTRAN鄂西-鄂西北,4080,-464.3009999999995
INTERTRAN鄂西-鄂西北,4081,-626.9069999999997
INTERTRAN鄂西-鄂西北,4082,-472.13224999999875
INTERTRAN鄂西-鄂西北,4083,-747.0380000000009
INTERTRAN鄂西-鄂西北,4084,-576.89075
INTERTRAN鄂西-鄂西北,4085,83.64550000000054
INTERTRAN鄂西-鄂西北,4086,-489.2422499999998
INTERTRAN鄂西-鄂西北,4087,-176.27109999999993
INTERTRAN鄂西-鄂西北,4088,110.22686500000009
INTERTRAN鄂西-鄂西北,4089,109.28762000000052
INTERTRAN鄂西-鄂西北,4090,944.8496399999999
INTERTRAN鄂西-鄂西北,4091,1365.9506050000005
INTERTRAN鄂西-鄂西北,4092,1619.3410800000006
INTERTRAN鄂西-鄂西北,4093,1442.8933500000005
INTERTRAN鄂西-鄂西北,4094,1474.1117699999998
INTERTRAN鄂西-鄂西北,4095,314.75109999999904
INTERTRAN鄂西-鄂西北,4096,974.4484749999997
INTERTRAN鄂西-鄂西北,4097,231.12190999971432
INTERTRAN鄂西-鄂西北,4098,-159.24156999999968
INTERTRAN鄂西-鄂西北,4099,34.01702500000056
INTERTRAN鄂西-鄂西北,4100,-419.9209169018537
INTERTRAN鄂西-鄂西北,4101,-150.42224999999917
INTERTRAN鄂西-鄂西北,4102,-580.2662500000001
INTERTRAN鄂西-鄂西北,4103,593.2117500000008
INTERTRAN鄂西-鄂西北,4104,-99.6297499999996
INTERTRAN鄂西-鄂西北,4105,-325.7305588834193
INTERTRAN鄂西-鄂西北,4106,27.55600000000004
INTERTRAN鄂西-鄂西北,4107,168.1180000000004
INTERTRAN鄂西-鄂西北,4108,-438.98599999999897
INTERTRAN鄂西-鄂西北,4109,-774.5805000000042
INTERTRAN鄂西-鄂西北,4110,-29.517249999999876
INTERTRAN鄂西-鄂西北,4111,-314.6777699999989
INTERTRAN鄂西-鄂西北,4112,-1516.2354249999996
INTERTRAN鄂西-鄂西北,4113,-1466.2136950000004
INTERTRAN鄂西-鄂西北,4114,930.7999449999993
INTERTRAN鄂西-鄂西北,4115,1066.0919850000005
INTERTRAN鄂西-鄂西北,4116,1211.2633099999998
INTERTRAN鄂西-鄂西北,4117,1296.4027300000012
INTERTRAN鄂西-鄂西北,4118,2000.0
INTERTRAN鄂西-鄂西北,4119,342.30027499999875
INTERTRAN鄂西-鄂西北,4120,1716.5957250000001
INTERTRAN鄂西-鄂西北,4121,-193.6516558578969
INTERTRAN鄂西-鄂西北,4122,-1058.7614000000021
INTERTRAN鄂西-鄂西北,4123,672.9923599999997
INTERTRAN鄂西-鄂西北,4124,-1657.38018
INTERTRAN鄂西-鄂西北,4125,-2000.0
INTERTRAN鄂西-鄂西北,4126,-2000.0
INTERTRAN鄂西-鄂西北,4127,914.6565
INTERTRAN鄂西-鄂西北,4128,210.11924999999974
INTERTRAN鄂西-鄂西北,4129,-207.6895000000004
INTERTRAN鄂西-鄂西北,4130,690.0295000000006
INTERTRAN鄂西-鄂西北,4131,-440.34224999999924
INTERTRAN鄂西-鄂西北,4132,-239.77624999999944
INTERTRAN鄂西-鄂西北,4133,-179.8087499999997
INTERTRAN鄂西-鄂西北,4134,-197.36525000000074
INTERTRAN鄂西-鄂西北,4135,625.445400000001
INTERTRAN鄂西-鄂西北,4136,747.5813500000004
INTERTRAN鄂西-鄂西北,4137,17.6273050000799
INTERTRAN鄂西-鄂西北,4138,1161.4050850000017
INTERTRAN鄂西-鄂西北,4139,1426.8731750000013
INTERTRAN鄂西-鄂西北,4140,1757.8977050000008
INTERTRAN鄂西-鄂西北,4141,2000.0
INTERTRAN鄂西-鄂西北,4142,1071.941175
INTERTRAN鄂西-鄂西北,4143,1772.6263399999993
INTERTRAN鄂西-鄂西北,4144,1270.7916850000006
INTERTRAN鄂西-鄂西北,4145,1271.6709700000004
INTERTRAN鄂西-鄂西北,4146,-495.5536199991907
INTERTRAN鄂西-鄂西北,4147,1096.6356499999997
INTERTRAN鄂西-鄂西北,4148,-1094.6916999999903
INTERTRAN鄂西-鄂西北,4149,1432.2932500000004
INTERTRAN鄂西-鄂西北,4150,1318.5865000000008
INTERTRAN鄂西-鄂西北,4151,-836.1537500000003
INTERTRAN鄂西-鄂西北,4152,-2000.0
INTERTRAN鄂西-鄂西北,4153,-2000.0
INTERTRAN鄂西-鄂西北,4154,-1109.4959999997131
INTERTRAN鄂西-鄂西北,4155,-111.3114999999917
INTERTRAN鄂西-鄂西北,4156,-1155.2054999999996
INTERTRAN鄂西-鄂西北,4157,-624.2660000001342
INTERTRAN鄂西-鄂西北,4158,-171.0485000000008
INTERTRAN鄂西-鄂西北,4159,212.94115000000056
INTERTRAN鄂西-鄂西北,4160,201.17679500000077
INTERTRAN鄂西-鄂西北,4161,1322.520445
INTERTRAN鄂西-鄂西北,4162,1297.561240000001
INTERTRAN鄂西-鄂西北,4163,2000.0
INTERTRAN鄂西-鄂西北,4164,2000.0
INTERTRAN鄂西-鄂西北,4165,2000.0
INTERTRAN鄂西-鄂西北,4166,2000.0
INTERTRAN鄂西-鄂西北,4167,2000.0
INTERTRAN鄂西-鄂西北,4168,2000.0
INTERTRAN鄂西-鄂西北,4169,2000.0
INTERTRAN鄂西-鄂西北,4170,1966.5995750000013
INTERTRAN鄂西-鄂西北,4171,1417.031035
INTERTRAN鄂西-鄂西北,4172,1284.0362849999995
INTERTRAN鄂西-鄂西北,4173,174.6969999999992
INTERTRAN鄂西-鄂西北,4174,-1014.7238191421
INTERTRAN鄂西-鄂西北,4175,-862.8237500000002
INTERTRAN鄂西-鄂东,4176,8724.278180000001
INTERTRAN鄂西-鄂东,4177,10063.707630000003
INTERTRAN鄂西-鄂东,4178,7834.660335850136
INTERTRAN鄂西-鄂东,4179,9203.88254
INTERTRAN鄂西-鄂东,4180,8362.0362
INTERTRAN鄂西-鄂东,4181,7877.8674599999995
INTERTRAN鄂西-鄂东,4182,6777.874391100005
INTERTRAN鄂西-鄂东,4183,10630.938065000002
INTERTRAN鄂西-鄂东,4184,8667.213684999993
INTERTRAN鄂西-鄂东,4185,7822.430799999998
INTERTRAN鄂西-鄂东,4186,5711.4946744117615
INTERTRAN鄂西-鄂东,4187,3258.207720313531
INTERTRAN鄂西-鄂东,4188,6613.195477519954
INTERTRAN鄂西-鄂东,4189,-132.63415555555997
INTERTRAN鄂西-鄂东,4190,3153.925511111107
INTERTRAN鄂西-鄂东,4191,4563.699415467197
INTERTRAN鄂西-鄂东,4192,379.1308588235239
INTERTRAN鄂西-鄂东,4193,6345.10713529411
INTERTRAN鄂西-鄂东,4194,6551.164071503271
INTERTRAN鄂西-鄂东,4195,4887.355770000015
INTERTRAN鄂西-鄂东,4196,5387.3232800000005
INTERTRAN鄂西-鄂东,4197,6903.472799999999
INTERTRAN鄂西-鄂东,4198,3603.660599999998
INTERTRAN鄂西-鄂东,4199,11109.398580000003
INTERTRAN鄂西-鄂东,4200,11315.368180000001
INTERTRAN鄂西-鄂东,4201,8344.16428
INTERTRAN鄂西-鄂东,4202,9532.5505
INTERTRAN鄂西-鄂东,4203,5755.000040000008
INTERTRAN鄂西-鄂东,4204,7341.21708
INTERTRAN鄂西-鄂东,4205,4466.277220000423
INTERTRAN鄂西-鄂东,4206,6624.1205800000025
INTERTRAN鄂西-鄂东,4207,4458.080749149858
INTERTRAN鄂西-鄂东,4208,5807.914239999581
INTERTRAN鄂西-鄂东,4209,6338.369799999993
INTERTRAN鄂西-鄂东,4210,1713.8835682352933
INTERTRAN鄂西-鄂东,4211,1470.1595888888821
INTERTRAN鄂西-鄂东,4212,9275.300922222217
INTERTRAN鄂西-鄂东,4213,1784.6968494117564
INTERTRAN鄂西-鄂东,4214,37.95045150331191
INTERTRAN鄂西-鄂东,4215,7117.876074117653
INTERTRAN鄂西-鄂东,4216,6053.738699999998
INTERTRAN鄂西-鄂东,4217,8804.96134444444
INTERTRAN鄂西-鄂东,4218,8238.564816163022
INTERTRAN鄂西-鄂东,4219,5695.607799999994
INTERTRAN鄂西-鄂东,4220,9436.020300850036
INTERTRAN鄂西-鄂东,4221,9202.11488
INTERTRAN鄂西-鄂东,4222,10752.779180000001
INTERTRAN鄂西-鄂东,4223,9212.52848
INTERTRAN鄂西-鄂东,4224,12428.48188
INTERTRAN鄂西-鄂东,4225,10219.115500000002
INTERTRAN鄂西-鄂东,4226,10888.6276
INTERTRAN鄂西-鄂东,4227,9719.297480000001
INTERTRAN鄂西-鄂东,4228,8542.298981200021
INTERTRAN鄂西-鄂东,4229,5858.354999999996
INTERTRAN鄂西-鄂东,4230,8986.832980000001
INTERTRAN鄂西-鄂东,4231,6708.638999999997
INTERTRAN鄂西-鄂东,4232,9039.708764600027
INTERTRAN鄂西-鄂东,4233,6824.217075000004
INTERTRAN鄂西-鄂东,4234,4752.267308148159
INTERTRAN鄂西-鄂东,4235,3757.2703999999976
INTERTRAN鄂西-鄂东,4236,5668.380688888885
INTERTRAN鄂西-鄂东,4237,2955.9280740740664
INTERTRAN鄂西-鄂东,4238,4295.889499999992
INTERTRAN鄂西-鄂东,4239,2071.5799999999927
INTERTRAN鄂西-鄂东,4240,4296.015880000003
INTERTRAN鄂西-鄂东,4241,2829.109199999997
INTERTRAN鄂西-鄂东,4242,6791.181299999998
INTERTRAN鄂西-鄂东,4243,7401.643799999994
INTERTRAN鄂西-鄂东,4244,7488.632199999999
INTERTRAN鄂西-鄂东,4245,10504.123515000003
INTERTRAN鄂西-鄂东,4246,10541.943879999999
INTERTRAN鄂西-鄂东,4247,6140.282800000002
INTERTRAN鄂西-鄂东,4248,7936.768599999999
INTERTRAN鄂西-鄂东,4249,8792.206979999999
INTERTRAN鄂西-鄂东,4250,8669.71648
INTERTRAN鄂西-鄂东,4251,7105.672449999999
INTERTRAN鄂西-鄂东,4252,7482.900900000001
INTERTRAN鄂西-鄂东,4253,6698.14488
INTERTRAN鄂西-鄂东,4254,7745.776680000003
INTERTRAN鄂西-鄂东,4255,7442.361041241313
INTERTRAN鄂西-鄂东,4256,6712.6346693999885
INTERTRAN鄂西-鄂东,4257,6595.617044999994
INTERTRAN鄂西-鄂东,4258,1198.9606556000053
INTERTRAN鄂西-鄂东,4259,732.1414666666574
INTERTRAN鄂西-鄂东,4260,3456.822666666656
INTERTRAN鄂西-鄂东,4261,3721.393206172831
INTERTRAN鄂西-鄂东,4262,2918.8078777777678
INTERTRAN鄂西-鄂东,4263,1605.3158650000032
INTERTRAN鄂西-鄂东,4264,3547.690112482511
INTERTRAN鄂西-鄂东,4265,9398.940379999998
INTERTRAN鄂西-鄂东,4266,8254.983280000004
INTERTRAN鄂西-鄂东,4267,7574.095480000004
INTERTRAN鄂西-鄂东,4268,8505.18668
INTERTRAN鄂西-鄂东,4269,6777.851450049992
INTERTRAN鄂西-鄂东,4270,7139.271779999999
INTERTRAN鄂西-鄂东,4271,8252.128850000001
INTERTRAN鄂西-鄂东,4272,6882.476149999996
INTERTRAN鄂西-鄂东,4273,5997.01095574997
INTERTRAN鄂西-鄂东,4274,4886.389880000001
INTERTRAN鄂西-鄂东,4275,4930.056175000016
INTERTRAN鄂西-鄂东,4276,4305.34568
INTERTRAN鄂西-鄂东,4277,3063.51008
INTERTRAN鄂西-鄂东,4278,4584.774480000002
INTERTRAN鄂西-鄂东,4279,4565.740399999993
INTERTRAN鄂西-鄂东,4280,5868.748945000055
INTERTRAN鄂西-鄂东,4281,7253.568199999996
INTERTRAN鄂西-鄂东,4282,2973.399679999997
INTERTRAN鄂西-鄂东,4283,2920.24248
INTERTRAN鄂西-鄂东,4284,811.8923800000011
INTERTRAN鄂西-鄂东,4285,1281.3983749999961
INTERTRAN鄂西-鄂东,4286,4389.691392839493
INTERTRAN鄂西-鄂东,4287,1216.4257839506108
INTERTRAN鄂西-鄂东,4288,2154.660977777754
INTERTRAN鄂西-鄂东,4289,6983.614579999998
INTERTRAN鄂西-鄂东,4290,8297.76778
INTERTRAN鄂西-鄂东,4291,7609.583080000002
INTERTRAN鄂西-鄂东,4292,9535.537180000003
INTERTRAN鄂西-鄂东,4293,8593.741319999983
INTERTRAN鄂西-鄂东,4294,8938.462780000002
INTERTRAN鄂西-鄂东,4295,7415.3002288587695
INTERTRAN鄂西-鄂东,4296,9363.025280000002
INTERTRAN鄂西-鄂东,4297,8703.46837885876
INTERTRAN鄂西-鄂东,4298,8062.4290480087275
INTERTRAN鄂西-鄂东,4299,7816.2976
INTERTRAN鄂西-鄂东,4300,7092.72968
INTERTRAN鄂西-鄂东,4301,7236.558080000004
INTERTRAN鄂西-鄂东,4302,7136.864580000001
INTERTRAN鄂西-鄂东,4303,7057.2050800000015
INTERTRAN鄂西-鄂东,4304,8028.015079999999
INTERTRAN鄂西-鄂东,4305,7730.181569999997
INTERTRAN鄂西-鄂东,4306,3269.692780000001
INTERTRAN鄂西-鄂东,4307,2106.6858294000276
INTERTRAN鄂西-鄂东,4308,6032.22492962962
INTERTRAN鄂西-鄂东,4309,2774.589682716039
INTERTRAN鄂西-鄂东,4310,8166.992109629618
INTERTRAN鄂西-鄂东,4311,1708.2160014814574
INTERTRAN鄂西-鄂东,4312,3619.5202570987876
INTERTRAN鄂西-鄂东,4313,4345.240699999989
INTERTRAN鄂西-鄂东,4314,3297.307029999981
INTERTRAN鄂西-鄂东,4315,4477.8479999999945
INTERTRAN鄂西-鄂东,4316,8494.44440945871
INTERTRAN鄂西-鄂东,4317,12600.0
INTERTRAN鄂西-鄂东,4318,7715.237760000004
INTERTRAN鄂西-鄂东,4319,8892.771710000003
INTERTRAN鄂西北-鄂东,4176,3000.0
INTERTRAN鄂西北-鄂东,4177,2038.8702499999995
INTERTRAN鄂西北-鄂东,4178,1398.1264999999994
INTERTRAN鄂西北-鄂东,4179,1784.2099999999987
INTERTRAN鄂西北-鄂东,4180,2203.4135800000004
INTERTRAN鄂西北-鄂东,4181,2129.805919999999
INTERTRAN鄂西北-鄂东,4182,3000.0
INTERTRAN鄂西北-鄂东,4183,949.890015
INTERTRAN鄂西北-鄂东,4184,1751.9924149999986
INTERTRAN鄂西北-鄂东,4185,1100.547415
INTERTRAN鄂西北-鄂东,4186,-3000.0
INTERTRAN鄂西北-鄂东,4187,-3000.0
INTERTRAN鄂西北-鄂东,4188,-3000.0
INTERTRAN鄂西北-鄂东,4189,-3000.0
INTERTRAN鄂西北-鄂东,4190,-3000.0
INTERTRAN鄂西北-鄂东,4191,-3000.0
INTERTRAN鄂西北-鄂东,4192,-3000.0
INTERTRAN鄂西北-鄂东,4193,-3000.0
INTERTRAN鄂西北-鄂东,4194,-3000.0
INTERTRAN鄂西北-鄂东,4195,-692.6124100000011
INTERTRAN鄂西北-鄂东,4196,3000.0
INTERTRAN鄂西北-鄂东,4197,3000.0
INTERTRAN鄂西北-鄂东,4198,3000.0
INTERTRAN鄂西北-鄂东,4199,3000.0
INTERTRAN鄂西北-鄂东,4200,1559.933
INTERTRAN鄂西北-鄂东,4201,3000.0
INTERTRAN鄂西北-鄂东,4202,3000.0
INTERTRAN鄂西北-鄂东,4203,3000.0
INTERTRAN鄂西北-鄂东,4204,3000.0
INTERTRAN鄂西北-鄂东,4205,3000.0
INTERTRAN鄂西北-鄂东,4206,3000.0
INTERTRAN鄂西北-鄂东,4207,3000.0
INTERTRAN鄂西北-鄂东,4208,3000.0
INTERTRAN鄂西北-鄂东,4209,425.28278000000864
INTERTRAN鄂西北-鄂东,4210,-3000.0
INTERTRAN鄂西北-鄂东,4211,-3000.0
INTERTRAN鄂西北-鄂东,4212,-3000.0
INTERTRAN鄂西北-鄂东,4213,-3000.0
INTERTRAN鄂西北-鄂东,4214,-3000.0
INTERTRAN鄂西北-鄂东,4215,-3000.0
INTERTRAN鄂西北-鄂东,4216,-3000.0
INTERTRAN鄂西北-鄂东,4217,-3000.0
INTERTRAN鄂西北-鄂东,4218,-3000.0
INTERTRAN鄂西北-鄂东,4219,1314.1403800000044
INTERTRAN鄂西北-鄂东,4220,2129.953479149964
INTERTRAN鄂西北-鄂东,4221,3000.0
INTERTRAN鄂西北-鄂东,4222,3000.0
INTERTRAN鄂西北-鄂东,4223,3000.0
INTERTRAN鄂西北-鄂东,4224,3000.0
INTERTRAN鄂西北-鄂东,4225,3000.0
INTERTRAN鄂西北-鄂东,4226,1227.2610000000004
INTERTRAN鄂西北-鄂东,4227,3000.0
INTERTRAN鄂西北-鄂东,4228,3000.0
INTERTRAN鄂西北-鄂东,4229,1794.0360449999725
INTERTRAN鄂西北-鄂东,4230,3000.0
INTERTRAN鄂西北-鄂东,4231,3000.0
INTERTRAN鄂西北-鄂东,4232,1560.6271150000002
INTERTRAN鄂西北-鄂东,4233,1374.2268049999989
INTERTRAN鄂西北-鄂东,4234,-3000.0
INTERTRAN鄂西北-鄂东,4235,-3000.0
INTERTRAN鄂西北-鄂东,4236,-3000.0
INTERTRAN鄂西北-鄂东,4237,-3000.0
INTERTRAN鄂西北-鄂东,4238,-3000.0
INTERTRAN鄂西北-鄂东,4239,-3000.0
INTERTRAN鄂西北-鄂东,4240,-3000.0
INTERTRAN鄂西北-鄂东,4241,1894.0801800000008
INTERTRAN鄂西北-鄂东,4242,-376.2308550000007
INTERTRAN鄂西北-鄂东,4243,1380.3119449999995
INTERTRAN鄂西北-鄂东,4244,2835.8575499999997
INTERTRAN鄂西北-鄂东,4245,3000.0
INTERTRAN鄂西北-鄂东,4246,3000.0
INTERTRAN鄂西北-鄂东,4247,3000.0
INTERTRAN鄂西北-鄂东,4248,3000.0
INTERTRAN鄂西北-鄂东,4249,3000.0
INTERTRAN鄂西北-鄂东,4250,3000.0
INTERTRAN鄂西北-鄂东,4251,3000.0
INTERTRAN鄂西北-鄂东,4252,3000.0
INTERTRAN鄂西北-鄂东,4253,3000.0
INTERTRAN鄂西北-鄂东,4254,3000.0
INTERTRAN鄂西北-鄂东,4255,3000.0
INTERTRAN鄂西北-鄂东,4256,3000.0
INTERTRAN鄂西北-鄂东,4257,3000.0
INTERTRAN鄂西北-鄂东,4258,3000.0
INTERTRAN鄂西北-鄂东,4259,2174.7895212345675
INTERTRAN鄂西北-鄂东,4260,-3000.0
INTERTRAN鄂西北-鄂东,4261,1561.1133699999987
INTERTRAN鄂西北-鄂东,4262,2027.2810041357725
INTERTRAN鄂西北-鄂东,4263,2748.869314999999
INTERTRAN鄂西北-鄂东,4264,3000.0
INTERTRAN鄂西北-鄂东,4265,3000.0
INTERTRAN鄂西北-鄂东,4266,3000.0
INTERTRAN鄂西北-鄂东,4267,3000.0
INTERTRAN鄂西北-鄂东,4268,3000.0
INTERTRAN鄂西北-鄂东,4269,3000.0
INTERTRAN鄂西北-鄂东,4270,3000.0
INTERTRAN鄂西北-鄂东,4271,3000.0
INTERTRAN鄂西北-鄂东,4272,3000.0
INTERTRAN鄂西北-鄂东,4273,3000.0
INTERTRAN鄂西北-鄂东,4274,3000.0
INTERTRAN鄂西北-鄂东,4275,3000.0
INTERTRAN鄂西北-鄂东,4276,3000.0
INTERTRAN鄂西北-鄂东,4277,3000.0
INTERTRAN鄂西北-鄂东,4278,3000.0
INTERTRAN鄂西北-鄂东,4279,3000.0
INTERTRAN鄂西北-鄂东,4280,3000.0
INTERTRAN鄂西北-鄂东,4281,3000.0
INTERTRAN鄂西北-鄂东,4282,3000.0
INTERTRAN鄂西北-鄂东,4283,3000.0
INTERTRAN鄂西北-鄂东,4284,3000.0
INTERTRAN鄂西北-鄂东,4285,3000.0
INTERTRAN鄂西北-鄂东,4286,-1196.1701449999994
INTERTRAN鄂西北-鄂东,4287,2297.1275232098737
INTERTRAN鄂西北-鄂东,4288,2346.4271022222492
INTERTRAN鄂西北-鄂东,4289,3000.0
INTERTRAN鄂西北-鄂东,4290,3000.0
INTERTRAN鄂西北-鄂东,4291,3000.0
INTERTRAN鄂西北-鄂东,4292,3000.0
INTERTRAN鄂西北-鄂东,4293,3000.0
INTERTRAN鄂西北-鄂东,4294,3000.0
INTERTRAN鄂西北-鄂东,4295,3000.0
INTERTRAN鄂西北-鄂东,4296,3000.0
INTERTRAN鄂西北-鄂东,4297,3000.0
INTERTRAN鄂西北-鄂东,4298,3000.0
INTERTRAN鄂西北-鄂东,4299,3000.0
INTERTRAN鄂西北-鄂东,4300,3000.0
INTERTRAN鄂西北-鄂东,4301,3000.0
INTERTRAN鄂西北-鄂东,4302,3000.0
INTERTRAN鄂西北-鄂东,4303,3000.0
INTERTRAN鄂西北-鄂东,4304,3000.0
INTERTRAN鄂西北-鄂东,4305,3000.0
INTERTRAN鄂西北-鄂东,4306,3000.0
INTERTRAN鄂西北-鄂东,4307,3000.0
INTERTRAN鄂西北-鄂东,4308,-1844.6942550000017
INTERTRAN鄂西北-鄂东,4309,766.1039462962949
INTERTRAN鄂西北-鄂东,4310,-3000.0
INTERTRAN鄂西北-鄂东,4311,-45.3656814814816
INTERTRAN鄂西北-鄂东,4312,955.0104068518508
INTERTRAN鄂西北-鄂东,4313,2123.0594849999998
INTERTRAN鄂西北-鄂东,4314,3000.0
INTERTRAN鄂西北-鄂东,4315,3000.0
INTERTRAN鄂西北-鄂东,4316,3000.0
INTERTRAN鄂西北-鄂东,4317,3000.0
INTERTRAN鄂西北-鄂东,4318,3000.0
INTERTRAN鄂西北-鄂东,4319,3000.0
INTERTRAN鄂西-鄂西北,4176,-2000.0
INTERTRAN鄂西-鄂西北,4177,-2000.0
INTERTRAN鄂西-鄂西北,4178,-2000.0
INTERTRAN鄂西-鄂西北,4179,-2000.0
INTERTRAN鄂西-鄂西北,4180,-2000.0
INTERTRAN鄂西-鄂西北,4181,-2000.0
INTERTRAN鄂西-鄂西北,4182,-2000.0
INTERTRAN鄂西-鄂西北,4183,-2000.0
INTERTRAN鄂西-鄂西北,4184,-2000.0
INTERTRAN鄂西-鄂西北,4185,-2000.0
INTERTRAN鄂西-鄂西北,4186,-1073.7026744117675
INTERTRAN鄂西-鄂西北,4187,1490.1735463531309
INTERTRAN鄂西-鄂西北,4188,2000.0
INTERTRAN鄂西-鄂西北,4189,2000.0
INTERTRAN鄂西-鄂西北,4190,2000.0
INTERTRAN鄂西-鄂西北,4191,2000.0
INTERTRAN鄂西-鄂西北,4192,2000.0
INTERTRAN鄂西-鄂西北,4193,2000.0
INTERTRAN鄂西-鄂西北,4194,421.64052849672316
INTERTRAN鄂西-鄂西北,4195,-2000.0
INTERTRAN鄂西-鄂西北,4196,-2000.0
INTERTRAN鄂西-鄂西北,4197,-2000.0
INTERTRAN鄂西-鄂西北,4198,-2000.0
INTERTRAN鄂西-鄂西北,4199,-2000.0
INTERTRAN鄂西-鄂西北,4200,-2000.0
INTERTRAN鄂西-鄂西北,4201,-2000.0
INTERTRAN鄂西-鄂西北,4202,-2000.0
INTERTRAN鄂西-鄂西北,4203,-2000.0
INTERTRAN鄂西-鄂西北,4204,-2000.0
INTERTRAN鄂西-鄂西北,4205,-2000.0
INTERTRAN鄂西-鄂西北,4206,-2000.0
INTERTRAN鄂西-鄂西北,4207,-2000.0
INTERTRAN鄂西-鄂西北,4208,-2000.0
INTERTRAN鄂西-鄂西北,4209,-2000.0
INTERTRAN鄂西-鄂西北,4210,2000.0
INTERTRAN鄂西-鄂西北,4211,2000.0
INTERTRAN鄂西-鄂西北,4212,2000.0
INTERTRAN鄂西-鄂西北,4213,2000.0
INTERTRAN鄂西-鄂西北,4214,2000.0
INTERTRAN鄂西-鄂西北,4215,2000.0
INTERTRAN鄂西-鄂西北,4216,2000.0
INTERTRAN鄂西-鄂西北,4217,2000.0
INTERTRAN鄂西-鄂西北,4218,-763.8994939408053
INTERTRAN鄂西-鄂西北,4219,-2000.0
INTERTRAN鄂西-鄂西北,4220,-2000.0
INTERTRAN鄂西-鄂西北,4221,-2000.0
INTERTRAN鄂西-鄂西北,4222,-2000.0
INTERTRAN鄂西-鄂西北,4223,-2000.0
INTERTRAN鄂西-鄂西北,4224,-2000.0
INTERTRAN鄂西-鄂西北,4225,-2000.0
INTERTRAN鄂西-鄂西北,4226,-2000.0
INTERTRAN鄂西-鄂西北,4227,-2000.0
INTERTRAN鄂西-鄂西北,4228,-2000.0
INTERTRAN鄂西-鄂西北,4229,-2000.0
INTERTRAN鄂西-鄂西北,4230,-2000.0
INTERTRAN鄂西-鄂西北,4231,-2000.0
INTERTRAN鄂西-鄂西北,4232,-2000.0
INTERTRAN鄂西-鄂西北,4233,-2000.0
INTERTRAN鄂西-鄂西北,4234,-1741.4446859259442
INTERTRAN鄂西-鄂西北,4235,2000.0
INTERTRAN鄂西-鄂西北,4236,2000.0
INTERTRAN鄂西-鄂西北,4237,2000.0
INTERTRAN鄂西-鄂西北,4238,2000.0
INTERTRAN鄂西-鄂西北,4239,2000.0
INTERTRAN鄂西-鄂西北,4240,2000.0
INTERTRAN鄂西-鄂西北,4241,2000.0
INTERTRAN鄂西-鄂西北,4242,-2000.0
INTERTRAN鄂西-鄂西北,4243,-2000.0
INTERTRAN鄂西-鄂西北,4244,-2000.0
INTERTRAN鄂西-鄂西北,4245,-2000.0
INTERTRAN鄂西-鄂西北,4246,-2000.0
INTERTRAN鄂西-鄂西北,4247,1040.9980000000005
INTERTRAN鄂西-鄂西北,4248,-359.6579999999998
INTERTRAN鄂西-鄂西北,4249,-726.5106138587181
INTERTRAN鄂西-鄂西北,4250,-290.5787500000005
INTERTRAN鄂西-鄂西北,4251,-108.04275000000095
INTERTRAN鄂西-鄂西北,4252,-1245.406500000001
INTERTRAN鄂西-鄂西北,4253,70.78975000000037
INTERTRAN鄂西-鄂西北,4254,-14.383749999999964
INTERTRAN鄂西-鄂西北,4255,-652.520755
INTERTRAN鄂西-鄂西北,4256,-357.66592500000013
INTERTRAN鄂西-鄂西北,4257,-164.5460449999996
INTERTRAN鄂西-鄂西北,4258,2000.0
INTERTRAN鄂西-鄂西北,4259,2000.0
INTERTRAN鄂西-鄂西北,4260,2000.0
INTERTRAN鄂西-鄂西北,4261,2000.0
INTERTRAN鄂西-鄂西北,4262,2000.0
INTERTRAN鄂西-鄂西北,4263,2000.0
INTERTRAN鄂西-鄂西北,4264,1292.5399050000005
INTERTRAN鄂西-鄂西北,4265,795.1160200000013
INTERTRAN鄂西-鄂西北,4266,-378.3929800000042
INTERTRAN鄂西-鄂西北,4267,943.1748400000001
INTERTRAN鄂西-鄂西北,4268,-663.1707800000013
INTERTRAN鄂西-鄂西北,4269,704.6209999999996
INTERTRAN鄂西-鄂西北,4270,-256.59749999999985
INTERTRAN鄂西-鄂西北,4271,-173.3687500000001
INTERTRAN鄂西-鄂西北,4272,-360.86625000000004
INTERTRAN鄂西-鄂西北,4273,80.9330000000009
INTERTRAN鄂西-鄂西北,4274,-680.49575
INTERTRAN鄂西-鄂西北,4275,-1181.258931141263
INTERTRAN鄂西-鄂西北,4276,-521.3312499999993
INTERTRAN鄂西-鄂西北,4277,-590.5297499999988
INTERTRAN鄂西-鄂西北,4278,-2000.0
INTERTRAN鄂西-鄂西北,4279,-2000.0
INTERTRAN鄂西-鄂西北,4280,-179.77252000000004
INTERTRAN鄂西-鄂西北,4281,-2000.0
INTERTRAN鄂西-鄂西北,4282,151.29901000000064
INTERTRAN鄂西-鄂西北,4283,410.65445
INTERTRAN鄂西-鄂西北,4284,2000.0
INTERTRAN鄂西-鄂西北,4285,1897.0626250000014
INTERTRAN鄂西-鄂西北,4286,-2000.0
INTERTRAN鄂西-鄂西北,4287,2000.0
INTERTRAN鄂西-鄂西北,4288,2000.0
INTERTRAN鄂西-鄂西北,4289,-248.79311999998822
INTERTRAN鄂西-鄂西北,4290,479.0820199999537
INTERTRAN鄂西-鄂西北,4291,644.6983300000002
INTERTRAN鄂西-鄂西北,4292,-662.7555800000046
INTERTRAN鄂西-鄂西北,4293,1572.8395000000003
INTERTRAN鄂西-鄂西北,4294,860.2909999999997
INTERTRAN鄂西-鄂西北,4295,838.7987499999999
INTERTRAN鄂西-鄂西北,4296,700.1649311412464
INTERTRAN鄂西-鄂西北,4297,324.1951000000106
INTERTRAN鄂西-鄂西北,4298,-390.14474999999857
INTERTRAN鄂西-鄂西北,4299,-755.6640000000002
INTERTRAN鄂西-鄂西北,4300,-772.4844550000034
INTERTRAN鄂西-鄂西北,4301,-980.8785800000096
INTERTRAN鄂西-鄂西北,4302,-548.1245000000008
INTERTRAN鄂西-鄂西北,4303,-1623.665380000005
INTERTRAN鄂西-鄂西北,4304,-815.8584749999998
INTERTRAN鄂西-鄂西北,4305,-1097.78557
INTERTRAN鄂西-鄂西北,4306,942.328219999994
INTERTRAN鄂西-鄂西北,4307,2000.0
INTERTRAN鄂西-鄂西北,4308,-2000.0
INTERTRAN鄂西-鄂西北,4309,2000.0
INTERTRAN鄂西-鄂西北,4310,-1548.2657799999988
INTERTRAN鄂西-鄂西北,4311,2000.0
INTERTRAN鄂西-鄂西北,4312,2000.0
INTERTRAN鄂西-鄂西北,4313,2000.0
INTERTRAN鄂西-鄂西北,4314,2000.0
INTERTRAN鄂西-鄂西北,4315,2000.0
INTERTRAN鄂西-鄂西北,4316,-286.1662149999993
INTERTRAN鄂西-鄂西北,4317,-636.4593211412348
INTERTRAN鄂西-鄂西北,4318,-2000.0
INTERTRAN鄂西-鄂西北,4319,-2000.0
INTERTRAN鄂西-鄂东,4320,9465.334728427275
INTERTRAN鄂西-鄂东,4321,9271.883230262622
INTERTRAN鄂西-鄂东,4322,8065.142079999998
INTERTRAN鄂西-鄂东,4323,9211.557379999998
INTERTRAN鄂西-鄂东,4324,6413.812280000002
INTERTRAN鄂西-鄂东,4325,7510.02188
INTERTRAN鄂西-鄂东,4326,8140.059959999999
INTERTRAN鄂西-鄂东,4327,8385.488669999999
INTERTRAN鄂西-鄂东,4328,9654.730779999998
INTERTRAN鄂西-鄂东,4329,6405.814879999998
INTERTRAN鄂西-鄂东,4330,5285.5016466666675
INTERTRAN鄂西-鄂东,4331,2989.32150437183
INTERTRAN鄂西-鄂东,4332,9023.790813333333
INTERTRAN鄂西-鄂东,4333,5542.912299549709
INTERTRAN鄂西-鄂东,4334,1430.798179999998
INTERTRAN鄂西-鄂东,4335,4544.610702026133
INTERTRAN鄂西-鄂东,4336,3205.197232098757
INTERTRAN鄂西-鄂东,4337,6549.708099477128
INTERTRAN鄂西-鄂东,4338,5444.137355555551
INTERTRAN鄂西-鄂东,4339,4882.259580000002
INTERTRAN鄂西-鄂东,4340,5015.491689027622
INTERTRAN鄂西-鄂东,4341,10733.495230000004
INTERTRAN鄂西-鄂东,4342,6801.2908800000005
INTERTRAN鄂西-鄂东,4343,5528.6495799999975
INTERTRAN鄂西-鄂东,4344,11713.827699999998
INTERTRAN鄂西-鄂东,4345,11045.915810123457
INTERTRAN鄂西-鄂东,4346,11348.668121234572
INTERTRAN鄂西-鄂东,4347,9963.188419999999
INTERTRAN鄂西-鄂东,4348,10177.795031111113
INTERTRAN鄂西-鄂东,4349,7763.974320000001
INTERTRAN鄂西-鄂东,4350,10373.130420000005
INTERTRAN鄂西-鄂东,4351,9769.359120000001
INTERTRAN鄂西-鄂东,4352,10072.924586666668
INTERTRAN鄂西-鄂东,4353,9802.744264444445
INTERTRAN鄂西-鄂东,4354,3128.198329444447
INTERTRAN鄂西-鄂东,4355,4914.3683533333315
INTERTRAN鄂西-鄂东,4356,7015.162
INTERTRAN鄂西-鄂东,4357,8363.750401111116
INTERTRAN鄂西-鄂东,4358,6489.631519999995
INTERTRAN鄂西-鄂东,4359,4706.304481296298
INTERTRAN鄂西-鄂东,4360,7300.139820000004
INTERTRAN鄂西-鄂东,4361,11749.245240000004
INTERTRAN鄂西-鄂东,4362,8022.393605000012
INTERTRAN鄂西-鄂东,4363,12600.0
INTERTRAN鄂西-鄂东,4364,11294.355395000006
INTERTRAN鄂西-鄂东,4365,10295.954603423597
INTERTRAN鄂西-鄂东,4366,11436.645999999993
INTERTRAN鄂西-鄂东,4367,12600.0
INTERTRAN鄂西-鄂东,4368,10913.949199999995
INTERTRAN鄂西-鄂东,4369,8145.014320000002
INTERTRAN鄂西-鄂东,4370,11225.524320000004
INTERTRAN鄂西-鄂东,4371,11409.324620617284
INTERTRAN鄂西-鄂东,4372,10007.693320000002
INTERTRAN鄂西-鄂东,4373,11478.585999999996
INTERTRAN鄂西-鄂东,4374,8031.408320000002
INTERTRAN鄂西-鄂东,4375,7659.1498749999955
INTERTRAN鄂西-鄂东,4376,8944.19122
INTERTRAN鄂西-鄂东,4377,10155.987119999994
INTERTRAN鄂西-鄂东,4378,5410.509319999997
INTERTRAN鄂西-鄂东,4379,6665.842194199999
INTERTRAN鄂西-鄂东,4380,2707.941705000041
INTERTRAN鄂西-鄂东,4381,4988.722661176471
INTERTRAN鄂西-鄂东,4382,4601.8237850000005
INTERTRAN鄂西-鄂东,4383,8046.149768392246
INTERTRAN鄂西-鄂东,4384,5510.684075000001
INTERTRAN鄂西-鄂东,4385,8313.559219999996
INTERTRAN鄂西-鄂东,4386,11879.946115000006
INTERTRAN鄂西-鄂东,4387,9736.798154999997
INTERTRAN鄂西-鄂东,4388,12600.0
INTERTRAN鄂西-鄂东,4389,11519.76442
INTERTRAN鄂西-鄂东,4390,12600.0
INTERTRAN鄂西-鄂东,4391,8124.186343947498
INTERTRAN鄂西-鄂东,4392,11647.928220000002
INTERTRAN鄂西-鄂东,4393,11982.82947
INTERTRAN鄂西-鄂东,4394,6122.951639999999
INTERTRAN鄂西-鄂东,4395,8273.612520000002
INTERTRAN鄂西-鄂东,4396,9250.782500000001
INTERTRAN鄂西-鄂东,4397,10539.98427
INTERTRAN鄂西-鄂东,4398,6885.457720000002
INTERTRAN鄂西-鄂东,4399,6891.558519999999
INTERTRAN鄂西-鄂东,4400,9273.790224999997
INTERTRAN鄂西-鄂东,4401,4151.6651999999995
INTERTRAN鄂西-鄂东,4402,4053.7057755555543
INTERTRAN鄂西-鄂东,4403,9763.025101666666
INTERTRAN鄂西-鄂东,4404,3336.644984705881
INTERTRAN鄂西-鄂东,4405,10264.93883111111
INTERTRAN鄂西-鄂东,4406,472.50990212778015
INTERTRAN鄂西-鄂东,4407,3501.3541041052376
INTERTRAN鄂西-鄂东,4408,3055.6829914503232
INTERTRAN鄂西-鄂东,4409,9668.404019999998
INTERTRAN鄂西-鄂东,4410,3125.0349555555476
INTERTRAN鄂西-鄂东,4411,6952.7113999999965
INTERTRAN鄂西-鄂东,4412,10004.956846176476
INTERTRAN鄂西-鄂东,4413,6763.203720000001
INTERTRAN鄂西-鄂东,4414,7769.310120000002
INTERTRAN鄂西-鄂东,4415,12600.0
INTERTRAN鄂西-鄂东,4416,6364.636119999996
INTERTRAN鄂西-鄂东,4417,7535.414720000001
INTERTRAN鄂西-鄂东,4418,3394.2176499999987
INTERTRAN鄂西-鄂东,4419,7443.582720000002
INTERTRAN鄂西-鄂东,4420,6892.0042200000025
INTERTRAN鄂西-鄂东,4421,4922.455531647058
INTERTRAN鄂西-鄂东,4422,6754.401120000002
INTERTRAN鄂西-鄂东,4423,9265.739999999998
INTERTRAN鄂西-鄂东,4424,9345.705722266666
INTERTRAN鄂西-鄂东,4425,7292.7616199999975
INTERTRAN鄂西-鄂东,4426,1893.5073999999986
INTERTRAN鄂西-鄂东,4427,7435.165280246914
INTERTRAN鄂西-鄂东,4428,8701.01471780521
INTERTRAN鄂西-鄂东,4429,4806.916980000002
INTERTRAN鄂西-鄂东,4430,6365.326184088888
INTERTRAN鄂西-鄂东,4431,6007.135099999996
INTERTRAN鄂西-鄂东,4432,3895.2822423529433
INTERTRAN鄂西-鄂东,4433,10274.542759999997
INTERTRAN鄂西-鄂东,4434,7623.970764215683
INTERTRAN鄂西-鄂东,4435,6966.666816735931
INTERTRAN鄂西-鄂东,4436,9244.445420000004
INTERTRAN鄂西-鄂东,4437,8788.256520000003
INTERTRAN鄂西-鄂东,4438,4779.933720000001
INTERTRAN鄂西-鄂东,4439,7840.4856199999995
INTERTRAN鄂西-鄂东,4440,12600.0
INTERTRAN鄂西-鄂东,4441,5793.102120000003
INTERTRAN鄂西-鄂东,4442,2501.8980200000005
INTERTRAN鄂西-鄂东,4443,6721.327520000003
INTERTRAN鄂西-鄂东,4444,3431.9687200000008
INTERTRAN鄂西-鄂东,4445,7406.1314200000015
INTERTRAN鄂西-鄂东,4446,5479.8864200000025
INTERTRAN鄂西-鄂东,4447,7376.719254999996
INTERTRAN鄂西-鄂东,4448,11333.281579999999
INTERTRAN鄂西-鄂东,4449,7917.628819999998
INTERTRAN鄂西-鄂东,4450,3477.826619999998
INTERTRAN鄂西-鄂东,4451,1880.3208491503265
INTERTRAN鄂西-鄂东,4452,3936.969424691357
INTERTRAN鄂西-鄂东,4453,9212.989576728396
INTERTRAN鄂西-鄂东,4454,4620.025445925927
INTERTRAN鄂西-鄂东,4455,4317.172731968363
INTERTRAN鄂西-鄂东,4456,4107.615597777778
INTERTRAN鄂西-鄂东,4457,5552.665599999993
INTERTRAN鄂西-鄂东,4458,5574.7688999999955
INTERTRAN鄂西-鄂东,4459,7117.167250000006
INTERTRAN鄂西-鄂东,4460,10058.00282599495
INTERTRAN鄂西-鄂东,4461,8277.131221499993
INTERTRAN鄂西-鄂东,4462,4336.796277282512
INTERTRAN鄂西-鄂东,4463,7883.283762717492
INTERTRAN鄂西北-鄂东,4320,3000.0
INTERTRAN鄂西北-鄂东,4321,3000.0
INTERTRAN鄂西北-鄂东,4322,3000.0
INTERTRAN鄂西北-鄂东,4323,1597.2670000000007
INTERTRAN鄂西北-鄂东,4324,3000.0
INTERTRAN鄂西北-鄂东,4325,3000.0
INTERTRAN鄂西北-鄂东,4326,3000.0
INTERTRAN鄂西北-鄂东,4327,2028.1063799999993
INTERTRAN鄂西北-鄂东,4328,2540.6604000000007
INTERTRAN鄂西北-鄂东,4329,3000.0
INTERTRAN鄂西北-鄂东,4330,-3000.0
INTERTRAN鄂西北-鄂东,4331,-3000.0
INTERTRAN鄂西北-鄂东,4332,-3000.0
INTERTRAN鄂西北-鄂东,4333,-2847.4775598366
INTERTRAN鄂西北-鄂东,4334,-3000.0
INTERTRAN鄂西北-鄂东,4335,-3000.0
INTERTRAN鄂西北-鄂东,4336,-3000.0
INTERTRAN鄂西北-鄂东,4337,-2569.704180261445
INTERTRAN鄂西北-鄂东,4338,-368.6406108496667
INTERTRAN鄂西北-鄂东,4339,3000.0
INTERTRAN鄂西北-鄂东,4340,3000.0
INTERTRAN鄂西北-鄂东,4341,2548.8272499999985
INTERTRAN鄂西北-鄂东,4342,3000.0
INTERTRAN鄂西北-鄂东,4343,3000.0
INTERTRAN鄂西北-鄂东,4344,3000.0
INTERTRAN鄂西北-鄂东,4345,3000.0
INTERTRAN鄂西北-鄂东,4346,3000.0
INTERTRAN鄂西北-鄂东,4347,3000.0
INTERTRAN鄂西北-鄂东,4348,3000.0
INTERTRAN鄂西北-鄂东,4349,3000.0
INTERTRAN鄂西北-鄂东,4350,2421.780999999999
INTERTRAN鄂西北-鄂东,4351,3000.0
INTERTRAN鄂西北-鄂东,4352,3000.0
INTERTRAN鄂西北-鄂东,4353,3000.0
INTERTRAN鄂西北-鄂东,4354,358.20373499999914
INTERTRAN鄂西北-鄂东,4355,-3000.0
INTERTRAN鄂西北-鄂东,4356,-2313.2027499999995
INTERTRAN鄂西北-鄂东,4357,-3000.0
INTERTRAN鄂西北-鄂东,4358,-3000.0
INTERTRAN鄂西北-鄂东,4359,-3000.0
INTERTRAN鄂西北-鄂东,4360,-3000.0
INTERTRAN鄂西北-鄂东,4361,-1905.4985200000008
INTERTRAN鄂西北-鄂东,4362,3000.0
INTERTRAN鄂西北-鄂东,4363,-617.2203799999988
INTERTRAN鄂西北-鄂东,4364,3000.0
INTERTRAN鄂西北-鄂东,4365,3000.0
INTERTRAN鄂西北-鄂东,4366,3000.0
INTERTRAN鄂西北-鄂东,4367,3000.0
INTERTRAN鄂西北-鄂东,4368,3000.0
INTERTRAN鄂西北-鄂东,4369,355.5734999999995
INTERTRAN鄂西北-鄂东,4370,3000.0
INTERTRAN鄂西北-鄂东,4371,1728.7082499999997
INTERTRAN鄂西北-鄂东,4372,3000.0
INTERTRAN鄂西北-鄂东,4373,691.621920000005
INTERTRAN鄂西北-鄂东,4374,3000.0
INTERTRAN鄂西北-鄂东,4375,3000.0
INTERTRAN鄂西北-鄂东,4376,3000.0
INTERTRAN鄂西北-鄂东,4377,3000.0
INTERTRAN鄂西北-鄂东,4378,3000.0
INTERTRAN鄂西北-鄂东,4379,3000.0
INTERTRAN鄂西北-鄂东,4380,2818.252714999958
INTERTRAN鄂西北-鄂东,4381,3000.0
INTERTRAN鄂西北-鄂东,4382,2156.203635
INTERTRAN鄂西北-鄂东,4383,-1654.9178483922456
INTERTRAN鄂西北-鄂东,4384,1765.399844999999
INTERTRAN鄂西北-鄂东,4385,3000.0
INTERTRAN鄂西北-鄂东,4386,-324.4074950000004
INTERTRAN鄂西北-鄂东,4387,312.9933650000012
INTERTRAN鄂西北-鄂东,4388,302.5537449999965
INTERTRAN鄂西北-鄂东,4389,3000.0
INTERTRAN鄂西北-鄂东,4390,1664.878520000002
INTERTRAN鄂西北-鄂东,4391,3000.0
INTERTRAN鄂西北-鄂东,4392,3000.0
INTERTRAN鄂西北-鄂东,4393,1742.6702499999992
INTERTRAN鄂西北-鄂东,4394,3000.0
INTERTRAN鄂西北-鄂东,4395,3000.0
INTERTRAN鄂西北-鄂东,4396,1444.8329200000044
INTERTRAN鄂西北-鄂东,4397,-353.17475000000013
INTERTRAN鄂西北-鄂东,4398,3000.0
INTERTRAN鄂西北-鄂东,4399,3000.0
INTERTRAN鄂西北-鄂东,4400,-16.637804999999844
INTERTRAN鄂西北-鄂东,4401,2496.2759200000037
INTERTRAN鄂西北-鄂东,4402,-3000.0
INTERTRAN鄂西北-鄂东,4403,-2795.868415000001
INTERTRAN鄂西北-鄂东,4404,-3000.0
INTERTRAN鄂西北-鄂东,4405,-3000.0
INTERTRAN鄂西北-鄂东,4406,-2663.473982127777
INTERTRAN鄂西北-鄂东,4407,-3000.0
INTERTRAN鄂西北-鄂东,4408,-3000.0
INTERTRAN鄂西北-鄂东,4409,-3000.0
INTERTRAN鄂西北-鄂东,4410,119.40816444444772
INTERTRAN鄂西北-鄂东,4411,385.9035200000053
INTERTRAN鄂西北-鄂东,4412,497.57677382352904
INTERTRAN鄂西北-鄂东,4413,3000.0
INTERTRAN鄂西北-鄂东,4414,3000.0
INTERTRAN鄂西北-鄂东,4415,726.1022199999934
INTERTRAN鄂西北-鄂东,4416,3000.0
INTERTRAN鄂西北-鄂东,4417,604.5285000000003
INTERTRAN鄂西北-鄂东,4418,3000.0
INTERTRAN鄂西北-鄂东,4419,3000.0
INTERTRAN鄂西北-鄂东,4420,1903.8809999999994
INTERTRAN鄂西北-鄂东,4421,127.10808835294029
INTERTRAN鄂西北-鄂东,4422,3000.0
INTERTRAN鄂西北-鄂东,4423,168.47431777777774
INTERTRAN鄂西北-鄂东,4424,3000.0
INTERTRAN鄂西北-鄂东,4425,3000.0
INTERTRAN鄂西北-鄂东,4426,2981.839320000002
INTERTRAN鄂西北-鄂东,4427,-1936.60064
INTERTRAN鄂西北-鄂东,4428,-3000.0
INTERTRAN鄂西北-鄂东,4429,-452.8181600000007
INTERTRAN鄂西北-鄂东,4430,-3000.0
INTERTRAN鄂西北-鄂东,4431,445.86855499999956
INTERTRAN鄂西北-鄂东,4432,775.8747599999992
INTERTRAN鄂西北-鄂东,4433,-1529.0229399999998
INTERTRAN鄂西北-鄂东,4434,930.4370950000007
INTERTRAN鄂西北-鄂东,4435,1964.1174522222227
INTERTRAN鄂西北-鄂东,4436,3000.0
INTERTRAN鄂西北-鄂东,4437,3000.0
INTERTRAN鄂西北-鄂东,4438,3000.0
INTERTRAN鄂西北-鄂东,4439,3000.0
INTERTRAN鄂西北-鄂东,4440,379.29724716049805
INTERTRAN鄂西北-鄂东,4441,3000.0
INTERTRAN鄂西北-鄂东,4442,3000.0
INTERTRAN鄂西北-鄂东,4443,3000.0
INTERTRAN鄂西北-鄂东,4444,3000.0
INTERTRAN鄂西北-鄂东,4445,3000.0
INTERTRAN鄂西北-鄂东,4446,3000.0
INTERTRAN鄂西北-鄂东,4447,2326.0429650000005
INTERTRAN鄂西北-鄂东,4448,898.5339400000003
INTERTRAN鄂西北-鄂东,4449,3000.0
INTERTRAN鄂西北-鄂东,4450,3000.0
INTERTRAN鄂西北-鄂东,4451,2194.605281960784
INTERTRAN鄂西北-鄂东,4452,1076.9638611180535
INTERTRAN鄂西北-鄂东,4453,-2961.8972949999998
INTERTRAN鄂西北-鄂东,4454,-3000.0
INTERTRAN鄂西北-鄂东,4455,-3000.0
INTERTRAN鄂西北-鄂东,4456,560.0755222222215
INTERTRAN鄂西北-鄂东,4457,-449.2321907166829
INTERTRAN鄂西北-鄂东,4458,939.0999200000069
INTERTRAN鄂西北-鄂东,4459,81.29486999999972
INTERTRAN鄂西北-鄂东,4460,-49.22290599494954
INTERTRAN鄂西北-鄂东,4461,-915.1897500000005
INTERTRAN鄂西北-鄂东,4462,-510.46450000000095
INTERTRAN鄂西北-鄂东,4463,-881.8115000000003
INTERTRAN鄂西-鄂西北,4320,-2000.0
INTERTRAN鄂西-鄂西北,4321,-2000.0
INTERTRAN鄂西-鄂西北,4322,-2000.0
INTERTRAN鄂西-鄂西北,4323,-2000.0
INTERTRAN鄂西-鄂西北,4324,-483.8612499999988
INTERTRAN鄂西-鄂西北,4325,-711.4677500000007
INTERTRAN鄂西-鄂西北,4326,-1302.840159999996
INTERTRAN鄂西-鄂西北,4327,-2000.0
INTERTRAN鄂西-鄂西北,4328,-2000.0
INTERTRAN鄂西-鄂西北,4329,208.65014500002053
INTERTRAN鄂西-鄂西北,4330,-479.53162555555514
INTERTRAN鄂西-鄂西北,4331,1915.929203333335
INTERTRAN鄂西-鄂西北,4332,2000.0
INTERTRAN鄂西-鄂西北,4333,2000.0
INTERTRAN鄂西-鄂西北,4334,2000.0
INTERTRAN鄂西-鄂西北,4335,1872.1200411111113
INTERTRAN鄂西-鄂西北,4336,2000.0
INTERTRAN鄂西-鄂西北,4337,2000.0
INTERTRAN鄂西-鄂西北,4338,2000.0
INTERTRAN鄂西-鄂西北,4339,-2000.0
INTERTRAN鄂西-鄂西北,4340,-2000.0
INTERTRAN鄂西-鄂西北,4341,-2000.0
INTERTRAN鄂西-鄂西北,4342,1171.8954049999766
INTERTRAN鄂西-鄂西北,4343,-1549.5091649999986
INTERTRAN鄂西-鄂西北,4344,-1949.6829999999989
INTERTRAN鄂西-鄂西北,4345,-1428.6825
INTERTRAN鄂西-鄂西北,4346,-2000.0
INTERTRAN鄂西-鄂西北,4347,-2000.0
INTERTRAN鄂西-鄂西北,4348,-1549.7518799999925
INTERTRAN鄂西-鄂西北,4349,1395.163250000001
INTERTRAN鄂西-鄂西北,4350,-2000.0
INTERTRAN鄂西-鄂西北,4351,100.70419000000084
INTERTRAN鄂西-鄂西北,4352,474.2277949999998
INTERTRAN鄂西-鄂西北,4353,2000.0
INTERTRAN鄂西-鄂西北,4354,2000.0
INTERTRAN鄂西-鄂西北,4355,2000.0
INTERTRAN鄂西-鄂西北,4356,2000.0
INTERTRAN鄂西-鄂西北,4357,717.3489635253673
INTERTRAN鄂西-鄂西北,4358,2000.0
INTERTRAN鄂西-鄂西北,4359,1068.5099149999996
INTERTRAN鄂西-鄂西北,4360,1505.381545000001
INTERTRAN鄂西-鄂西北,4361,-2000.0
INTERTRAN鄂西-鄂西北,4362,1606.3868400000006
INTERTRAN鄂西-鄂西北,4363,-1488.6230449999985
INTERTRAN鄂西-鄂西北,4364,-2000.0
INTERTRAN鄂西-鄂西北,4365,-1757.8356185624973
INTERTRAN鄂西-鄂西北,4366,-2000.0
INTERTRAN鄂西-鄂西北,4367,-1929.9992996080528
INTERTRAN鄂西-鄂西北,4368,1138.6345000000006
INTERTRAN鄂西-鄂西北,4369,-2000.0
INTERTRAN鄂西-鄂西北,4370,-505.7152499999993
INTERTRAN鄂西-鄂西北,4371,-2000.0
INTERTRAN鄂西-鄂西北,4372,1092.8220799999963
INTERTRAN鄂西-鄂西北,4373,-2000.0
INTERTRAN鄂西-鄂西北,4374,459.1534266077574
INTERTRAN鄂西-鄂西北,4375,-1242.6356749999995
INTERTRAN鄂西-鄂西北,4376,-685.1398149999854
INTERTRAN鄂西-鄂西北,4377,1508.4092249999994
INTERTRAN鄂西-鄂西北,4378,1013.2300749999999
INTERTRAN鄂西-鄂西北,4379,-1511.1316941999999
INTERTRAN鄂西-鄂西北,4380,2000.0
INTERTRAN鄂西-鄂西北,4381,1811.7211699999998
INTERTRAN鄂西-鄂西北,4382,2000.0
INTERTRAN鄂西-鄂西北,4383,-2000.0
INTERTRAN鄂西-鄂西北,4384,2000.0
INTERTRAN鄂西-鄂西北,4385,-1323.7634799999996
INTERTRAN鄂西-鄂西北,4386,-2000.0
INTERTRAN鄂西-鄂西北,4387,-2000.0
INTERTRAN鄂西-鄂西北,4388,-1679.1192000000028
INTERTRAN鄂西-鄂西北,4389,-35.054919999996855
INTERTRAN鄂西-鄂西北,4390,-462.3582299999964
INTERTRAN鄂西-鄂西北,4391,-1712.3202989474962
INTERTRAN鄂西-鄂西北,4392,-2000.0
INTERTRAN鄂西-鄂西北,4393,-2000.0
INTERTRAN鄂西-鄂西北,4394,133.34074999999984
INTERTRAN鄂西-鄂西北,4395,-1073.2712499999998
INTERTRAN鄂西-鄂西北,4396,-2000.0
INTERTRAN鄂西-鄂西北,4397,-2000.0
INTERTRAN鄂西-鄂西北,4398,-296.70092000000295
INTERTRAN鄂西-鄂西北,4399,-509.27152000000115
INTERTRAN鄂西-鄂西北,4400,-2000.0
INTERTRAN鄂西-鄂西北,4401,2000.0
INTERTRAN鄂西-鄂西北,4402,2000.0
INTERTRAN鄂西-鄂西北,4403,2000.0
INTERTRAN鄂西-鄂西北,4404,2000.0
INTERTRAN鄂西-鄂西北,4405,2000.0
INTERTRAN鄂西-鄂西北,4406,2000.0
INTERTRAN鄂西-鄂西北,4407,2000.0
INTERTRAN鄂西-鄂西北,4408,-320.62619145032477
INTERTRAN鄂西-鄂西北,4409,2000.0
INTERTRAN鄂西-鄂西北,4410,2000.0
INTERTRAN鄂西-鄂西北,4411,2000.0
INTERTRAN鄂西-鄂西北,4412,-2000.0
INTERTRAN鄂西-鄂西北,4413,-2000.0
INTERTRAN鄂西-鄂西北,4414,-2000.0
INTERTRAN鄂西-鄂西北,4415,-2000.0
INTERTRAN鄂西-鄂西北,4416,-2000.0
INTERTRAN鄂西-鄂西北,4417,-2000.0
INTERTRAN鄂西-鄂西北,4418,828.6967500000001
INTERTRAN鄂西-鄂西北,4419,-1848.7162500000004
INTERTRAN鄂西-鄂西北,4420,-2000.0
INTERTRAN鄂西-鄂西北,4421,-2000.0
INTERTRAN鄂西-鄂西北,4422,-171.66824999999926
INTERTRAN鄂西-鄂西北,4423,-2000.0
INTERTRAN鄂西-鄂西北,4424,-76.92649499999948
INTERTRAN鄂西-鄂西北,4425,949.5116849999995
INTERTRAN鄂西-鄂西北,4426,2000.0
INTERTRAN鄂西-鄂西北,4427,-2000.0
INTERTRAN鄂西-鄂西北,4428,-1174.098030980389
INTERTRAN鄂西-鄂西北,4429,-2000.0
INTERTRAN鄂西-鄂西北,4430,2000.0
INTERTRAN鄂西-鄂西北,4431,2000.0
INTERTRAN鄂西-鄂西北,4432,2000.0
INTERTRAN鄂西-鄂西北,4433,-2000.0
INTERTRAN鄂西-鄂西北,4434,-2000.0
INTERTRAN鄂西-鄂西北,4435,-2000.0
INTERTRAN鄂西-鄂西北,4436,-446.4802999999988
INTERTRAN鄂西-鄂西北,4437,204.8682500000009
INTERTRAN鄂西-鄂西北,4438,-2000.0
INTERTRAN鄂西-鄂西北,4439,126.45449999999983
INTERTRAN鄂西-鄂西北,4440,-2000.0
INTERTRAN鄂西-鄂西北,4441,-1936.5286370000003
INTERTRAN鄂西-鄂西北,4442,-961.4785000000006
INTERTRAN鄂西-鄂西北,4443,-2000.0
INTERTRAN鄂西-鄂西北,4444,-379.96524999999974
INTERTRAN鄂西-鄂西北,4445,-1863.521499999999
INTERTRAN鄂西-鄂西北,4446,-1710.7400000000007
INTERTRAN鄂西-鄂西北,4447,-2000.0
INTERTRAN鄂西-鄂西北,4448,-2000.0
INTERTRAN鄂西-鄂西北,4449,797.6106600000003
INTERTRAN鄂西-鄂西北,4450,486.53194999999914
INTERTRAN鄂西-鄂西北,4451,2000.0
INTERTRAN鄂西-鄂西北,4452,2000.0
INTERTRAN鄂西-鄂西北,4453,-2000.0
INTERTRAN鄂西-鄂西北,4454,947.4300602941175
INTERTRAN鄂西-鄂西北,4455,497.3723885185191
INTERTRAN鄂西-鄂西北,4456,2000.0
INTERTRAN鄂西-鄂西北,4457,-2000.0
INTERTRAN鄂西-鄂西北,4458,-2000.0
INTERTRAN鄂西-鄂西北,4459,-2000.0
INTERTRAN鄂西-鄂西北,4460,-2000.0
INTERTRAN鄂西-鄂西北,4461,-2000.0
INTERTRAN鄂西-鄂西北,4462,-2000.0
INTERTRAN鄂西-鄂西北,4463,-2000.0
INTERTRAN鄂西-鄂东,4464,2874.5910499999995
INTERTRAN鄂西-鄂东,4465,3661.9443950000095
INTERTRAN鄂西-鄂东,4466,5121.0363
INTERTRAN鄂西-鄂东,4467,5006.027120000004
INTERTRAN鄂西-鄂东,4468,4306.791699999996
INTERTRAN鄂西-鄂东,4469,4581.594920000001
INTERTRAN鄂西-鄂东,4470,4079.4043649999985
INTERTRAN鄂西-鄂东,4471,5681.2356649999965
INTERTRAN鄂西-鄂东,4472,6620.7487116647035
INTERTRAN鄂西-鄂东,4473,7028.4610200000025
INTERTRAN鄂西-鄂东,4474,2917.6133999999984
INTERTRAN鄂西-鄂东,4475,4920.543347058823
INTERTRAN鄂西-鄂东,4476,2037.690919999999
INTERTRAN鄂西-鄂东,4477,8100.469699999998
INTERTRAN鄂西-鄂东,4478,8068.313659259262
INTERTRAN鄂西-鄂东,4479,5210.310276732021
INTERTRAN鄂西-鄂东,4480,3606.7937470588204
INTERTRAN鄂西-鄂东,4481,8227.513097777792
INTERTRAN鄂西-鄂东,4482,6309.720783215272
INTERTRAN鄂西-鄂东,4483,3487.9517200000028
INTERTRAN鄂西-鄂东,4484,5698.715220000002
INTERTRAN鄂西-鄂东,4485,7907.712099999997
INTERTRAN鄂西-鄂东,4486,4582.112685767952
INTERTRAN鄂西-鄂东,4487,9951.040085767952
INTERTRAN鄂西-鄂东,4488,6733.471735767951
INTERTRAN鄂西-鄂东,4489,5835.04203423205
INTERTRAN鄂西-鄂东,4490,7367.028320000003
INTERTRAN鄂西-鄂东,4491,6517.246535767948
INTERTRAN鄂西-鄂东,4492,5251.503720000002
INTERTRAN鄂西-鄂东,4493,5847.840085767952
INTERTRAN鄂西-鄂东,4494,5919.152620000003
INTERTRAN鄂西-鄂东,4495,5768.410695767954
INTERTRAN鄂西-鄂东,4496,6947.445534232049
INTERTRAN鄂西-鄂东,4497,8841.75302
INTERTRAN鄂西-鄂东,4498,3918.570020000001
INTERTRAN鄂西-鄂东,4499,4818.0383200000015
INTERTRAN鄂西-鄂东,4500,3987.42332
INTERTRAN鄂西-鄂东,4501,3862.755900000002
INTERTRAN鄂西-鄂东,4502,3017.0811100000005
INTERTRAN鄂西-鄂东,4503,3008.7738999999992
INTERTRAN鄂西-鄂东,4504,4349.121220000001
INTERTRAN鄂西-鄂东,4505,6825.07583423205
INTERTRAN鄂西-鄂东,4506,7821.246719999996
INTERTRAN鄂西-鄂东,4507,6247.104219999999
INTERTRAN鄂西-鄂东,4508,8746.583120000003
INTERTRAN鄂西-鄂东,4509,9087.845976928194
INTERTRAN鄂西-鄂东,4510,8432.79362
INTERTRAN鄂西-鄂东,4511,10193.034934232044
INTERTRAN鄂西-鄂东,4512,8979.908669999999
INTERTRAN鄂西-鄂东,4513,6783.823920000002
INTERTRAN鄂西-鄂东,4514,7774.826960823084
INTERTRAN鄂西-鄂东,4515,5612.750176513346
INTERTRAN鄂西-鄂东,4516,6516.941499165592
INTERTRAN鄂西-鄂东,4517,5351.265015767947
INTERTRAN鄂西-鄂东,4518,5493.073485767951
INTERTRAN鄂西-鄂东,4519,6489.145807370302
INTERTRAN鄂西-鄂东,4520,6085.3135903484
INTERTRAN鄂西-鄂东,4521,5751.79413423205
INTERTRAN鄂西-鄂东,4522,2922.6982
INTERTRAN鄂西-鄂东,4523,4282.706144444442
INTERTRAN鄂西-鄂东,4524,7889.5232
INTERTRAN鄂西-鄂东,4525,6216.858099999998
INTERTRAN鄂西-鄂东,4526,2603.0829111111034
INTERTRAN鄂西-鄂东,4527,7856.941899999998
INTERTRAN鄂西-鄂东,4528,3140.3231777777696
INTERTRAN鄂西-鄂东,4529,7790.527111503275
INTERTRAN鄂西-鄂东,4530,6064.931244444439
INTERTRAN鄂西-鄂东,4531,4443.336199999998
INTERTRAN鄂西-鄂东,4532,8903.897519999997
INTERTRAN鄂西-鄂东,4533,5417.199819999994
INTERTRAN鄂西-鄂东,4534,8504.646449254613
INTERTRAN鄂西-鄂东,4535,4612.535007500004
INTERTRAN鄂西-鄂东,4536,9494.20912
INTERTRAN鄂西-鄂东,4537,7876.689120000001
INTERTRAN鄂西-鄂东,4538,7228.781198026688
INTERTRAN鄂西-鄂东,4539,7356.370020000006
INTERTRAN鄂西-鄂东,4540,5811.183220000003
INTERTRAN鄂西-鄂东,4541,7997.872919999998
INTERTRAN鄂西-鄂东,4542,6208.427420000003
INTERTRAN鄂西-鄂东,4543,6875.223519999998
INTERTRAN鄂西-鄂东,4544,7468.52379074539
INTERTRAN鄂西-鄂东,4545,5834.739295541669
INTERTRAN鄂西-鄂东,4546,5694.951101666666
INTERTRAN鄂西-鄂东,4547,4273.111324353659
INTERTRAN鄂西-鄂东,4548,6372.651243660114
INTERTRAN鄂西-鄂东,4549,5192.477299999991
INTERTRAN鄂西-鄂东,4550,4552.097699999998
INTERTRAN鄂西-鄂东,4551,4803.337599999995
INTERTRAN鄂西-鄂东,4552,8199.320999999989
INTERTRAN鄂西-鄂东,4553,7466.673700784317
INTERTRAN鄂西-鄂东,4554,8525.860919999996
INTERTRAN鄂西-鄂东,4555,7512.8991
INTERTRAN鄂西-鄂东,4556,9725.827119999998
INTERTRAN鄂西-鄂东,4557,6793.2435765133405
INTERTRAN鄂西-鄂东,4558,7517.212729254609
INTERTRAN鄂西-鄂东,4559,8673.34062
INTERTRAN鄂西-鄂东,4560,7810.134619999999
INTERTRAN鄂西-鄂东,4561,8086.824676513342
INTERTRAN鄂西-鄂东,4562,5863.331829254608
INTERTRAN鄂西-鄂东,4563,7360.777479343652
INTERTRAN鄂西-鄂东,4564,7284.663620000003
INTERTRAN鄂西-鄂东,4565,7968.101520000002
INTERTRAN鄂西-鄂东,4566,5884.069518026672
INTERTRAN鄂西-鄂东,4567,6301.18802
INTERTRAN鄂西-鄂东,4568,7588.249774999998
INTERTRAN鄂西-鄂东,4569,8601.703826973326
INTERTRAN鄂西-鄂东,4570,4688.159798300731
INTERTRAN鄂西-鄂东,4571,6453.499904575159
INTERTRAN鄂西-鄂东,4572,6670.416717647055
INTERTRAN鄂西-鄂东,4573,6818.099263398707
INTERTRAN鄂西-鄂东,4574,7829.470599999997
INTERTRAN鄂西-鄂东,4575,6269.477713333317
INTERTRAN鄂西-鄂东,4576,1302.022219999999
INTERTRAN鄂西-鄂东,4577,6847.622912549023
INTERTRAN鄂西-鄂东,4578,10486.202040000002
INTERTRAN鄂西-鄂东,4579,8792.47328576795
INTERTRAN鄂西-鄂东,4580,12600.0
INTERTRAN鄂西-鄂东,4581,12600.0
INTERTRAN鄂西-鄂东,4582,12600.0
INTERTRAN鄂西-鄂东,4583,12600.0
INTERTRAN鄂西-鄂东,4584,12600.0
INTERTRAN鄂西-鄂东,4585,12600.0
INTERTRAN鄂西-鄂东,4586,12600.0
INTERTRAN鄂西-鄂东,4587,11369.77592
INTERTRAN鄂西-鄂东,4588,10328.80907
INTERTRAN鄂西-鄂东,4589,8746.722329254608
INTERTRAN鄂西-鄂东,4590,10001.227022917521
INTERTRAN鄂西-鄂东,4591,9784.943890000002
INTERTRAN鄂西-鄂东,4592,12600.0
INTERTRAN鄂西-鄂东,4593,12600.0
INTERTRAN鄂西-鄂东,4594,12600.0
INTERTRAN鄂西-鄂东,4595,12600.0
INTERTRAN鄂西-鄂东,4596,10772.614529254604
INTERTRAN鄂西-鄂东,4597,12600.0
INTERTRAN鄂西-鄂东,4598,11949.48817651334
INTERTRAN鄂西-鄂东,4599,11497.998876513335
INTERTRAN鄂西-鄂东,4600,7948.926290745388
INTERTRAN鄂西-鄂东,4601,12600.0
INTERTRAN鄂西-鄂东,4602,12600.0
INTERTRAN鄂西-鄂东,4603,12600.0
INTERTRAN鄂西-鄂东,4604,12600.0
INTERTRAN鄂西-鄂东,4605,12600.0
INTERTRAN鄂西-鄂东,4606,12600.0
INTERTRAN鄂西-鄂东,4607,12600.0
INTERTRAN鄂西北-鄂东,4464,3000.0
INTERTRAN鄂西北-鄂东,4465,3000.0
INTERTRAN鄂西北-鄂东,4466,3000.0
INTERTRAN鄂西北-鄂东,4467,3000.0
INTERTRAN鄂西北-鄂东,4468,3000.0
INTERTRAN鄂西北-鄂东,4469,3000.0
INTERTRAN鄂西北-鄂东,4470,3000.0
INTERTRAN鄂西北-鄂东,4471,3000.0
INTERTRAN鄂西北-鄂东,4472,3000.0
INTERTRAN鄂西北-鄂东,4473,3000.0
INTERTRAN鄂西北-鄂东,4474,3000.0
INTERTRAN鄂西北-鄂东,4475,-1580.8860094117617
INTERTRAN鄂西北-鄂东,4476,-3000.0
INTERTRAN鄂西北-鄂东,4477,-3000.0
INTERTRAN鄂西北-鄂东,4478,-3000.0
INTERTRAN鄂西北-鄂东,4479,-3000.0
INTERTRAN鄂西北-鄂东,4480,-3000.0
INTERTRAN鄂西北-鄂东,4481,-3000.0
INTERTRAN鄂西北-鄂东,4482,-1630.0630632152725
INTERTRAN鄂西北-鄂东,4483,3000.0
INTERTRAN鄂西北-鄂东,4484,3000.0
INTERTRAN鄂西北-鄂东,4485,3000.0
INTERTRAN鄂西北-鄂东,4486,3000.0
INTERTRAN鄂西北-鄂东,4487,3000.0
INTERTRAN鄂西北-鄂东,4488,3000.0
INTERTRAN鄂西北-鄂东,4489,3000.0
INTERTRAN鄂西北-鄂东,4490,3000.0
INTERTRAN鄂西北-鄂东,4491,3000.0
INTERTRAN鄂西北-鄂东,4492,3000.0
INTERTRAN鄂西北-鄂东,4493,3000.0
INTERTRAN鄂西北-鄂东,4494,3000.0
INTERTRAN鄂西北-鄂东,4495,3000.0
INTERTRAN鄂西北-鄂东,4496,3000.0
INTERTRAN鄂西北-鄂东,4497,3000.0
INTERTRAN鄂西北-鄂东,4498,3000.0
INTERTRAN鄂西北-鄂东,4499,3000.0
INTERTRAN鄂西北-鄂东,4500,3000.0
INTERTRAN鄂西北-鄂东,4501,2423.13037
INTERTRAN鄂西北-鄂东,4502,2618.544409999999
INTERTRAN鄂西北-鄂东,4503,2977.77272
INTERTRAN鄂西北-鄂东,4504,3000.0
INTERTRAN鄂西北-鄂东,4505,3000.0
INTERTRAN鄂西北-鄂东,4506,3000.0
INTERTRAN鄂西北-鄂东,4507,3000.0
INTERTRAN鄂西北-鄂东,4508,3000.0
INTERTRAN鄂西北-鄂东,4509,3000.0
INTERTRAN鄂西北-鄂东,4510,3000.0
INTERTRAN鄂西北-鄂东,4511,3000.0
INTERTRAN鄂西北-鄂东,4512,3000.0
INTERTRAN鄂西北-鄂东,4513,3000.0
INTERTRAN鄂西北-鄂东,4514,3000.0
INTERTRAN鄂西北-鄂东,4515,3000.0
INTERTRAN鄂西北-鄂东,4516,3000.0
INTERTRAN鄂西北-鄂东,4517,3000.0
INTERTRAN鄂西北-鄂东,4518,3000.0
INTERTRAN鄂西北-鄂东,4519,3000.0
INTERTRAN鄂西北-鄂东,4520,3000.0
INTERTRAN鄂西北-鄂东,4521,3000.0
INTERTRAN鄂西北-鄂东,4522,2601.1250999999997
INTERTRAN鄂西北-鄂东,4523,-3000.0
INTERTRAN鄂西北-鄂东,4524,-3000.0
INTERTRAN鄂西北-鄂东,4525,-3000.0
INTERTRAN鄂西北-鄂东,4526,-3000.0
INTERTRAN鄂西北-鄂东,4527,-3000.0
INTERTRAN鄂西北-鄂东,4528,-3000.0
INTERTRAN鄂西北-鄂东,4529,-3000.0
INTERTRAN鄂西北-鄂东,4530,-687.5762577777723
INTERTRAN鄂西北-鄂东,4531,3000.0
INTERTRAN鄂西北-鄂东,4532,3000.0
INTERTRAN鄂西北-鄂东,4533,3000.0
INTERTRAN鄂西北-鄂东,4534,3000.0
INTERTRAN鄂西北-鄂东,4535,3000.0
INTERTRAN鄂西北-鄂东,4536,3000.0
INTERTRAN鄂西北-鄂东,4537,3000.0
INTERTRAN鄂西北-鄂东,4538,3000.0
INTERTRAN鄂西北-鄂东,4539,3000.0
INTERTRAN鄂西北-鄂东,4540,3000.0
INTERTRAN鄂西北-鄂东,4541,3000.0
INTERTRAN鄂西北-鄂东,4542,3000.0
INTERTRAN鄂西北-鄂东,4543,3000.0
INTERTRAN鄂西北-鄂东,4544,3000.0
INTERTRAN鄂西北-鄂东,4545,3000.0
INTERTRAN鄂西北-鄂东,4546,-3000.0
INTERTRAN鄂西北-鄂东,4547,-3000.0
INTERTRAN鄂西北-鄂东,4548,-3000.0
INTERTRAN鄂西北-鄂东,4549,-3000.0
INTERTRAN鄂西北-鄂东,4550,-3000.0
INTERTRAN鄂西北-鄂东,4551,-3000.0
INTERTRAN鄂西北-鄂东,4552,-3000.0
INTERTRAN鄂西北-鄂东,4553,-3000.0
INTERTRAN鄂西北-鄂东,4554,-3000.0
INTERTRAN鄂西北-鄂东,4555,-1214.782479999999
INTERTRAN鄂西北-鄂东,4556,3000.0
INTERTRAN鄂西北-鄂东,4557,919.8946899999996
INTERTRAN鄂西北-鄂东,4558,3000.0
INTERTRAN鄂西北-鄂东,4559,3000.0
INTERTRAN鄂西北-鄂东,4560,3000.0
INTERTRAN鄂西北-鄂东,4561,3000.0
INTERTRAN鄂西北-鄂东,4562,3000.0
INTERTRAN鄂西北-鄂东,4563,3000.0
INTERTRAN鄂西北-鄂东,4564,3000.0
INTERTRAN鄂西北-鄂东,4565,3000.0
INTERTRAN鄂西北-鄂东,4566,3000.0
INTERTRAN鄂西北-鄂东,4567,3000.0
INTERTRAN鄂西北-鄂东,4568,1104.2673450000007
INTERTRAN鄂西北-鄂东,4569,-636.896405
INTERTRAN鄂西北-鄂东,4570,-3000.0
INTERTRAN鄂西北-鄂东,4571,-3000.0
INTERTRAN鄂西北-鄂东,4572,-3000.0
INTERTRAN鄂西北-鄂东,4573,-3000.0
INTERTRAN鄂西北-鄂东,4574,-3000.0
INTERTRAN鄂西北-鄂东,4575,-3000.0
INTERTRAN鄂西北-鄂东,4576,-3000.0
INTERTRAN鄂西北-鄂东,4577,-3000.0
INTERTRAN鄂西北-鄂东,4578,-1858.0618200000015
INTERTRAN鄂西北-鄂东,4579,-1053.2576565133413
INTERTRAN鄂西北-鄂东,4580,2226.3232199999984
INTERTRAN鄂西北-鄂东,4581,1414.1472292546014
INTERTRAN鄂西北-鄂东,4582,3000.0
INTERTRAN鄂西北-鄂东,4583,3000.0
INTERTRAN鄂西北-鄂东,4584,2627.5895397460954
INTERTRAN鄂西北-鄂东,4585,1511.2026200000014
INTERTRAN鄂西北-鄂东,4586,383.440819999998
INTERTRAN鄂西北-鄂东,4587,261.5774999999994
INTERTRAN鄂西北-鄂东,4588,439.02125000000024
INTERTRAN鄂西北-鄂东,4589,-79.95700000000102
INTERTRAN鄂西北-鄂东,4590,717.7865000000002
INTERTRAN鄂西北-鄂东,4591,466.21002999999973
INTERTRAN鄂西北-鄂东,4592,-631.1117899999997
INTERTRAN鄂西北-鄂东,4593,2259.3144199999983
INTERTRAN鄂西北-鄂东,4594,-1601.9262099999996
INTERTRAN鄂西北-鄂东,4595,-839.9495799999968
INTERTRAN鄂西北-鄂东,4596,-1366.4560999999997
INTERTRAN鄂西北-鄂东,4597,-1121.6562799999997
INTERTRAN鄂西北-鄂东,4598,-1523.4689049999997
INTERTRAN鄂西北-鄂东,4599,-1697.9817500000004
INTERTRAN鄂西北-鄂东,4600,1694.0402099999997
INTERTRAN鄂西北-鄂东,4601,3000.0
INTERTRAN鄂西北-鄂东,4602,2519.85219
INTERTRAN鄂西北-鄂东,4603,701.5189199999982
INTERTRAN鄂西北-鄂东,4604,1673.7325256573265
INTERTRAN鄂西北-鄂东,4605,3000.0
INTERTRAN鄂西北-鄂东,4606,3000.0
INTERTRAN鄂西北-鄂东,4607,3000.0
INTERTRAN鄂西-鄂西北,4464,351.0857499999994
INTERTRAN鄂西-鄂西北,4465,-402.11454980119953
INTERTRAN鄂西-鄂西北,4466,-2000.0
INTERTRAN鄂西-鄂西北,4467,172.02575000000115
INTERTRAN鄂西-鄂西北,4468,-837.7979999999989
INTERTRAN鄂西-鄂西北,4469,72.39325000000008
INTERTRAN鄂西-鄂西北,4470,196.13453500000014
INTERTRAN鄂西-鄂西北,4471,-503.43496499999947
INTERTRAN鄂西-鄂西北,4472,-1432.263388947219
INTERTRAN鄂西-鄂西北,4473,985.4662400000007
INTERTRAN鄂西-鄂西北,4474,2000.0
INTERTRAN鄂西-鄂西北,4475,2000.0
INTERTRAN鄂西-鄂西北,4476,2000.0
INTERTRAN鄂西-鄂西北,4477,2000.0
INTERTRAN鄂西-鄂西北,4478,2000.0
INTERTRAN鄂西-鄂西北,4479,2000.0
INTERTRAN鄂西-鄂西北,4480,2000.0
INTERTRAN鄂西-鄂西北,4481,33.16364863656577
INTERTRAN鄂西-鄂西北,4482,2000.0
INTERTRAN鄂西-鄂西北,4483,1762.9696799999965
INTERTRAN鄂西-鄂西北,4484,-1462.056120000003
INTERTRAN鄂西-鄂西北,4485,-2000.0
INTERTRAN鄂西-鄂西北,4486,2000.0
INTERTRAN鄂西-鄂西北,4487,2000.0
INTERTRAN鄂西-鄂西北,4488,-227.4512499999994
INTERTRAN鄂西-鄂西北,4489,-223.8832342320511
INTERTRAN鄂西-鄂西北,4490,-486.77043423205214
INTERTRAN鄂西-鄂西北,4491,1030.7277500000005
INTERTRAN鄂西-鄂西北,4492,-20.33583423205164
INTERTRAN鄂西-鄂西北,4493,787.4965000000002
INTERTRAN鄂西-鄂西北,4494,-1304.0729999999994
INTERTRAN鄂西-鄂西北,4495,725.6897899999994
INTERTRAN鄂西-鄂西北,4496,693.97057
INTERTRAN鄂西-鄂西北,4497,-2000.0
INTERTRAN鄂西-鄂西北,4498,1867.8767250000008
INTERTRAN鄂西-鄂西北,4499,2000.0
INTERTRAN鄂西-鄂西北,4500,768.9984799999947
INTERTRAN鄂西-鄂西北,4501,2000.0
INTERTRAN鄂西-鄂西北,4502,2000.0
INTERTRAN鄂西-鄂西北,4503,2000.0
INTERTRAN鄂西-鄂西北,4504,2000.0
INTERTRAN鄂西-鄂西北,4505,2000.0
INTERTRAN鄂西-鄂西北,4506,-111.1874342320425
INTERTRAN鄂西-鄂西北,4507,851.0057657679517
INTERTRAN鄂西-鄂西北,4508,1806.8465900000003
INTERTRAN鄂西-鄂西北,4509,2000.0
INTERTRAN鄂西-鄂西北,4510,-1937.486834232047
INTERTRAN鄂西-鄂西北,4511,-638.9801646076857
INTERTRAN鄂西-鄂西北,4512,-401.8297842320462
INTERTRAN鄂西-鄂西北,4513,833.2107499999997
INTERTRAN鄂西-鄂西北,4514,450.67625000000044
INTERTRAN鄂西-鄂西北,4515,459.6095000000005
INTERTRAN鄂西-鄂西北,4516,-922.7969133976437
INTERTRAN鄂西-鄂西北,4517,-263.52182999999786
INTERTRAN鄂西-鄂西北,4518,-2000.0
INTERTRAN鄂西-鄂西北,4519,77.50795839764396
INTERTRAN鄂西-鄂西北,4520,798.1276954195513
INTERTRAN鄂西-鄂西北,4521,-277.35543423205127
INTERTRAN鄂西-鄂西北,4522,2000.0
INTERTRAN鄂西-鄂西北,4523,2000.0
INTERTRAN鄂西-鄂西北,4524,2000.0
INTERTRAN鄂西-鄂西北,4525,2000.0
INTERTRAN鄂西-鄂西北,4526,2000.0
INTERTRAN鄂西-鄂西北,4527,2000.0
INTERTRAN鄂西-鄂西北,4528,2000.0
INTERTRAN鄂西-鄂西北,4529,2000.0
INTERTRAN鄂西-鄂西北,4530,2000.0
INTERTRAN鄂西-鄂西北,4531,2000.0
INTERTRAN鄂西-鄂西北,4532,-454.12914348665254
INTERTRAN鄂西-鄂西北,4533,-2000.0
INTERTRAN鄂西-鄂西北,4534,-2000.0
INTERTRAN鄂西-鄂西北,4535,-1054.152130986663
INTERTRAN鄂西-鄂西北,4536,-2000.0
INTERTRAN鄂西-鄂西北,4537,-2000.0
INTERTRAN鄂西-鄂西北,4538,-195.43172151334534
INTERTRAN鄂西-鄂西北,4539,1221.6515000000006
INTERTRAN鄂西-鄂西北,4540,768.3145000000004
INTERTRAN鄂西-鄂西北,4541,-2000.0
INTERTRAN鄂西-鄂西北,4542,-890.0114999999998
INTERTRAN鄂西-鄂西北,4543,-2000.0
INTERTRAN鄂西-鄂西北,4544,-2000.0
INTERTRAN鄂西-鄂西北,4545,987.7756044583308
INTERTRAN鄂西-鄂西北,4546,1073.5212650000003
INTERTRAN鄂西-鄂西北,4547,522.7318423130009
INTERTRAN鄂西-鄂西北,4548,2000.0
INTERTRAN鄂西-鄂西北,4549,2000.0
INTERTRAN鄂西-鄂西北,4550,2000.0
INTERTRAN鄂西-鄂西北,4551,2000.0
INTERTRAN鄂西-鄂西北,4552,2000.0
INTERTRAN鄂西-鄂西北,4553,2000.0
INTERTRAN鄂西-鄂西北,4554,-187.79638666666386
INTERTRAN鄂西-鄂西北,4555,-2000.0
INTERTRAN鄂西-鄂西北,4556,-502.68354348666
INTERTRAN鄂西-鄂西北,4557,-2000.0
INTERTRAN鄂西-鄂西北,4558,-2000.0
INTERTRAN鄂西-鄂西北,4559,-2000.0
INTERTRAN鄂西-鄂西北,4560,-2000.0
INTERTRAN鄂西-鄂西北,4561,-2000.0
INTERTRAN鄂西-鄂西北,4562,1138.6452500000003
INTERTRAN鄂西-鄂西北,4563,426.8250000000007
INTERTRAN鄂西-鄂西北,4564,-2000.0
INTERTRAN鄂西-鄂西北,4565,-2000.0
INTERTRAN鄂西-鄂西北,4566,-788.2721272812862
INTERTRAN鄂西-鄂西北,4567,-233.92183423204938
INTERTRAN鄂西-鄂西北,4568,-2000.0
INTERTRAN鄂西-鄂西北,4569,-2000.0
INTERTRAN鄂西-鄂西北,4570,2000.0
INTERTRAN鄂西-鄂西北,4571,675.9928398692841
INTERTRAN鄂西-鄂西北,4572,2000.0
INTERTRAN鄂西-鄂西北,4573,2000.0
INTERTRAN鄂西-鄂西北,4574,2000.0
INTERTRAN鄂西-鄂西北,4575,2000.0
INTERTRAN鄂西-鄂西北,4576,2000.0
INTERTRAN鄂西-鄂西北,4577,2000.0
INTERTRAN鄂西-鄂西北,4578,-2000.0
INTERTRAN鄂西-鄂西北,4579,-2000.0
INTERTRAN鄂西-鄂西北,4580,1205.2476765133401
INTERTRAN鄂西-鄂西北,4581,726.996384254601
INTERTRAN鄂西-鄂西北,4582,698.5904765133388
INTERTRAN鄂西-鄂西北,4583,1305.0114534866652
INTERTRAN鄂西-鄂西北,4584,1452.779039746095
INTERTRAN鄂西-鄂西北,4585,340.1186200000029
INTERTRAN鄂西-鄂西北,4586,-1700.4931800000018
INTERTRAN鄂西-鄂西北,4587,-2000.0
INTERTRAN鄂西-鄂西北,4588,-2000.0
INTERTRAN鄂西-鄂西北,4589,-2000.0
INTERTRAN鄂西-鄂西北,4590,-2000.0
INTERTRAN鄂西-鄂西北,4591,-2000.0
INTERTRAN鄂西-鄂西北,4592,-2000.0
INTERTRAN鄂西-鄂西北,4593,1193.545959999999
INTERTRAN鄂西-鄂西北,4594,-2000.0
INTERTRAN鄂西-鄂西北,4595,-968.726839999997
INTERTRAN鄂西-鄂西北,4596,-2000.0
INTERTRAN鄂西-鄂西北,4597,-802.9153800000008
INTERTRAN鄂西-鄂西北,4598,-2000.0
INTERTRAN鄂西-鄂西北,4599,-2000.0
INTERTRAN鄂西-鄂西北,4600,2000.0
INTERTRAN鄂西-鄂西北,4601,1576.0280999999995
INTERTRAN鄂西-鄂西北,4602,2000.0
INTERTRAN鄂西-鄂西北,4603,317.84114499999725
INTERTRAN鄂西-鄂西北,4604,-162.0849234866613
INTERTRAN鄂西-鄂西北,4605,-674.4374922403449
INTERTRAN鄂西-鄂西北,4606,-880.9723092546137
INTERTRAN鄂西-鄂西北,4607,2000.0
INTERTRAN鄂西-鄂东,4608,6802.845095000008
INTERTRAN鄂西-鄂东,4609,6471.959299999995
INTERTRAN鄂西-鄂东,4610,8021.3523199999945
INTERTRAN鄂西-鄂东,4611,6410.153449999998
INTERTRAN鄂西-鄂东,4612,9361.89312
INTERTRAN鄂西-鄂东,4613,8980.731919999998
INTERTRAN鄂西-鄂东,4614,2597.6673200000014
INTERTRAN鄂西-鄂东,4615,4072.3910199999973
INTERTRAN鄂西-鄂东,4616,4182.479770000004
INTERTRAN鄂西-鄂东,4617,7151.396420000001
INTERTRAN鄂西-鄂东,4618,5362.316669999995
INTERTRAN鄂西-鄂东,4619,10673.312199999997
INTERTRAN鄂西-鄂东,4620,7329.128800925921
INTERTRAN鄂西-鄂东,4621,9662.441739999998
INTERTRAN鄂西-鄂东,4622,1710.2164999999914
INTERTRAN鄂西-鄂东,4623,6430.728899999995
INTERTRAN鄂西-鄂东,4624,6735.258799999992
INTERTRAN鄂西-鄂东,4625,7601.760599999996
INTERTRAN鄂西-鄂东,4626,9334.903120000004
INTERTRAN鄂西-鄂东,4627,8903.700919999996
INTERTRAN鄂西-鄂东,4628,9760.654319999998
INTERTRAN鄂西-鄂东,4629,11446.141319999995
INTERTRAN鄂西-鄂东,4630,10724.258820000005
INTERTRAN鄂西-鄂东,4631,11808.912719999997
INTERTRAN鄂西-鄂东,4632,11113.066019999998
INTERTRAN鄂西-鄂东,4633,6866.206420000002
INTERTRAN鄂西-鄂东,4634,5766.041320000004
INTERTRAN鄂西-鄂东,4635,5685.326920000001
INTERTRAN鄂西-鄂东,4636,4662.165120000003
INTERTRAN鄂西-鄂东,4637,8283.5151
INTERTRAN鄂西-鄂东,4638,7888.38112
INTERTRAN鄂西-鄂东,4639,3924.936920000002
INTERTRAN鄂西-鄂东,4640,7088.952419999998
INTERTRAN鄂西-鄂东,4641,6280.241019999998
INTERTRAN鄂西-鄂东,4642,11541.58060000001
INTERTRAN鄂西-鄂东,4643,6651.317949999995
INTERTRAN鄂西-鄂东,4644,4296.162854999993
INTERTRAN鄂西-鄂东,4645,3335.4863799999985
INTERTRAN鄂西-鄂东,4646,5850.754475000003
INTERTRAN鄂西-鄂东,4647,9008.121919999998
INTERTRAN鄂西-鄂东,4648,9577.910220000003
INTERTRAN鄂西-鄂东,4649,6926.3487049999985
INTERTRAN鄂西-鄂东,4650,10575.262035
INTERTRAN鄂西-鄂东,4651,8529.094235000004
INTERTRAN鄂西-鄂东,4652,9989.254020000006
INTERTRAN鄂西-鄂东,4653,12600.0
INTERTRAN鄂西-鄂东,4654,12600.0
INTERTRAN鄂西-鄂东,4655,12600.0
INTERTRAN鄂西-鄂东,4656,11335.65757
INTERTRAN鄂西-鄂东,4657,12600.0
INTERTRAN鄂西-鄂东,4658,8314.580719999998
INTERTRAN鄂西-鄂东,4659,8494.806319999998
INTERTRAN鄂西-鄂东,4660,9650.0021
INTERTRAN鄂西-鄂东,4661,8637.47732
INTERTRAN鄂西-鄂东,4662,6174.053220000003
INTERTRAN鄂西-鄂东,4663,6849.153914999998
INTERTRAN鄂西-鄂东,4664,6528.401209999996
INTERTRAN鄂西-鄂东,4665,6986.840620000003
INTERTRAN鄂西-鄂东,4666,11446.955699999999
INTERTRAN鄂西-鄂东,4667,8197.488699999998
INTERTRAN鄂西-鄂东,4668,8959.694999999992
INTERTRAN鄂西-鄂东,4669,7016.980384999999
INTERTRAN鄂西-鄂东,4670,5201.565449999997
INTERTRAN鄂西-鄂东,4671,8323.081199999997
INTERTRAN鄂西-鄂东,4672,4808.942799999997
INTERTRAN鄂西-鄂东,4673,9768.243799999998
INTERTRAN鄂西-鄂东,4674,12600.0
INTERTRAN鄂西-鄂东,4675,10613.896119999998
INTERTRAN鄂西-鄂东,4676,11984.860399999994
INTERTRAN鄂西-鄂东,4677,12600.0
INTERTRAN鄂西-鄂东,4678,12600.0
INTERTRAN鄂西-鄂东,4679,12600.0
INTERTRAN鄂西-鄂东,4680,11219.919699999997
INTERTRAN鄂西-鄂东,4681,12600.0
INTERTRAN鄂西-鄂东,4682,9565.078520000001
INTERTRAN鄂西-鄂东,4683,10782.59432
INTERTRAN鄂西-鄂东,4684,5706.481520000001
INTERTRAN鄂西-鄂东,4685,5882.064569999991
INTERTRAN鄂西-鄂东,4686,4367.7734999999975
INTERTRAN鄂西-鄂东,4687,6542.892019999999
INTERTRAN鄂西-鄂东,4688,6659.2538200000035
INTERTRAN鄂西-鄂东,4689,8526.26622
INTERTRAN鄂西-鄂东,4690,5087.036620000003
INTERTRAN鄂西-鄂东,4691,5860.381599999995
INTERTRAN鄂西-鄂东,4692,5155.066999999996
INTERTRAN鄂西-鄂东,4693,7007.628114999997
INTERTRAN鄂西-鄂东,4694,6046.467370185288
INTERTRAN鄂西-鄂东,4695,6408.766399999999
INTERTRAN鄂西-鄂东,4696,9892.748475000006
INTERTRAN鄂西-鄂东,4697,10960.711695000002
INTERTRAN鄂西-鄂东,4698,12600.0
INTERTRAN鄂西-鄂东,4699,11172.076565000001
INTERTRAN鄂西-鄂东,4700,10217.559869999997
INTERTRAN鄂西-鄂东,4701,12600.0
INTERTRAN鄂西-鄂东,4702,10357.11909999999
INTERTRAN鄂西-鄂东,4703,11978.404419999995
INTERTRAN鄂西-鄂东,4704,10477.79162
INTERTRAN鄂西-鄂东,4705,10130.110820000002
INTERTRAN鄂西-鄂东,4706,10248.823199999995
INTERTRAN鄂西-鄂东,4707,6705.1052199999995
INTERTRAN鄂西-鄂东,4708,9141.242020000002
INTERTRAN鄂西-鄂东,4709,6069.21065
INTERTRAN鄂西-鄂东,4710,8214.125720000004
INTERTRAN鄂西-鄂东,4711,6781.563419999999
INTERTRAN鄂西-鄂东,4712,7351.2945199999995
INTERTRAN鄂西-鄂东,4713,8646.190920000005
INTERTRAN鄂西-鄂东,4714,7955.066944999995
INTERTRAN鄂西-鄂东,4715,9051.085340000001
INTERTRAN鄂西-鄂东,4716,3024.082200000002
INTERTRAN鄂西-鄂东,4717,9244.181799999998
INTERTRAN鄂西-鄂东,4718,7681.012819999996
INTERTRAN鄂西-鄂东,4719,3781.9877749999937
INTERTRAN鄂西-鄂东,4720,5783.542899999999
INTERTRAN鄂西-鄂东,4721,12258.881119999995
INTERTRAN鄂西-鄂东,4722,8670.890594999999
INTERTRAN鄂西-鄂东,4723,5642.300199999998
INTERTRAN鄂西-鄂东,4724,12600.0
INTERTRAN鄂西-鄂东,4725,11422.74112
INTERTRAN鄂西-鄂东,4726,11311.291870000001
INTERTRAN鄂西-鄂东,4727,11561.350269999995
INTERTRAN鄂西-鄂东,4728,11963.599799999993
INTERTRAN鄂西-鄂东,4729,8458.208919999997
INTERTRAN鄂西-鄂东,4730,7889.542699999999
INTERTRAN鄂西-鄂东,4731,9057.786799999998
INTERTRAN鄂西-鄂东,4732,6437.879999999996
INTERTRAN鄂西-鄂东,4733,6711.961793827158
INTERTRAN鄂西-鄂东,4734,8003.374620000002
INTERTRAN鄂西-鄂东,4735,5658.297119999999
INTERTRAN鄂西-鄂东,4736,7066.19522
INTERTRAN鄂西-鄂东,4737,9960.473285000004
INTERTRAN鄂西-鄂东,4738,1991.5848199999982
INTERTRAN鄂西-鄂东,4739,2100.0170375925964
INTERTRAN鄂西-鄂东,4740,3607.6605349999963
INTERTRAN鄂西-鄂东,4741,3653.9916795679014
INTERTRAN鄂西-鄂东,4742,1161.2686101234128
INTERTRAN鄂西-鄂东,4743,2713.8813350000037
INTERTRAN鄂西-鄂东,4744,2745.086795000005
INTERTRAN鄂西-鄂东,4745,9792.917550864193
INTERTRAN鄂西-鄂东,4746,8119.839220000002
INTERTRAN鄂西-鄂东,4747,6145.910245
INTERTRAN鄂西-鄂东,4748,2691.9030200000043
INTERTRAN鄂西-鄂东,4749,6325.3697199999915
INTERTRAN鄂西-鄂东,4750,6844.018620000003
INTERTRAN鄂西-鄂东,4751,6131.635774134852
INTERTRAN鄂西北-鄂东,4608,3000.0
INTERTRAN鄂西北-鄂东,4609,3000.0
INTERTRAN鄂西北-鄂东,4610,3000.0
INTERTRAN鄂西北-鄂东,4611,3000.0
INTERTRAN鄂西北-鄂东,4612,3000.0
INTERTRAN鄂西北-鄂东,4613,2333.5445000000036
INTERTRAN鄂西北-鄂东,4614,3000.0
INTERTRAN鄂西北-鄂东,4615,3000.0
INTERTRAN鄂西北-鄂东,4616,2716.600049999999
INTERTRAN鄂西北-鄂东,4617,3000.0
INTERTRAN鄂西北-鄂东,4618,3000.0
INTERTRAN鄂西北-鄂东,4619,-1852.6878800000004
INTERTRAN鄂西北-鄂东,4620,1300.0632449999998
INTERTRAN鄂西北-鄂东,4621,-3000.0
INTERTRAN鄂西北-鄂东,4622,2871.060995
INTERTRAN鄂西北-鄂东,4623,-1348.6246799999954
INTERTRAN鄂西北-鄂东,4624,-3000.0
INTERTRAN鄂西北-鄂东,4625,2770.885830000001
INTERTRAN鄂西北-鄂东,4626,3000.0
INTERTRAN鄂西北-鄂东,4627,-2446.4062999999987
INTERTRAN鄂西北-鄂东,4628,3000.0
INTERTRAN鄂西北-鄂东,4629,3000.0
INTERTRAN鄂西北-鄂东,4630,2219.458999999999
INTERTRAN鄂西北-鄂东,4631,3000.0
INTERTRAN鄂西北-鄂东,4632,3000.0
INTERTRAN鄂西北-鄂东,4633,3000.0
INTERTRAN鄂西北-鄂东,4634,3000.0
INTERTRAN鄂西北-鄂东,4635,3000.0
INTERTRAN鄂西北-鄂东,4636,3000.0
INTERTRAN鄂西北-鄂东,4637,3000.0
INTERTRAN鄂西北-鄂东,4638,3000.0
INTERTRAN鄂西北-鄂东,4639,3000.0
INTERTRAN鄂西北-鄂东,4640,3000.0
INTERTRAN鄂西北-鄂东,4641,3000.0
INTERTRAN鄂西北-鄂东,4642,-1430.8996800000114
INTERTRAN鄂西北-鄂东,4643,2735.54757
INTERTRAN鄂西北-鄂东,4644,2834.507765
INTERTRAN鄂西北-鄂东,4645,2867.546340000001
INTERTRAN鄂西北-鄂东,4646,2493.5111449999986
INTERTRAN鄂西北-鄂东,4647,-3000.0
INTERTRAN鄂西北-鄂东,4648,-3000.0
INTERTRAN鄂西北-鄂东,4649,2150.449215
INTERTRAN鄂西北-鄂东,4650,-2995.4958150000007
INTERTRAN鄂西北-鄂东,4651,2975.0530849999996
INTERTRAN鄂西北-鄂东,4652,2246.8749
INTERTRAN鄂西北-鄂东,4653,3000.0
INTERTRAN鄂西北-鄂东,4654,-170.56353999999442
INTERTRAN鄂西北-鄂东,4655,3000.0
INTERTRAN鄂西北-鄂东,4656,3000.0
INTERTRAN鄂西北-鄂东,4657,2549.3537199999955
INTERTRAN鄂西北-鄂东,4658,3000.0
INTERTRAN鄂西北-鄂东,4659,3000.0
INTERTRAN鄂西北-鄂东,4660,781.685
INTERTRAN鄂西北-鄂东,4661,3000.0
INTERTRAN鄂西北-鄂东,4662,3000.0
INTERTRAN鄂西北-鄂东,4663,3000.0
INTERTRAN鄂西北-鄂东,4664,3000.0
INTERTRAN鄂西北-鄂东,4665,3000.0
INTERTRAN鄂西北-鄂东,4666,-2278.504280000001
INTERTRAN鄂西北-鄂东,4667,-270.444164999999
INTERTRAN鄂西北-鄂东,4668,-2555.4412150000003
INTERTRAN鄂西北-鄂东,4669,2062.186035
INTERTRAN鄂西北-鄂东,4670,2139.0493699999997
INTERTRAN鄂西北-鄂东,4671,119.73223999999936
INTERTRAN鄂西北-鄂东,4672,1658.8940100000004
INTERTRAN鄂西北-鄂东,4673,3000.0
INTERTRAN鄂西北-鄂东,4674,-1831.818879999997
INTERTRAN鄂西北-鄂东,4675,3000.0
INTERTRAN鄂西北-鄂东,4676,3000.0
INTERTRAN鄂西北-鄂东,4677,3000.0
INTERTRAN鄂西北-鄂东,4678,1701.598619999997
INTERTRAN鄂西北-鄂东,4679,3000.0
INTERTRAN鄂西北-鄂东,4680,2385.1879199999985
INTERTRAN鄂西北-鄂东,4681,719.6958200000045
INTERTRAN鄂西北-鄂东,4682,3000.0
INTERTRAN鄂西北-鄂东,4683,3000.0
INTERTRAN鄂西北-鄂东,4684,3000.0
INTERTRAN鄂西北-鄂东,4685,3000.0
INTERTRAN鄂西北-鄂东,4686,3000.0
INTERTRAN鄂西北-鄂东,4687,3000.0
INTERTRAN鄂西北-鄂东,4688,3000.0
INTERTRAN鄂西北-鄂东,4689,3000.0
INTERTRAN鄂西北-鄂东,4690,3000.0
INTERTRAN鄂西北-鄂东,4691,2639.3768149999996
INTERTRAN鄂西北-鄂东,4692,1804.5925200000047
INTERTRAN鄂西北-鄂东,4693,325.6291050000009
INTERTRAN鄂西北-鄂东,4694,2209.064799999999
INTERTRAN鄂西北-鄂东,4695,1999.2328199999995
INTERTRAN鄂西北-鄂东,4696,-2610.673855000001
INTERTRAN鄂西北-鄂东,4697,1913.4060249999998
INTERTRAN鄂西北-鄂东,4698,1323.4672200000023
INTERTRAN鄂西北-鄂东,4699,-42.14774499999976
INTERTRAN鄂西北-鄂东,4700,2422.832750000001
INTERTRAN鄂西北-鄂东,4701,758.6657199999981
INTERTRAN鄂西北-鄂东,4702,3000.0
INTERTRAN鄂西北-鄂东,4703,3000.0
INTERTRAN鄂西北-鄂东,4704,3000.0
INTERTRAN鄂西北-鄂东,4705,3000.0
INTERTRAN鄂西北-鄂东,4706,3000.0
INTERTRAN鄂西北-鄂东,4707,3000.0
INTERTRAN鄂西北-鄂东,4708,3000.0
INTERTRAN鄂西北-鄂东,4709,3000.0
INTERTRAN鄂西北-鄂东,4710,3000.0
INTERTRAN鄂西北-鄂东,4711,3000.0
INTERTRAN鄂西北-鄂东,4712,3000.0
INTERTRAN鄂西北-鄂东,4713,3000.0
INTERTRAN鄂西北-鄂东,4714,-2647.8845249999986
INTERTRAN鄂西北-鄂东,4715,-2787.0388200000007
INTERTRAN鄂西北-鄂东,4716,2220.8766199999995
INTERTRAN鄂西北-鄂东,4717,-726.4793600000012
INTERTRAN鄂西北-鄂东,4718,3000.0
INTERTRAN鄂西北-鄂东,4719,2458.7961450000007
INTERTRAN鄂西北-鄂东,4720,1884.003419999999
INTERTRAN鄂西北-鄂东,4721,3000.0
INTERTRAN鄂西北-鄂东,4722,3000.0
INTERTRAN鄂西北-鄂东,4723,3000.0
INTERTRAN鄂西北-鄂东,4724,-1540.5393800000002
INTERTRAN鄂西北-鄂东,4725,3000.0
INTERTRAN鄂西北-鄂东,4726,2258.0984499999986
INTERTRAN鄂西北-鄂东,4727,2013.0922500000008
INTERTRAN鄂西北-鄂东,4728,3000.0
INTERTRAN鄂西北-鄂东,4729,3000.0
INTERTRAN鄂西北-鄂东,4730,3000.0
INTERTRAN鄂西北-鄂东,4731,-873.4420799999953
INTERTRAN鄂西北-鄂东,4732,3000.0
INTERTRAN鄂西北-鄂东,4733,3000.0
INTERTRAN鄂西北-鄂东,4734,3000.0
INTERTRAN鄂西北-鄂东,4735,3000.0
INTERTRAN鄂西北-鄂东,4736,3000.0
INTERTRAN鄂西北-鄂东,4737,150.56903499999862
INTERTRAN鄂西北-鄂东,4738,3000.0
INTERTRAN鄂西北-鄂东,4739,2917.5340749999987
INTERTRAN鄂西北-鄂东,4740,1253.7136849999997
INTERTRAN鄂西北-鄂东,4741,-1359.0298595678992
INTERTRAN鄂西北-鄂东,4742,2594.636409876589
INTERTRAN鄂西北-鄂东,4743,396.41158499999824
INTERTRAN鄂西北-鄂东,4744,2580.407924999999
INTERTRAN鄂西北-鄂东,4745,-492.61540000000014
INTERTRAN鄂西北-鄂东,4746,3000.0
INTERTRAN鄂西北-鄂东,4747,3000.0
INTERTRAN鄂西北-鄂东,4748,3000.0
INTERTRAN鄂西北-鄂东,4749,3000.0
INTERTRAN鄂西北-鄂东,4750,3000.0
INTERTRAN鄂西北-鄂东,4751,3000.0
INTERTRAN鄂西-鄂西北,4608,384.1710049999906
INTERTRAN鄂西-鄂西北,4609,2000.0
INTERTRAN鄂西-鄂西北,4610,831.0160800000049
INTERTRAN鄂西-鄂西北,4611,522.57375
INTERTRAN鄂西-鄂西北,4612,-666.8692499999988
INTERTRAN鄂西-鄂西北,4613,-2000.0
INTERTRAN鄂西-鄂西北,4614,851.4057499999999
INTERTRAN鄂西-鄂西北,4615,1914.6522099999997
INTERTRAN鄂西-鄂西北,4616,2000.0
INTERTRAN鄂西-鄂西北,4617,1022.297915000001
INTERTRAN鄂西-鄂西北,4618,1500.19043
INTERTRAN鄂西-鄂西北,4619,-2000.0
INTERTRAN鄂西-鄂西北,4620,2000.0
INTERTRAN鄂西-鄂西北,4621,-1954.24234
INTERTRAN鄂西-鄂西北,4622,2000.0
INTERTRAN鄂西-鄂西北,4623,-2000.0
INTERTRAN鄂西-鄂西北,4624,-1740.7717999999993
INTERTRAN鄂西-鄂西北,4625,2000.0
INTERTRAN鄂西-鄂西北,4626,1018.2087949999991
INTERTRAN鄂西-鄂西北,4627,-2000.0
INTERTRAN鄂西-鄂西北,4628,1280.5672749999999
INTERTRAN鄂西-鄂西北,4629,1654.2934949999994
INTERTRAN鄂西-鄂西北,4630,2000.0
INTERTRAN鄂西-鄂西北,4631,1055.3327499999994
INTERTRAN鄂西-鄂西北,4632,1597.576000000001
INTERTRAN鄂西-鄂西北,4633,1461.6915000000004
INTERTRAN鄂西-鄂西北,4634,1697.8922500000017
INTERTRAN鄂西-鄂西北,4635,1647.2352500000013
INTERTRAN鄂西-鄂西北,4636,368.64575000000104
INTERTRAN鄂西-鄂西北,4637,2000.0
INTERTRAN鄂西-鄂西北,4638,1003.7787500000002
INTERTRAN鄂西-鄂西北,4639,1213.6404800000014
INTERTRAN鄂西-鄂西北,4640,589.7312600000014
INTERTRAN鄂西-鄂西北,4641,1483.188525000001
INTERTRAN鄂西-鄂西北,4642,-2000.0
INTERTRAN鄂西-鄂西北,4643,2000.0
INTERTRAN鄂西-鄂西北,4644,2000.0
INTERTRAN鄂西-鄂西北,4645,2000.0
INTERTRAN鄂西-鄂西北,4646,2000.0
INTERTRAN鄂西-鄂西北,4647,-1579.95158
INTERTRAN鄂西-鄂西北,4648,-1620.4608649999998
INTERTRAN鄂西-鄂西北,4649,2000.0
INTERTRAN鄂西-鄂西北,4650,-2000.0
INTERTRAN鄂西-鄂西北,4651,2000.0
INTERTRAN鄂西-鄂西北,4652,2000.0
INTERTRAN鄂西-鄂西北,4653,2000.0
INTERTRAN鄂西-鄂西北,4654,-284.78253999999424
INTERTRAN鄂西-鄂西北,4655,2000.0
INTERTRAN鄂西-鄂西北,4656,2000.0
INTERTRAN鄂西-鄂西北,4657,33.97296999999435
INTERTRAN鄂西-鄂西北,4658,1085.0237499999992
INTERTRAN鄂西-鄂西北,4659,674.9488850000378
INTERTRAN鄂西-鄂西北,4660,-2000.0
INTERTRAN鄂西-鄂西北,4661,363.6612500000015
INTERTRAN鄂西-鄂西北,4662,1626.7935
INTERTRAN鄂西-鄂西北,4663,-163.90961499999935
INTERTRAN鄂西-鄂西北,4664,686.2329900000009
INTERTRAN鄂西-鄂西北,4665,2000.0
INTERTRAN鄂西-鄂西北,4666,-2000.0
INTERTRAN鄂西-鄂西北,4667,-2000.0
INTERTRAN鄂西-鄂西北,4668,-2000.0
INTERTRAN鄂西-鄂西北,4669,2000.0
INTERTRAN鄂西-鄂西北,4670,2000.0
INTERTRAN鄂西-鄂西北,4671,2000.0
INTERTRAN鄂西-鄂西北,4672,2000.0
INTERTRAN鄂西-鄂西北,4673,2000.0
INTERTRAN鄂西-鄂西北,4674,-2000.0
INTERTRAN鄂西-鄂西北,4675,1496.1427149999997
INTERTRAN鄂西-鄂西北,4676,2000.0
INTERTRAN鄂西-鄂西北,4677,2000.0
INTERTRAN鄂西-鄂西北,4678,-1386.906057450016
INTERTRAN鄂西-鄂西北,4679,1507.750969999996
INTERTRAN鄂西-鄂西北,4680,2000.0
INTERTRAN鄂西-鄂西北,4681,-739.4238799999981
INTERTRAN鄂西-鄂西北,4682,1751.2992499999996
INTERTRAN鄂西-鄂西北,4683,1401.3277500000004
INTERTRAN鄂西-鄂西北,4684,1657.894250000001
INTERTRAN鄂西-鄂西北,4685,107.29403000000809
INTERTRAN鄂西-鄂西北,4686,1471.6
INTERTRAN鄂西-鄂西北,4687,1153.9462800000001
INTERTRAN鄂西-鄂西北,4688,280.7922799999951
INTERTRAN鄂西-鄂西北,4689,1993.615069999999
INTERTRAN鄂西-鄂西北,4690,2000.0
INTERTRAN鄂西-鄂西北,4691,2000.0
INTERTRAN鄂西-鄂西北,4692,2000.0
INTERTRAN鄂西-鄂西北,4693,2000.0
INTERTRAN鄂西-鄂西北,4694,2000.0
INTERTRAN鄂西-鄂西北,4695,2000.0
INTERTRAN鄂西-鄂西北,4696,-2000.0
INTERTRAN鄂西-鄂西北,4697,2000.0
INTERTRAN鄂西-鄂西北,4698,1404.1104800000016
INTERTRAN鄂西-鄂西北,4699,-2000.0
INTERTRAN鄂西-鄂西北,4700,2000.0
INTERTRAN鄂西-鄂西北,4701,-457.6878000000015
INTERTRAN鄂西-鄂西北,4702,2000.0
INTERTRAN鄂西-鄂西北,4703,-504.65291999999863
INTERTRAN鄂西-鄂西北,4704,876.3264999999997
INTERTRAN鄂西-鄂西北,4705,2000.0
INTERTRAN鄂西-鄂西北,4706,907.777500000001
INTERTRAN鄂西-鄂西北,4707,2000.0
INTERTRAN鄂西-鄂西北,4708,-32.51549999999884
INTERTRAN鄂西-鄂西北,4709,242.5397499999999
INTERTRAN鄂西-鄂西北,4710,-744.5347500000003
INTERTRAN鄂西-鄂西北,4711,303.0942300000006
INTERTRAN鄂西-鄂西北,4712,1201.9514249999997
INTERTRAN鄂西-鄂西北,4713,704.0327050000019
INTERTRAN鄂西-鄂西北,4714,-2000.0
INTERTRAN鄂西-鄂西北,4715,-2000.0
INTERTRAN鄂西-鄂西北,4716,2000.0
INTERTRAN鄂西-鄂西北,4717,-2000.0
INTERTRAN鄂西-鄂西北,4718,1926.7853199999995
INTERTRAN鄂西-鄂西北,4719,2000.0
INTERTRAN鄂西-鄂西北,4720,2000.0
INTERTRAN鄂西-鄂西北,4721,1147.1689749999991
INTERTRAN鄂西-鄂西北,4722,2000.0
INTERTRAN鄂西-鄂西北,4723,2000.0
INTERTRAN鄂西-鄂西北,4724,-1590.1397950000005
INTERTRAN鄂西-鄂西北,4725,2000.0
INTERTRAN鄂西-鄂西北,4726,2000.0
INTERTRAN鄂西-鄂西北,4727,2000.0
INTERTRAN鄂西-鄂西北,4728,972.4065
INTERTRAN鄂西-鄂西北,4729,453.49074999999993
INTERTRAN鄂西-鄂西北,4730,-238.6189999999997
INTERTRAN鄂西-鄂西北,4731,-2000.0
INTERTRAN鄂西-鄂西北,4732,509.24150000000145
INTERTRAN鄂西-鄂西北,4733,-273.1504938271597
INTERTRAN鄂西-鄂西北,4734,-381.2719999999995
INTERTRAN鄂西-鄂西北,4735,-450.5013649999996
INTERTRAN鄂西-鄂西北,4736,696.3804949999999
INTERTRAN鄂西-鄂西北,4737,-2000.0
INTERTRAN鄂西-鄂西北,4738,1935.2741949999997
INTERTRAN鄂西-鄂西北,4739,2000.0
INTERTRAN鄂西-鄂西北,4740,2000.0
INTERTRAN鄂西-鄂西北,4741,2000.0
INTERTRAN鄂西-鄂西北,4742,2000.0
INTERTRAN鄂西-鄂西北,4743,2000.0
INTERTRAN鄂西-鄂西北,4744,2000.0
INTERTRAN鄂西-鄂西北,4745,-2000.0
INTERTRAN鄂西-鄂西北,4746,1764.1968600000014
INTERTRAN鄂西-鄂西北,4747,1583.0125550000002
INTERTRAN鄂西-鄂西北,4748,2000.0
INTERTRAN鄂西-鄂西北,4749,2000.0
INTERTRAN鄂西-鄂西北,4750,414.62300000000005
INTERTRAN鄂西-鄂西北,4751,582.1067499999995
INTERTRAN鄂西-鄂东,4752,11165.601920000001
INTERTRAN鄂西-鄂东,4753,8874.02142
INTERTRAN鄂西-鄂东,4754,10918.63882
INTERTRAN鄂西-鄂东,4755,9561.994520000002
INTERTRAN鄂西-鄂东,4756,8214.58838077774
INTERTRAN鄂西-鄂东,4757,8520.237220000003
INTERTRAN鄂西-鄂东,4758,8461.033213486668
INTERTRAN鄂西-鄂东,4759,9830.862119999998
INTERTRAN鄂西-鄂东,4760,9271.97784077774
INTERTRAN鄂西-鄂东,4761,10402.897608464076
INTERTRAN鄂西-鄂东,4762,6233.5719199999985
INTERTRAN鄂西-鄂东,4763,9457.183995000005
INTERTRAN鄂西-鄂东,4764,10082.146074999995
INTERTRAN鄂西-鄂东,4765,7750.354519999997
INTERTRAN鄂西-鄂东,4766,10286.592979999996
INTERTRAN鄂西-鄂东,4767,10141.127754999998
INTERTRAN鄂西-鄂东,4768,9241.00157
INTERTRAN鄂西-鄂东,4769,10794.700799999999
INTERTRAN鄂西-鄂东,4770,9274.502520000005
INTERTRAN鄂西-鄂东,4771,10984.552320000006
INTERTRAN鄂西-鄂东,4772,10990.008539999999
INTERTRAN鄂西-鄂东,4773,12600.0
INTERTRAN鄂西-鄂东,4774,12600.0
INTERTRAN鄂西-鄂东,4775,11912.773519999997
INTERTRAN鄂西-鄂东,4776,12600.0
INTERTRAN鄂西-鄂东,4777,10794.67552
INTERTRAN鄂西-鄂东,4778,8062.01174208675
INTERTRAN鄂西-鄂东,4779,12371.780720000002
INTERTRAN鄂西-鄂东,4780,10276.455959222265
INTERTRAN鄂西-鄂东,4781,11106.92372
INTERTRAN鄂西-鄂东,4782,5588.587920000004
INTERTRAN鄂西-鄂东,4783,11783.125419999998
INTERTRAN鄂西-鄂东,4784,10476.960219999997
INTERTRAN鄂西-鄂东,4785,12600.0
INTERTRAN鄂西-鄂东,4786,5793.5393932000015
INTERTRAN鄂西-鄂东,4787,4356.275499999997
INTERTRAN鄂西-鄂东,4788,2870.2094999999963
INTERTRAN鄂西-鄂东,4789,7435.486425900459
INTERTRAN鄂西-鄂东,4790,3248.9827479012383
INTERTRAN鄂西-鄂东,4791,6919.644649382712
INTERTRAN鄂西-鄂东,4792,5799.3394740740705
INTERTRAN鄂西-鄂东,4793,9568.837499999998
INTERTRAN鄂西-鄂东,4794,8955.8602
INTERTRAN鄂西-鄂东,4795,3183.21512
INTERTRAN鄂西-鄂东,4796,7330.455820000001
INTERTRAN鄂西-鄂东,4797,11451.059219999997
INTERTRAN鄂西-鄂东,4798,7505.29112
INTERTRAN鄂西-鄂东,4799,11579.986020000006
INTERTRAN鄂西-鄂东,4800,6722.757120000002
INTERTRAN鄂西-鄂东,4801,8569.616500777725
INTERTRAN鄂西-鄂东,4802,8722.76111
INTERTRAN鄂西-鄂东,4803,8873.918020000003
INTERTRAN鄂西-鄂东,4804,6352.938187708936
INTERTRAN鄂西-鄂东,4805,3767.913845398371
INTERTRAN鄂西-鄂东,4806,5741.915020000002
INTERTRAN鄂西-鄂东,4807,6671.674539999998
INTERTRAN鄂西-鄂东,4808,5957.709500000001
INTERTRAN鄂西-鄂东,4809,6888.394095000023
INTERTRAN鄂西-鄂东,4810,4359.891799999995
INTERTRAN鄂西-鄂东,4811,4215.556222875814
INTERTRAN鄂西-鄂东,4812,5795.619299999991
INTERTRAN鄂西-鄂东,4813,2091.3975333333306
INTERTRAN鄂西-鄂东,4814,6613.773982189539
INTERTRAN鄂西-鄂东,4815,2141.944694117643
INTERTRAN鄂西-鄂东,4816,4115.027599999994
INTERTRAN鄂西-鄂东,4817,7124.709099999996
INTERTRAN鄂西-鄂东,4818,6093.580294117641
INTERTRAN鄂西-鄂东,4819,2195.2020200000006
INTERTRAN鄂西-鄂东,4820,4579.107220000001
INTERTRAN鄂西-鄂东,4821,2137.9361899375367
INTERTRAN鄂西-鄂东,4822,6439.229049999997
INTERTRAN鄂西-鄂东,4823,6245.271500000001
INTERTRAN鄂西-鄂东,4824,6105.022720000003
INTERTRAN鄂西-鄂东,4825,5630.558459999997
INTERTRAN鄂西-鄂东,4826,6387.111320000004
INTERTRAN鄂西-鄂东,4827,6178.194920000004
INTERTRAN鄂西-鄂东,4828,5508.934120000002
INTERTRAN鄂西-鄂东,4829,4502.627620000001
INTERTRAN鄂西-鄂东,4830,4858.4528332000555
INTERTRAN鄂西-鄂东,4831,7482.957619999997
INTERTRAN鄂西-鄂东,4832,8497.86762
INTERTRAN鄂西-鄂东,4833,7517.285363199956
INTERTRAN鄂西-鄂东,4834,3857.216783200055
INTERTRAN鄂西-鄂东,4835,4374.400920000004
INTERTRAN鄂西-鄂东,4836,2066.999100000001
INTERTRAN鄂西-鄂东,4837,3074.5282320987653
INTERTRAN鄂西-鄂东,4838,6335.994366666666
INTERTRAN鄂西-鄂东,4839,1479.912925185186
INTERTRAN鄂西-鄂东,4840,2071.254099999999
INTERTRAN鄂西-鄂东,4841,8191.151520000001
INTERTRAN鄂西-鄂东,4842,9952.612920000001
INTERTRAN鄂西-鄂东,4843,6661.380519999999
INTERTRAN鄂西-鄂东,4844,11344.098619999997
INTERTRAN鄂西-鄂东,4845,11441.852266800048
INTERTRAN鄂西-鄂东,4846,11297.786309999996
INTERTRAN鄂西-鄂东,4847,9722.746866800044
INTERTRAN鄂西-鄂东,4848,7086.379883000055
INTERTRAN鄂西-鄂东,4849,7632.855920000004
INTERTRAN鄂西-鄂东,4850,8808.727420000005
INTERTRAN鄂西-鄂东,4851,9648.85362
INTERTRAN鄂西-鄂东,4852,9687.05297
INTERTRAN鄂西-鄂东,4853,9101.238019999999
INTERTRAN鄂西-鄂东,4854,8663.040920000001
INTERTRAN鄂西-鄂东,4855,8444.21137685
INTERTRAN鄂西-鄂东,4856,5186.065199999998
INTERTRAN鄂西-鄂东,4857,7160.15712
INTERTRAN鄂西-鄂东,4858,3193.4107999999987
INTERTRAN鄂西-鄂东,4859,6344.705959506175
INTERTRAN鄂西-鄂东,4860,5969.424731111112
INTERTRAN鄂西-鄂东,4861,9124.814675061714
INTERTRAN鄂西-鄂东,4862,2739.4045459259205
INTERTRAN鄂西-鄂东,4863,7768.302719814752
INTERTRAN鄂西-鄂东,4864,4071.854785740795
INTERTRAN鄂西-鄂东,4865,5471.944419999996
INTERTRAN鄂西-鄂东,4866,9821.313900000001
INTERTRAN鄂西-鄂东,4867,8018.976043200057
INTERTRAN鄂西-鄂东,4868,11562.950625000003
INTERTRAN鄂西-鄂东,4869,12600.0
INTERTRAN鄂西-鄂东,4870,6928.97211661242
INTERTRAN鄂西-鄂东,4871,12600.0
INTERTRAN鄂西-鄂东,4872,8455.73072
INTERTRAN鄂西-鄂东,4873,10886.628920000001
INTERTRAN鄂西-鄂东,4874,11103.731128141997
INTERTRAN鄂西-鄂东,4875,8531.465220000002
INTERTRAN鄂西-鄂东,4876,7949.980499999998
INTERTRAN鄂西-鄂东,4877,7916.399743311798
INTERTRAN鄂西-鄂东,4878,8741.66472
INTERTRAN鄂西-鄂东,4879,4956.407399999998
INTERTRAN鄂西-鄂东,4880,7546.503999999995
INTERTRAN鄂西-鄂东,4881,6702.419703141994
INTERTRAN鄂西-鄂东,4882,-1202.3369741176487
INTERTRAN鄂西-鄂东,4883,3940.1667999999936
INTERTRAN鄂西-鄂东,4884,5356.644457516339
INTERTRAN鄂西-鄂东,4885,6949.901687777767
INTERTRAN鄂西-鄂东,4886,3289.7757035294035
INTERTRAN鄂西-鄂东,4887,1763.3762999999926
INTERTRAN鄂西-鄂东,4888,4966.011611111104
INTERTRAN鄂西-鄂东,4889,5478.849699999994
INTERTRAN鄂西-鄂东,4890,4359.928299999997
INTERTRAN鄂西-鄂东,4891,6633.561889999999
INTERTRAN鄂西-鄂东,4892,4714.7074200000025
INTERTRAN鄂西-鄂东,4893,3788.0720999999985
INTERTRAN鄂西-鄂东,4894,4183.942300000001
INTERTRAN鄂西-鄂东,4895,5875.548920000005
INTERTRAN鄂西北-鄂东,4752,3000.0
INTERTRAN鄂西北-鄂东,4753,3000.0
INTERTRAN鄂西北-鄂东,4754,3000.0
INTERTRAN鄂西北-鄂东,4755,3000.0
INTERTRAN鄂西北-鄂东,4756,3000.0
INTERTRAN鄂西北-鄂东,4757,3000.0
INTERTRAN鄂西北-鄂东,4758,3000.0
INTERTRAN鄂西北-鄂东,4759,3000.0
INTERTRAN鄂西北-鄂东,4760,3000.0
INTERTRAN鄂西北-鄂东,4761,3000.0
INTERTRAN鄂西北-鄂东,4762,3000.0
INTERTRAN鄂西北-鄂东,4763,1779.468224999999
INTERTRAN鄂西北-鄂东,4764,1872.9222449999997
INTERTRAN鄂西北-鄂东,4765,3000.0
INTERTRAN鄂西北-鄂东,4766,2228.1515400000008
INTERTRAN鄂西北-鄂东,4767,1845.2124650000003
INTERTRAN鄂西北-鄂东,4768,1979.455050000001
INTERTRAN鄂西北-鄂东,4769,1620.3751200000004
INTERTRAN鄂西北-鄂东,4770,3000.0
INTERTRAN鄂西北-鄂东,4771,2674.0491999999986
INTERTRAN鄂西北-鄂东,4772,2102.283880000001
INTERTRAN鄂西北-鄂东,4773,2034.7236200000043
INTERTRAN鄂西北-鄂东,4774,3000.0
INTERTRAN鄂西北-鄂东,4775,3000.0
INTERTRAN鄂西北-鄂东,4776,3000.0
INTERTRAN鄂西北-鄂东,4777,3000.0
INTERTRAN鄂西北-鄂东,4778,3000.0
INTERTRAN鄂西北-鄂东,4779,3000.0
INTERTRAN鄂西北-鄂东,4780,3000.0
INTERTRAN鄂西北-鄂东,4781,3000.0
INTERTRAN鄂西北-鄂东,4782,3000.0
INTERTRAN鄂西北-鄂东,4783,3000.0
INTERTRAN鄂西北-鄂东,4784,3000.0
INTERTRAN鄂西北-鄂东,4785,3000.0
INTERTRAN鄂西北-鄂东,4786,3000.0
INTERTRAN鄂西北-鄂东,4787,3000.0
INTERTRAN鄂西北-鄂东,4788,2782.0216009499754
INTERTRAN鄂西北-鄂东,4789,-2549.05167
INTERTRAN鄂西北-鄂东,4790,1410.8022437036998
INTERTRAN鄂西北-鄂东,4791,-3000.0
INTERTRAN鄂西北-鄂东,4792,-3000.0
INTERTRAN鄂西北-鄂东,4793,-3000.0
INTERTRAN鄂西北-鄂东,4794,-1990.8344355555537
INTERTRAN鄂西北-鄂东,4795,3000.0
INTERTRAN鄂西北-鄂东,4796,3000.0
INTERTRAN鄂西北-鄂东,4797,3000.0
INTERTRAN鄂西北-鄂东,4798,3000.0
INTERTRAN鄂西北-鄂东,4799,3000.0
INTERTRAN鄂西北-鄂东,4800,3000.0
INTERTRAN鄂西北-鄂东,4801,3000.0
INTERTRAN鄂西北-鄂东,4802,3000.0
INTERTRAN鄂西北-鄂东,4803,3000.0
INTERTRAN鄂西北-鄂东,4804,3000.0
INTERTRAN鄂西北-鄂东,4805,3000.0
INTERTRAN鄂西北-鄂东,4806,3000.0
INTERTRAN鄂西北-鄂东,4807,3000.0
INTERTRAN鄂西北-鄂东,4808,3000.0
INTERTRAN鄂西北-鄂东,4809,3000.0
INTERTRAN鄂西北-鄂东,4810,-1012.9231278222107
INTERTRAN鄂西北-鄂东,4811,-3000.0
INTERTRAN鄂西北-鄂东,4812,-3000.0
INTERTRAN鄂西北-鄂东,4813,-3000.0
INTERTRAN鄂西北-鄂东,4814,-3000.0
INTERTRAN鄂西北-鄂东,4815,-3000.0
INTERTRAN鄂西北-鄂东,4816,-3000.0
INTERTRAN鄂西北-鄂东,4817,-3000.0
INTERTRAN鄂西北-鄂东,4818,-3000.0
INTERTRAN鄂西北-鄂东,4819,3000.0
INTERTRAN鄂西北-鄂东,4820,3000.0
INTERTRAN鄂西北-鄂东,4821,3000.0
INTERTRAN鄂西北-鄂东,4822,3000.0
INTERTRAN鄂西北-鄂东,4823,3000.0
INTERTRAN鄂西北-鄂东,4824,3000.0
INTERTRAN鄂西北-鄂东,4825,3000.0
INTERTRAN鄂西北-鄂东,4826,3000.0
INTERTRAN鄂西北-鄂东,4827,3000.0
INTERTRAN鄂西北-鄂东,4828,3000.0
INTERTRAN鄂西北-鄂东,4829,3000.0
INTERTRAN鄂西北-鄂东,4830,3000.0
INTERTRAN鄂西北-鄂东,4831,3000.0
INTERTRAN鄂西北-鄂东,4832,3000.0
INTERTRAN鄂西北-鄂东,4833,3000.0
INTERTRAN鄂西北-鄂东,4834,3000.0
INTERTRAN鄂西北-鄂东,4835,3000.0
INTERTRAN鄂西北-鄂东,4836,3000.0
INTERTRAN鄂西北-鄂东,4837,2185.2413099999994
INTERTRAN鄂西北-鄂东,4838,-1283.1802134567922
INTERTRAN鄂西北-鄂东,4839,2587.66148
INTERTRAN鄂西北-鄂东,4840,3000.0
INTERTRAN鄂西北-鄂东,4841,3000.0
INTERTRAN鄂西北-鄂东,4842,3000.0
INTERTRAN鄂西北-鄂东,4843,3000.0
INTERTRAN鄂西北-鄂东,4844,3000.0
INTERTRAN鄂西北-鄂东,4845,3000.0
INTERTRAN鄂西北-鄂东,4846,3000.0
INTERTRAN鄂西北-鄂东,4847,3000.0
INTERTRAN鄂西北-鄂东,4848,3000.0
INTERTRAN鄂西北-鄂东,4849,3000.0
INTERTRAN鄂西北-鄂东,4850,3000.0
INTERTRAN鄂西北-鄂东,4851,3000.0
INTERTRAN鄂西北-鄂东,4852,1193.58075
INTERTRAN鄂西北-鄂东,4853,3000.0
INTERTRAN鄂西北-鄂东,4854,3000.0
INTERTRAN鄂西北-鄂东,4855,3000.0
INTERTRAN鄂西北-鄂东,4856,3000.0
INTERTRAN鄂西北-鄂东,4857,3000.0
INTERTRAN鄂西北-鄂东,4858,2231.5106999999994
INTERTRAN鄂西北-鄂东,4859,-3000.0
INTERTRAN鄂西北-鄂东,4860,-3000.0
INTERTRAN鄂西北-鄂东,4861,-3000.0
INTERTRAN鄂西北-鄂东,4862,-3000.0
INTERTRAN鄂西北-鄂东,4863,-3000.0
INTERTRAN鄂西北-鄂东,4864,143.7194099999997
INTERTRAN鄂西北-鄂东,4865,3000.0
INTERTRAN鄂西北-鄂东,4866,-1289.0700800000004
INTERTRAN鄂西北-鄂东,4867,-991.9867650000006
INTERTRAN鄂西北-鄂东,4868,3000.0
INTERTRAN鄂西北-鄂东,4869,3000.0
INTERTRAN鄂西北-鄂东,4870,3000.0
INTERTRAN鄂西北-鄂东,4871,3000.0
INTERTRAN鄂西北-鄂东,4872,3000.0
INTERTRAN鄂西北-鄂东,4873,190.89249999999925
INTERTRAN鄂西北-鄂东,4874,2150.574600050049
INTERTRAN鄂西北-鄂东,4875,3000.0
INTERTRAN鄂西北-鄂东,4876,3000.0
INTERTRAN鄂西北-鄂东,4877,1389.5029999999997
INTERTRAN鄂西北-鄂东,4878,3000.0
INTERTRAN鄂西北-鄂东,4879,3000.0
INTERTRAN鄂西北-鄂东,4880,1939.2392599999994
INTERTRAN鄂西北-鄂东,4881,176.32061685800593
INTERTRAN鄂西北-鄂东,4882,3000.0
INTERTRAN鄂西北-鄂东,4883,-3000.0
INTERTRAN鄂西北-鄂东,4884,-3000.0
INTERTRAN鄂西北-鄂东,4885,-3000.0
INTERTRAN鄂西北-鄂东,4886,-3000.0
INTERTRAN鄂西北-鄂东,4887,-2780.2805842810576
INTERTRAN鄂西北-鄂东,4888,-3000.0
INTERTRAN鄂西北-鄂东,4889,-2403.6262996078344
INTERTRAN鄂西北-鄂东,4890,1155.5830533333376
INTERTRAN鄂西北-鄂东,4891,-453.3325699999998
INTERTRAN鄂西北-鄂东,4892,3000.0
INTERTRAN鄂西北-鄂东,4893,3000.0
INTERTRAN鄂西北-鄂东,4894,3000.0
INTERTRAN鄂西北-鄂东,4895,3000.0
INTERTRAN鄂西-鄂西北,4752,1880.2352500000004
INTERTRAN鄂西-鄂西北,4753,1032.7659999999998
INTERTRAN鄂西-鄂西北,4754,813.887999999999
INTERTRAN鄂西-鄂西北,4755,60.588250000000244
INTERTRAN鄂西-鄂西北,4756,785.1482499999993
INTERTRAN鄂西-鄂西北,4757,-285.04199999999946
INTERTRAN鄂西-鄂西北,4758,-126.68975000000046
INTERTRAN鄂西-鄂西北,4759,102.4973
INTERTRAN鄂西-鄂西北,4760,1343.0205900000014
INTERTRAN鄂西-鄂西北,4761,1956.8420500000007
INTERTRAN鄂西-鄂西北,4762,2000.0
INTERTRAN鄂西-鄂西北,4763,2000.0
INTERTRAN鄂西-鄂西北,4764,2000.0
INTERTRAN鄂西-鄂西北,4765,2000.0
INTERTRAN鄂西-鄂西北,4766,2000.0
INTERTRAN鄂西-鄂西北,4767,2000.0
INTERTRAN鄂西-鄂西北,4768,2000.0
INTERTRAN鄂西-鄂西北,4769,2000.0
INTERTRAN鄂西-鄂西北,4770,2000.0
INTERTRAN鄂西-鄂西北,4771,2000.0
INTERTRAN鄂西-鄂西北,4772,2000.0
INTERTRAN鄂西-鄂西北,4773,533.3466950000043
INTERTRAN鄂西-鄂西北,4774,888.4790519999485
INTERTRAN鄂西-鄂西北,4775,909.3678019999486
INTERTRAN鄂西-鄂西北,4776,2000.0
INTERTRAN鄂西-鄂西北,4777,1701.495250000001
INTERTRAN鄂西-鄂西北,4778,376.9580000000012
INTERTRAN鄂西-鄂西北,4779,1609.6310707983587
INTERTRAN鄂西-鄂西北,4780,433.2850000000012
INTERTRAN鄂西-鄂西北,4781,719.69875
INTERTRAN鄂西-鄂西北,4782,1100.14325
INTERTRAN鄂西-鄂西北,4783,299.6988699999997
INTERTRAN鄂西-鄂西北,4784,936.7773800000007
INTERTRAN鄂西-鄂西北,4785,2000.0
INTERTRAN鄂西-鄂西北,4786,2000.0
INTERTRAN鄂西-鄂西北,4787,2000.0
INTERTRAN鄂西-鄂西北,4788,2000.0
INTERTRAN鄂西-鄂西北,4789,-2000.0
INTERTRAN鄂西-鄂西北,4790,2000.0
INTERTRAN鄂西-鄂西北,4791,2000.0
INTERTRAN鄂西-鄂西北,4792,-2000.0
INTERTRAN鄂西-鄂西北,4793,-2000.0
INTERTRAN鄂西-鄂西北,4794,-2000.0
INTERTRAN鄂西-鄂西北,4795,1392.7008099999994
INTERTRAN鄂西-鄂西北,4796,-2000.0
INTERTRAN鄂西-鄂西北,4797,-584.542965263339
INTERTRAN鄂西-鄂西北,4798,-1045.2287499999993
INTERTRAN鄂西-鄂西北,4799,-172.4774892222672
INTERTRAN鄂西-鄂西北,4800,611.2527500000006
INTERTRAN鄂西-鄂西北,4801,-1121.3544999999995
INTERTRAN鄂西-鄂西北,4802,-2000.0
INTERTRAN鄂西-鄂西北,4803,-1562.535089567462
INTERTRAN鄂西-鄂西北,4804,-1262.7310777089388
INTERTRAN鄂西-鄂西北,4805,-404.24249999999984
INTERTRAN鄂西-鄂西北,4806,-1191.492010777732
INTERTRAN鄂西-鄂西北,4807,269.9760350000006
INTERTRAN鄂西-鄂西北,4808,-2000.0
INTERTRAN鄂西-鄂西北,4809,582.9880149999999
INTERTRAN鄂西-鄂西北,4810,-2000.0
INTERTRAN鄂西-鄂西北,4811,2000.0
INTERTRAN鄂西-鄂西北,4812,2000.0
INTERTRAN鄂西-鄂西北,4813,2000.0
INTERTRAN鄂西-鄂西北,4814,1377.287017810458
INTERTRAN鄂西-鄂西北,4815,2000.0
INTERTRAN鄂西-鄂西北,4816,2000.0
INTERTRAN鄂西-鄂西北,4817,2000.0
INTERTRAN鄂西-鄂西北,4818,2000.0
INTERTRAN鄂西-鄂西北,4819,1491.578535
INTERTRAN鄂西-鄂西北,4820,-665.0525100000027
INTERTRAN鄂西-鄂西北,4821,13.817295000000058
INTERTRAN鄂西-鄂西北,4822,1046.2557500000005
INTERTRAN鄂西-鄂西北,4823,135.01899999999932
INTERTRAN鄂西-鄂西北,4824,913.6232500000006
INTERTRAN鄂西-鄂西北,4825,-624.1902499999997
INTERTRAN鄂西-鄂西北,4826,-2000.0
INTERTRAN鄂西-鄂西北,4827,-46.41574999999966
INTERTRAN鄂西-鄂西北,4828,-2000.0
INTERTRAN鄂西-鄂西北,4829,-1559.2745199999997
INTERTRAN鄂西-鄂西北,4830,-15.759499999999662
INTERTRAN鄂西-鄂西北,4831,-551.221109999997
INTERTRAN鄂西-鄂西北,4832,-2000.0
INTERTRAN鄂西-鄂西北,4833,-1079.9169631999584
INTERTRAN鄂西-鄂西北,4834,497.7301299999999
INTERTRAN鄂西-鄂西北,4835,927.9901950000008
INTERTRAN鄂西-鄂西北,4836,2000.0
INTERTRAN鄂西-鄂西北,4837,2000.0
INTERTRAN鄂西-鄂西北,4838,-2000.0
INTERTRAN鄂西-鄂西北,4839,2000.0
INTERTRAN鄂西-鄂西北,4840,2000.0
INTERTRAN鄂西-鄂西北,4841,2000.0
INTERTRAN鄂西-鄂西北,4842,1741.7512950000012
INTERTRAN鄂西-鄂西北,4843,2000.0
INTERTRAN鄂西-鄂西北,4844,1702.0266400000005
INTERTRAN鄂西-鄂西北,4845,1946.0896350000005
INTERTRAN鄂西-鄂西北,4846,1465.676
INTERTRAN鄂西-鄂西北,4847,1172.4935431999536
INTERTRAN鄂西-鄂西北,4848,-515.6194480000516
INTERTRAN鄂西-鄂西北,4849,-1033.516198000051
INTERTRAN鄂西-鄂西北,4850,-1202.2623950000007
INTERTRAN鄂西-鄂西北,4851,-1059.6653245568268
INTERTRAN鄂西-鄂西北,4852,-2000.0
INTERTRAN鄂西-鄂西北,4853,-2000.0
INTERTRAN鄂西-鄂西北,4854,-2000.0
INTERTRAN鄂西-鄂西北,4855,-2000.0
INTERTRAN鄂西-鄂西北,4856,-2000.0
INTERTRAN鄂西-鄂西北,4857,1927.2125850000007
INTERTRAN鄂西-鄂西北,4858,2000.0
INTERTRAN鄂西-鄂西北,4859,-1336.727482777776
INTERTRAN鄂西-鄂西北,4860,2000.0
INTERTRAN鄂西-鄂西北,4861,2000.0
INTERTRAN鄂西-鄂西北,4862,2000.0
INTERTRAN鄂西-鄂西北,4863,2000.0
INTERTRAN鄂西-鄂西北,4864,2000.0
INTERTRAN鄂西-鄂西北,4865,2000.0
INTERTRAN鄂西-鄂西北,4866,-2000.0
INTERTRAN鄂西-鄂西北,4867,-2000.0
INTERTRAN鄂西-鄂西北,4868,-2000.0
INTERTRAN鄂西-鄂西北,4869,-570.5082495568296
INTERTRAN鄂西-鄂西北,4870,-2000.0
INTERTRAN鄂西-鄂西北,4871,979.6090519999505
INTERTRAN鄂西-鄂西北,4872,-2000.0
INTERTRAN鄂西-鄂西北,4873,-2000.0
INTERTRAN鄂西-鄂西北,4874,-2000.0
INTERTRAN鄂西-鄂西北,4875,-2000.0
INTERTRAN鄂西-鄂西北,4876,-2000.0
INTERTRAN鄂西-鄂西北,4877,-2000.0
INTERTRAN鄂西-鄂西北,4878,-2000.0
INTERTRAN鄂西-鄂西北,4879,-2000.0
INTERTRAN鄂西-鄂西北,4880,-2000.0
INTERTRAN鄂西-鄂西北,4881,-2000.0
INTERTRAN鄂西-鄂西北,4882,2000.0
INTERTRAN鄂西-鄂西北,4883,2000.0
INTERTRAN鄂西-鄂西北,4884,2000.0
INTERTRAN鄂西-鄂西北,4885,1953.4702449019655
INTERTRAN鄂西-鄂西北,4886,2000.0
INTERTRAN鄂西-鄂西北,4887,2000.0
INTERTRAN鄂西-鄂西北,4888,2000.0
INTERTRAN鄂西-鄂西北,4889,2000.0
INTERTRAN鄂西-鄂西北,4890,2000.0
INTERTRAN鄂西-鄂西北,4891,-2000.0
INTERTRAN鄂西-鄂西北,4892,-2000.0
INTERTRAN鄂西-鄂西北,4893,-2000.0
INTERTRAN鄂西-鄂西北,4894,-2000.0
INTERTRAN鄂西-鄂西北,4895,-448.9732499999991
INTERTRAN鄂西-鄂东,4896,8334.744319999996
INTERTRAN鄂西-鄂东,4897,4545.227179999991
INTERTRAN鄂西-鄂东,4898,7622.403299999998
INTERTRAN鄂西-鄂东,4899,6247.368020000002
INTERTRAN鄂西-鄂东,4900,7844.2357999999995
INTERTRAN鄂西-鄂东,4901,7754.327120000012
INTERTRAN鄂西-鄂东,4902,7048.488499999998
INTERTRAN鄂西-鄂东,4903,4219.351600000001
INTERTRAN鄂西-鄂东,4904,6298.367036200003
INTERTRAN鄂西-鄂东,4905,7323.768260400013
INTERTRAN鄂西-鄂东,4906,5261.483638271604
INTERTRAN鄂西-鄂东,4907,3158.3247071604906
INTERTRAN鄂西-鄂东,4908,5797.647040740741
INTERTRAN鄂西-鄂东,4909,9963.208420000003
INTERTRAN鄂西-鄂东,4910,3814.497220000001
INTERTRAN鄂西-鄂东,4911,8344.44132
INTERTRAN鄂西-鄂东,4912,6531.031966666667
INTERTRAN鄂西-鄂东,4913,5939.4660781666635
INTERTRAN鄂西-鄂东,4914,4719.629919999999
INTERTRAN鄂西-鄂东,4915,8376.988220000003
INTERTRAN鄂西-鄂东,4916,9900.363919999998
INTERTRAN鄂西-鄂东,4917,9984.523573166665
INTERTRAN鄂西-鄂东,4918,11031.045320000001
INTERTRAN鄂西-鄂东,4919,10648.308020000002
INTERTRAN鄂西-鄂东,4920,11955.594820000002
INTERTRAN鄂西-鄂东,4921,9840.224420000002
INTERTRAN鄂西-鄂东,4922,8723.38242
INTERTRAN鄂西-鄂东,4923,7445.006520000001
INTERTRAN鄂西-鄂东,4924,9902.994320000003
INTERTRAN鄂西-鄂东,4925,9013.016420000004
INTERTRAN鄂西-鄂东,4926,9386.377020000004
INTERTRAN鄂西-鄂东,4927,10078.419820000001
INTERTRAN鄂西-鄂东,4928,11800.357219999998
INTERTRAN鄂西-鄂东,4929,10223.203720000001
INTERTRAN鄂西-鄂东,4930,5354.677520000001
INTERTRAN鄂西-鄂东,4931,5494.054035000001
INTERTRAN鄂西-鄂东,4932,6994.319720000001
INTERTRAN鄂西-鄂东,4933,7282.5514389057935
INTERTRAN鄂西-鄂东,4934,9085.32825111111
INTERTRAN鄂西-鄂东,4935,8749.684799999995
INTERTRAN鄂西-鄂东,4936,4219.164400000025
INTERTRAN鄂西-鄂东,4937,11549.938668166664
INTERTRAN鄂西-鄂东,4938,12600.0
INTERTRAN鄂西-鄂东,4939,11767.66865499999
INTERTRAN鄂西-鄂东,4940,12600.0
INTERTRAN鄂西-鄂东,4941,12600.0
INTERTRAN鄂西-鄂东,4942,12600.0
INTERTRAN鄂西-鄂东,4943,12600.0
INTERTRAN鄂西-鄂东,4944,12600.0
INTERTRAN鄂西-鄂东,4945,12600.0
INTERTRAN鄂西-鄂东,4946,10202.879397953206
INTERTRAN鄂西-鄂东,4947,12600.0
INTERTRAN鄂西-鄂东,4948,12600.0
INTERTRAN鄂西-鄂东,4949,8026.414471549776
INTERTRAN鄂西-鄂东,4950,9521.190124999921
INTERTRAN鄂西-鄂东,4951,9573.437220000002
INTERTRAN鄂西-鄂东,4952,8012.250724999922
INTERTRAN鄂西-鄂东,4953,7350.721620000002
INTERTRAN鄂西-鄂东,4954,3970.9664200000025
INTERTRAN鄂西-鄂东,4955,4035.398724999921
INTERTRAN鄂西-鄂东,4956,3773.809525213463
INTERTRAN鄂西-鄂东,4957,3949.455524999921
INTERTRAN鄂西-鄂东,4958,6787.747619999998
INTERTRAN鄂西-鄂东,4959,2030.4572715497743
INTERTRAN鄂西-鄂东,4960,6206.676420000002
INTERTRAN鄂西-鄂东,4961,10755.33512499992
INTERTRAN鄂西-鄂东,4962,10961.921145313694
INTERTRAN鄂西-鄂东,4963,9909.611545313695
INTERTRAN鄂西-鄂东,4964,10350.649596863466
INTERTRAN鄂西-鄂东,4965,12411.16099686347
INTERTRAN鄂西-鄂东,4966,11477.32049686347
INTERTRAN鄂西-鄂东,4967,12427.996996863465
INTERTRAN鄂西-鄂东,4968,12600.0
INTERTRAN鄂西-鄂东,4969,11433.394120000004
INTERTRAN鄂西-鄂东,4970,11089.951420000003
INTERTRAN鄂西-鄂东,4971,10554.20082
INTERTRAN鄂西-鄂东,4972,8862.680620000001
INTERTRAN鄂西-鄂东,4973,8016.208419999999
INTERTRAN鄂西-鄂东,4974,9108.46392
INTERTRAN鄂西-鄂东,4975,8930.925845313695
INTERTRAN鄂西-鄂东,4976,9911.983445313697
INTERTRAN鄂西-鄂东,4977,8971.24768938631
INTERTRAN鄂西-鄂东,4978,3391.0825401499983
INTERTRAN鄂西-鄂东,4979,7640.314432098761
INTERTRAN鄂西-鄂东,4980,7654.358856851852
INTERTRAN鄂西-鄂东,4981,8443.767460000281
INTERTRAN鄂西-鄂东,4982,8812.03745228394
INTERTRAN鄂西-鄂东,4983,6782.3234693827235
INTERTRAN鄂西-鄂东,4984,8094.547786666669
INTERTRAN鄂西-鄂东,4985,11662.418599999997
INTERTRAN鄂西-鄂东,4986,10118.225699999995
INTERTRAN鄂西-鄂东,4987,4976.259599999996
INTERTRAN鄂西-鄂东,4988,11163.020245313699
INTERTRAN鄂西-鄂东,4989,11758.202371549767
INTERTRAN鄂西-鄂东,4990,7132.401445313691
INTERTRAN鄂西-鄂东,4991,12118.39182
INTERTRAN鄂西-鄂东,4992,11812.054798782177
INTERTRAN鄂西-鄂东,4993,7246.9096199999985
INTERTRAN鄂西-鄂东,4994,9169.987319999997
INTERTRAN鄂西-鄂东,4995,8844.61092
INTERTRAN鄂西-鄂东,4996,9507.1942453137
INTERTRAN鄂西-鄂东,4997,9014.994541217824
INTERTRAN鄂西-鄂东,4998,6715.280294209286
INTERTRAN鄂西-鄂东,4999,7964.372899999998
INTERTRAN鄂西-鄂东,5000,8122.17122
INTERTRAN鄂西-鄂东,5001,8346.585300000002
INTERTRAN鄂西-鄂东,5002,5123.152973725409
INTERTRAN鄂西-鄂东,5003,5317.438486666664
INTERTRAN鄂西-鄂东,5004,3669.344697777778
INTERTRAN鄂西-鄂东,5005,5805.455933333329
INTERTRAN鄂西-鄂东,5006,2539.7509679738523
INTERTRAN鄂西-鄂东,5007,6414.843720000001
INTERTRAN鄂西-鄂东,5008,7164.666092026165
INTERTRAN鄂西-鄂东,5009,7970.370499999994
INTERTRAN鄂西-鄂东,5010,6095.626055032682
INTERTRAN鄂西-鄂东,5011,7200.501799999997
INTERTRAN鄂西-鄂东,5012,5006.618999999997
INTERTRAN鄂西-鄂东,5013,6064.877199999997
INTERTRAN鄂西-鄂东,5014,7222.71754
INTERTRAN鄂西-鄂东,5015,4658.698359372645
INTERTRAN鄂西-鄂东,5016,6129.944445313692
INTERTRAN鄂西-鄂东,5017,8985.72902
INTERTRAN鄂西-鄂东,5018,8128.936320000001
INTERTRAN鄂西-鄂东,5019,7317.165365313699
INTERTRAN鄂西-鄂东,5020,5393.363199999998
INTERTRAN鄂西-鄂东,5021,5416.545119999999
INTERTRAN鄂西-鄂东,5022,7937.729869999999
INTERTRAN鄂西-鄂东,5023,7556.6955199999975
INTERTRAN鄂西-鄂东,5024,6864.469300000001
INTERTRAN鄂西-鄂东,5025,6148.369595
INTERTRAN鄂西-鄂东,5026,4477.547120000001
INTERTRAN鄂西-鄂东,5027,4187.077236601302
INTERTRAN鄂西-鄂东,5028,2721.9821650980366
INTERTRAN鄂西-鄂东,5029,8154.010920000001
INTERTRAN鄂西-鄂东,5030,5972.41394444444
INTERTRAN鄂西-鄂东,5031,5106.346120000002
INTERTRAN鄂西-鄂东,5032,5463.879438823546
INTERTRAN鄂西-鄂东,5033,8196.119270588233
INTERTRAN鄂西-鄂东,5034,7073.128520000002
INTERTRAN鄂西-鄂东,5035,3451.2421200000026
INTERTRAN鄂西-鄂东,5036,6498.880999999999
INTERTRAN鄂西-鄂东,5037,12600.0
INTERTRAN鄂西-鄂东,5038,12288.429919999999
INTERTRAN鄂西-鄂东,5039,12600.0
INTERTRAN鄂西北-鄂东,4896,1990.5745000000024
INTERTRAN鄂西北-鄂东,4897,3000.0
INTERTRAN鄂西北-鄂东,4898,768.2599200000022
INTERTRAN鄂西北-鄂东,4899,3000.0
INTERTRAN鄂西北-鄂东,4900,997.6559200000038
INTERTRAN鄂西北-鄂东,4901,1003.0910999999895
INTERTRAN鄂西北-鄂东,4902,2040.9605200000042
INTERTRAN鄂西北-鄂东,4903,869.1587399999572
INTERTRAN鄂西北-鄂东,4904,3000.0
INTERTRAN鄂西北-鄂东,4905,1371.5605595999864
INTERTRAN鄂西北-鄂东,4906,-1274.1278599999991
INTERTRAN鄂西北-鄂东,4907,936.1254585185729
INTERTRAN鄂西北-鄂东,4908,-3000.0
INTERTRAN鄂西北-鄂东,4909,-3000.0
INTERTRAN鄂西北-鄂东,4910,-3000.0
INTERTRAN鄂西北-鄂东,4911,-3000.0
INTERTRAN鄂西北-鄂东,4912,-1362.273500000001
INTERTRAN鄂西北-鄂东,4913,3000.0
INTERTRAN鄂西北-鄂东,4914,3000.0
INTERTRAN鄂西北-鄂东,4915,3000.0
INTERTRAN鄂西北-鄂东,4916,3000.0
INTERTRAN鄂西北-鄂东,4917,3000.0
INTERTRAN鄂西北-鄂东,4918,3000.0
INTERTRAN鄂西北-鄂东,4919,3000.0
INTERTRAN鄂西北-鄂东,4920,3000.0
INTERTRAN鄂西北-鄂东,4921,3000.0
INTERTRAN鄂西北-鄂东,4922,3000.0
INTERTRAN鄂西北-鄂东,4923,3000.0
INTERTRAN鄂西北-鄂东,4924,3000.0
INTERTRAN鄂西北-鄂东,4925,3000.0
INTERTRAN鄂西北-鄂东,4926,3000.0
INTERTRAN鄂西北-鄂东,4927,3000.0
INTERTRAN鄂西北-鄂东,4928,3000.0
INTERTRAN鄂西北-鄂东,4929,3000.0
INTERTRAN鄂西北-鄂东,4930,3000.0
INTERTRAN鄂西北-鄂东,4931,2245.824385
INTERTRAN鄂西北-鄂东,4932,-3000.0
INTERTRAN鄂西北-鄂东,4933,-3000.0
INTERTRAN鄂西北-鄂东,4934,-3000.0
INTERTRAN鄂西北-鄂东,4935,-3000.0
INTERTRAN鄂西北-鄂东,4936,2907.6079199999804
INTERTRAN鄂西北-鄂东,4937,1975.7863400000006
INTERTRAN鄂西北-鄂东,4938,1552.3240749999975
INTERTRAN鄂西北-鄂东,4939,2633.6014199999995
INTERTRAN鄂西北-鄂东,4940,2853.343228166664
INTERTRAN鄂西北-鄂东,4941,3000.0
INTERTRAN鄂西北-鄂东,4942,3000.0
INTERTRAN鄂西北-鄂东,4943,3000.0
INTERTRAN鄂西北-鄂东,4944,3000.0
INTERTRAN鄂西北-鄂东,4945,3000.0
INTERTRAN鄂西北-鄂东,4946,3000.0
INTERTRAN鄂西北-鄂东,4947,3000.0
INTERTRAN鄂西北-鄂东,4948,3000.0
INTERTRAN鄂西北-鄂东,4949,3000.0
INTERTRAN鄂西北-鄂东,4950,3000.0
INTERTRAN鄂西北-鄂东,4951,3000.0
INTERTRAN鄂西北-鄂东,4952,3000.0
INTERTRAN鄂西北-鄂东,4953,3000.0
INTERTRAN鄂西北-鄂东,4954,3000.0
INTERTRAN鄂西北-鄂东,4955,3000.0
INTERTRAN鄂西北-鄂东,4956,3000.0
INTERTRAN鄂西北-鄂东,4957,3000.0
INTERTRAN鄂西北-鄂东,4958,3000.0
INTERTRAN鄂西北-鄂东,4959,3000.0
INTERTRAN鄂西北-鄂东,4960,3000.0
INTERTRAN鄂西北-鄂东,4961,3000.0
INTERTRAN鄂西北-鄂东,4962,3000.0
INTERTRAN鄂西北-鄂东,4963,3000.0
INTERTRAN鄂西北-鄂东,4964,3000.0
INTERTRAN鄂西北-鄂东,4965,3000.0
INTERTRAN鄂西北-鄂东,4966,3000.0
INTERTRAN鄂西北-鄂东,4967,3000.0
INTERTRAN鄂西北-鄂东,4968,3000.0
INTERTRAN鄂西北-鄂东,4969,3000.0
INTERTRAN鄂西北-鄂东,4970,3000.0
INTERTRAN鄂西北-鄂东,4971,3000.0
INTERTRAN鄂西北-鄂东,4972,3000.0
INTERTRAN鄂西北-鄂东,4973,3000.0
INTERTRAN鄂西北-鄂东,4974,3000.0
INTERTRAN鄂西北-鄂东,4975,3000.0
INTERTRAN鄂西北-鄂东,4976,3000.0
INTERTRAN鄂西北-鄂东,4977,3000.0
INTERTRAN鄂西北-鄂东,4978,3000.0
INTERTRAN鄂西北-鄂东,4979,-2795.848642962957
INTERTRAN鄂西北-鄂东,4980,-3000.0
INTERTRAN鄂西北-鄂东,4981,-3000.0
INTERTRAN鄂西北-鄂东,4982,-3000.0
INTERTRAN鄂西北-鄂东,4983,-3000.0
INTERTRAN鄂西北-鄂东,4984,-3000.0
INTERTRAN鄂西北-鄂东,4985,-2279.870495
INTERTRAN鄂西北-鄂东,4986,-2102.3778799999964
INTERTRAN鄂西北-鄂东,4987,2728.7845453137006
INTERTRAN鄂西北-鄂东,4988,3000.0
INTERTRAN鄂西北-鄂东,4989,3000.0
INTERTRAN鄂西北-鄂东,4990,3000.0
INTERTRAN鄂西北-鄂东,4991,3000.0
INTERTRAN鄂西北-鄂东,4992,3000.0
INTERTRAN鄂西北-鄂东,4993,3000.0
INTERTRAN鄂西北-鄂东,4994,3000.0
INTERTRAN鄂西北-鄂东,4995,3000.0
INTERTRAN鄂西北-鄂东,4996,3000.0
INTERTRAN鄂西北-鄂东,4997,3000.0
INTERTRAN鄂西北-鄂东,4998,3000.0
INTERTRAN鄂西北-鄂东,4999,1147.2331249999993
INTERTRAN鄂西北-鄂东,5000,3000.0
INTERTRAN鄂西北-鄂东,5001,546.9177199999978
INTERTRAN鄂西北-鄂东,5002,-3000.0
INTERTRAN鄂西北-鄂东,5003,-3000.0
INTERTRAN鄂西北-鄂东,5004,-3000.0
INTERTRAN鄂西北-鄂东,5005,-3000.0
INTERTRAN鄂西北-鄂东,5006,-3000.0
INTERTRAN鄂西北-鄂东,5007,-3000.0
INTERTRAN鄂西北-鄂东,5008,-3000.0
INTERTRAN鄂西北-鄂东,5009,-3000.0
INTERTRAN鄂西北-鄂东,5010,-3000.0
INTERTRAN鄂西北-鄂东,5011,-1042.0866400000011
INTERTRAN鄂西北-鄂东,5012,2519.158120000002
INTERTRAN鄂西北-鄂东,5013,3000.0
INTERTRAN鄂西北-鄂东,5014,3000.0
INTERTRAN鄂西北-鄂东,5015,3000.0
INTERTRAN鄂西北-鄂东,5016,3000.0
INTERTRAN鄂西北-鄂东,5017,3000.0
INTERTRAN鄂西北-鄂东,5018,3000.0
INTERTRAN鄂西北-鄂东,5019,3000.0
INTERTRAN鄂西北-鄂东,5020,3000.0
INTERTRAN鄂西北-鄂东,5021,3000.0
INTERTRAN鄂西北-鄂东,5022,410.00325000000066
INTERTRAN鄂西北-鄂东,5023,3000.0
INTERTRAN鄂西北-鄂东,5024,3000.0
INTERTRAN鄂西北-鄂东,5025,3000.0
INTERTRAN鄂西北-鄂东,5026,-3000.0
INTERTRAN鄂西北-鄂东,5027,-3000.0
INTERTRAN鄂西北-鄂东,5028,-3000.0
INTERTRAN鄂西北-鄂东,5029,-3000.0
INTERTRAN鄂西北-鄂东,5030,-3000.0
INTERTRAN鄂西北-鄂东,5031,-3000.0
INTERTRAN鄂西北-鄂东,5032,-3000.0
INTERTRAN鄂西北-鄂东,5033,-3000.0
INTERTRAN鄂西北-鄂东,5034,-3000.0
INTERTRAN鄂西北-鄂东,5035,3000.0
INTERTRAN鄂西北-鄂东,5036,2940.431996202983
INTERTRAN鄂西北-鄂东,5037,3000.0
INTERTRAN鄂西北-鄂东,5038,3000.0
INTERTRAN鄂西北-鄂东,5039,3000.0
INTERTRAN鄂西-鄂西北,4896,-2000.0
INTERTRAN鄂西-鄂西北,4897,-2000.0
INTERTRAN鄂西-鄂西北,4898,-2000.0
INTERTRAN鄂西-鄂西北,4899,-1372.472409200007
INTERTRAN鄂西-鄂西北,4900,-2000.0
INTERTRAN鄂西-鄂西北,4901,-2000.0
INTERTRAN鄂西-鄂西北,4902,-2000.0
INTERTRAN鄂西-鄂西北,4903,-2000.0
INTERTRAN鄂西-鄂西北,4904,-1114.2348362000048
INTERTRAN鄂西-鄂西北,4905,-2000.0
INTERTRAN鄂西-鄂西北,4906,-2000.0
INTERTRAN鄂西-鄂西北,4907,2000.0
INTERTRAN鄂西-鄂西北,4908,2000.0
INTERTRAN鄂西-鄂西北,4909,-2000.0
INTERTRAN鄂西-鄂西北,4910,-394.30244370376306
INTERTRAN鄂西-鄂西北,4911,-2000.0
INTERTRAN鄂西-鄂西北,4912,-2000.0
INTERTRAN鄂西-鄂西北,4913,1475.5867900000012
INTERTRAN鄂西-鄂西北,4914,1878.46348
INTERTRAN鄂西-鄂西北,4915,-835.0745949999996
INTERTRAN鄂西-鄂西北,4916,1421.4108500000004
INTERTRAN鄂西-鄂西北,4917,1924.9949950000002
INTERTRAN鄂西-鄂西北,4918,1579.9767500000005
INTERTRAN鄂西-鄂西北,4919,2000.0
INTERTRAN鄂西-鄂西北,4920,733.2184481666645
INTERTRAN鄂西-鄂西北,4921,389.1725000000001
INTERTRAN鄂西-鄂西北,4922,533.2669999999998
INTERTRAN鄂西-鄂西北,4923,573.3912499999992
INTERTRAN鄂西-鄂西北,4924,352.67625000000044
INTERTRAN鄂西-鄂西北,4925,541.9650000000006
INTERTRAN鄂西-鄂西北,4926,-329.8529518333362
INTERTRAN鄂西-鄂西北,4927,518.0902150000011
INTERTRAN鄂西-鄂西北,4928,901.5917599999998
INTERTRAN鄂西-鄂西北,4929,-420.5295733802361
INTERTRAN鄂西-鄂西北,4930,-182.50032000000283
INTERTRAN鄂西-鄂西北,4931,2000.0
INTERTRAN鄂西-鄂西北,4932,-2000.0
INTERTRAN鄂西-鄂西北,4933,-1158.626275452669
INTERTRAN鄂西-鄂西北,4934,-2000.0
INTERTRAN鄂西-鄂西北,4935,-2000.0
INTERTRAN鄂西-鄂西北,4936,2000.0
INTERTRAN鄂西-鄂西北,4937,2000.0
INTERTRAN鄂西-鄂西北,4938,2000.0
INTERTRAN鄂西-鄂西北,4939,2000.0
INTERTRAN鄂西-鄂西北,4940,813.1966681666654
INTERTRAN鄂西-鄂西北,4941,2000.0
INTERTRAN鄂西-鄂西北,4942,-2000.0
INTERTRAN鄂西-鄂西北,4943,-2000.0
INTERTRAN鄂西-鄂西北,4944,366.00252334999027
INTERTRAN鄂西-鄂西北,4945,1772.236250000001
INTERTRAN鄂西-鄂西北,4946,1792.1402500000013
INTERTRAN鄂西-鄂西北,4947,1440.5852500000003
INTERTRAN鄂西-鄂西北,4948,875.5032500000011
INTERTRAN鄂西-鄂西北,4949,1026.2722500000007
INTERTRAN鄂西-鄂西北,4950,343.91075
INTERTRAN鄂西-鄂西北,4951,-1306.9739449999965
INTERTRAN鄂西-鄂西北,4952,306.53794000000016
INTERTRAN鄂西-鄂西北,4953,1010.2568200000005
INTERTRAN鄂西-鄂西北,4954,837.7499752134595
INTERTRAN鄂西-鄂西北,4955,1187.5151250000001
INTERTRAN鄂西-鄂西北,4956,1473.8563700000009
INTERTRAN鄂西-鄂西北,4957,1151.1908750000794
INTERTRAN鄂西-鄂西北,4958,1642.5382250000039
INTERTRAN鄂西-鄂西北,4959,2000.0
INTERTRAN鄂西-鄂西北,4960,2000.0
INTERTRAN鄂西-鄂西北,4961,2000.0
INTERTRAN鄂西-鄂西北,4962,2000.0
INTERTRAN鄂西-鄂西北,4963,1802.5902950000004
INTERTRAN鄂西-鄂西北,4964,2000.0
INTERTRAN鄂西-鄂西北,4965,1203.581998349989
INTERTRAN鄂西-鄂西北,4966,779.9615233499896
INTERTRAN鄂西-鄂西北,4967,2000.0
INTERTRAN鄂西-鄂西北,4968,1762.6204999999998
INTERTRAN鄂西-鄂西北,4969,470.141655
INTERTRAN鄂西-鄂西北,4970,1575.1535000000001
INTERTRAN鄂西-鄂西北,4971,-60.20450000000028
INTERTRAN鄂西-鄂西北,4972,-655.5314536823166
INTERTRAN鄂西-鄂西北,4973,-292.49414836768847
INTERTRAN鄂西-鄂西北,4974,-2000.0
INTERTRAN鄂西-鄂西北,4975,-157.6911443000481
INTERTRAN鄂西-鄂西北,4976,-2000.0
INTERTRAN鄂西-鄂西北,4977,1433.7635699999998
INTERTRAN鄂西-鄂西北,4978,2000.0
INTERTRAN鄂西-鄂西北,4979,-2000.0
INTERTRAN鄂西-鄂西北,4980,-1951.7490050000006
INTERTRAN鄂西-鄂西北,4981,-2000.0
INTERTRAN鄂西-鄂西北,4982,344.97923148148163
INTERTRAN鄂西-鄂西北,4983,808.4040306172737
INTERTRAN鄂西-鄂西北,4984,-1471.9966679011884
INTERTRAN鄂西-鄂西北,4985,-2000.0
INTERTRAN鄂西-鄂西北,4986,-2000.0
INTERTRAN鄂西-鄂西北,4987,2000.0
INTERTRAN鄂西-鄂西北,4988,2000.0
INTERTRAN鄂西-鄂西北,4989,2000.0
INTERTRAN鄂西-鄂西北,4990,-2000.0
INTERTRAN鄂西-鄂西北,4991,624.8869350000014
INTERTRAN鄂西-鄂西北,4992,1899.197000000001
INTERTRAN鄂西-鄂西北,4993,116.80560000000128
INTERTRAN鄂西-鄂西北,4994,-1696.643944999989
INTERTRAN鄂西-鄂西北,4995,82.36824999999908
INTERTRAN鄂西-鄂西北,4996,-2000.0
INTERTRAN鄂西-鄂西北,4997,-153.88675000000012
INTERTRAN鄂西-鄂西北,4998,643.2809010041767
INTERTRAN鄂西-鄂西北,4999,-2000.0
INTERTRAN鄂西-鄂西北,5000,-2000.0
INTERTRAN鄂西-鄂西北,5001,-2000.0
INTERTRAN鄂西-鄂西北,5002,-1785.5278410765354
INTERTRAN鄂西-鄂西北,5003,2000.0
INTERTRAN鄂西-鄂西北,5004,2000.0
INTERTRAN鄂西-鄂西北,5005,2000.0
INTERTRAN鄂西-鄂西北,5006,2000.0
INTERTRAN鄂西-鄂西北,5007,2000.0
INTERTRAN鄂西-鄂西北,5008,2000.0
INTERTRAN鄂西-鄂西北,5009,2000.0
INTERTRAN鄂西-鄂西北,5010,2000.0
INTERTRAN鄂西-鄂西北,5011,-2000.0
INTERTRAN鄂西-鄂西北,5012,-2000.0
INTERTRAN鄂西-鄂西北,5013,-2000.0
INTERTRAN鄂西-鄂西北,5014,-2000.0
INTERTRAN鄂西-鄂西北,5015,-2000.0
INTERTRAN鄂西-鄂西北,5016,-2000.0
INTERTRAN鄂西-鄂西北,5017,-2000.0
INTERTRAN鄂西-鄂西北,5018,-2000.0
INTERTRAN鄂西-鄂西北,5019,-2000.0
INTERTRAN鄂西-鄂西北,5020,-2000.0
INTERTRAN鄂西-鄂西北,5021,-2000.0
INTERTRAN鄂西-鄂西北,5022,-2000.0
INTERTRAN鄂西-鄂西北,5023,-2000.0
INTERTRAN鄂西-鄂西北,5024,-2000.0
INTERTRAN鄂西-鄂西北,5025,1009.1922049999998
INTERTRAN鄂西-鄂西北,5026,-450.1853416012873
INTERTRAN鄂西-鄂西北,5027,2000.0
INTERTRAN鄂西-鄂西北,5028,2000.0
INTERTRAN鄂西-鄂西北,5029,2000.0
INTERTRAN鄂西-鄂西北,5030,2000.0
INTERTRAN鄂西-鄂西北,5031,2000.0
INTERTRAN鄂西-鄂西北,5032,2000.0
INTERTRAN鄂西-鄂西北,5033,2000.0
INTERTRAN鄂西-鄂西北,5034,1914.4964799999907
INTERTRAN鄂西-鄂西北,5035,2000.0
INTERTRAN鄂西-鄂西北,5036,-2000.0
INTERTRAN鄂西-鄂西北,5037,-2000.0
INTERTRAN鄂西-鄂西北,5038,-1831.2652500000004
INTERTRAN鄂西-鄂西北,5039,-2000.0
INTERTRAN鄂西-鄂东,5040,7271.439091009786
INTERTRAN鄂西-鄂东,5041,7591.965799999998
INTERTRAN鄂西-鄂东,5042,5463.887844444442
INTERTRAN鄂西-鄂东,5043,11066.081023046507
INTERTRAN鄂西-鄂东,5044,9344.240320000004
INTERTRAN鄂西-鄂东,5045,7975.6759200000015
INTERTRAN鄂西-鄂东,5046,8355.211899999998
INTERTRAN鄂西-鄂东,5047,6847.374160000007
INTERTRAN鄂西-鄂东,5048,9515.900326666666
INTERTRAN鄂西-鄂东,5049,6080.036374901327
INTERTRAN鄂西-鄂东,5050,2781.6658404616137
INTERTRAN鄂西-鄂东,5051,6110.751311111111
INTERTRAN鄂西-鄂东,5052,4208.599464444451
INTERTRAN鄂西-鄂东,5053,9706.968164444439
INTERTRAN鄂西-鄂东,5054,8589.897944444445
INTERTRAN鄂西-鄂东,5055,-607.2637264746227
INTERTRAN鄂西-鄂东,5056,3086.9030763169594
INTERTRAN鄂西-鄂东,5057,5658.536899999999
INTERTRAN鄂西-鄂东,5058,8304.173750520018
INTERTRAN鄂西-鄂东,5059,5381.874970000001
INTERTRAN鄂西-鄂东,5060,9138.439851650008
INTERTRAN鄂西-鄂东,5061,6536.298261176464
INTERTRAN鄂西-鄂东,5062,10517.401331206795
INTERTRAN鄂西-鄂东,5063,11755.939652695368
INTERTRAN鄂西-鄂东,5064,4993.280000000006
INTERTRAN鄂西-鄂东,5065,4780.376751896809
INTERTRAN鄂西-鄂东,5066,10172.47062
INTERTRAN鄂西-鄂东,5067,7521.518132420708
INTERTRAN鄂西-鄂东,5068,8639.668700000002
INTERTRAN鄂西-鄂东,5069,4278.510493249996
INTERTRAN鄂西-鄂东,5070,7715.192920000001
INTERTRAN鄂西-鄂东,5071,2762.004399999998
INTERTRAN鄂西-鄂东,5072,5883.395620000003
INTERTRAN鄂西-鄂东,5073,4435.666037647061
INTERTRAN鄂西-鄂东,5074,4325.364186666666
INTERTRAN鄂西-鄂东,5075,5482.683753333338
INTERTRAN鄂西-鄂东,5076,7267.059199999996
INTERTRAN鄂西-鄂东,5077,3223.576120000005
INTERTRAN鄂西-鄂东,5078,5014.906340000001
INTERTRAN鄂西-鄂东,5079,5553.68198666667
INTERTRAN鄂西-鄂东,5080,8401.912264444447
INTERTRAN鄂西-鄂东,5081,6801.239099999995
INTERTRAN鄂西-鄂东,5082,7945.172781666668
INTERTRAN鄂西-鄂东,5083,10732.586210000001
INTERTRAN鄂西-鄂东,5084,12600.0
INTERTRAN鄂西-鄂东,5085,12361.531475
INTERTRAN鄂西-鄂东,5086,11192.723899999997
INTERTRAN鄂西-鄂东,5087,12319.029419999999
INTERTRAN鄂西-鄂东,5088,7232.801629999998
INTERTRAN鄂西-鄂东,5089,6542.812279999998
INTERTRAN鄂西-鄂东,5090,6630.202099999995
INTERTRAN鄂西-鄂东,5091,4689.827710000005
INTERTRAN鄂西-鄂东,5092,4317.272199999996
INTERTRAN鄂西-鄂东,5093,5536.811999999994
INTERTRAN鄂西-鄂东,5094,5541.245554999998
INTERTRAN鄂西-鄂东,5095,5854.772239999998
INTERTRAN鄂西-鄂东,5096,6569.861080375089
INTERTRAN鄂西-鄂东,5097,6561.167299999997
INTERTRAN鄂西-鄂东,5098,5083.539399999998
INTERTRAN鄂西-鄂东,5099,1077.9383993463907
INTERTRAN鄂西-鄂东,5100,8497.578869934634
INTERTRAN鄂西-鄂东,5101,5115.950608365954
INTERTRAN鄂西-鄂东,5102,7334.066144444434
INTERTRAN鄂西-鄂东,5103,3514.814999999984
INTERTRAN鄂西-鄂东,5104,11167.382599999983
INTERTRAN鄂西-鄂东,5105,7303.018967451011
INTERTRAN鄂西-鄂东,5106,7196.831499999989
INTERTRAN鄂西-鄂东,5107,9441.226739999998
INTERTRAN鄂西-鄂东,5108,10418.821580000003
INTERTRAN鄂西-鄂东,5109,4222.427299999996
INTERTRAN鄂西-鄂东,5110,5669.013549999989
INTERTRAN鄂西-鄂东,5111,12600.0
INTERTRAN鄂西-鄂东,5112,12139.260610720678
INTERTRAN鄂西-鄂东,5113,12600.0
INTERTRAN鄂西-鄂东,5114,7645.632899999997
INTERTRAN鄂西-鄂东,5115,5850.026799999992
INTERTRAN鄂西-鄂东,5116,9680.588799999998
INTERTRAN鄂西-鄂东,5117,6741.131599999997
INTERTRAN鄂西-鄂东,5118,7060.453702250015
INTERTRAN鄂西-鄂东,5119,5409.170880000005
INTERTRAN鄂西-鄂东,5120,9589.99005774998
INTERTRAN鄂西-鄂东,5121,11192.671230720713
INTERTRAN鄂西-鄂东,5122,6890.063479999997
INTERTRAN鄂西-鄂东,5123,7941.108199999995
INTERTRAN鄂西-鄂东,5124,7946.5409666666565
INTERTRAN鄂西-鄂东,5125,4686.02778392129
INTERTRAN鄂西-鄂东,5126,3914.6333266666807
INTERTRAN鄂西-鄂东,5127,3737.267333856502
INTERTRAN鄂西-鄂东,5128,6367.6587577777755
INTERTRAN鄂西-鄂东,5129,10233.061780000004
INTERTRAN鄂西-鄂东,5130,10327.447380000005
INTERTRAN鄂西-鄂东,5131,6561.304799999991
INTERTRAN鄂西-鄂东,5132,5581.176399999989
INTERTRAN鄂西-鄂东,5133,10339.222009083303
INTERTRAN鄂西-鄂东,5134,11449.34228
INTERTRAN鄂西-鄂东,5135,8994.047830916712
INTERTRAN鄂西-鄂东,5136,12468.215199999999
INTERTRAN鄂西-鄂东,5137,11531.01268
INTERTRAN鄂西-鄂东,5138,6256.897360000003
INTERTRAN鄂西-鄂东,5139,9598.546880000002
INTERTRAN鄂西-鄂东,5140,8524.894680000005
INTERTRAN鄂西-鄂东,5141,8777.39318
INTERTRAN鄂西-鄂东,5142,4521.950334999983
INTERTRAN鄂西-鄂东,5143,5286.940999999999
INTERTRAN鄂西-鄂东,5144,7067.792580000001
INTERTRAN鄂西-鄂东,5145,7379.85841641669
INTERTRAN鄂西-鄂东,5146,6445.664280000001
INTERTRAN鄂西-鄂东,5147,5702.79806130721
INTERTRAN鄂西-鄂东,5148,9533.006411111095
INTERTRAN鄂西-鄂东,5149,5876.246299999984
INTERTRAN鄂西-鄂东,5150,10857.6497911111
INTERTRAN鄂西-鄂东,5151,5022.809071111129
INTERTRAN鄂西-鄂东,5152,230.77307999999903
INTERTRAN鄂西-鄂东,5153,8186.159681307192
INTERTRAN鄂西-鄂东,5154,6107.332016599998
INTERTRAN鄂西-鄂东,5155,5816.424006620506
INTERTRAN鄂西-鄂东,5156,12600.0
INTERTRAN鄂西-鄂东,5157,9146.260579999987
INTERTRAN鄂西-鄂东,5158,12600.0
INTERTRAN鄂西-鄂东,5159,9108.621799999994
INTERTRAN鄂西-鄂东,5160,9477.892399999993
INTERTRAN鄂西-鄂东,5161,12600.0
INTERTRAN鄂西-鄂东,5162,12378.436700000002
INTERTRAN鄂西-鄂东,5163,11206.192099999997
INTERTRAN鄂西-鄂东,5164,9259.539779999996
INTERTRAN鄂西-鄂东,5165,9074.864999999998
INTERTRAN鄂西-鄂东,5166,5835.722279999998
INTERTRAN鄂西-鄂东,5167,6331.9859
INTERTRAN鄂西-鄂东,5168,8139.26008
INTERTRAN鄂西-鄂东,5169,7001.933729999975
INTERTRAN鄂西-鄂东,5170,6969.543580000005
INTERTRAN鄂西-鄂东,5171,5978.090243790837
INTERTRAN鄂西-鄂东,5172,8377.317644444436
INTERTRAN鄂西-鄂东,5173,8867.628467320312
INTERTRAN鄂西-鄂东,5174,6216.81549999999
INTERTRAN鄂西-鄂东,5175,6120.733099999987
INTERTRAN鄂西-鄂东,5176,5481.732513333336
INTERTRAN鄂西-鄂东,5177,9690.883677777772
INTERTRAN鄂西-鄂东,5178,5922.5780999999915
INTERTRAN鄂西-鄂东,5179,5478.354904999993
INTERTRAN鄂西-鄂东,5180,11627.734499999999
INTERTRAN鄂西-鄂东,5181,12600.0
INTERTRAN鄂西-鄂东,5182,12600.0
INTERTRAN鄂西-鄂东,5183,11727.20503000002
INTERTRAN鄂西北-鄂东,5040,3000.0
INTERTRAN鄂西北-鄂东,5041,3000.0
INTERTRAN鄂西北-鄂东,5042,1155.0278872549025
INTERTRAN鄂西北-鄂东,5043,1617.2087969534932
INTERTRAN鄂西北-鄂东,5044,527.3534999999988
INTERTRAN鄂西北-鄂东,5045,3000.0
INTERTRAN鄂西北-鄂东,5046,3000.0
INTERTRAN鄂西北-鄂东,5047,3000.0
INTERTRAN鄂西北-鄂东,5048,1041.15596
INTERTRAN鄂西北-鄂东,5049,3000.0
INTERTRAN鄂西北-鄂东,5050,977.7731050000007
INTERTRAN鄂西北-鄂东,5051,-3000.0
INTERTRAN鄂西北-鄂东,5052,-3000.0
INTERTRAN鄂西北-鄂东,5053,-3000.0
INTERTRAN鄂西北-鄂东,5054,-1136.6865911111113
INTERTRAN鄂西北-鄂东,5055,-1169.8129535253756
INTERTRAN鄂西北-鄂东,5056,-3000.0
INTERTRAN鄂西北-鄂东,5057,2334.711720000002
INTERTRAN鄂西北-鄂东,5058,-71.8142799999996
INTERTRAN鄂西北-鄂东,5059,2837.1358499999988
INTERTRAN鄂西北-鄂东,5060,1170.1912683499959
INTERTRAN鄂西北-鄂东,5061,3000.0
INTERTRAN鄂西北-鄂东,5062,3000.0
INTERTRAN鄂西北-鄂东,5063,1464.0870673046293
INTERTRAN鄂西北-鄂东,5064,3000.0
INTERTRAN鄂西北-鄂东,5065,3000.0
INTERTRAN鄂西北-鄂东,5066,3000.0
INTERTRAN鄂西北-鄂东,5067,3000.0
INTERTRAN鄂西北-鄂东,5068,3000.0
INTERTRAN鄂西北-鄂东,5069,3000.0
INTERTRAN鄂西北-鄂东,5070,2421.2524999999996
INTERTRAN鄂西北-鄂东,5071,3000.0
INTERTRAN鄂西北-鄂东,5072,3000.0
INTERTRAN鄂西北-鄂东,5073,3000.0
INTERTRAN鄂西北-鄂东,5074,-3000.0
INTERTRAN鄂西北-鄂东,5075,-3000.0
INTERTRAN鄂西北-鄂东,5076,-3000.0
INTERTRAN鄂西北-鄂东,5077,-3000.0
INTERTRAN鄂西北-鄂东,5078,-3000.0
INTERTRAN鄂西北-鄂东,5079,-3000.0
INTERTRAN鄂西北-鄂东,5080,-3000.0
INTERTRAN鄂西北-鄂东,5081,-872.8243799999996
INTERTRAN鄂西北-鄂东,5082,451.8010049999998
INTERTRAN鄂西北-鄂东,5083,-464.0801899999997
INTERTRAN鄂西北-鄂东,5084,1069.943274999995
INTERTRAN鄂西北-鄂东,5085,2394.3341249999994
INTERTRAN鄂西北-鄂东,5086,3000.0
INTERTRAN鄂西北-鄂东,5087,3000.0
INTERTRAN鄂西北-鄂东,5088,-240.94075000000066
INTERTRAN鄂西北-鄂东,5089,3000.0
INTERTRAN鄂西北-鄂东,5090,3000.0
INTERTRAN鄂西北-鄂东,5091,2431.6457499999997
INTERTRAN鄂西北-鄂东,5092,1574.3994799999964
INTERTRAN鄂西北-鄂东,5093,3000.0
INTERTRAN鄂西北-鄂东,5094,3000.0
INTERTRAN鄂西北-鄂东,5095,3000.0
INTERTRAN鄂西北-鄂东,5096,3000.0
INTERTRAN鄂西北-鄂东,5097,3000.0
INTERTRAN鄂西北-鄂东,5098,-1690.584985490178
INTERTRAN鄂西北-鄂东,5099,-3000.0
INTERTRAN鄂西北-鄂东,5100,-3000.0
INTERTRAN鄂西北-鄂东,5101,-1316.7215267320644
INTERTRAN鄂西北-鄂东,5102,-3000.0
INTERTRAN鄂西北-鄂东,5103,-3000.0
INTERTRAN鄂西北-鄂东,5104,-3000.0
INTERTRAN鄂西北-鄂东,5105,-3000.0
INTERTRAN鄂西北-鄂东,5106,-486.65277294116277
INTERTRAN鄂西北-鄂东,5107,-1376.0388599999992
INTERTRAN鄂西北-鄂东,5108,3000.0
INTERTRAN鄂西北-鄂东,5109,3000.0
INTERTRAN鄂西北-鄂东,5110,3000.0
INTERTRAN鄂西北-鄂东,5111,3000.0
INTERTRAN鄂西北-鄂东,5112,-1361.2687500000006
INTERTRAN鄂西北-鄂东,5113,2339.7792499999996
INTERTRAN鄂西北-鄂东,5114,3000.0
INTERTRAN鄂西北-鄂东,5115,2822.8064999999997
INTERTRAN鄂西北-鄂东,5116,3000.0
INTERTRAN鄂西北-鄂东,5117,3000.0
INTERTRAN鄂西北-鄂东,5118,3000.0
INTERTRAN鄂西北-鄂东,5119,3000.0
INTERTRAN鄂西北-鄂东,5120,3000.0
INTERTRAN鄂西北-鄂东,5121,523.1990642793116
INTERTRAN鄂西北-鄂东,5122,-3000.0
INTERTRAN鄂西北-鄂东,5123,-3000.0
INTERTRAN鄂西北-鄂东,5124,-3000.0
INTERTRAN鄂西北-鄂东,5125,-3000.0
INTERTRAN鄂西北-鄂东,5126,-3000.0
INTERTRAN鄂西北-鄂东,5127,-3000.0
INTERTRAN鄂西北-鄂东,5128,-3000.0
INTERTRAN鄂西北-鄂东,5129,-3000.0
INTERTRAN鄂西北-鄂东,5130,-3000.0
INTERTRAN鄂西北-鄂东,5131,1686.4683800000148
INTERTRAN鄂西北-鄂东,5132,3000.0
INTERTRAN鄂西北-鄂东,5133,3000.0
INTERTRAN鄂西北-鄂东,5134,3000.0
INTERTRAN鄂西北-鄂东,5135,3000.0
INTERTRAN鄂西北-鄂东,5136,2574.920680000003
INTERTRAN鄂西北-鄂东,5137,3000.0
INTERTRAN鄂西北-鄂东,5138,3000.0
INTERTRAN鄂西北-鄂东,5139,3000.0
INTERTRAN鄂西北-鄂东,5140,3000.0
INTERTRAN鄂西北-鄂东,5141,3000.0
INTERTRAN鄂西北-鄂东,5142,3000.0
INTERTRAN鄂西北-鄂东,5143,618.7222799999959
INTERTRAN鄂西北-鄂东,5144,3000.0
INTERTRAN鄂西北-鄂东,5145,3000.0
INTERTRAN鄂西北-鄂东,5146,-3000.0
INTERTRAN鄂西北-鄂东,5147,-3000.0
INTERTRAN鄂西北-鄂东,5148,-3000.0
INTERTRAN鄂西北-鄂东,5149,-3000.0
INTERTRAN鄂西北-鄂东,5150,-3000.0
INTERTRAN鄂西北-鄂东,5151,-3000.0
INTERTRAN鄂西北-鄂东,5152,-3000.0
INTERTRAN鄂西北-鄂东,5153,-3000.0
INTERTRAN鄂西北-鄂东,5154,2251.264063399999
INTERTRAN鄂西北-鄂东,5155,3000.0
INTERTRAN鄂西北-鄂东,5156,3000.0
INTERTRAN鄂西北-鄂东,5157,3000.0
INTERTRAN鄂西北-鄂东,5158,919.9919800000007
INTERTRAN鄂西北-鄂东,5159,3000.0
INTERTRAN鄂西北-鄂东,5160,3000.0
INTERTRAN鄂西北-鄂东,5161,943.1562550000008
INTERTRAN鄂西北-鄂东,5162,2005.96875
INTERTRAN鄂西北-鄂东,5163,2993.4534800000056
INTERTRAN鄂西北-鄂东,5164,3000.0
INTERTRAN鄂西北-鄂东,5165,3000.0
INTERTRAN鄂西北-鄂东,5166,3000.0
INTERTRAN鄂西北-鄂东,5167,2918.829705
INTERTRAN鄂西北-鄂东,5168,3000.0
INTERTRAN鄂西北-鄂东,5169,3000.0
INTERTRAN鄂西北-鄂东,5170,-3000.0
INTERTRAN鄂西北-鄂东,5171,-3000.0
INTERTRAN鄂西北-鄂东,5172,-3000.0
INTERTRAN鄂西北-鄂东,5173,-3000.0
INTERTRAN鄂西北-鄂东,5174,-3000.0
INTERTRAN鄂西北-鄂东,5175,-3000.0
INTERTRAN鄂西北-鄂东,5176,-3000.0
INTERTRAN鄂西北-鄂东,5177,-3000.0
INTERTRAN鄂西北-鄂东,5178,2064.7069800000045
INTERTRAN鄂西北-鄂东,5179,3000.0
INTERTRAN鄂西北-鄂东,5180,-1092.782870000008
INTERTRAN鄂西北-鄂东,5181,3000.0
INTERTRAN鄂西北-鄂东,5182,3000.0
INTERTRAN鄂西北-鄂东,5183,3000.0
INTERTRAN鄂西-鄂西北,5040,-2000.0
INTERTRAN鄂西-鄂西北,5041,-2000.0
INTERTRAN鄂西-鄂西北,5042,-2000.0
INTERTRAN鄂西-鄂西北,5043,-2000.0
INTERTRAN鄂西-鄂西北,5044,-2000.0
INTERTRAN鄂西-鄂西北,5045,2000.0
INTERTRAN鄂西-鄂西北,5046,-2000.0
INTERTRAN鄂西-鄂西北,5047,-814.9628399999992
INTERTRAN鄂西-鄂西北,5048,-2000.0
INTERTRAN鄂西-鄂西北,5049,237.7594250986731
INTERTRAN鄂西-鄂西北,5050,2000.0
INTERTRAN鄂西-鄂西北,5051,-2000.0
INTERTRAN鄂西-鄂西北,5052,2000.0
INTERTRAN鄂西-鄂西北,5053,2000.0
INTERTRAN鄂西-鄂西北,5054,2000.0
INTERTRAN鄂西-鄂西北,5055,2000.0
INTERTRAN鄂西-鄂西北,5056,2000.0
INTERTRAN鄂西-鄂西北,5057,2000.0
INTERTRAN鄂西-鄂西北,5058,-2000.0
INTERTRAN鄂西-鄂西北,5059,2000.0
INTERTRAN鄂西-鄂西北,5060,-2000.0
INTERTRAN鄂西-鄂西北,5061,2000.0
INTERTRAN鄂西-鄂西北,5062,639.9477687932049
INTERTRAN鄂西-鄂西北,5063,-2000.0
INTERTRAN鄂西-鄂西北,5064,-1575.2975000000058
INTERTRAN鄂西-鄂西北,5065,1214.3832500000017
INTERTRAN鄂西-鄂西北,5066,1159.2545
INTERTRAN鄂西-鄂西北,5067,-871.1871324207109
INTERTRAN鄂西-鄂西北,5068,540.1199999999994
INTERTRAN鄂西-鄂西北,5069,913.3782067500006
INTERTRAN鄂西-鄂西北,5070,-2000.0
INTERTRAN鄂西-鄂西北,5071,-2000.0
INTERTRAN鄂西-鄂西北,5072,-176.20661675556403
INTERTRAN鄂西-鄂西北,5073,1515.023162352938
INTERTRAN鄂西-鄂西北,5074,1564.6966511111104
INTERTRAN鄂西-鄂西北,5075,2000.0
INTERTRAN鄂西-鄂西北,5076,2000.0
INTERTRAN鄂西-鄂西北,5077,2000.0
INTERTRAN鄂西-鄂西北,5078,2000.0
INTERTRAN鄂西-鄂西北,5079,-1220.7539299999983
INTERTRAN鄂西-鄂西北,5080,2000.0
INTERTRAN鄂西-鄂西北,5081,2000.0
INTERTRAN鄂西-鄂西北,5082,2000.0
INTERTRAN鄂西-鄂西北,5083,-2000.0
INTERTRAN鄂西-鄂西北,5084,-966.5310050000039
INTERTRAN鄂西-鄂西北,5085,-2000.0
INTERTRAN鄂西-鄂西北,5086,1190.638
INTERTRAN鄂西-鄂西北,5087,-1804.2434999999987
INTERTRAN鄂西-鄂西北,5088,-2000.0
INTERTRAN鄂西-鄂西北,5089,-2000.0
INTERTRAN鄂西-鄂西北,5090,-2000.0
INTERTRAN鄂西-鄂西北,5091,-2000.0
INTERTRAN鄂西-鄂西北,5092,-2000.0
INTERTRAN鄂西-鄂西北,5093,-2000.0
INTERTRAN鄂西-鄂西北,5094,-1897.9096550000013
INTERTRAN鄂西-鄂西北,5095,-1243.8245399999994
INTERTRAN鄂西-鄂西北,5096,-2000.0
INTERTRAN鄂西-鄂西北,5097,-2000.0
INTERTRAN鄂西-鄂西北,5098,2000.0
INTERTRAN鄂西-鄂西北,5099,2000.0
INTERTRAN鄂西-鄂西北,5100,2000.0
INTERTRAN鄂西-鄂西北,5101,2000.0
INTERTRAN鄂西-鄂西北,5102,2000.0
INTERTRAN鄂西-鄂西北,5103,2000.0
INTERTRAN鄂西-鄂西北,5104,2000.0
INTERTRAN鄂西-鄂西北,5105,2000.0
INTERTRAN鄂西-鄂西北,5106,2000.0
INTERTRAN鄂西-鄂西北,5107,-2000.0
INTERTRAN鄂西-鄂西北,5108,-2000.0
INTERTRAN鄂西-鄂西北,5109,-2000.0
INTERTRAN鄂西-鄂西北,5110,959.5964500000023
INTERTRAN鄂西-鄂西北,5111,-245.6622107206822
INTERTRAN鄂西-鄂西北,5112,-2000.0
INTERTRAN鄂西-鄂西北,5113,-2000.0
INTERTRAN鄂西-鄂西北,5114,-2000.0
INTERTRAN鄂西-鄂西北,5115,2000.0
INTERTRAN鄂西-鄂西北,5116,-2000.0
INTERTRAN鄂西-鄂西北,5117,1376.5079999999998
INTERTRAN鄂西-鄂西北,5118,-2000.0
INTERTRAN鄂西-鄂西北,5119,69.12597500000174
INTERTRAN鄂西-鄂西北,5120,-767.4735577499837
INTERTRAN鄂西-鄂西北,5121,-2000.0
INTERTRAN鄂西-鄂西北,5122,443.37361999999575
INTERTRAN鄂西-鄂西北,5123,2000.0
INTERTRAN鄂西-鄂西北,5124,2000.0
INTERTRAN鄂西-鄂西北,5125,2000.0
INTERTRAN鄂西-鄂西北,5126,2000.0
INTERTRAN鄂西-鄂西北,5127,2000.0
INTERTRAN鄂西-鄂西北,5128,2000.0
INTERTRAN鄂西-鄂西北,5129,2000.0
INTERTRAN鄂西-鄂西北,5130,-1366.3709800000124
INTERTRAN鄂西-鄂西北,5131,2000.0
INTERTRAN鄂西-鄂西北,5132,-2000.0
INTERTRAN鄂西-鄂西北,5133,-2000.0
INTERTRAN鄂西-鄂西北,5134,-2000.0
INTERTRAN鄂西-鄂西北,5135,-2000.0
INTERTRAN鄂西-鄂西北,5136,-2000.0
INTERTRAN鄂西-鄂西北,5137,-992.7052500000009
INTERTRAN鄂西-鄂西北,5138,-2000.0
INTERTRAN鄂西-鄂西北,5139,-2000.0
INTERTRAN鄂西-鄂西北,5140,769.1572500000002
INTERTRAN鄂西-鄂西北,5141,-1732.9824999999992
INTERTRAN鄂西-鄂西北,5142,565.3666850000063
INTERTRAN鄂西-鄂西北,5143,-2000.0
INTERTRAN鄂西-鄂西北,5144,2000.0
INTERTRAN鄂西-鄂西北,5145,1496.143683100002
INTERTRAN鄂西-鄂西北,5146,2000.0
INTERTRAN鄂西-鄂西北,5147,2000.0
INTERTRAN鄂西-鄂西北,5148,2000.0
INTERTRAN鄂西-鄂西北,5149,2000.0
INTERTRAN鄂西-鄂西北,5150,2000.0
INTERTRAN鄂西-鄂西北,5151,2000.0
INTERTRAN鄂西-鄂西北,5152,2000.0
INTERTRAN鄂西-鄂西北,5153,2000.0
INTERTRAN鄂西-鄂西北,5154,2000.0
INTERTRAN鄂西-鄂西北,5155,966.657607050005
INTERTRAN鄂西-鄂西北,5156,1891.0185200000005
INTERTRAN鄂西-鄂西北,5157,-2000.0
INTERTRAN鄂西-鄂西北,5158,-1682.247100000006
INTERTRAN鄂西-鄂西北,5159,908.5860000000007
INTERTRAN鄂西-鄂西北,5160,182.91950000000088
INTERTRAN鄂西-鄂西北,5161,-875.6618499999961
INTERTRAN鄂西-鄂西北,5162,-2000.0
INTERTRAN鄂西-鄂西北,5163,-2000.0
INTERTRAN鄂西-鄂西北,5164,-196.0339999999992
INTERTRAN鄂西-鄂西北,5165,-2000.0
INTERTRAN鄂西-鄂西北,5166,-113.95224999999937
INTERTRAN鄂西-鄂西北,5167,-2000.0
INTERTRAN鄂西-鄂西北,5168,-2000.0
INTERTRAN鄂西-鄂西北,5169,1145.3495700000199
INTERTRAN鄂西-鄂西北,5170,1568.4290199999868
INTERTRAN鄂西-鄂西北,5171,2000.0
INTERTRAN鄂西-鄂西北,5172,2000.0
INTERTRAN鄂西-鄂西北,5173,2000.0
INTERTRAN鄂西-鄂西北,5174,2000.0
INTERTRAN鄂西-鄂西北,5175,2000.0
INTERTRAN鄂西-鄂西北,5176,2000.0
INTERTRAN鄂西-鄂西北,5177,2000.0
INTERTRAN鄂西-鄂西北,5178,2000.0
INTERTRAN鄂西-鄂西北,5179,1697.4345950000015
INTERTRAN鄂西-鄂西北,5180,-2000.0
INTERTRAN鄂西-鄂西北,5181,-2000.0
INTERTRAN鄂西-鄂西北,5182,2000.0
INTERTRAN鄂西-鄂西北,5183,-1982.067999999998
INTERTRAN鄂西-鄂东,5184,9676.146999999994
INTERTRAN鄂西-鄂东,5185,5637.937219999976
INTERTRAN鄂西-鄂东,5186,7809.1930350000075
INTERTRAN鄂西-鄂东,5187,5575.766230000004
INTERTRAN鄂西-鄂东,5188,8071.822630000002
INTERTRAN鄂西-鄂东,5189,8258.841030000001
INTERTRAN鄂西-鄂东,5190,6117.464380000002
INTERTRAN鄂西-鄂东,5191,7004.288075000002
INTERTRAN鄂西-鄂东,5192,7305.994464999983
INTERTRAN鄂西-鄂东,5193,9414.387299999993
INTERTRAN鄂西-鄂东,5194,3733.852535
INTERTRAN鄂西-鄂东,5195,4918.371188888876
INTERTRAN鄂西-鄂东,5196,4219.726080493857
INTERTRAN鄂西-鄂东,5197,6339.030380000004
INTERTRAN鄂西-鄂东,5198,8676.4224911111
INTERTRAN鄂西-鄂东,5199,7630.819077777758
INTERTRAN鄂西-鄂东,5200,5234.242413333339
INTERTRAN鄂西-鄂东,5201,7779.719082345681
INTERTRAN鄂西-鄂东,5202,6212.383499999993
INTERTRAN鄂西-鄂东,5203,8952.456124999997
INTERTRAN鄂西-鄂东,5204,8899.896659999999
INTERTRAN鄂西-鄂东,5205,7390.179099999994
INTERTRAN鄂西-鄂东,5206,10987.434499999992
INTERTRAN鄂西-鄂东,5207,4907.189799800011
INTERTRAN鄂西-鄂东,5208,7498.982275000016
INTERTRAN鄂西-鄂东,5209,4293.70138
INTERTRAN鄂西-鄂东,5210,5832.415280000003
INTERTRAN鄂西-鄂东,5211,7316.973380000017
INTERTRAN鄂西-鄂东,5212,4953.104999999995
INTERTRAN鄂西-鄂东,5213,4753.654899999995
INTERTRAN鄂西-鄂东,5214,5047.072449999998
INTERTRAN鄂西-鄂东,5215,5186.675619999995
INTERTRAN鄂西-鄂东,5216,5615.028279999999
INTERTRAN鄂西-鄂东,5217,7138.695404999999
INTERTRAN鄂西-鄂东,5218,3577.573899999985
INTERTRAN鄂西-鄂东,5219,2873.450479999996
INTERTRAN鄂西-鄂东,5220,6764.896580000004
INTERTRAN鄂西-鄂东,5221,7920.19528
INTERTRAN鄂西-鄂东,5222,7055.108235555556
INTERTRAN鄂西-鄂东,5223,4651.651909629639
INTERTRAN鄂西-鄂东,5224,6347.684819999968
INTERTRAN鄂西-鄂东,5225,8351.578180000004
INTERTRAN鄂西-鄂东,5226,10323.516554999998
INTERTRAN鄂西-鄂东,5227,4890.638999999994
INTERTRAN鄂西-鄂东,5228,2401.3393799999976
INTERTRAN鄂西-鄂东,5229,7539.344579999997
INTERTRAN鄂西-鄂东,5230,4437.677680000001
INTERTRAN鄂西-鄂东,5231,5702.299849999989
INTERTRAN鄂西-鄂东,5232,7764.195379999997
INTERTRAN鄂西-鄂东,5233,7491.714179999999
INTERTRAN鄂西-鄂东,5234,5823.855179999999
INTERTRAN鄂西-鄂东,5235,4952.306679999999
INTERTRAN鄂西-鄂东,5236,4519.994430000001
INTERTRAN鄂西-鄂东,5237,3892.932680000001
INTERTRAN鄂西-鄂东,5238,3392.9607800000003
INTERTRAN鄂西-鄂东,5239,5632.863099999995
INTERTRAN鄂西-鄂东,5240,4472.169259999999
INTERTRAN鄂西-鄂东,5241,5875.796879999998
INTERTRAN鄂西-鄂东,5242,2164.83615703704
INTERTRAN鄂西-鄂东,5243,8437.074199999985
INTERTRAN鄂西-鄂东,5244,4238.227622777837
INTERTRAN鄂西-鄂东,5245,7651.23260765429
INTERTRAN鄂西-鄂东,5246,4262.669139999997
INTERTRAN鄂西-鄂东,5247,3606.73919234568
INTERTRAN鄂西-鄂东,5248,5679.271932592593
INTERTRAN鄂西-鄂东,5249,10636.097699999991
INTERTRAN鄂西-鄂东,5250,6209.7124799999965
INTERTRAN鄂西-鄂东,5251,3853.4357800000034
INTERTRAN鄂西-鄂东,5252,6032.2884800000065
INTERTRAN鄂西-鄂东,5253,10058.112980000002
INTERTRAN鄂西-鄂东,5254,10277.663980000003
INTERTRAN鄂西-鄂东,5255,8044.580899999996
INTERTRAN鄂西-鄂东,5256,11480.309480000002
INTERTRAN鄂西-鄂东,5257,9647.38928
INTERTRAN鄂西-鄂东,5258,8777.56608
INTERTRAN鄂西-鄂东,5259,5828.756580000001
INTERTRAN鄂西-鄂东,5260,6634.437179999995
INTERTRAN鄂西-鄂东,5261,7045.49488
INTERTRAN鄂西-鄂东,5262,5472.113679999999
INTERTRAN鄂西-鄂东,5263,4890.113260000007
INTERTRAN鄂西-鄂东,5264,6787.599480000001
INTERTRAN鄂西-鄂东,5265,7264.167780000003
INTERTRAN鄂西-鄂东,5266,4267.173399999992
INTERTRAN鄂西-鄂东,5267,5790.158499999993
INTERTRAN鄂西-鄂东,5268,5480.885999999993
INTERTRAN鄂西-鄂东,5269,5600.451169999998
INTERTRAN鄂西-鄂东,5270,5467.829120000002
INTERTRAN鄂西-鄂东,5271,5471.28199999999
INTERTRAN鄂西-鄂东,5272,6735.676479999995
INTERTRAN鄂西-鄂东,5273,8517.226525000002
INTERTRAN鄂西-鄂东,5274,8777.34848
INTERTRAN鄂西-鄂东,5275,7479.190180000001
INTERTRAN鄂西-鄂东,5276,11804.416279999998
INTERTRAN鄂西-鄂东,5277,12600.0
INTERTRAN鄂西-鄂东,5278,12232.325099999995
INTERTRAN鄂西-鄂东,5279,10014.294699999997
INTERTRAN鄂西-鄂东,5280,12600.0
INTERTRAN鄂西-鄂东,5281,9110.029289950005
INTERTRAN鄂西-鄂东,5282,8430.121179999998
INTERTRAN鄂西-鄂东,5283,8884.48088
INTERTRAN鄂西-鄂东,5284,7891.664879999998
INTERTRAN鄂西-鄂东,5285,6873.451080000001
INTERTRAN鄂西-鄂东,5286,5016.9009799999985
INTERTRAN鄂西-鄂东,5287,4598.847580000001
INTERTRAN鄂西-鄂东,5288,5928.958579999999
INTERTRAN鄂西-鄂东,5289,6201.743980000007
INTERTRAN鄂西-鄂东,5290,3154.708160000005
INTERTRAN鄂西-鄂东,5291,6192.09069999999
INTERTRAN鄂西-鄂东,5292,7126.321192345682
INTERTRAN鄂西-鄂东,5293,8770.234099999989
INTERTRAN鄂西-鄂东,5294,10716.176779999998
INTERTRAN鄂西-鄂东,5295,4294.656324444447
INTERTRAN鄂西-鄂东,5296,8133.794379999999
INTERTRAN鄂西-鄂东,5297,7577.2232717284005
INTERTRAN鄂西-鄂东,5298,7406.589499999989
INTERTRAN鄂西-鄂东,5299,4342.512679999997
INTERTRAN鄂西-鄂东,5300,9189.42958
INTERTRAN鄂西-鄂东,5301,10783.70908
INTERTRAN鄂西-鄂东,5302,8451.16257000002
INTERTRAN鄂西-鄂东,5303,10326.39158
INTERTRAN鄂西-鄂东,5304,10756.319680000004
INTERTRAN鄂西-鄂东,5305,9973.27488
INTERTRAN鄂西-鄂东,5306,7632.642180000003
INTERTRAN鄂西-鄂东,5307,7251.142629999999
INTERTRAN鄂西-鄂东,5308,8473.386880000004
INTERTRAN鄂西-鄂东,5309,7382.2790499500115
INTERTRAN鄂西-鄂东,5310,6396.548880000002
INTERTRAN鄂西-鄂东,5311,5172.142179999997
INTERTRAN鄂西-鄂东,5312,5840.9476799999975
INTERTRAN鄂西-鄂东,5313,7331.425879999999
INTERTRAN鄂西-鄂东,5314,3474.64559
INTERTRAN鄂西-鄂东,5315,7952.376519999993
INTERTRAN鄂西-鄂东,5316,4862.711656111114
INTERTRAN鄂西-鄂东,5317,5484.2778800000015
INTERTRAN鄂西-鄂东,5318,11706.702680000006
INTERTRAN鄂西-鄂东,5319,6742.831079999996
INTERTRAN鄂西-鄂东,5320,5926.587054074077
INTERTRAN鄂西-鄂东,5321,7936.91394061729
INTERTRAN鄂西-鄂东,5322,10106.302255000019
INTERTRAN鄂西-鄂东,5323,5229.172379999996
INTERTRAN鄂西-鄂东,5324,10606.250380000001
INTERTRAN鄂西-鄂东,5325,9418.559899999995
INTERTRAN鄂西-鄂东,5326,8343.497680000006
INTERTRAN鄂西-鄂东,5327,10861.709480000005
INTERTRAN鄂西北-鄂东,5184,2581.8488204999776
INTERTRAN鄂西北-鄂东,5185,3000.0
INTERTRAN鄂西北-鄂东,5186,95.4982500000001
INTERTRAN鄂西北-鄂东,5187,2985.4522499999994
INTERTRAN鄂西北-鄂东,5188,935.1442499999993
INTERTRAN鄂西北-鄂东,5189,512.5212499999998
INTERTRAN鄂西北-鄂东,5190,1280.8270000000002
INTERTRAN鄂西北-鄂东,5191,696.4302050000001
INTERTRAN鄂西北-鄂东,5192,734.6343150000175
INTERTRAN鄂西北-鄂东,5193,-499.2088799999999
INTERTRAN鄂西北-鄂东,5194,1359.9614449999992
INTERTRAN鄂西北-鄂东,5195,-3000.0
INTERTRAN鄂西北-鄂东,5196,-3000.0
INTERTRAN鄂西北-鄂东,5197,-3000.0
INTERTRAN鄂西北-鄂东,5198,-3000.0
INTERTRAN鄂西北-鄂东,5199,-2921.773955308641
INTERTRAN鄂西北-鄂东,5200,-3000.0
INTERTRAN鄂西北-鄂东,5201,-1427.6654912345682
INTERTRAN鄂西北-鄂东,5202,1149.4998899999982
INTERTRAN鄂西北-鄂东,5203,-864.7311450000004
INTERTRAN鄂西北-鄂东,5204,1732.8659199999993
INTERTRAN鄂西北-鄂东,5205,3000.0
INTERTRAN鄂西北-鄂东,5206,3000.0
INTERTRAN鄂西北-鄂东,5207,3000.0
INTERTRAN鄂西北-鄂东,5208,2723.594664999998
INTERTRAN鄂西北-鄂东,5209,3000.0
INTERTRAN鄂西北-鄂东,5210,3000.0
INTERTRAN鄂西北-鄂东,5211,1780.3746999999848
INTERTRAN鄂西北-鄂东,5212,3000.0
INTERTRAN鄂西北-鄂东,5213,3000.0
INTERTRAN鄂西北-鄂东,5214,3000.0
INTERTRAN鄂西北-鄂东,5215,3000.0
INTERTRAN鄂西北-鄂东,5216,3000.0
INTERTRAN鄂西北-鄂东,5217,3000.0
INTERTRAN鄂西北-鄂东,5218,815.1763800000153
INTERTRAN鄂西北-鄂东,5219,-3000.0
INTERTRAN鄂西北-鄂东,5220,-3000.0
INTERTRAN鄂西北-鄂东,5221,-3000.0
INTERTRAN鄂西北-鄂东,5222,-3000.0
INTERTRAN鄂西北-鄂东,5223,-3000.0
INTERTRAN鄂西北-鄂东,5224,-2788.4180622221947
INTERTRAN鄂西北-鄂东,5225,-3000.0
INTERTRAN鄂西北-鄂东,5226,-2376.155675
INTERTRAN鄂西北-鄂东,5227,1603.1522750000006
INTERTRAN鄂西北-鄂东,5228,3000.0
INTERTRAN鄂西北-鄂东,5229,3000.0
INTERTRAN鄂西北-鄂东,5230,3000.0
INTERTRAN鄂西北-鄂东,5231,3000.0
INTERTRAN鄂西北-鄂东,5232,3000.0
INTERTRAN鄂西北-鄂东,5233,3000.0
INTERTRAN鄂西北-鄂东,5234,3000.0
INTERTRAN鄂西北-鄂东,5235,2734.7115000000003
INTERTRAN鄂西北-鄂东,5236,2884.6862500000007
INTERTRAN鄂西北-鄂东,5237,3000.0
INTERTRAN鄂西北-鄂东,5238,3000.0
INTERTRAN鄂西北-鄂东,5239,-153.59883500000046
INTERTRAN鄂西北-鄂东,5240,3000.0
INTERTRAN鄂西北-鄂东,5241,3000.0
INTERTRAN鄂西北-鄂东,5242,2102.1445599999993
INTERTRAN鄂西北-鄂东,5243,-3000.0
INTERTRAN鄂西北-鄂东,5244,-1975.1433250000014
INTERTRAN鄂西北-鄂东,5245,-3000.0
INTERTRAN鄂西北-鄂东,5246,-2680.749560000003
INTERTRAN鄂西北-鄂东,5247,-3000.0
INTERTRAN鄂西北-鄂东,5248,50.913439999999355
INTERTRAN鄂西北-鄂东,5249,-2823.5883050000016
INTERTRAN鄂西北-鄂东,5250,3000.0
INTERTRAN鄂西北-鄂东,5251,3000.0
INTERTRAN鄂西北-鄂东,5252,3000.0
INTERTRAN鄂西北-鄂东,5253,3000.0
INTERTRAN鄂西北-鄂东,5254,3000.0
INTERTRAN鄂西北-鄂东,5255,3000.0
INTERTRAN鄂西北-鄂东,5256,3000.0
INTERTRAN鄂西北-鄂东,5257,3000.0
INTERTRAN鄂西北-鄂东,5258,3000.0
INTERTRAN鄂西北-鄂东,5259,3000.0
INTERTRAN鄂西北-鄂东,5260,3000.0
INTERTRAN鄂西北-鄂东,5261,3000.0
INTERTRAN鄂西北-鄂东,5262,3000.0
INTERTRAN鄂西北-鄂东,5263,3000.0
INTERTRAN鄂西北-鄂东,5264,3000.0
INTERTRAN鄂西北-鄂东,5265,3000.0
INTERTRAN鄂西北-鄂东,5266,2789.597349999999
INTERTRAN鄂西北-鄂东,5267,2374.0689599999987
INTERTRAN鄂西北-鄂东,5268,2378.1381299999985
INTERTRAN鄂西北-鄂东,5269,1968.1361100000001
INTERTRAN鄂西北-鄂东,5270,1908.9709599999992
INTERTRAN鄂西北-鄂东,5271,1994.2922399999998
INTERTRAN鄂西北-鄂东,5272,2049.2237
INTERTRAN鄂西北-鄂东,5273,2397.5198550000005
INTERTRAN鄂西北-鄂东,5274,3000.0
INTERTRAN鄂西北-鄂东,5275,3000.0
INTERTRAN鄂西北-鄂东,5276,3000.0
INTERTRAN鄂西北-鄂东,5277,2589.9366400000154
INTERTRAN鄂西北-鄂东,5278,3000.0
INTERTRAN鄂西北-鄂东,5279,2542.8669999999984
INTERTRAN鄂西北-鄂东,5280,2299.348979999999
INTERTRAN鄂西北-鄂东,5281,2319.9656900499967
INTERTRAN鄂西北-鄂东,5282,3000.0
INTERTRAN鄂西北-鄂东,5283,3000.0
INTERTRAN鄂西北-鄂东,5284,3000.0
INTERTRAN鄂西北-鄂东,5285,3000.0
INTERTRAN鄂西北-鄂东,5286,3000.0
INTERTRAN鄂西北-鄂东,5287,3000.0
INTERTRAN鄂西北-鄂东,5288,3000.0
INTERTRAN鄂西北-鄂东,5289,3000.0
INTERTRAN鄂西北-鄂东,5290,2859.2453199999986
INTERTRAN鄂西北-鄂东,5291,628.2585649999992
INTERTRAN鄂西北-鄂东,5292,-3000.0
INTERTRAN鄂西北-鄂东,5293,-3000.0
INTERTRAN鄂西北-鄂东,5294,-3000.0
INTERTRAN鄂西北-鄂东,5295,-3000.0
INTERTRAN鄂西北-鄂东,5296,-3000.0
INTERTRAN鄂西北-鄂东,5297,429.4374699999987
INTERTRAN鄂西北-鄂东,5298,2834.759429999999
INTERTRAN鄂西北-鄂东,5299,3000.0
INTERTRAN鄂西北-鄂东,5300,3000.0
INTERTRAN鄂西北-鄂东,5301,3000.0
INTERTRAN鄂西北-鄂东,5302,2958.32014
INTERTRAN鄂西北-鄂东,5303,3000.0
INTERTRAN鄂西北-鄂东,5304,3000.0
INTERTRAN鄂西北-鄂东,5305,3000.0
INTERTRAN鄂西北-鄂东,5306,3000.0
INTERTRAN鄂西北-鄂东,5307,2535.4442499999996
INTERTRAN鄂西北-鄂东,5308,3000.0
INTERTRAN鄂西北-鄂东,5309,3000.0
INTERTRAN鄂西北-鄂东,5310,3000.0
INTERTRAN鄂西北-鄂东,5311,3000.0
INTERTRAN鄂西北-鄂东,5312,3000.0
INTERTRAN鄂西北-鄂东,5313,3000.0
INTERTRAN鄂西北-鄂东,5314,2860.7055899999996
INTERTRAN鄂西北-鄂东,5315,-3000.0
INTERTRAN鄂西北-鄂东,5316,10.06323499999985
INTERTRAN鄂西北-鄂东,5317,-3000.0
INTERTRAN鄂西北-鄂东,5318,-3000.0
INTERTRAN鄂西北-鄂东,5319,-3000.0
INTERTRAN鄂西北-鄂东,5320,-3000.0
INTERTRAN鄂西北-鄂东,5321,-126.2846099999997
INTERTRAN鄂西北-鄂东,5322,-2828.921575000016
INTERTRAN鄂西北-鄂东,5323,3000.0
INTERTRAN鄂西北-鄂东,5324,3000.0
INTERTRAN鄂西北-鄂东,5325,3000.0
INTERTRAN鄂西北-鄂东,5326,3000.0
INTERTRAN鄂西北-鄂东,5327,3000.0
INTERTRAN鄂西-鄂西北,5184,-2000.0
INTERTRAN鄂西-鄂西北,5185,-1609.9118199999834
INTERTRAN鄂西-鄂西北,5186,-2000.0
INTERTRAN鄂西-鄂西北,5187,-2000.0
INTERTRAN鄂西-鄂西北,5188,-2000.0
INTERTRAN鄂西-鄂西北,5189,-2000.0
INTERTRAN鄂西-鄂西北,5190,-2000.0
INTERTRAN鄂西-鄂西北,5191,-2000.0
INTERTRAN鄂西-鄂西北,5192,-2000.0
INTERTRAN鄂西-鄂西北,5193,-2000.0
INTERTRAN鄂西-鄂西北,5194,2000.0
INTERTRAN鄂西-鄂西北,5195,2000.0
INTERTRAN鄂西-鄂西北,5196,2000.0
INTERTRAN鄂西-鄂西北,5197,2000.0
INTERTRAN鄂西-鄂西北,5198,2000.0
INTERTRAN鄂西-鄂西北,5199,2000.0
INTERTRAN鄂西-鄂西北,5200,1861.6520097530874
INTERTRAN鄂西-鄂西北,5201,2000.0
INTERTRAN鄂西-鄂西北,5202,2000.0
INTERTRAN鄂西-鄂西北,5203,-2000.0
INTERTRAN鄂西-鄂西北,5204,-2000.0
INTERTRAN鄂西-鄂西北,5205,-2000.0
INTERTRAN鄂西-鄂西北,5206,-2000.0
INTERTRAN鄂西-鄂西北,5207,-1987.880649799999
INTERTRAN鄂西-鄂西北,5208,-2000.0
INTERTRAN鄂西-鄂西北,5209,1558.3940000000011
INTERTRAN鄂西-鄂西北,5210,-1348.9282499999986
INTERTRAN鄂西-鄂西北,5211,-2000.0
INTERTRAN鄂西-鄂西北,5212,-245.12999999999943
INTERTRAN鄂西-鄂西北,5213,117.19350000000031
INTERTRAN鄂西-鄂西北,5214,3.3042499999992287
INTERTRAN鄂西-鄂西北,5215,3.417580000000271
INTERTRAN鄂西-鄂西北,5216,416.66708500000095
INTERTRAN鄂西-鄂西北,5217,861.7038949999992
INTERTRAN鄂西-鄂西北,5218,2000.0
INTERTRAN鄂西-鄂西北,5219,2000.0
INTERTRAN鄂西-鄂西北,5220,2000.0
INTERTRAN鄂西-鄂西北,5221,2000.0
INTERTRAN鄂西-鄂西北,5222,386.3836266666972
INTERTRAN鄂西-鄂西北,5223,2000.0
INTERTRAN鄂西-鄂西北,5224,2000.0
INTERTRAN鄂西-鄂西北,5225,2000.0
INTERTRAN鄂西-鄂西北,5226,-2000.0
INTERTRAN鄂西-鄂西北,5227,2000.0
INTERTRAN鄂西-鄂西北,5228,1582.8927900000012
INTERTRAN鄂西-鄂西北,5229,-878.1179973499995
INTERTRAN鄂西-鄂西北,5230,895.7162500000009
INTERTRAN鄂西-鄂西北,5231,14.591250000001537
INTERTRAN鄂西-鄂西北,5232,-2000.0
INTERTRAN鄂西-鄂西北,5233,-2000.0
INTERTRAN鄂西-鄂西北,5234,-881.0005000000002
INTERTRAN鄂西-鄂西北,5235,2000.0
INTERTRAN鄂西-鄂西北,5236,2000.0
INTERTRAN鄂西-鄂西北,5237,1198.7932500000004
INTERTRAN鄂西-鄂西北,5238,1526.651423299193
INTERTRAN鄂西-鄂西北,5239,-2000.0
INTERTRAN鄂西-鄂西北,5240,347.18503999999893
INTERTRAN鄂西-鄂西北,5241,651.6739049999996
INTERTRAN鄂西-鄂西北,5242,2000.0
INTERTRAN鄂西-鄂西北,5243,2000.0
INTERTRAN鄂西-鄂西北,5244,2000.0
INTERTRAN鄂西-鄂西北,5245,2000.0
INTERTRAN鄂西-鄂西北,5246,2000.0
INTERTRAN鄂西-鄂西北,5247,2000.0
INTERTRAN鄂西-鄂西北,5248,2000.0
INTERTRAN鄂西-鄂西北,5249,-2000.0
INTERTRAN鄂西-鄂西北,5250,1734.7319949999994
INTERTRAN鄂西-鄂西北,5251,1460.9378400000007
INTERTRAN鄂西-鄂西北,5252,2000.0
INTERTRAN鄂西-鄂西北,5253,468.0625750000015
INTERTRAN鄂西-鄂西北,5254,-912.5189999999998
INTERTRAN鄂西-鄂西北,5255,1572.4690000000003
INTERTRAN鄂西-鄂西北,5256,2000.0
INTERTRAN鄂西-鄂西北,5257,458.70175000000063
INTERTRAN鄂西-鄂西北,5258,1155.9762500000002
INTERTRAN鄂西-鄂西北,5259,302.64450000000176
INTERTRAN鄂西-鄂西北,5260,-564.4710000000009
INTERTRAN鄂西-鄂西北,5261,-1128.1101606999985
INTERTRAN鄂西-鄂西北,5262,-1328.126980000001
INTERTRAN鄂西-鄂西北,5263,163.73346500000025
INTERTRAN鄂西-鄂西北,5264,497.6555200000007
INTERTRAN鄂西-鄂西北,5265,1094.4521699999993
INTERTRAN鄂西-鄂西北,5266,2000.0
INTERTRAN鄂西-鄂西北,5267,2000.0
INTERTRAN鄂西-鄂西北,5268,2000.0
INTERTRAN鄂西-鄂西北,5269,2000.0
INTERTRAN鄂西-鄂西北,5270,2000.0
INTERTRAN鄂西-鄂西北,5271,2000.0
INTERTRAN鄂西-鄂西北,5272,2000.0
INTERTRAN鄂西-鄂西北,5273,2000.0
INTERTRAN鄂西-鄂西北,5274,1127.4476950000007
INTERTRAN鄂西-鄂西北,5275,2000.0
INTERTRAN鄂西-鄂西北,5276,-2000.0
INTERTRAN鄂西-鄂西北,5277,-984.4515649999848
INTERTRAN鄂西-鄂西北,5278,-2000.0
INTERTRAN鄂西-鄂西北,5279,2000.0
INTERTRAN鄂西-鄂西北,5280,950.9369800000004
INTERTRAN鄂西-鄂西北,5281,2000.0
INTERTRAN鄂西-鄂西北,5282,1073.0545000000006
INTERTRAN鄂西-鄂西北,5283,-11.057250000000295
INTERTRAN鄂西-鄂西北,5284,634.9316949999964
INTERTRAN鄂西-鄂西北,5285,253.29674999999997
INTERTRAN鄂西-鄂西北,5286,152.88799999999992
INTERTRAN鄂西-鄂西北,5287,180.63521000000037
INTERTRAN鄂西-鄂西北,5288,554.429094999999
INTERTRAN鄂西-鄂西北,5289,1350.9618500000001
INTERTRAN鄂西-鄂西北,5290,2000.0
INTERTRAN鄂西-鄂西北,5291,2000.0
INTERTRAN鄂西-鄂西北,5292,2000.0
INTERTRAN鄂西-鄂西北,5293,2000.0
INTERTRAN鄂西-鄂西北,5294,2000.0
INTERTRAN鄂西-鄂西北,5295,2000.0
INTERTRAN鄂西-鄂西北,5296,913.7572990123355
INTERTRAN鄂西-鄂西北,5297,2000.0
INTERTRAN鄂西-鄂西北,5298,2000.0
INTERTRAN鄂西-鄂西北,5299,876.3363569001524
INTERTRAN鄂西-鄂西北,5300,-889.9826899999989
INTERTRAN鄂西-鄂西北,5301,513.7125837499027
INTERTRAN鄂西-鄂西北,5302,2000.0
INTERTRAN鄂西-鄂西北,5303,954.3135000000016
INTERTRAN鄂西-鄂西北,5304,2000.0
INTERTRAN鄂西-鄂西北,5305,931.9687500000018
INTERTRAN鄂西-鄂西北,5306,-862.3154999999992
INTERTRAN鄂西-鄂西北,5307,2000.0
INTERTRAN鄂西-鄂西北,5308,360.382250000001
INTERTRAN鄂西-鄂西北,5309,259.1564999999996
INTERTRAN鄂西-鄂西北,5310,167.74607135001042
INTERTRAN鄂西-鄂西北,5311,1467.929914999998
INTERTRAN鄂西-鄂西北,5312,758.783825
INTERTRAN鄂西-鄂西北,5313,1566.3844200000008
INTERTRAN鄂西-鄂西北,5314,2000.0
INTERTRAN鄂西-鄂西北,5315,-1676.3321199999991
INTERTRAN鄂西-鄂西北,5316,2000.0
INTERTRAN鄂西-鄂西北,5317,2000.0
INTERTRAN鄂西-鄂西北,5318,2000.0
INTERTRAN鄂西-鄂西北,5319,2000.0
INTERTRAN鄂西-鄂西北,5320,2000.0
INTERTRAN鄂西-鄂西北,5321,2000.0
INTERTRAN鄂西-鄂西北,5322,-2000.0
INTERTRAN鄂西-鄂西北,5323,1922.4134699999997
INTERTRAN鄂西-鄂西北,5324,1616.5869673000013
INTERTRAN鄂西-鄂西北,5325,-2000.0
INTERTRAN鄂西-鄂西北,5326,2000.0
INTERTRAN鄂西-鄂西北,5327,1978.4025199999887
INTERTRAN鄂西-鄂东,5328,12322.627099999998
INTERTRAN鄂西-鄂东,5329,11457.567840274955
INTERTRAN鄂西-鄂东,5330,7019.853774524989
INTERTRAN鄂西-鄂东,5331,9104.494834999989
INTERTRAN鄂西-鄂东,5332,8194.928534999988
INTERTRAN鄂西-鄂东,5333,6728.09073499999
INTERTRAN鄂西-鄂东,5334,6828.760204999993
INTERTRAN鄂西-鄂东,5335,5697.405800474994
INTERTRAN鄂西-鄂东,5336,6926.498100474993
INTERTRAN鄂西-鄂东,5337,4598.905200474999
INTERTRAN鄂西-鄂东,5338,11032.88035564997
INTERTRAN鄂西-鄂东,5339,5752.888577777769
INTERTRAN鄂西-鄂东,5340,7243.963126913578
INTERTRAN鄂西-鄂东,5341,7622.658196388905
INTERTRAN鄂西-鄂东,5342,5309.03168
INTERTRAN鄂西-鄂东,5343,8826.070388888878
INTERTRAN鄂西-鄂东,5344,8268.929970617299
INTERTRAN鄂西-鄂东,5345,10878.949179999998
INTERTRAN鄂西-鄂东,5346,6847.750000474994
INTERTRAN鄂西-鄂东,5347,5940.551200474999
INTERTRAN鄂西-鄂东,5348,11141.800300474993
INTERTRAN鄂西-鄂东,5349,8180.052299999999
INTERTRAN鄂西-鄂东,5350,11961.766299999996
INTERTRAN鄂西-鄂东,5351,9082.630949999962
INTERTRAN鄂西-鄂东,5352,9554.077899999995
INTERTRAN鄂西-鄂东,5353,9853.857049999999
INTERTRAN鄂西-鄂东,5354,9028.654600474996
INTERTRAN鄂西-鄂东,5355,8498.198500474997
INTERTRAN鄂西-鄂东,5356,7785.289300474997
INTERTRAN鄂西-鄂东,5357,8638.708900474996
INTERTRAN鄂西-鄂东,5358,5051.452339525001
INTERTRAN鄂西-鄂东,5359,7723.720900474994
INTERTRAN鄂西-鄂东,5360,6864.935400474994
INTERTRAN鄂西-鄂东,5361,6739.1972004750005
INTERTRAN鄂西-鄂东,5362,5423.475478883266
INTERTRAN鄂西-鄂东,5363,4628.50163499999
INTERTRAN鄂西-鄂东,5364,2343.782091175013
INTERTRAN鄂西-鄂东,5365,9500.288194299992
INTERTRAN鄂西-鄂东,5366,6689.82158271604
INTERTRAN鄂西-鄂东,5367,7266.8787999999895
INTERTRAN鄂西-鄂东,5368,6787.982793827147
INTERTRAN鄂西-鄂东,5369,12600.0
INTERTRAN鄂西-鄂东,5370,6873.350780000004
INTERTRAN鄂西-鄂东,5371,3059.2038999999904
INTERTRAN鄂西-鄂东,5372,9113.276000474998
INTERTRAN鄂西-鄂东,5373,12600.0
INTERTRAN鄂西-鄂东,5374,12600.0
INTERTRAN鄂西-鄂东,5375,7875.1310854749945
INTERTRAN鄂西-鄂东,5376,8616.184699999996
INTERTRAN鄂西-鄂东,5377,9658.420900475
INTERTRAN鄂西-鄂东,5378,9925.164745475
INTERTRAN鄂西-鄂东,5379,6925.597385474992
INTERTRAN鄂西-鄂东,5380,6350.8871202750115
INTERTRAN鄂西-鄂东,5381,6051.409120475
INTERTRAN鄂西-鄂东,5382,5286.900553854502
INTERTRAN鄂西-鄂东,5383,5834.573315474999
INTERTRAN鄂西-鄂东,5384,5497.130880674984
INTERTRAN鄂西-鄂东,5385,7805.520134999992
INTERTRAN鄂西-鄂东,5386,6812.845479999998
INTERTRAN鄂西-鄂东,5387,7192.750677777772
INTERTRAN鄂西-鄂东,5388,7775.94532222221
INTERTRAN鄂西-鄂东,5389,7389.463244444434
INTERTRAN鄂西-鄂东,5390,7738.195330718943
INTERTRAN鄂西-鄂东,5391,7007.766188888878
INTERTRAN鄂西-鄂东,5392,7367.229933333317
INTERTRAN鄂西-鄂东,5393,10596.137180000002
INTERTRAN鄂西-鄂东,5394,9714.992934999997
INTERTRAN鄂西-鄂东,5395,4698.316085474996
INTERTRAN鄂西-鄂东,5396,6215.376585474999
INTERTRAN鄂西-鄂东,5397,12099.41593528337
INTERTRAN鄂西-鄂东,5398,12600.0
INTERTRAN鄂西-鄂东,5399,10490.17898047484
INTERTRAN鄂西-鄂东,5400,6795.814544999996
INTERTRAN鄂西-鄂东,5401,5923.141785474994
INTERTRAN鄂西-鄂东,5402,9911.993300474993
INTERTRAN鄂西-鄂东,5403,5574.605379999912
INTERTRAN鄂西-鄂东,5404,6702.224180474999
INTERTRAN鄂西-鄂东,5405,4507.2107804749985
INTERTRAN鄂西-鄂东,5406,4754.798030474998
INTERTRAN鄂西-鄂东,5407,5398.926585474997
INTERTRAN鄂西-鄂东,5408,7042.442234999992
INTERTRAN鄂西-鄂东,5409,9462.251385474996
INTERTRAN鄂西-鄂东,5410,7199.6219800000035
INTERTRAN鄂西-鄂东,5411,4920.952207189526
INTERTRAN鄂西-鄂东,5412,10854.99862222221
INTERTRAN鄂西-鄂东,5413,7195.604936300736
INTERTRAN鄂西-鄂东,5414,7057.318899999991
INTERTRAN鄂西-鄂东,5415,6228.503648274477
INTERTRAN鄂西-鄂东,5416,8493.482699999986
INTERTRAN鄂西-鄂东,5417,9691.399977777759
INTERTRAN鄂西-鄂东,5418,11314.259999999991
INTERTRAN鄂西-鄂东,5419,2637.70583499999
INTERTRAN鄂西-鄂东,5420,7258.98193887981
INTERTRAN鄂西-鄂东,5421,6767.471603879812
INTERTRAN鄂西-鄂东,5422,11901.254198879813
INTERTRAN鄂西-鄂东,5423,12600.0
INTERTRAN鄂西-鄂东,5424,12600.0
INTERTRAN鄂西-鄂东,5425,11126.850103404808
INTERTRAN鄂西-鄂东,5426,6534.783038879847
INTERTRAN鄂西-鄂东,5427,4097.313660227882
INTERTRAN鄂西-鄂东,5428,7458.540903879815
INTERTRAN鄂西-鄂东,5429,4546.802898879813
INTERTRAN鄂西-鄂东,5430,6409.232748879814
INTERTRAN鄂西-鄂东,5431,4605.25308413462
INTERTRAN鄂西-鄂东,5432,7905.577824126927
INTERTRAN鄂西-鄂东,5433,9027.605509129806
INTERTRAN鄂西-鄂东,5434,8171.53838
INTERTRAN鄂西-鄂东,5435,7166.168136601292
INTERTRAN鄂西-鄂东,5436,8233.97024444443
INTERTRAN鄂西-鄂东,5437,8700.574199999988
INTERTRAN鄂西-鄂东,5438,5311.056650326798
INTERTRAN鄂西-鄂东,5439,4937.870877777765
INTERTRAN鄂西-鄂东,5440,5093.395144444432
INTERTRAN鄂西-鄂东,5441,7711.051188888872
INTERTRAN鄂西-鄂东,5442,10842.975199999993
INTERTRAN鄂西-鄂东,5443,6390.046434999993
INTERTRAN鄂西-鄂东,5444,8804.761703879813
INTERTRAN鄂西-鄂东,5445,8311.197898879815
INTERTRAN鄂西-鄂东,5446,11425.185103879814
INTERTRAN鄂西-鄂东,5447,3614.6434184048094
INTERTRAN鄂西-鄂东,5448,11471.62660340481
INTERTRAN鄂西-鄂东,5449,10955.57050340481
INTERTRAN鄂西-鄂东,5450,7221.302403879808
INTERTRAN鄂西-鄂东,5451,7985.304202886518
INTERTRAN鄂西-鄂东,5452,5658.111260936549
INTERTRAN鄂西-鄂东,5453,4830.039503879814
INTERTRAN鄂西-鄂东,5454,3758.1302619298453
INTERTRAN鄂西-鄂东,5455,5516.174946348075
INTERTRAN鄂西-鄂东,5456,7149.095127303852
INTERTRAN鄂西-鄂东,5457,8742.14057205673
INTERTRAN鄂西-鄂东,5458,7409.208699999992
INTERTRAN鄂西-鄂东,5459,4827.676766666652
INTERTRAN鄂西-鄂东,5460,5986.743466666648
INTERTRAN鄂西-鄂东,5461,7346.711455555539
INTERTRAN鄂西-鄂东,5462,7567.29825555554
INTERTRAN鄂西-鄂东,5463,6885.092244444425
INTERTRAN鄂西-鄂东,5464,9655.394119045726
INTERTRAN鄂西-鄂东,5465,5458.331399999986
INTERTRAN鄂西-鄂东,5466,10733.528680000001
INTERTRAN鄂西-鄂东,5467,3679.8780850000003
INTERTRAN鄂西-鄂东,5468,9185.03991840481
INTERTRAN鄂西-鄂东,5469,7126.656316244409
INTERTRAN鄂西-鄂东,5470,2323.714785000004
INTERTRAN鄂西-鄂东,5471,10262.669003404813
INTERTRAN鄂西北-鄂东,5328,3000.0
INTERTRAN鄂西北-鄂东,5329,3000.0
INTERTRAN鄂西北-鄂东,5330,3000.0
INTERTRAN鄂西北-鄂东,5331,3000.0
INTERTRAN鄂西北-鄂东,5332,3000.0
INTERTRAN鄂西北-鄂东,5333,3000.0
INTERTRAN鄂西北-鄂东,5334,3000.0
INTERTRAN鄂西北-鄂东,5335,3000.0
INTERTRAN鄂西北-鄂东,5336,3000.0
INTERTRAN鄂西北-鄂东,5337,3000.0
INTERTRAN鄂西北-鄂东,5338,-2790.233860000002
INTERTRAN鄂西北-鄂东,5339,-29.560780987656756
INTERTRAN鄂西北-鄂东,5340,-3000.0
INTERTRAN鄂西北-鄂东,5341,-3000.0
INTERTRAN鄂西北-鄂东,5342,-3000.0
INTERTRAN鄂西北-鄂东,5343,-3000.0
INTERTRAN鄂西北-鄂东,5344,-3000.0
INTERTRAN鄂西北-鄂东,5345,3000.0
INTERTRAN鄂西北-鄂东,5346,3000.0
INTERTRAN鄂西北-鄂东,5347,3000.0
INTERTRAN鄂西北-鄂东,5348,3000.0
INTERTRAN鄂西北-鄂东,5349,3000.0
INTERTRAN鄂西北-鄂东,5350,3000.0
INTERTRAN鄂西北-鄂东,5351,3000.0
INTERTRAN鄂西北-鄂东,5352,3000.0
INTERTRAN鄂西北-鄂东,5353,3000.0
INTERTRAN鄂西北-鄂东,5354,3000.0
INTERTRAN鄂西北-鄂东,5355,3000.0
INTERTRAN鄂西北-鄂东,5356,3000.0
INTERTRAN鄂西北-鄂东,5357,3000.0
INTERTRAN鄂西北-鄂东,5358,3000.0
INTERTRAN鄂西北-鄂东,5359,3000.0
INTERTRAN鄂西北-鄂东,5360,3000.0
INTERTRAN鄂西北-鄂东,5361,3000.0
INTERTRAN鄂西北-鄂东,5362,3000.0
INTERTRAN鄂西北-鄂东,5363,3000.0
INTERTRAN鄂西北-鄂东,5364,2649.8387050000006
INTERTRAN鄂西北-鄂东,5365,-3000.0
INTERTRAN鄂西北-鄂东,5366,-87.57562364197533
INTERTRAN鄂西北-鄂东,5367,-328.46206037037155
INTERTRAN鄂西北-鄂东,5368,-2040.8216114814759
INTERTRAN鄂西北-鄂东,5369,-3000.0
INTERTRAN鄂西北-鄂东,5370,3000.0
INTERTRAN鄂西北-鄂东,5371,3000.0
INTERTRAN鄂西北-鄂东,5372,3000.0
INTERTRAN鄂西北-鄂东,5373,3000.0
INTERTRAN鄂西北-鄂东,5374,3000.0
INTERTRAN鄂西北-鄂东,5375,3000.0
INTERTRAN鄂西北-鄂东,5376,3000.0
INTERTRAN鄂西北-鄂东,5377,3000.0
INTERTRAN鄂西北-鄂东,5378,3000.0
INTERTRAN鄂西北-鄂东,5379,3000.0
INTERTRAN鄂西北-鄂东,5380,3000.0
INTERTRAN鄂西北-鄂东,5381,3000.0
INTERTRAN鄂西北-鄂东,5382,3000.0
INTERTRAN鄂西北-鄂东,5383,3000.0
INTERTRAN鄂西北-鄂东,5384,3000.0
INTERTRAN鄂西北-鄂东,5385,3000.0
INTERTRAN鄂西北-鄂东,5386,-3000.0
INTERTRAN鄂西北-鄂东,5387,-3000.0
INTERTRAN鄂西北-鄂东,5388,-3000.0
INTERTRAN鄂西北-鄂东,5389,-3000.0
INTERTRAN鄂西北-鄂东,5390,-3000.0
INTERTRAN鄂西北-鄂东,5391,-3000.0
INTERTRAN鄂西北-鄂东,5392,-3000.0
INTERTRAN鄂西北-鄂东,5393,-3000.0
INTERTRAN鄂西北-鄂东,5394,-1585.5523000000007
INTERTRAN鄂西北-鄂东,5395,3000.0
INTERTRAN鄂西北-鄂东,5396,3000.0
INTERTRAN鄂西北-鄂东,5397,3000.0
INTERTRAN鄂西北-鄂东,5398,3000.0
INTERTRAN鄂西北-鄂东,5399,3000.0
INTERTRAN鄂西北-鄂东,5400,3000.0
INTERTRAN鄂西北-鄂东,5401,3000.0
INTERTRAN鄂西北-鄂东,5402,3000.0
INTERTRAN鄂西北-鄂东,5403,3000.0
INTERTRAN鄂西北-鄂东,5404,3000.0
INTERTRAN鄂西北-鄂东,5405,3000.0
INTERTRAN鄂西北-鄂东,5406,3000.0
INTERTRAN鄂西北-鄂东,5407,3000.0
INTERTRAN鄂西北-鄂东,5408,3000.0
INTERTRAN鄂西北-鄂东,5409,-831.9251050000009
INTERTRAN鄂西北-鄂东,5410,-3000.0
INTERTRAN鄂西北-鄂东,5411,-3000.0
INTERTRAN鄂西北-鄂东,5412,-3000.0
INTERTRAN鄂西北-鄂东,5413,-3000.0
INTERTRAN鄂西北-鄂东,5414,-3000.0
INTERTRAN鄂西北-鄂东,5415,-3000.0
INTERTRAN鄂西北-鄂东,5416,-3000.0
INTERTRAN鄂西北-鄂东,5417,-3000.0
INTERTRAN鄂西北-鄂东,5418,-2988.84601999999
INTERTRAN鄂西北-鄂东,5419,3000.0
INTERTRAN鄂西北-鄂东,5420,3000.0
INTERTRAN鄂西北-鄂东,5421,3000.0
INTERTRAN鄂西北-鄂东,5422,3000.0
INTERTRAN鄂西北-鄂东,5423,3000.0
INTERTRAN鄂西北-鄂东,5424,3000.0
INTERTRAN鄂西北-鄂东,5425,3000.0
INTERTRAN鄂西北-鄂东,5426,3000.0
INTERTRAN鄂西北-鄂东,5427,3000.0
INTERTRAN鄂西北-鄂东,5428,3000.0
INTERTRAN鄂西北-鄂东,5429,3000.0
INTERTRAN鄂西北-鄂东,5430,3000.0
INTERTRAN鄂西北-鄂东,5431,3000.0
INTERTRAN鄂西北-鄂东,5432,3000.0
INTERTRAN鄂西北-鄂东,5433,3000.0
INTERTRAN鄂西北-鄂东,5434,-3000.0
INTERTRAN鄂西北-鄂东,5435,-3000.0
INTERTRAN鄂西北-鄂东,5436,-3000.0
INTERTRAN鄂西北-鄂东,5437,-3000.0
INTERTRAN鄂西北-鄂东,5438,-3000.0
INTERTRAN鄂西北-鄂东,5439,-3000.0
INTERTRAN鄂西北-鄂东,5440,-3000.0
INTERTRAN鄂西北-鄂东,5441,-3000.0
INTERTRAN鄂西北-鄂东,5442,-2698.0484199999955
INTERTRAN鄂西北-鄂东,5443,3000.0
INTERTRAN鄂西北-鄂东,5444,3000.0
INTERTRAN鄂西北-鄂东,5445,3000.0
INTERTRAN鄂西北-鄂东,5446,3000.0
INTERTRAN鄂西北-鄂东,5447,3000.0
INTERTRAN鄂西北-鄂东,5448,3000.0
INTERTRAN鄂西北-鄂东,5449,3000.0
INTERTRAN鄂西北-鄂东,5450,3000.0
INTERTRAN鄂西北-鄂东,5451,3000.0
INTERTRAN鄂西北-鄂东,5452,3000.0
INTERTRAN鄂西北-鄂东,5453,3000.0
INTERTRAN鄂西北-鄂东,5454,3000.0
INTERTRAN鄂西北-鄂东,5455,1590.7557307000025
INTERTRAN鄂西北-鄂东,5456,3000.0
INTERTRAN鄂西北-鄂东,5457,3000.0
INTERTRAN鄂西北-鄂东,5458,-3000.0
INTERTRAN鄂西北-鄂东,5459,-3000.0
INTERTRAN鄂西北-鄂东,5460,-3000.0
INTERTRAN鄂西北-鄂东,5461,-3000.0
INTERTRAN鄂西北-鄂东,5462,-3000.0
INTERTRAN鄂西北-鄂东,5463,-3000.0
INTERTRAN鄂西北-鄂东,5464,-3000.0
INTERTRAN鄂西北-鄂东,5465,-3000.0
INTERTRAN鄂西北-鄂东,5466,-3000.0
INTERTRAN鄂西北-鄂东,5467,2256.3220499999998
INTERTRAN鄂西北-鄂东,5468,736.3631849999988
INTERTRAN鄂西北-鄂东,5469,3000.0
INTERTRAN鄂西北-鄂东,5470,3000.0
INTERTRAN鄂西北-鄂东,5471,3000.0
INTERTRAN鄂西-鄂西北,5328,898.8725000000027
INTERTRAN鄂西-鄂西北,5329,500.4501220999991
INTERTRAN鄂西-鄂西北,5330,1221.0090000000002
INTERTRAN鄂西-鄂西北,5331,872.8012499999991
INTERTRAN鄂西-鄂西北,5332,1036.439000000001
INTERTRAN鄂西-鄂西北,5333,264.31949999999915
INTERTRAN鄂西-鄂西北,5334,-1670.9072049999963
INTERTRAN鄂西-鄂西北,5335,405.86171000000013
INTERTRAN鄂西-鄂西北,5336,838.3088899999998
INTERTRAN鄂西-鄂西北,5337,1537.7474249999996
INTERTRAN鄂西-鄂西北,5338,-2000.0
INTERTRAN鄂西-鄂西北,5339,2000.0
INTERTRAN鄂西-鄂西北,5340,2000.0
INTERTRAN鄂西-鄂西北,5341,2000.0
INTERTRAN鄂西-鄂西北,5342,2000.0
INTERTRAN鄂西-鄂西北,5343,2000.0
INTERTRAN鄂西-鄂西北,5344,-208.95643280862174
INTERTRAN鄂西-鄂西北,5345,2000.0
INTERTRAN鄂西-鄂西北,5346,892.3537995249972
INTERTRAN鄂西-鄂西北,5347,1576.878650000001
INTERTRAN鄂西-鄂西北,5348,2000.0
INTERTRAN鄂西-鄂西北,5349,2000.0
INTERTRAN鄂西-鄂西北,5350,2000.0
INTERTRAN鄂西-鄂西北,5351,1828.077250000032
INTERTRAN鄂西-鄂西北,5352,2000.0
INTERTRAN鄂西-鄂西北,5353,1388.7407499999995
INTERTRAN鄂西-鄂西北,5354,1016.5280000000009
INTERTRAN鄂西-鄂西北,5355,1014.6027499999991
INTERTRAN鄂西-鄂西北,5356,1079.534749999998
INTERTRAN鄂西-鄂西北,5357,479.9562499999997
INTERTRAN鄂西-鄂西北,5358,-94.37143952500446
INTERTRAN鄂西-鄂西北,5359,370.76980499999854
INTERTRAN鄂西-鄂西北,5360,667.1458995250023
INTERTRAN鄂西-鄂西北,5361,1523.0009899999995
INTERTRAN鄂西-鄂西北,5362,2000.0
INTERTRAN鄂西-鄂西北,5363,2000.0
INTERTRAN鄂西-鄂西北,5364,2000.0
INTERTRAN鄂西-鄂西北,5365,-2000.0
INTERTRAN鄂西-鄂西北,5366,2000.0
INTERTRAN鄂西-鄂西北,5367,2000.0
INTERTRAN鄂西-鄂西北,5368,2000.0
INTERTRAN鄂西-鄂西北,5369,-2000.0
INTERTRAN鄂西-鄂西北,5370,1858.74257
INTERTRAN鄂西-鄂西北,5371,2000.0
INTERTRAN鄂西-鄂西北,5372,213.5719849999998
INTERTRAN鄂西-鄂西北,5373,2000.0
INTERTRAN鄂西-鄂西北,5374,2000.0
INTERTRAN鄂西-鄂西北,5375,2000.0
INTERTRAN鄂西-鄂西北,5376,2000.0
INTERTRAN鄂西-鄂西北,5377,-223.52245930000095
INTERTRAN鄂西-鄂西北,5378,-2000.0
INTERTRAN鄂西-鄂西北,5379,825.8655000000006
INTERTRAN鄂西-鄂西北,5380,625.5509801999995
INTERTRAN鄂西-鄂西北,5381,-39.93575000000044
INTERTRAN鄂西-鄂西北,5382,-95.72000000000025
INTERTRAN鄂西-鄂西北,5383,603.84067
INTERTRAN鄂西-鄂西北,5384,-743.0780150000014
INTERTRAN鄂西-鄂西北,5385,-1684.4385349999993
INTERTRAN鄂西-鄂西北,5386,1922.957619999992
INTERTRAN鄂西-鄂西北,5387,2000.0
INTERTRAN鄂西-鄂西北,5388,2000.0
INTERTRAN鄂西-鄂西北,5389,2000.0
INTERTRAN鄂西-鄂西北,5390,2000.0
INTERTRAN鄂西-鄂西北,5391,2000.0
INTERTRAN鄂西-鄂西北,5392,2000.0
INTERTRAN鄂西-鄂西北,5393,300.25301999999283
INTERTRAN鄂西-鄂西北,5394,-2000.0
INTERTRAN鄂西-鄂西北,5395,2000.0
INTERTRAN鄂西-鄂西北,5396,2000.0
INTERTRAN鄂西-鄂西北,5397,-2000.0
INTERTRAN鄂西-鄂西北,5398,883.5093049999997
INTERTRAN鄂西-鄂西北,5399,-1601.9776950000005
INTERTRAN鄂西-鄂西北,5400,1530.7290550000016
INTERTRAN鄂西-鄂西北,5401,-2000.0
INTERTRAN鄂西-鄂西北,5402,-2000.0
INTERTRAN鄂西-鄂西北,5403,1456.7978049999992
INTERTRAN鄂西-鄂西北,5404,790.9823049999991
INTERTRAN鄂西-鄂西北,5405,-639.5306949999997
INTERTRAN鄂西-鄂西北,5406,491.88005500000054
INTERTRAN鄂西-鄂西北,5407,-2000.0
INTERTRAN鄂西-鄂西北,5408,-445.3124000000006
INTERTRAN鄂西-鄂西北,5409,-2000.0
INTERTRAN鄂西-鄂西北,5410,2000.0
INTERTRAN鄂西-鄂西北,5411,2000.0
INTERTRAN鄂西-鄂西北,5412,2000.0
INTERTRAN鄂西-鄂西北,5413,2000.0
INTERTRAN鄂西-鄂西北,5414,2000.0
INTERTRAN鄂西-鄂西北,5415,2000.0
INTERTRAN鄂西-鄂西北,5416,2000.0
INTERTRAN鄂西-鄂西北,5417,2000.0
INTERTRAN鄂西-鄂西北,5418,-2000.0
INTERTRAN鄂西-鄂西北,5419,1192.0654649999992
INTERTRAN鄂西-鄂西北,5420,-1126.9506350000001
INTERTRAN鄂西-鄂西北,5421,2000.0
INTERTRAN鄂西-鄂西北,5422,-1455.1711950000008
INTERTRAN鄂西-鄂西北,5423,-245.8912961201878
INTERTRAN鄂西-鄂西北,5424,2000.0
INTERTRAN鄂西-鄂西北,5425,-2000.0
INTERTRAN鄂西-鄂西北,5426,-1770.5543349999998
INTERTRAN鄂西-鄂西北,5427,1293.198804999999
INTERTRAN鄂西-鄂西北,5428,-2000.0
INTERTRAN鄂西-鄂西北,5429,726.0883049999993
INTERTRAN鄂西-鄂西北,5430,832.4550549999994
INTERTRAN鄂西-鄂西北,5431,630.7701081500061
INTERTRAN鄂西-鄂西北,5432,-2000.0
INTERTRAN鄂西-鄂西北,5433,-176.97472000000107
INTERTRAN鄂西-鄂西北,5434,101.09361999999055
INTERTRAN鄂西-鄂西北,5435,2000.0
INTERTRAN鄂西-鄂西北,5436,2000.0
INTERTRAN鄂西-鄂西北,5437,2000.0
INTERTRAN鄂西-鄂西北,5438,2000.0
INTERTRAN鄂西-鄂西北,5439,2000.0
INTERTRAN鄂西-鄂西北,5440,2000.0
INTERTRAN鄂西-鄂西北,5441,2000.0
INTERTRAN鄂西-鄂西北,5442,-2000.0
INTERTRAN鄂西-鄂西北,5443,-509.897605
INTERTRAN鄂西-鄂西北,5444,2000.0
INTERTRAN鄂西-鄂西北,5445,608.6484049999995
INTERTRAN鄂西-鄂西北,5446,2000.0
INTERTRAN鄂西-鄂西北,5447,2000.0
INTERTRAN鄂西-鄂西北,5448,-109.2239450000011
INTERTRAN鄂西-鄂西北,5449,-2000.0
INTERTRAN鄂西-鄂西北,5450,-2000.0
INTERTRAN鄂西-鄂西北,5451,-2000.0
INTERTRAN鄂西-鄂西北,5452,61.13454294326402
INTERTRAN鄂西-鄂西北,5453,2000.0
INTERTRAN鄂西-鄂西北,5454,843.7255429432638
INTERTRAN鄂西-鄂西北,5455,-2000.0
INTERTRAN鄂西-鄂西北,5456,586.0131779432645
INTERTRAN鄂西-鄂西北,5457,245.69891294326578
INTERTRAN鄂西-鄂西北,5458,2000.0
INTERTRAN鄂西-鄂西北,5459,2000.0
INTERTRAN鄂西-鄂西北,5460,2000.0
INTERTRAN鄂西-鄂西北,5461,2000.0
INTERTRAN鄂西-鄂西北,5462,2000.0
INTERTRAN鄂西-鄂西北,5463,2000.0
INTERTRAN鄂西-鄂西北,5464,2000.0
INTERTRAN鄂西-鄂西北,5465,2000.0
INTERTRAN鄂西-鄂西北,5466,-1715.2867800000076
INTERTRAN鄂西-鄂西北,5467,2000.0
INTERTRAN鄂西-鄂西北,5468,-2000.0
INTERTRAN鄂西-鄂西北,5469,2000.0
INTERTRAN鄂西-鄂西北,5470,2000.0
INTERTRAN鄂西-鄂西北,5471,-2000.0
INTERTRAN鄂西-鄂东,5472,5127.016899999997
INTERTRAN鄂西-鄂东,5473,7298.087048404837
INTERTRAN鄂西-鄂东,5474,9235.243781595182
INTERTRAN鄂西-鄂东,5475,4983.550449999995
INTERTRAN鄂西-鄂东,5476,4987.789919999989
INTERTRAN鄂西-鄂东,5477,3419.308603904895
INTERTRAN鄂西-鄂东,5478,7311.451179999996
INTERTRAN鄂西-鄂东,5479,6875.872399999997
INTERTRAN鄂西-鄂东,5480,5811.789279999999
INTERTRAN鄂西-鄂东,5481,4917.886080000002
INTERTRAN鄂西-鄂东,5482,6968.427180000002
INTERTRAN鄂西-鄂东,5483,5131.475199999988
INTERTRAN鄂西-鄂东,5484,6445.208160000019
INTERTRAN鄂西-鄂东,5485,11512.175257777782
INTERTRAN鄂西-鄂东,5486,8628.177411111094
INTERTRAN鄂西-鄂东,5487,6551.9018688888145
INTERTRAN鄂西-鄂东,5488,2129.5799799999986
INTERTRAN鄂西-鄂东,5489,7990.307699999985
INTERTRAN鄂西-鄂东,5490,6708.091419999997
INTERTRAN鄂西-鄂东,5491,6392.570799999992
INTERTRAN鄂西-鄂东,5492,9627.436655000003
INTERTRAN鄂西-鄂东,5493,6239.953699999993
INTERTRAN鄂西-鄂东,5494,5856.060580000001
INTERTRAN鄂西-鄂东,5495,6205.120099999991
INTERTRAN鄂西-鄂东,5496,6102.197160000005
INTERTRAN鄂西-鄂东,5497,6909.608760000008
INTERTRAN鄂西-鄂东,5498,6732.353899999996
INTERTRAN鄂西-鄂东,5499,4467.493099999996
INTERTRAN鄂西-鄂东,5500,4809.668299999996
INTERTRAN鄂西-鄂东,5501,6447.241399999995
INTERTRAN鄂西-鄂东,5502,7128.578699999997
INTERTRAN鄂西-鄂东,5503,6863.609090000003
INTERTRAN鄂西-鄂东,5504,6761.415699999996
INTERTRAN鄂西-鄂东,5505,9915.203199999989
INTERTRAN鄂西-鄂东,5506,7009.697080000004
INTERTRAN鄂西-鄂东,5507,2368.521480000003
INTERTRAN鄂西-鄂东,5508,7937.041213333332
INTERTRAN鄂西-鄂东,5509,10320.288789934622
INTERTRAN鄂西-鄂东,5510,5810.268386536011
INTERTRAN鄂西-鄂东,5511,8605.29359999998
INTERTRAN鄂西-鄂东,5512,3136.491430457487
INTERTRAN鄂西-鄂东,5513,8402.784380000001
INTERTRAN鄂西-鄂东,5514,6503.621999999992
INTERTRAN鄂西-鄂东,5515,8052.971745000003
INTERTRAN鄂西-鄂东,5516,10362.56934
INTERTRAN鄂西-鄂东,5517,12600.0
INTERTRAN鄂西-鄂东,5518,12600.0
INTERTRAN鄂西-鄂东,5519,12600.0
INTERTRAN鄂西-鄂东,5520,12600.0
INTERTRAN鄂西-鄂东,5521,12600.0
INTERTRAN鄂西-鄂东,5522,11878.193034750017
INTERTRAN鄂西-鄂东,5523,7761.784799999992
INTERTRAN鄂西-鄂东,5524,9983.759534749981
INTERTRAN鄂西-鄂东,5525,8233.701199999998
INTERTRAN鄂西-鄂东,5526,7592.325199999998
INTERTRAN鄂西-鄂东,5527,7790.178799999998
INTERTRAN鄂西-鄂东,5528,8601.2007
INTERTRAN鄂西-鄂东,5529,8780.538699999992
INTERTRAN鄂西-鄂东,5530,5797.552685000005
INTERTRAN鄂西-鄂东,5531,7074.75253586417
INTERTRAN鄂西-鄂东,5532,7713.105044444436
INTERTRAN鄂西-鄂东,5533,6867.177027469133
INTERTRAN鄂西-鄂东,5534,5498.607298765417
INTERTRAN鄂西-鄂东,5535,9942.950938765423
INTERTRAN鄂西-鄂东,5536,5200.498499999992
INTERTRAN鄂西-鄂东,5537,10726.155540000002
INTERTRAN鄂西-鄂东,5538,9803.758900000385
INTERTRAN鄂西-鄂东,5539,7978.396199999994
INTERTRAN鄂西-鄂东,5540,12600.0
INTERTRAN鄂西-鄂东,5541,12600.0
INTERTRAN鄂西-鄂东,5542,12600.0
INTERTRAN鄂西-鄂东,5543,12600.0
INTERTRAN鄂西-鄂东,5544,12600.0
INTERTRAN鄂西-鄂东,5545,12600.0
INTERTRAN鄂西-鄂东,5546,11778.656899999996
INTERTRAN鄂西-鄂东,5547,11876.87808
INTERTRAN鄂西-鄂东,5548,11113.41588
INTERTRAN鄂西-鄂东,5549,11615.890879999999
INTERTRAN鄂西-鄂东,5550,9631.186330000004
INTERTRAN鄂西-鄂东,5551,9561.242604999996
INTERTRAN鄂西-鄂东,5552,10736.432265000007
INTERTRAN鄂西-鄂东,5553,8264.286999999993
INTERTRAN鄂西-鄂东,5554,4943.050999999994
INTERTRAN鄂西-鄂东,5555,4567.470299999992
INTERTRAN鄂西-鄂东,5556,5437.625985000002
INTERTRAN鄂西-鄂东,5557,8850.160950370373
INTERTRAN鄂西-鄂东,5558,5465.168699999993
INTERTRAN鄂西-鄂东,5559,3850.9329999999927
INTERTRAN鄂西-鄂东,5560,5601.058699999992
INTERTRAN鄂西-鄂东,5561,9527.662053299991
INTERTRAN鄂西-鄂东,5562,11319.697880000003
INTERTRAN鄂西-鄂东,5563,9162.927845000006
INTERTRAN鄂西-鄂东,5564,12600.0
INTERTRAN鄂西-鄂东,5565,12600.0
INTERTRAN鄂西-鄂东,5566,12600.0
INTERTRAN鄂西-鄂东,5567,12600.0
INTERTRAN鄂西-鄂东,5568,12600.0
INTERTRAN鄂西-鄂东,5569,12600.0
INTERTRAN鄂西-鄂东,5570,12600.0
INTERTRAN鄂西-鄂东,5571,12007.976230000002
INTERTRAN鄂西-鄂东,5572,11239.88603
INTERTRAN鄂西-鄂东,5573,9949.203429999998
INTERTRAN鄂西-鄂东,5574,8376.636899999978
INTERTRAN鄂西-鄂东,5575,7358.954000000034
INTERTRAN鄂西-鄂东,5576,6991.563899999996
INTERTRAN鄂西-鄂东,5577,8005.549099999993
INTERTRAN鄂西-鄂东,5578,5055.158799999995
INTERTRAN鄂西-鄂东,5579,4405.144099999992
INTERTRAN鄂西-鄂东,5580,8434.156194794947
INTERTRAN鄂西-鄂东,5581,8634.795025247113
INTERTRAN鄂西-鄂东,5582,8908.638579999995
INTERTRAN鄂西-鄂东,5583,4382.512299999991
INTERTRAN鄂西-鄂东,5584,4048.260899999992
INTERTRAN鄂西-鄂东,5585,11512.117604999998
INTERTRAN鄂西-鄂东,5586,9613.442099999993
INTERTRAN鄂西-鄂东,5587,7213.787700000011
INTERTRAN鄂西-鄂东,5588,12600.0
INTERTRAN鄂西-鄂东,5589,12600.0
INTERTRAN鄂西-鄂东,5590,12600.0
INTERTRAN鄂西-鄂东,5591,12600.0
INTERTRAN鄂西-鄂东,5592,12600.0
INTERTRAN鄂西-鄂东,5593,12600.0
INTERTRAN鄂西-鄂东,5594,12600.0
INTERTRAN鄂西-鄂东,5595,12260.141445091394
INTERTRAN鄂西-鄂东,5596,8211.451183297602
INTERTRAN鄂西-鄂东,5597,8196.242383799998
INTERTRAN鄂西-鄂东,5598,7362.709683297603
INTERTRAN鄂西-鄂东,5599,7014.992983297601
INTERTRAN鄂西-鄂东,5600,7097.1994832976025
INTERTRAN鄂西-鄂东,5601,9664.705844999999
INTERTRAN鄂西-鄂东,5602,9098.135383297596
INTERTRAN鄂西-鄂东,5603,4951.55439999999
INTERTRAN鄂西-鄂东,5604,7418.799196049419
INTERTRAN鄂西-鄂东,5605,9025.956792716075
INTERTRAN鄂西-鄂东,5606,8503.548720740739
INTERTRAN鄂西-鄂东,5607,5820.857299999983
INTERTRAN鄂西-鄂东,5608,7041.1555333333245
INTERTRAN鄂西-鄂东,5609,7483.42022
INTERTRAN鄂西-鄂东,5610,7077.540983297597
INTERTRAN鄂西-鄂东,5611,7846.580883297599
INTERTRAN鄂西-鄂东,5612,7415.493299999993
INTERTRAN鄂西-鄂东,5613,12600.0
INTERTRAN鄂西-鄂东,5614,12600.0
INTERTRAN鄂西-鄂东,5615,12600.0
INTERTRAN鄂西北-鄂东,5472,3000.0
INTERTRAN鄂西北-鄂东,5473,3000.0
INTERTRAN鄂西北-鄂东,5474,-54.73150000000078
INTERTRAN鄂西北-鄂东,5475,3000.0
INTERTRAN鄂西北-鄂东,5476,1090.5362499999997
INTERTRAN鄂西北-鄂东,5477,3000.0
INTERTRAN鄂西北-鄂东,5478,1686.0489999999995
INTERTRAN鄂西北-鄂东,5479,3000.0
INTERTRAN鄂西北-鄂东,5480,3000.0
INTERTRAN鄂西北-鄂东,5481,3000.0
INTERTRAN鄂西北-鄂东,5482,-3000.0
INTERTRAN鄂西北-鄂东,5483,-3000.0
INTERTRAN鄂西北-鄂东,5484,-3000.0
INTERTRAN鄂西北-鄂东,5485,-3000.0
INTERTRAN鄂西北-鄂东,5486,-3000.0
INTERTRAN鄂西北-鄂东,5487,-3000.0
INTERTRAN鄂西北-鄂东,5488,-3000.0
INTERTRAN鄂西北-鄂东,5489,-3000.0
INTERTRAN鄂西北-鄂东,5490,1836.2091599999987
INTERTRAN鄂西北-鄂东,5491,1730.9716599999997
INTERTRAN鄂西北-鄂东,5492,1410.1858249999989
INTERTRAN鄂西北-鄂东,5493,3000.0
INTERTRAN鄂西北-鄂东,5494,685.0159999999987
INTERTRAN鄂西北-鄂东,5495,3000.0
INTERTRAN鄂西北-鄂东,5496,3000.0
INTERTRAN鄂西北-鄂东,5497,-311.26599999999917
INTERTRAN鄂西北-鄂东,5498,2370.492580000002
INTERTRAN鄂西北-鄂东,5499,3000.0
INTERTRAN鄂西北-鄂东,5500,3000.0
INTERTRAN鄂西北-鄂东,5501,549.156
INTERTRAN鄂西北-鄂东,5502,663.8627500000007
INTERTRAN鄂西北-鄂东,5503,1442.8381000000004
INTERTRAN鄂西北-鄂东,5504,1225.070500000009
INTERTRAN鄂西北-鄂东,5505,759.907567701777
INTERTRAN鄂西北-鄂东,5506,-3000.0
INTERTRAN鄂西北-鄂东,5507,-3000.0
INTERTRAN鄂西北-鄂东,5508,-3000.0
INTERTRAN鄂西北-鄂东,5509,-3000.0
INTERTRAN鄂西北-鄂东,5510,-3000.0
INTERTRAN鄂西北-鄂东,5511,-3000.0
INTERTRAN鄂西北-鄂东,5512,-3000.0
INTERTRAN鄂西北-鄂东,5513,-3000.0
INTERTRAN鄂西北-鄂东,5514,1198.895755
INTERTRAN鄂西北-鄂东,5515,-800.2040650000013
INTERTRAN鄂西北-鄂东,5516,99.24533999999898
INTERTRAN鄂西北-鄂东,5517,-1539.1018700000009
INTERTRAN鄂西北-鄂东,5518,444.214853049991
INTERTRAN鄂西北-鄂东,5519,2239.1134999999995
INTERTRAN鄂西北-鄂东,5520,-579.9505000000004
INTERTRAN鄂西北-鄂东,5521,-306.5925000000009
INTERTRAN鄂西北-鄂东,5522,653.1375000000007
INTERTRAN鄂西北-鄂东,5523,112.26474999999937
INTERTRAN鄂西北-鄂东,5524,1187.46375
INTERTRAN鄂西北-鄂东,5525,1503.7512500000007
INTERTRAN鄂西北-鄂东,5526,1905.5717499999996
INTERTRAN鄂西北-鄂东,5527,966.147884999998
INTERTRAN鄂西北-鄂东,5528,-4.999185000000125
INTERTRAN鄂西北-鄂东,5529,-823.9181550000001
INTERTRAN鄂西北-鄂东,5530,1055.4141949999985
INTERTRAN鄂西北-鄂东,5531,-3000.0
INTERTRAN鄂西北-鄂东,5532,-3000.0
INTERTRAN鄂西北-鄂东,5533,-2063.9515449999994
INTERTRAN鄂西北-鄂东,5534,564.2727793209857
INTERTRAN鄂西北-鄂东,5535,-3000.0
INTERTRAN鄂西北-鄂东,5536,482.2189349999994
INTERTRAN鄂西北-鄂东,5537,-1467.6248600000013
INTERTRAN鄂西北-鄂东,5538,-506.6475349999996
INTERTRAN鄂西北-鄂东,5539,753.5363800000105
INTERTRAN鄂西北-鄂东,5540,-299.83335000000045
INTERTRAN鄂西北-鄂东,5541,-172.7434723475899
INTERTRAN鄂西北-鄂东,5542,1260.9108800001977
INTERTRAN鄂西北-鄂东,5543,1466.1350800000037
INTERTRAN鄂西北-鄂东,5544,415.1130499999929
INTERTRAN鄂西北-鄂东,5545,-297.027250000001
INTERTRAN鄂西北-鄂东,5546,-17.201250000000073
INTERTRAN鄂西北-鄂东,5547,94.77250000000049
INTERTRAN鄂西北-鄂东,5548,166.7674999999981
INTERTRAN鄂西北-鄂东,5549,203.21250000000055
INTERTRAN鄂西北-鄂东,5550,1181.7287499999993
INTERTRAN鄂西北-鄂东,5551,534.889475
INTERTRAN鄂西北-鄂东,5552,95.32161499999847
INTERTRAN鄂西北-鄂东,5553,16.983034999785076
INTERTRAN鄂西北-鄂东,5554,1047.5851549999984
INTERTRAN鄂西北-鄂东,5555,926.4180099999999
INTERTRAN鄂西北-鄂东,5556,1185.6528949999995
INTERTRAN鄂西北-鄂东,5557,-3000.0
INTERTRAN鄂西北-鄂东,5558,653.8076849999989
INTERTRAN鄂西北-鄂东,5559,667.6794399999987
INTERTRAN鄂西北-鄂东,5560,703.8832899999993
INTERTRAN鄂西北-鄂东,5561,-1166.2472349999996
INTERTRAN鄂西北-鄂东,5562,-494.3543000000018
INTERTRAN鄂西北-鄂东,5563,480.28363499999887
INTERTRAN鄂西北-鄂东,5564,-488.61191999999573
INTERTRAN鄂西北-鄂东,5565,2301.6537800000024
INTERTRAN鄂西北-鄂东,5566,-1051.3252500000017
INTERTRAN鄂西北-鄂东,5567,3000.0
INTERTRAN鄂西北-鄂东,5568,2243.88248
INTERTRAN鄂西北-鄂东,5569,704.6817199999848
INTERTRAN鄂西北-鄂东,5570,252.51810609941558
INTERTRAN鄂西北-鄂东,5571,171.04124999999885
INTERTRAN鄂西北-鄂东,5572,333.32524999999987
INTERTRAN鄂西北-鄂东,5573,511.1442500000003
INTERTRAN鄂西北-鄂东,5574,1458.3198800000246
INTERTRAN鄂西北-鄂东,5575,1748.825720715891
INTERTRAN鄂西北-鄂东,5576,1101.825915
INTERTRAN鄂西北-鄂东,5577,-245.71360500000083
INTERTRAN鄂西北-鄂东,5578,1507.2837299999992
INTERTRAN鄂西北-鄂东,5579,1219.9819649999984
INTERTRAN鄂西北-鄂东,5580,-3000.0
INTERTRAN鄂西北-鄂东,5581,-3000.0
INTERTRAN鄂西北-鄂东,5582,-3000.0
INTERTRAN鄂西北-鄂东,5583,1019.8122099999996
INTERTRAN鄂西北-鄂东,5584,990.7688100000007
INTERTRAN鄂西北-鄂东,5585,-1019.312725
INTERTRAN鄂西北-鄂东,5586,-790.0184299999999
INTERTRAN鄂西北-鄂东,5587,-515.6837400000027
INTERTRAN鄂西北-鄂东,5588,-518.7870950000006
INTERTRAN鄂西北-鄂东,5589,-671.2037800000003
INTERTRAN鄂西北-鄂东,5590,-1230.3885000000005
INTERTRAN鄂西北-鄂东,5591,2296.4882499999994
INTERTRAN鄂西北-鄂东,5592,1395.612924947609
INTERTRAN鄂西北-鄂东,5593,46.69799999999839
INTERTRAN鄂西北-鄂东,5594,-61.42175000000043
INTERTRAN鄂西北-鄂东,5595,221.57675000000017
INTERTRAN鄂西北-鄂东,5596,2468.562896702395
INTERTRAN鄂西北-鄂东,5597,1303.8325961999994
INTERTRAN鄂西北-鄂东,5598,906.5822500000004
INTERTRAN鄂西北-鄂东,5599,1089.196809999999
INTERTRAN鄂西北-鄂东,5600,1644.0721899999999
INTERTRAN鄂西北-鄂东,5601,-35.42746500000089
INTERTRAN鄂西北-鄂东,5602,-956.0443100000014
INTERTRAN鄂西北-鄂东,5603,1012.4343799999992
INTERTRAN鄂西北-鄂东,5604,-3000.0
INTERTRAN鄂西北-鄂东,5605,-3000.0
INTERTRAN鄂西北-鄂东,5606,-3000.0
INTERTRAN鄂西北-鄂东,5607,-3000.0
INTERTRAN鄂西北-鄂东,5608,-3000.0
INTERTRAN鄂西北-鄂东,5609,1180.7792599999989
INTERTRAN鄂西北-鄂东,5610,1408.1733399999991
INTERTRAN鄂西北-鄂东,5611,-815.7665450000004
INTERTRAN鄂西北-鄂东,5612,3000.0
INTERTRAN鄂西北-鄂东,5613,-1183.3396131499987
INTERTRAN鄂西北-鄂东,5614,-713.2901900000021
INTERTRAN鄂西北-鄂东,5615,-238.43810000005067
INTERTRAN鄂西-鄂西北,5472,-2000.0
INTERTRAN鄂西-鄂西北,5473,-2000.0
INTERTRAN鄂西-鄂西北,5474,-2000.0
INTERTRAN鄂西-鄂西北,5475,1103.798250000001
INTERTRAN鄂西-鄂西北,5476,-2000.0
INTERTRAN鄂西-鄂西北,5477,-430.7120039049005
INTERTRAN鄂西-鄂西北,5478,-2000.0
INTERTRAN鄂西-鄂西北,5479,-2000.0
INTERTRAN鄂西-鄂西北,5480,-2000.0
INTERTRAN鄂西-鄂西北,5481,2000.0
INTERTRAN鄂西-鄂西北,5482,-335.6585800000139
INTERTRAN鄂西-鄂西北,5483,2000.0
INTERTRAN鄂西-鄂西北,5484,2000.0
INTERTRAN鄂西-鄂西北,5485,2000.0
INTERTRAN鄂西-鄂西北,5486,2000.0
INTERTRAN鄂西-鄂西北,5487,2000.0
INTERTRAN鄂西-鄂西北,5488,2000.0
INTERTRAN鄂西-鄂西北,5489,2000.0
INTERTRAN鄂西-鄂西北,5490,2000.0
INTERTRAN鄂西-鄂西北,5491,2000.0
INTERTRAN鄂西-鄂西北,5492,-2000.0
INTERTRAN鄂西-鄂西北,5493,2000.0
INTERTRAN鄂西-鄂西北,5494,-2000.0
INTERTRAN鄂西-鄂西北,5495,-2000.0
INTERTRAN鄂西-鄂西北,5496,-2000.0
INTERTRAN鄂西-鄂西北,5497,-2000.0
INTERTRAN鄂西-鄂西北,5498,-2000.0
INTERTRAN鄂西-鄂西北,5499,-2000.0
INTERTRAN鄂西-鄂西北,5500,-2000.0
INTERTRAN鄂西-鄂西北,5501,-2000.0
INTERTRAN鄂西-鄂西北,5502,-2000.0
INTERTRAN鄂西-鄂西北,5503,-2000.0
INTERTRAN鄂西-鄂西北,5504,-2000.0
INTERTRAN鄂西-鄂西北,5505,-2000.0
INTERTRAN鄂西-鄂西北,5506,-203.16678000001957
INTERTRAN鄂西-鄂西北,5507,2000.0
INTERTRAN鄂西-鄂西北,5508,2000.0
INTERTRAN鄂西-鄂西北,5509,2000.0
INTERTRAN鄂西-鄂西北,5510,2000.0
INTERTRAN鄂西-鄂西北,5511,2000.0
INTERTRAN鄂西-鄂西北,5512,2000.0
INTERTRAN鄂西-鄂西北,5513,2000.0
INTERTRAN鄂西-鄂西北,5514,2000.0
INTERTRAN鄂西-鄂西北,5515,-2000.0
INTERTRAN鄂西-鄂西北,5516,-2000.0
INTERTRAN鄂西-鄂西北,5517,-2000.0
INTERTRAN鄂西-鄂西北,5518,-2000.0
INTERTRAN鄂西-鄂西北,5519,-2000.0
INTERTRAN鄂西-鄂西北,5520,-2000.0
INTERTRAN鄂西-鄂西北,5521,-2000.0
INTERTRAN鄂西-鄂西北,5522,-2000.0
INTERTRAN鄂西-鄂西北,5523,-2000.0
INTERTRAN鄂西-鄂西北,5524,-2000.0
INTERTRAN鄂西-鄂西北,5525,-2000.0
INTERTRAN鄂西-鄂西北,5526,-2000.0
INTERTRAN鄂西-鄂西北,5527,-2000.0
INTERTRAN鄂西-鄂西北,5528,-2000.0
INTERTRAN鄂西-鄂西北,5529,-2000.0
INTERTRAN鄂西-鄂西北,5530,2000.0
INTERTRAN鄂西-鄂西北,5531,2000.0
INTERTRAN鄂西-鄂西北,5532,2000.0
INTERTRAN鄂西-鄂西北,5533,2000.0
INTERTRAN鄂西-鄂西北,5534,2000.0
INTERTRAN鄂西-鄂西北,5535,-931.5171399999995
INTERTRAN鄂西-鄂西北,5536,2000.0
INTERTRAN鄂西-鄂西北,5537,-2000.0
INTERTRAN鄂西-鄂西北,5538,-2000.0
INTERTRAN鄂西-鄂西北,5539,-2000.0
INTERTRAN鄂西-鄂西北,5540,-2000.0
INTERTRAN鄂西-鄂西北,5541,-2000.0
INTERTRAN鄂西-鄂西北,5542,-2000.0
INTERTRAN鄂西-鄂西北,5543,-808.4672000000046
INTERTRAN鄂西-鄂西北,5544,-1016.7402000000056
INTERTRAN鄂西-鄂西北,5545,-2000.0
INTERTRAN鄂西-鄂西北,5546,-2000.0
INTERTRAN鄂西-鄂西北,5547,-2000.0
INTERTRAN鄂西-鄂西北,5548,-2000.0
INTERTRAN鄂西-鄂西北,5549,-2000.0
INTERTRAN鄂西-鄂西北,5550,-2000.0
INTERTRAN鄂西-鄂西北,5551,-2000.0
INTERTRAN鄂西-鄂西北,5552,-2000.0
INTERTRAN鄂西-鄂西北,5553,-2000.0
INTERTRAN鄂西-鄂西北,5554,2000.0
INTERTRAN鄂西-鄂西北,5555,2000.0
INTERTRAN鄂西-鄂西北,5556,2000.0
INTERTRAN鄂西-鄂西北,5557,-1224.252150370382
INTERTRAN鄂西-鄂西北,5558,2000.0
INTERTRAN鄂西-鄂西北,5559,2000.0
INTERTRAN鄂西-鄂西北,5560,2000.0
INTERTRAN鄂西-鄂西北,5561,-2000.0
INTERTRAN鄂西-鄂西北,5562,-2000.0
INTERTRAN鄂西-鄂西北,5563,-2000.0
INTERTRAN鄂西-鄂西北,5564,-2000.0
INTERTRAN鄂西-鄂西北,5565,-2000.0
INTERTRAN鄂西-鄂西北,5566,-2000.0
INTERTRAN鄂西-鄂西北,5567,1353.9122500000008
INTERTRAN鄂西-鄂西北,5568,631.4597300000007
INTERTRAN鄂西-鄂西北,5569,-2000.0
INTERTRAN鄂西-鄂西北,5570,-2000.0
INTERTRAN鄂西-鄂西北,5571,-2000.0
INTERTRAN鄂西-鄂西北,5572,-2000.0
INTERTRAN鄂西-鄂西北,5573,-2000.0
INTERTRAN鄂西-鄂西北,5574,-2000.0
INTERTRAN鄂西-鄂西北,5575,-2000.0
INTERTRAN鄂西-鄂西北,5576,-2000.0
INTERTRAN鄂西-鄂西北,5577,-2000.0
INTERTRAN鄂西-鄂西北,5578,2000.0
INTERTRAN鄂西-鄂西北,5579,2000.0
INTERTRAN鄂西-鄂西北,5580,-928.5839454122379
INTERTRAN鄂西-鄂西北,5581,-645.5252808026789
INTERTRAN鄂西-鄂西北,5582,-486.59133962963006
INTERTRAN鄂西-鄂西北,5583,2000.0
INTERTRAN鄂西-鄂西北,5584,2000.0
INTERTRAN鄂西-鄂西北,5585,-2000.0
INTERTRAN鄂西-鄂西北,5586,-2000.0
INTERTRAN鄂西-鄂西北,5587,-2000.0
INTERTRAN鄂西-鄂西北,5588,-2000.0
INTERTRAN鄂西-鄂西北,5589,-2000.0
INTERTRAN鄂西-鄂西北,5590,-2000.0
INTERTRAN鄂西-鄂西北,5591,-2000.0
INTERTRAN鄂西-鄂西北,5592,-2000.0
INTERTRAN鄂西-鄂西北,5593,-2000.0
INTERTRAN鄂西-鄂西北,5594,-2000.0
INTERTRAN鄂西-鄂西北,5595,-2000.0
INTERTRAN鄂西-鄂西北,5596,-2000.0
INTERTRAN鄂西-鄂西北,5597,-2000.0
INTERTRAN鄂西-鄂西北,5598,-2000.0
INTERTRAN鄂西-鄂西北,5599,-2000.0
INTERTRAN鄂西-鄂西北,5600,-2000.0
INTERTRAN鄂西-鄂西北,5601,-2000.0
INTERTRAN鄂西-鄂西北,5602,-2000.0
INTERTRAN鄂西-鄂西北,5603,2000.0
INTERTRAN鄂西-鄂西北,5604,-46.93031499999961
INTERTRAN鄂西-鄂西北,5605,260.065943335597
INTERTRAN鄂西-鄂西北,5606,-2000.0
INTERTRAN鄂西-鄂西北,5607,2000.0
INTERTRAN鄂西-鄂西北,5608,2000.0
INTERTRAN鄂西-鄂西北,5609,2000.0
INTERTRAN鄂西-鄂西北,5610,2000.0
INTERTRAN鄂西-鄂西北,5611,-2000.0
INTERTRAN鄂西-鄂西北,5612,-2000.0
INTERTRAN鄂西-鄂西北,5613,-2000.0
INTERTRAN鄂西-鄂西北,5614,-2000.0
INTERTRAN鄂西-鄂西北,5615,-2000.0
INTERTRAN鄂西-鄂东,5616,10444.232248964225
INTERTRAN鄂西-鄂东,5617,12409.641680000004
INTERTRAN鄂西-鄂东,5618,12600.0
INTERTRAN鄂西-鄂东,5619,12600.0
INTERTRAN鄂西-鄂东,5620,11821.471075847563
INTERTRAN鄂西-鄂东,5621,10956.788400000001
INTERTRAN鄂西-鄂东,5622,12402.809125854837
INTERTRAN鄂西-鄂东,5623,12570.433950257138
INTERTRAN鄂西-鄂东,5624,12600.0
INTERTRAN鄂西-鄂东,5625,11063.519999999993
INTERTRAN鄂西-鄂东,5626,8682.531280000003
INTERTRAN鄂西-鄂东,5627,8482.617072941215
INTERTRAN鄂西-鄂东,5628,6302.103055555552
INTERTRAN鄂西-鄂东,5629,5422.555733333324
INTERTRAN鄂西-鄂东,5630,7207.176080000001
INTERTRAN鄂西-鄂东,5631,10515.429779999999
INTERTRAN鄂西-鄂东,5632,2745.254146666668
INTERTRAN鄂西-鄂东,5633,10190.722699999991
INTERTRAN鄂西-鄂东,5634,10215.793399999991
INTERTRAN鄂西-鄂东,5635,3786.9256250000035
INTERTRAN鄂西-鄂东,5636,12600.0
INTERTRAN鄂西-鄂东,5637,9012.394680000001
INTERTRAN鄂西-鄂东,5638,12286.444770535476
INTERTRAN鄂西-鄂东,5639,10955.04617546586
INTERTRAN鄂西-鄂东,5640,10465.924579999999
INTERTRAN鄂西-鄂东,5641,9566.246280000003
INTERTRAN鄂西-鄂东,5642,12600.0
INTERTRAN鄂西-鄂东,5643,10612.072679999997
INTERTRAN鄂西-鄂东,5644,9808.07198
INTERTRAN鄂西-鄂东,5645,6699.057079999999
INTERTRAN鄂西-鄂东,5646,8839.920572434221
INTERTRAN鄂西-鄂东,5647,5448.310840000006
INTERTRAN鄂西-鄂东,5648,8872.261980000003
INTERTRAN鄂西-鄂东,5649,6230.833119999996
INTERTRAN鄂西-鄂东,5650,6041.944014379078
INTERTRAN鄂西-鄂东,5651,3855.163557124175
INTERTRAN鄂西-鄂东,5652,4263.750793594812
INTERTRAN鄂西-鄂东,5653,11833.008980000002
INTERTRAN鄂西-鄂东,5654,10820.162224444437
INTERTRAN鄂西-鄂东,5655,4310.232499999991
INTERTRAN鄂西-鄂东,5656,5538.02797960785
INTERTRAN鄂西-鄂东,5657,9372.26298
INTERTRAN鄂西-鄂东,5658,9171.304795000004
INTERTRAN鄂西-鄂东,5659,3910.6465149999967
INTERTRAN鄂西-鄂东,5660,12131.966699999997
INTERTRAN鄂西-鄂东,5661,8875.665525000011
INTERTRAN鄂西-鄂东,5662,12600.0
INTERTRAN鄂西-鄂东,5663,12600.0
INTERTRAN鄂西-鄂东,5664,9627.370279999996
INTERTRAN鄂西-鄂东,5665,12600.0
INTERTRAN鄂西-鄂东,5666,9876.844279999998
INTERTRAN鄂西-鄂东,5667,11650.405999999999
INTERTRAN鄂西-鄂东,5668,10072.920879999998
INTERTRAN鄂西-鄂东,5669,9179.23288
INTERTRAN鄂西-鄂东,5670,10616.239429999994
INTERTRAN鄂西-鄂东,5671,9033.721980000002
INTERTRAN鄂西-鄂东,5672,9614.542348150004
INTERTRAN鄂西-鄂东,5673,7780.861580000004
INTERTRAN鄂西-鄂东,5674,3853.1493800000026
INTERTRAN鄂西-鄂东,5675,7075.950745000002
INTERTRAN鄂西-鄂东,5676,7689.094380000002
INTERTRAN鄂西-鄂东,5677,1677.802515000003
INTERTRAN鄂西-鄂东,5678,8557.320999999993
INTERTRAN鄂西-鄂东,5679,9927.248314814806
INTERTRAN鄂西-鄂东,5680,10134.03514660495
INTERTRAN鄂西-鄂东,5681,7180.532073437502
INTERTRAN鄂西-鄂东,5682,7167.178954999992
INTERTRAN鄂西-鄂东,5683,6404.043275000004
INTERTRAN鄂西-鄂东,5684,10696.695180000002
INTERTRAN鄂西-鄂东,5685,7043.340980000001
INTERTRAN鄂西-鄂东,5686,12600.0
INTERTRAN鄂西-鄂东,5687,11660.18618
INTERTRAN鄂西-鄂东,5688,10794.371705000005
INTERTRAN鄂西-鄂东,5689,10621.20218
INTERTRAN鄂西-鄂东,5690,12600.0
INTERTRAN鄂西-鄂东,5691,8385.261460000002
INTERTRAN鄂西-鄂东,5692,9895.623480000002
INTERTRAN鄂西-鄂东,5693,8804.595879999997
INTERTRAN鄂西-鄂东,5694,9763.731179999999
INTERTRAN鄂西-鄂东,5695,8478.963120000011
INTERTRAN鄂西-鄂东,5696,8450.813305000003
INTERTRAN鄂西-鄂东,5697,7427.251779999999
INTERTRAN鄂西-鄂东,5698,4868.407260784308
INTERTRAN鄂西-鄂东,5699,8441.253155555547
INTERTRAN鄂西-鄂东,5700,9892.79026653595
INTERTRAN鄂西-鄂东,5701,1053.1090800000056
INTERTRAN鄂西-鄂东,5702,8181.144799999991
INTERTRAN鄂西-鄂东,5703,5470.721013594772
INTERTRAN鄂西-鄂东,5704,8703.021881568598
INTERTRAN鄂西-鄂东,5705,9341.577897647065
INTERTRAN鄂西-鄂东,5706,7068.751480000003
INTERTRAN鄂西-鄂东,5707,6244.960199999994
INTERTRAN鄂西-鄂东,5708,7618.253949464524
INTERTRAN鄂西-鄂东,5709,11666.056000000004
INTERTRAN鄂西-鄂东,5710,6574.47508
INTERTRAN鄂西-鄂东,5711,10729.525104619184
INTERTRAN鄂西-鄂东,5712,7833.523979999998
INTERTRAN鄂西-鄂东,5713,8359.934819999988
INTERTRAN鄂西-鄂东,5714,5467.783523458318
INTERTRAN鄂西-鄂东,5715,5516.197980000001
INTERTRAN鄂西-鄂东,5716,5951.431379999998
INTERTRAN鄂西-鄂东,5717,7976.945779999995
INTERTRAN鄂西-鄂东,5718,5253.594080000003
INTERTRAN鄂西-鄂东,5719,8125.511499999997
INTERTRAN鄂西-鄂东,5720,6978.653399999996
INTERTRAN鄂西-鄂东,5721,5242.732780000002
INTERTRAN鄂西-鄂东,5722,1392.9103160929553
INTERTRAN鄂西-鄂东,5723,6988.390562352939
INTERTRAN鄂西-鄂东,5724,-1367.4680506172936
INTERTRAN鄂西-鄂东,5725,4964.915524444448
INTERTRAN鄂西-鄂东,5726,225.27918987654448
INTERTRAN鄂西-鄂东,5727,4041.537566633997
INTERTRAN鄂西-鄂东,5728,6218.579374117646
INTERTRAN鄂西-鄂东,5729,4910.1569954974475
INTERTRAN鄂西-鄂东,5730,7930.588340620918
INTERTRAN鄂西-鄂东,5731,6049.7600246296315
INTERTRAN鄂西-鄂东,5732,4221.983355617289
INTERTRAN鄂西-鄂东,5733,5130.614499999996
INTERTRAN鄂西-鄂东,5734,5367.550884122193
INTERTRAN鄂西-鄂东,5735,6002.524926913582
INTERTRAN鄂西-鄂东,5736,8503.960774045026
INTERTRAN鄂西-鄂东,5737,5749.122336819164
INTERTRAN鄂西-鄂东,5738,-21.934719999999288
INTERTRAN鄂西-鄂东,5739,12284.882060610023
INTERTRAN鄂西-鄂东,5740,4981.87150592593
INTERTRAN鄂西-鄂东,5741,4549.544254509801
INTERTRAN鄂西-鄂东,5742,7649.052799999998
INTERTRAN鄂西-鄂东,5743,4900.487899999993
INTERTRAN鄂西-鄂东,5744,3354.697141376071
INTERTRAN鄂西-鄂东,5745,4926.042387843143
INTERTRAN鄂西-鄂东,5746,-409.3030258823528
INTERTRAN鄂西-鄂东,5747,799.401612672531
INTERTRAN鄂西-鄂东,5748,4098.575416425258
INTERTRAN鄂西-鄂东,5749,3602.020140624514
INTERTRAN鄂西-鄂东,5750,1602.1813152941158
INTERTRAN鄂西-鄂东,5751,-356.21025908498814
INTERTRAN鄂西-鄂东,5752,962.8328108641999
INTERTRAN鄂西-鄂东,5753,3878.751793464042
INTERTRAN鄂西-鄂东,5754,7093.489554320982
INTERTRAN鄂西-鄂东,5755,2871.7116724291955
INTERTRAN鄂西-鄂东,5756,5091.9072192156855
INTERTRAN鄂西-鄂东,5757,3271.4154917647065
INTERTRAN鄂西-鄂东,5758,5174.562080000003
INTERTRAN鄂西-鄂东,5759,6574.598417254903
INTERTRAN鄂西北-鄂东,5616,2583.940231035769
INTERTRAN鄂西北-鄂东,5617,2835.95
INTERTRAN鄂西北-鄂东,5618,-1101.7270199999966
INTERTRAN鄂西北-鄂东,5619,2946.3888799999986
INTERTRAN鄂西北-鄂东,5620,3000.0
INTERTRAN鄂西北-鄂东,5621,1347.1137499999995
INTERTRAN鄂西北-鄂东,5622,3000.0
INTERTRAN鄂西北-鄂东,5623,3000.0
INTERTRAN鄂西北-鄂东,5624,3000.0
INTERTRAN鄂西北-鄂东,5625,2806.796876702416
INTERTRAN鄂西北-鄂东,5626,-3000.0
INTERTRAN鄂西北-鄂东,5627,-3000.0
INTERTRAN鄂西北-鄂东,5628,-3000.0
INTERTRAN鄂西北-鄂东,5629,-3000.0
INTERTRAN鄂西北-鄂东,5630,-3000.0
INTERTRAN鄂西北-鄂东,5631,-3000.0
INTERTRAN鄂西北-鄂东,5632,-3000.0
INTERTRAN鄂西北-鄂东,5633,-3000.0
INTERTRAN鄂西北-鄂东,5634,-2284.749219999989
INTERTRAN鄂西北-鄂东,5635,2944.5027549999995
INTERTRAN鄂西北-鄂东,5636,2871.8676799999994
INTERTRAN鄂西北-鄂东,5637,3000.0
INTERTRAN鄂西北-鄂东,5638,557.8572094645242
INTERTRAN鄂西北-鄂东,5639,2842.1424045341428
INTERTRAN鄂西北-鄂东,5640,3000.0
INTERTRAN鄂西北-鄂东,5641,3000.0
INTERTRAN鄂西北-鄂东,5642,617.0411799999965
INTERTRAN鄂西北-鄂东,5643,3000.0
INTERTRAN鄂西北-鄂东,5644,1405.6219999999994
INTERTRAN鄂西北-鄂东,5645,3000.0
INTERTRAN鄂西北-鄂东,5646,2570.419507565779
INTERTRAN鄂西北-鄂东,5647,3000.0
INTERTRAN鄂西北-鄂东,5648,3000.0
INTERTRAN鄂西北-鄂东,5649,3000.0
INTERTRAN鄂西北-鄂东,5650,-3000.0
INTERTRAN鄂西北-鄂东,5651,-3000.0
INTERTRAN鄂西北-鄂东,5652,-3000.0
INTERTRAN鄂西北-鄂东,5653,-3000.0
INTERTRAN鄂西北-鄂东,5654,-3000.0
INTERTRAN鄂西北-鄂东,5655,-3000.0
INTERTRAN鄂西北-鄂东,5656,-3000.0
INTERTRAN鄂西北-鄂东,5657,-3000.0
INTERTRAN鄂西北-鄂东,5658,-1770.7281150000008
INTERTRAN鄂西北-鄂东,5659,3000.0
INTERTRAN鄂西北-鄂东,5660,3000.0
INTERTRAN鄂西北-鄂东,5661,3000.0
INTERTRAN鄂西北-鄂东,5662,-421.30521999999837
INTERTRAN鄂西北-鄂东,5663,2685.1759999999995
INTERTRAN鄂西北-鄂东,5664,3000.0
INTERTRAN鄂西北-鄂东,5665,-322.9030199999979
INTERTRAN鄂西北-鄂东,5666,3000.0
INTERTRAN鄂西北-鄂东,5667,1241.4217499999995
INTERTRAN鄂西北-鄂东,5668,3000.0
INTERTRAN鄂西北-鄂东,5669,3000.0
INTERTRAN鄂西北-鄂东,5670,1401.2922500000004
INTERTRAN鄂西北-鄂东,5671,3000.0
INTERTRAN鄂西北-鄂东,5672,3000.0
INTERTRAN鄂西北-鄂东,5673,3000.0
INTERTRAN鄂西北-鄂东,5674,3000.0
INTERTRAN鄂西北-鄂东,5675,-2218.8713650000004
INTERTRAN鄂西北-鄂东,5676,-3000.0
INTERTRAN鄂西北-鄂东,5677,124.36616499999855
INTERTRAN鄂西北-鄂东,5678,897.2926849999999
INTERTRAN鄂西北-鄂东,5679,-2926.169760925927
INTERTRAN鄂西北-鄂东,5680,-3000.0
INTERTRAN鄂西北-鄂东,5681,2267.610606562498
INTERTRAN鄂西北-鄂东,5682,3000.0
INTERTRAN鄂西北-鄂东,5683,2764.3396049999965
INTERTRAN鄂西北-鄂东,5684,3000.0
INTERTRAN鄂西北-鄂东,5685,3000.0
INTERTRAN鄂西北-鄂东,5686,1042.0004999999996
INTERTRAN鄂西北-鄂东,5687,3000.0
INTERTRAN鄂西北-鄂东,5688,3000.0
INTERTRAN鄂西北-鄂东,5689,3000.0
INTERTRAN鄂西北-鄂东,5690,2060.924380000002
INTERTRAN鄂西北-鄂东,5691,3000.0
INTERTRAN鄂西北-鄂东,5692,3000.0
INTERTRAN鄂西北-鄂东,5693,2801.4895000000006
INTERTRAN鄂西北-鄂东,5694,1346.9610000000002
INTERTRAN鄂西北-鄂东,5695,2643.263895
INTERTRAN鄂西北-鄂东,5696,2772.2498749999995
INTERTRAN鄂西北-鄂东,5697,3000.0
INTERTRAN鄂西北-鄂东,5698,-3000.0
INTERTRAN鄂西北-鄂东,5699,-3000.0
INTERTRAN鄂西北-鄂东,5700,-3000.0
INTERTRAN鄂西北-鄂东,5701,-3000.0
INTERTRAN鄂西北-鄂东,5702,-3000.0
INTERTRAN鄂西北-鄂东,5703,-3000.0
INTERTRAN鄂西北-鄂东,5704,-3000.0
INTERTRAN鄂西北-鄂东,5705,-3000.0
INTERTRAN鄂西北-鄂东,5706,-3000.0
INTERTRAN鄂西北-鄂东,5707,-773.9640199999894
INTERTRAN鄂西北-鄂东,5708,1913.5622305354727
INTERTRAN鄂西北-鄂东,5709,522.2767649999987
INTERTRAN鄂西北-鄂东,5710,499.0245
INTERTRAN鄂西北-鄂东,5711,-361.65562461918216
INTERTRAN鄂西北-鄂东,5712,3000.0
INTERTRAN鄂西北-鄂东,5713,2562.9632500000007
INTERTRAN鄂西北-鄂东,5714,2336.122391291712
INTERTRAN鄂西北-鄂东,5715,3000.0
INTERTRAN鄂西北-鄂东,5716,3000.0
INTERTRAN鄂西北-鄂东,5717,3000.0
INTERTRAN鄂西北-鄂东,5718,3000.0
INTERTRAN鄂西北-鄂东,5719,1887.5587649999989
INTERTRAN鄂西北-鄂东,5720,2167.2376606666903
INTERTRAN鄂西北-鄂东,5721,3000.0
INTERTRAN鄂西北-鄂东,5722,-3000.0
INTERTRAN鄂西北-鄂东,5723,-3000.0
INTERTRAN鄂西北-鄂东,5724,-2919.110201069385
INTERTRAN鄂西北-鄂东,5725,-3000.0
INTERTRAN鄂西北-鄂东,5726,-3000.0
INTERTRAN鄂西北-鄂东,5727,-3000.0
INTERTRAN鄂西北-鄂东,5728,-3000.0
INTERTRAN鄂西北-鄂东,5729,-3000.0
INTERTRAN鄂西北-鄂东,5730,-1542.8682116013078
INTERTRAN鄂西北-鄂东,5731,-1017.421115217865
INTERTRAN鄂西北-鄂东,5732,45.6194749999986
INTERTRAN鄂西北-鄂东,5733,-183.1372199999969
INTERTRAN鄂西北-鄂东,5734,3000.0
INTERTRAN鄂西北-鄂东,5735,3000.0
INTERTRAN鄂西北-鄂东,5736,3000.0
INTERTRAN鄂西北-鄂东,5737,937.3469999999988
INTERTRAN鄂西北-鄂东,5738,3000.0
INTERTRAN鄂西北-鄂东,5739,-3000.0
INTERTRAN鄂西北-鄂东,5740,3000.0
INTERTRAN鄂西北-鄂东,5741,3000.0
INTERTRAN鄂西北-鄂东,5742,603.1121800000037
INTERTRAN鄂西北-鄂东,5743,1713.845895925925
INTERTRAN鄂西北-鄂东,5744,-90.46022225478828
INTERTRAN鄂西北-鄂东,5745,3000.0
INTERTRAN鄂西北-鄂东,5746,-3000.0
INTERTRAN鄂西北-鄂东,5747,-3000.0
INTERTRAN鄂西北-鄂东,5748,-3000.0
INTERTRAN鄂西北-鄂东,5749,-3000.0
INTERTRAN鄂西北-鄂东,5750,-3000.0
INTERTRAN鄂西北-鄂东,5751,-3000.0
INTERTRAN鄂西北-鄂东,5752,-3000.0
INTERTRAN鄂西北-鄂东,5753,472.5419338888896
INTERTRAN鄂西北-鄂东,5754,-1782.3983811111107
INTERTRAN鄂西北-鄂东,5755,1031.857524999999
INTERTRAN鄂西北-鄂东,5756,3000.0
INTERTRAN鄂西北-鄂东,5757,3000.0
INTERTRAN鄂西北-鄂东,5758,3000.0
INTERTRAN鄂西北-鄂东,5759,3000.0
INTERTRAN鄂西-鄂西北,5616,2000.0
INTERTRAN鄂西-鄂西北,5617,2000.0
INTERTRAN鄂西-鄂西北,5618,-1317.507519999996
INTERTRAN鄂西-鄂西北,5619,2000.0
INTERTRAN鄂西-鄂西北,5620,1115.0089241524392
INTERTRAN鄂西-鄂西北,5621,-2000.0
INTERTRAN鄂西-鄂西北,5622,-2000.0
INTERTRAN鄂西-鄂西北,5623,957.7589400000011
INTERTRAN鄂西-鄂西北,5624,-2000.0
INTERTRAN鄂西-鄂西北,5625,2000.0
INTERTRAN鄂西-鄂西北,5626,-1982.3533800000132
INTERTRAN鄂西-鄂西北,5627,2000.0
INTERTRAN鄂西-鄂西北,5628,2000.0
INTERTRAN鄂西-鄂西北,5629,2000.0
INTERTRAN鄂西-鄂西北,5630,2000.0
INTERTRAN鄂西-鄂西北,5631,2000.0
INTERTRAN鄂西-鄂西北,5632,2000.0
INTERTRAN鄂西-鄂西北,5633,2000.0
INTERTRAN鄂西-鄂西北,5634,-2000.0
INTERTRAN鄂西-鄂西北,5635,2000.0
INTERTRAN鄂西-鄂西北,5636,967.5884050000004
INTERTRAN鄂西-鄂西北,5637,-2000.0
INTERTRAN鄂西-鄂西北,5638,-2000.0
INTERTRAN鄂西-鄂西北,5639,-2000.0
INTERTRAN鄂西-鄂西北,5640,-950.9803540499975
INTERTRAN鄂西-鄂西北,5641,-2000.0
INTERTRAN鄂西-鄂西北,5642,-1573.407820000003
INTERTRAN鄂西-鄂西北,5643,-451.32698000000164
INTERTRAN鄂西-鄂西北,5644,-2000.0
INTERTRAN鄂西-鄂西北,5645,-2000.0
INTERTRAN鄂西-鄂西北,5646,-2000.0
INTERTRAN鄂西-鄂西北,5647,-2000.0
INTERTRAN鄂西-鄂西北,5648,-2000.0
INTERTRAN鄂西-鄂西北,5649,1284.89538
INTERTRAN鄂西-鄂西北,5650,2000.0
INTERTRAN鄂西-鄂西北,5651,2000.0
INTERTRAN鄂西-鄂西北,5652,2000.0
INTERTRAN鄂西-鄂西北,5653,2000.0
INTERTRAN鄂西-鄂西北,5654,1907.9038405555639
INTERTRAN鄂西-鄂西北,5655,2000.0
INTERTRAN鄂西-鄂西北,5656,1800.2203550000013
INTERTRAN鄂西-鄂西北,5657,586.2904199999939
INTERTRAN鄂西-鄂西北,5658,-2000.0
INTERTRAN鄂西-鄂西北,5659,1642.8265850000003
INTERTRAN鄂西-鄂西北,5660,-2000.0
INTERTRAN鄂西-鄂西北,5661,-1953.0759699999987
INTERTRAN鄂西-鄂西北,5662,-2000.0
INTERTRAN鄂西-鄂西北,5663,-2000.0
INTERTRAN鄂西-鄂西北,5664,1901.9072500000002
INTERTRAN鄂西-鄂西北,5665,-1820.6765199999977
INTERTRAN鄂西-鄂西北,5666,-31.740749999999935
INTERTRAN鄂西-鄂西北,5667,-2000.0
INTERTRAN鄂西-鄂西北,5668,-149.22047999999995
INTERTRAN鄂西-鄂西北,5669,649.6982500000013
INTERTRAN鄂西-鄂西北,5670,-2000.0
INTERTRAN鄂西-鄂西北,5671,-375.4603099999995
INTERTRAN鄂西-鄂西北,5672,-1273.552295
INTERTRAN鄂西-鄂西北,5673,1220.1007350000018
INTERTRAN鄂西-鄂西北,5674,2000.0
INTERTRAN鄂西-鄂西北,5675,-2000.0
INTERTRAN鄂西-鄂西北,5676,557.9505000000017
INTERTRAN鄂西-鄂西北,5677,2000.0
INTERTRAN鄂西-鄂西北,5678,2000.0
INTERTRAN鄂西-鄂西北,5679,-2000.0
INTERTRAN鄂西-鄂西北,5680,-2000.0
INTERTRAN鄂西-鄂西北,5681,2000.0
INTERTRAN鄂西-鄂西北,5682,1349.5171450000012
INTERTRAN鄂西-鄂西北,5683,2000.0
INTERTRAN鄂西-鄂西北,5684,-1902.4421874500138
INTERTRAN鄂西-鄂西北,5685,2000.0
INTERTRAN鄂西-鄂西北,5686,-2000.0
INTERTRAN鄂西-鄂西北,5687,-1288.7849800000004
INTERTRAN鄂西-鄂西北,5688,-1168.348500000001
INTERTRAN鄂西-鄂西北,5689,-164.83248000000276
INTERTRAN鄂西-鄂西北,5690,-2000.0
INTERTRAN鄂西-鄂西北,5691,-2000.0
INTERTRAN鄂西-鄂西北,5692,-1664.3357499999993
INTERTRAN鄂西-鄂西北,5693,-2000.0
INTERTRAN鄂西-鄂西北,5694,-2000.0
INTERTRAN鄂西-鄂西北,5695,-2000.0
INTERTRAN鄂西-鄂西北,5696,-2000.0
INTERTRAN鄂西-鄂西北,5697,50.73100500000055
INTERTRAN鄂西-鄂西北,5698,2000.0
INTERTRAN鄂西-鄂西北,5699,2000.0
INTERTRAN鄂西-鄂西北,5700,2000.0
INTERTRAN鄂西-鄂西北,5701,2000.0
INTERTRAN鄂西-鄂西北,5702,2000.0
INTERTRAN鄂西-鄂西北,5703,2000.0
INTERTRAN鄂西-鄂西北,5704,2000.0
INTERTRAN鄂西-鄂西北,5705,1849.2919322222228
INTERTRAN鄂西-鄂西北,5706,2000.0
INTERTRAN鄂西-鄂西北,5707,-2000.0
INTERTRAN鄂西-鄂西北,5708,-2000.0
INTERTRAN鄂西-鄂西北,5709,-2000.0
INTERTRAN鄂西-鄂西北,5710,-2000.0
INTERTRAN鄂西-鄂西北,5711,-2000.0
INTERTRAN鄂西-鄂西北,5712,-2000.0
INTERTRAN鄂西-鄂西北,5713,-2000.0
INTERTRAN鄂西-鄂西北,5714,-2000.0
INTERTRAN鄂西-鄂西北,5715,-2000.0
INTERTRAN鄂西-鄂西北,5716,-2000.0
INTERTRAN鄂西-鄂西北,5717,-2000.0
INTERTRAN鄂西-鄂西北,5718,-2000.0
INTERTRAN鄂西-鄂西北,5719,-2000.0
INTERTRAN鄂西-鄂西北,5720,-2000.0
INTERTRAN鄂西-鄂西北,5721,1839.0271564705877
INTERTRAN鄂西-鄂西北,5722,2000.0
INTERTRAN鄂西-鄂西北,5723,2000.0
INTERTRAN鄂西-鄂西北,5724,2000.0
INTERTRAN鄂西-鄂西北,5725,2000.0
INTERTRAN鄂西-鄂西北,5726,2000.0
INTERTRAN鄂西-鄂西北,5727,2000.0
INTERTRAN鄂西-鄂西北,5728,2000.0
INTERTRAN鄂西-鄂西北,5729,2000.0
INTERTRAN鄂西-鄂西北,5730,2000.0
INTERTRAN鄂西-鄂西北,5731,2000.0
INTERTRAN鄂西-鄂西北,5732,-2000.0
INTERTRAN鄂西-鄂西北,5733,-2000.0
INTERTRAN鄂西-鄂西北,5734,-2000.0
INTERTRAN鄂西-鄂西北,5735,-2000.0
INTERTRAN鄂西-鄂西北,5736,-822.1325374001449
INTERTRAN鄂西-鄂西北,5737,-2000.0
INTERTRAN鄂西-鄂西北,5738,126.44391666666706
INTERTRAN鄂西-鄂西北,5739,-1759.0300383878039
INTERTRAN鄂西-鄂西北,5740,-2000.0
INTERTRAN鄂西-鄂西北,5741,-2000.0
INTERTRAN鄂西-鄂西北,5742,-2000.0
INTERTRAN鄂西-鄂西北,5743,-2000.0
INTERTRAN鄂西-鄂西北,5744,-2000.0
INTERTRAN鄂西-鄂西北,5745,-2000.0
INTERTRAN鄂西-鄂西北,5746,-590.8497899999993
INTERTRAN鄂西-鄂西北,5747,2000.0
INTERTRAN鄂西-鄂西北,5748,2000.0
INTERTRAN鄂西-鄂西北,5749,2000.0
INTERTRAN鄂西-鄂西北,5750,2000.0
INTERTRAN鄂西-鄂西北,5751,2000.0
INTERTRAN鄂西-鄂西北,5752,2000.0
INTERTRAN鄂西-鄂西北,5753,2000.0
INTERTRAN鄂西-鄂西北,5754,-2000.0
INTERTRAN鄂西-鄂西北,5755,-2000.0
INTERTRAN鄂西-鄂西北,5756,-1223.0693699242602
INTERTRAN鄂西-鄂西北,5757,-1580.7599650000002
INTERTRAN鄂西-鄂西北,5758,-2000.0
INTERTRAN鄂西-鄂西北,5759,-2000.0
INTERTRAN鄂西-鄂东,5760,9320.107103502269
INTERTRAN鄂西-鄂东,5761,12600.0
INTERTRAN鄂西-鄂东,5762,8786.691349120629
INTERTRAN鄂西-鄂东,5763,6106.931027443028
INTERTRAN鄂西-鄂东,5764,8380.11630747703
INTERTRAN鄂西-鄂东,5765,11126.814098184488
INTERTRAN鄂西-鄂东,5766,5000.552799922007
INTERTRAN鄂西-鄂东,5767,3214.4686999999994
INTERTRAN鄂西-鄂东,5768,10760.862899792362
INTERTRAN鄂西-鄂东,5769,5196.689808743344
INTERTRAN鄂西-鄂东,5770,1510.7271466666625
INTERTRAN鄂西-鄂东,5771,706.6600824691377
INTERTRAN鄂西-鄂东,5772,7970.114229963681
INTERTRAN鄂西-鄂东,5773,-1768.8319764270109
INTERTRAN鄂西-鄂东,5774,306.4758682352913
INTERTRAN鄂西-鄂东,5775,210.7391825126815
INTERTRAN鄂西-鄂东,5776,549.6265133333309
INTERTRAN鄂西-鄂东,5777,6955.678286371018
INTERTRAN鄂西-鄂东,5778,1217.2349994614142
INTERTRAN鄂西-鄂东,5779,719.1093529411719
INTERTRAN鄂西-鄂东,5780,3734.434870588233
INTERTRAN鄂西-鄂东,5781,4288.009231372547
INTERTRAN鄂西-鄂东,5782,-799.4873015282956
INTERTRAN鄂西-鄂东,5783,9500.178761481482
INTERTRAN鄂西-鄂东,5784,6360.201722727776
INTERTRAN鄂西-鄂东,5785,7635.663583631085
INTERTRAN鄂西-鄂东,5786,4644.568574329431
INTERTRAN鄂西-鄂东,5787,-1841.6349388526014
INTERTRAN鄂西-鄂东,5788,4662.44728
INTERTRAN鄂西-鄂东,5789,1185.7326659114024
INTERTRAN鄂西-鄂东,5790,2843.4061800000018
INTERTRAN鄂西-鄂东,5791,7843.250153405941
INTERTRAN鄂西-鄂东,5792,320.4410940649377
INTERTRAN鄂西-鄂东,5793,420.5251613298933
INTERTRAN鄂西-鄂东,5794,-678.8092368917969
INTERTRAN鄂西-鄂东,5795,1237.2786664052219
INTERTRAN鄂西-鄂东,5796,5795.225171241826
INTERTRAN鄂西-鄂东,5797,-1310.424757908495
INTERTRAN鄂西-鄂东,5798,-67.73309890337441
INTERTRAN鄂西-鄂东,5799,3555.1302555555485
INTERTRAN鄂西-鄂东,5800,2280.339153231662
INTERTRAN鄂西-鄂东,5801,4098.183038823532
INTERTRAN鄂西-鄂东,5802,2421.006163898983
INTERTRAN鄂西-鄂东,5803,-543.2162362892723
INTERTRAN鄂西-鄂东,5804,873.4166999999961
INTERTRAN鄂西-鄂东,5805,-824.8087627451023
INTERTRAN鄂西-鄂东,5806,6577.190980000003
INTERTRAN鄂西-鄂东,5807,10122.852145630066
INTERTRAN鄂西-鄂东,5808,10134.644611764706
INTERTRAN鄂西-鄂东,5809,1186.8266298716208
INTERTRAN鄂西-鄂东,5810,5420.258018271605
INTERTRAN鄂西-鄂东,5811,12534.525897481573
INTERTRAN鄂西-鄂东,5812,-2839.7002873638376
INTERTRAN鄂西-鄂东,5813,-2539.7579346445073
INTERTRAN鄂西-鄂东,5814,10729.971132941173
INTERTRAN鄂西-鄂东,5815,1522.4924246913542
INTERTRAN鄂西-鄂东,5816,7840.918169135795
INTERTRAN鄂西-鄂东,5817,-1984.016531764706
INTERTRAN鄂西-鄂东,5818,606.7774028176973
INTERTRAN鄂西-鄂东,5819,3149.1046305882483
INTERTRAN鄂西-鄂东,5820,-2173.8850000000093
INTERTRAN鄂西-鄂东,5821,975.0155999999915
INTERTRAN鄂西-鄂东,5822,985.4161555555511
INTERTRAN鄂西-鄂东,5823,2099.638723717333
INTERTRAN鄂西-鄂东,5824,2082.3915418300676
INTERTRAN鄂西-鄂东,5825,4781.332188133631
INTERTRAN鄂西-鄂东,5826,1088.4584830065305
INTERTRAN鄂西-鄂东,5827,2203.167356853739
INTERTRAN鄂西-鄂东,5828,-1967.1765870733507
INTERTRAN鄂西-鄂东,5829,2967.8456541031173
INTERTRAN鄂西-鄂东,5830,2063.38322941176
INTERTRAN鄂西-鄂东,5831,3725.5978750532995
INTERTRAN鄂西-鄂东,5832,12306.177946477866
INTERTRAN鄂西-鄂东,5833,8309.946882352942
INTERTRAN鄂西-鄂东,5834,6749.741081699343
INTERTRAN鄂西-鄂东,5835,1806.2849470588226
INTERTRAN鄂西-鄂东,5836,6977.298097431372
INTERTRAN鄂西-鄂东,5837,8595.098300000001
INTERTRAN鄂西-鄂东,5838,1504.0239888888882
INTERTRAN鄂西-鄂东,5839,9230.810604309372
INTERTRAN鄂西-鄂东,5840,1274.7462028623486
INTERTRAN鄂西-鄂东,5841,-264.17680413943344
INTERTRAN鄂西-鄂东,5842,2724.7904515541068
INTERTRAN鄂西-鄂东,5843,-3075.41207516338
INTERTRAN鄂西-鄂东,5844,3635.858911111116
INTERTRAN鄂西-鄂东,5845,-731.4940359477205
INTERTRAN鄂西-鄂东,5846,877.7789691634134
INTERTRAN鄂西-鄂东,5847,3839.699433333335
INTERTRAN鄂西-鄂东,5848,4090.5635529411666
INTERTRAN鄂西-鄂东,5849,3366.5134823529315
INTERTRAN鄂西-鄂东,5850,4392.9553588235285
INTERTRAN鄂西-鄂东,5851,-4080.328541323139
INTERTRAN鄂西-鄂东,5852,1674.1667788692812
INTERTRAN鄂西-鄂东,5853,5526.748
INTERTRAN鄂西-鄂东,5854,5874.545113897948
INTERTRAN鄂西-鄂东,5855,4297.376649382713
INTERTRAN鄂西-鄂东,5856,7600.2294729825735
INTERTRAN鄂西-鄂东,5857,532.7239999999983
INTERTRAN鄂西-鄂东,5858,9970.144659259262
INTERTRAN鄂西-鄂东,5859,3207.1855481481452
INTERTRAN鄂西-鄂东,5860,7590.774966666664
INTERTRAN鄂西-鄂东,5861,6086.977498765435
INTERTRAN鄂西-鄂东,5862,6966.868751851856
INTERTRAN鄂西-鄂东,5863,4092.1746333333285
INTERTRAN鄂西-鄂东,5864,3599.3517128672684
INTERTRAN鄂西-鄂东,5865,5880.410557352945
INTERTRAN鄂西-鄂东,5866,-466.3380927196795
INTERTRAN鄂西-鄂东,5867,-38.353466521462906
INTERTRAN鄂西-鄂东,5868,3919.43154444444
INTERTRAN鄂西-鄂东,5869,3882.6362282498085
INTERTRAN鄂西-鄂东,5870,4649.157923602041
INTERTRAN鄂西-鄂东,5871,-2933.1453588961467
INTERTRAN鄂西-鄂东,5872,-382.98429999999644
INTERTRAN鄂西-鄂东,5873,3953.3284105677812
INTERTRAN鄂西-鄂东,5874,128.54300167029214
INTERTRAN鄂西-鄂东,5875,6784.3839823529415
INTERTRAN鄂西-鄂东,5876,6818.138652712463
INTERTRAN鄂西-鄂东,5877,-2674.905672839506
INTERTRAN鄂西-鄂东,5878,9009.54196470588
INTERTRAN鄂西-鄂东,5879,7596.130238707334
INTERTRAN鄂西-鄂东,5880,2053.285899999999
INTERTRAN鄂西-鄂东,5881,10329.138206392257
INTERTRAN鄂西-鄂东,5882,8462.474933769063
INTERTRAN鄂西-鄂东,5883,1866.616799999998
INTERTRAN鄂西-鄂东,5884,1918.5304543209859
INTERTRAN鄂西-鄂东,5885,12600.0
INTERTRAN鄂西-鄂东,5886,1821.664854901961
INTERTRAN鄂西-鄂东,5887,4568.0229
INTERTRAN鄂西-鄂东,5888,3516.392292793211
INTERTRAN鄂西-鄂东,5889,2068.2657352941205
INTERTRAN鄂西-鄂东,5890,2530.0373905651377
INTERTRAN鄂西-鄂东,5891,-1409.5766761134346
INTERTRAN鄂西-鄂东,5892,2312.607186625846
INTERTRAN鄂西-鄂东,5893,1642.041946042118
INTERTRAN鄂西-鄂东,5894,2449.700058999384
INTERTRAN鄂西-鄂东,5895,944.2832464052299
INTERTRAN鄂西-鄂东,5896,3694.579623423935
INTERTRAN鄂西-鄂东,5897,2485.095322712814
INTERTRAN鄂西-鄂东,5898,-2038.674582942749
INTERTRAN鄂西-鄂东,5899,10247.676349382717
INTERTRAN鄂西-鄂东,5900,-909.005578921955
INTERTRAN鄂西-鄂东,5901,12289.772799999999
INTERTRAN鄂西-鄂东,5902,4854.286824981842
INTERTRAN鄂西-鄂东,5903,880.4400999999998
INTERTRAN鄂西北-鄂东,5760,3000.0
INTERTRAN鄂西北-鄂东,5761,3000.0
INTERTRAN鄂西北-鄂东,5762,-1872.7598753526909
INTERTRAN鄂西北-鄂东,5763,3000.0
INTERTRAN鄂西北-鄂东,5764,2257.2210555555557
INTERTRAN鄂西北-鄂东,5765,-3000.0
INTERTRAN鄂西北-鄂东,5766,3000.0
INTERTRAN鄂西北-鄂东,5767,3000.0
INTERTRAN鄂西北-鄂东,5768,-2763.354133271605
INTERTRAN鄂西北-鄂东,5769,-3000.0
INTERTRAN鄂西北-鄂东,5770,-3000.0
INTERTRAN鄂西北-鄂东,5771,-3000.0
INTERTRAN鄂西北-鄂东,5772,-3000.0
INTERTRAN鄂西北-鄂东,5773,-3000.0
INTERTRAN鄂西北-鄂东,5774,-3000.0
INTERTRAN鄂西北-鄂东,5775,-3000.0
INTERTRAN鄂西北-鄂东,5776,-3000.0
INTERTRAN鄂西北-鄂东,5777,-3000.0
INTERTRAN鄂西北-鄂东,5778,-3000.0
INTERTRAN鄂西北-鄂东,5779,-143.38169000000062
INTERTRAN鄂西北-鄂东,5780,-42.93626657951927
INTERTRAN鄂西北-鄂东,5781,3000.0
INTERTRAN鄂西北-鄂东,5782,3000.0
INTERTRAN鄂西北-鄂东,5783,1366.7020185185174
INTERTRAN鄂西北-鄂东,5784,-282.9854427277787
INTERTRAN鄂西北-鄂东,5785,3000.0
INTERTRAN鄂西北-鄂东,5786,3000.0
INTERTRAN鄂西北-鄂东,5787,3000.0
INTERTRAN鄂西北-鄂东,5788,3000.0
INTERTRAN鄂西北-鄂东,5789,3000.0
INTERTRAN鄂西北-鄂东,5790,3000.0
INTERTRAN鄂西北-鄂东,5791,3000.0
INTERTRAN鄂西北-鄂东,5792,2413.7210490843117
INTERTRAN鄂西北-鄂东,5793,2149.8011357289142
INTERTRAN鄂西北-鄂东,5794,-3000.0
INTERTRAN鄂西北-鄂东,5795,-3000.0
INTERTRAN鄂西北-鄂东,5796,-3000.0
INTERTRAN鄂西北-鄂东,5797,-3000.0
INTERTRAN鄂西北-鄂东,5798,-3000.0
INTERTRAN鄂西北-鄂东,5799,-3000.0
INTERTRAN鄂西北-鄂东,5800,-3000.0
INTERTRAN鄂西北-鄂东,5801,-3000.0
INTERTRAN鄂西北-鄂东,5802,1218.5915600000008
INTERTRAN鄂西北-鄂东,5803,2044.452725942605
INTERTRAN鄂西北-鄂东,5804,2581.153752962966
INTERTRAN鄂西北-鄂东,5805,3000.0
INTERTRAN鄂西北-鄂东,5806,3000.0
INTERTRAN鄂西北-鄂东,5807,3000.0
INTERTRAN鄂西北-鄂东,5808,3000.0
INTERTRAN鄂西北-鄂东,5809,1399.20273262125
INTERTRAN鄂西北-鄂东,5810,3000.0
INTERTRAN鄂西北-鄂东,5811,-2723.340720588236
INTERTRAN鄂西北-鄂东,5812,3000.0
INTERTRAN鄂西北-鄂东,5813,3000.0
INTERTRAN鄂西北-鄂东,5814,3000.0
INTERTRAN鄂西北-鄂东,5815,3000.0
INTERTRAN鄂西北-鄂东,5816,3000.0
INTERTRAN鄂西北-鄂东,5817,3000.0
INTERTRAN鄂西北-鄂东,5818,602.4360836456317
INTERTRAN鄂西北-鄂东,5819,-3000.0
INTERTRAN鄂西北-鄂东,5820,-3000.0
INTERTRAN鄂西北-鄂东,5821,-3000.0
INTERTRAN鄂西北-鄂东,5822,-3000.0
INTERTRAN鄂西北-鄂东,5823,-3000.0
INTERTRAN鄂西北-鄂东,5824,-3000.0
INTERTRAN鄂西北-鄂东,5825,-3000.0
INTERTRAN鄂西北-鄂东,5826,-1447.5091324182922
INTERTRAN鄂西北-鄂东,5827,3000.0
INTERTRAN鄂西北-鄂东,5828,3000.0
INTERTRAN鄂西北-鄂东,5829,3000.0
INTERTRAN鄂西北-鄂东,5830,3000.0
INTERTRAN鄂西北-鄂东,5831,3000.0
INTERTRAN鄂西北-鄂东,5832,283.58739600143144
INTERTRAN鄂西北-鄂东,5833,-1413.518490740741
INTERTRAN鄂西北-鄂东,5834,3000.0
INTERTRAN鄂西北-鄂东,5835,3000.0
INTERTRAN鄂西北-鄂东,5836,3000.0
INTERTRAN鄂西北-鄂东,5837,3000.0
INTERTRAN鄂西北-鄂东,5838,3000.0
INTERTRAN鄂西北-鄂东,5839,3000.0
INTERTRAN鄂西北-鄂东,5840,3000.0
INTERTRAN鄂西北-鄂东,5841,3000.0
INTERTRAN鄂西北-鄂东,5842,-2134.377183580247
INTERTRAN鄂西北-鄂东,5843,-3000.0
INTERTRAN鄂西北-鄂东,5844,-3000.0
INTERTRAN鄂西北-鄂东,5845,-3000.0
INTERTRAN鄂西北-鄂东,5846,-3000.0
INTERTRAN鄂西北-鄂东,5847,-3000.0
INTERTRAN鄂西北-鄂东,5848,-3000.0
INTERTRAN鄂西北-鄂东,5849,-3000.0
INTERTRAN鄂西北-鄂东,5850,-3000.0
INTERTRAN鄂西北-鄂东,5851,3000.0
INTERTRAN鄂西北-鄂东,5852,3000.0
INTERTRAN鄂西北-鄂东,5853,3000.0
INTERTRAN鄂西北-鄂东,5854,3000.0
INTERTRAN鄂西北-鄂东,5855,3000.0
INTERTRAN鄂西北-鄂东,5856,-3000.0
INTERTRAN鄂西北-鄂东,5857,3000.0
INTERTRAN鄂西北-鄂东,5858,3000.0
INTERTRAN鄂西北-鄂东,5859,1368.316818518526
INTERTRAN鄂西北-鄂东,5860,3000.0
INTERTRAN鄂西北-鄂东,5861,3000.0
INTERTRAN鄂西北-鄂东,5862,3000.0
INTERTRAN鄂西北-鄂东,5863,3000.0
INTERTRAN鄂西北-鄂东,5864,2893.8666350000003
INTERTRAN鄂西北-鄂东,5865,1739.5680249999987
INTERTRAN鄂西北-鄂东,5866,2780.6714515432086
INTERTRAN鄂西北-鄂东,5867,-1658.7387598148157
INTERTRAN鄂西北-鄂东,5868,-3000.0
INTERTRAN鄂西北-鄂东,5869,-3000.0
INTERTRAN鄂西北-鄂东,5870,-3000.0
INTERTRAN鄂西北-鄂东,5871,-3000.0
INTERTRAN鄂西北-鄂东,5872,-3000.0
INTERTRAN鄂西北-鄂东,5873,-3000.0
INTERTRAN鄂西北-鄂东,5874,824.9633234676476
INTERTRAN鄂西北-鄂东,5875,-3000.0
INTERTRAN鄂西北-鄂东,5876,3000.0
INTERTRAN鄂西北-鄂东,5877,3000.0
INTERTRAN鄂西北-鄂东,5878,3000.0
INTERTRAN鄂西北-鄂东,5879,3000.0
INTERTRAN鄂西北-鄂东,5880,3000.0
INTERTRAN鄂西北-鄂东,5881,2387.924074956536
INTERTRAN鄂西北-鄂东,5882,3000.0
INTERTRAN鄂西北-鄂东,5883,3000.0
INTERTRAN鄂西北-鄂东,5884,3000.0
INTERTRAN鄂西北-鄂东,5885,2900.4685150326804
INTERTRAN鄂西北-鄂东,5886,3000.0
INTERTRAN鄂西北-鄂东,5887,3000.0
INTERTRAN鄂西北-鄂东,5888,-2290.8256398520352
INTERTRAN鄂西北-鄂东,5889,3000.0
INTERTRAN鄂西北-鄂东,5890,-3000.0
INTERTRAN鄂西北-鄂东,5891,-3000.0
INTERTRAN鄂西北-鄂东,5892,-2964.9393195727384
INTERTRAN鄂西北-鄂东,5893,-3000.0
INTERTRAN鄂西北-鄂东,5894,-3000.0
INTERTRAN鄂西北-鄂东,5895,-3000.0
INTERTRAN鄂西北-鄂东,5896,-3000.0
INTERTRAN鄂西北-鄂东,5897,-3000.0
INTERTRAN鄂西北-鄂东,5898,-80.98598999999876
INTERTRAN鄂西北-鄂东,5899,-2808.789524391344
INTERTRAN鄂西北-鄂东,5900,3000.0
INTERTRAN鄂西北-鄂东,5901,3000.0
INTERTRAN鄂西北-鄂东,5902,3000.0
INTERTRAN鄂西北-鄂东,5903,3000.0
INTERTRAN鄂西-鄂西北,5760,-2000.0
INTERTRAN鄂西-鄂西北,5761,-2000.0
INTERTRAN鄂西-鄂西北,5762,-2000.0
INTERTRAN鄂西-鄂西北,5763,-2000.0
INTERTRAN鄂西-鄂西北,5764,-2000.0
INTERTRAN鄂西-鄂西北,5765,-2000.0
INTERTRAN鄂西-鄂西北,5766,-2000.0
INTERTRAN鄂西-鄂西北,5767,-2000.0
INTERTRAN鄂西-鄂西北,5768,-2000.0
INTERTRAN鄂西-鄂西北,5769,-1270.2342675668751
INTERTRAN鄂西-鄂西北,5770,2000.0
INTERTRAN鄂西-鄂西北,5771,2000.0
INTERTRAN鄂西-鄂西北,5772,2000.0
INTERTRAN鄂西-鄂西北,5773,2000.0
INTERTRAN鄂西-鄂西北,5774,2000.0
INTERTRAN鄂西-鄂西北,5775,2000.0
INTERTRAN鄂西-鄂西北,5776,2000.0
INTERTRAN鄂西-鄂西北,5777,2000.0
INTERTRAN鄂西-鄂西北,5778,2000.0
INTERTRAN鄂西-鄂西北,5779,2000.0
INTERTRAN鄂西-鄂西北,5780,-2000.0
INTERTRAN鄂西-鄂西北,5781,-2000.0
INTERTRAN鄂西-鄂西北,5782,-1738.6495000000004
INTERTRAN鄂西-鄂西北,5783,-2000.0
INTERTRAN鄂西-鄂西北,5784,-2000.0
INTERTRAN鄂西-鄂西北,5785,-2000.0
INTERTRAN鄂西-鄂西北,5786,-2000.0
INTERTRAN鄂西-鄂西北,5787,-2000.0
INTERTRAN鄂西-鄂西北,5788,-2000.0
INTERTRAN鄂西-鄂西北,5789,-867.2140786051114
INTERTRAN鄂西-鄂西北,5790,-2000.0
INTERTRAN鄂西-鄂西北,5791,-2000.0
INTERTRAN鄂西-鄂西北,5792,-2000.0
INTERTRAN鄂西-鄂西北,5793,2000.0
INTERTRAN鄂西-鄂西北,5794,2000.0
INTERTRAN鄂西-鄂西北,5795,2000.0
INTERTRAN鄂西-鄂西北,5796,2000.0
INTERTRAN鄂西-鄂西北,5797,2000.0
INTERTRAN鄂西-鄂西北,5798,2000.0
INTERTRAN鄂西-鄂西北,5799,2000.0
INTERTRAN鄂西-鄂西北,5800,2000.0
INTERTRAN鄂西-鄂西北,5801,2000.0
INTERTRAN鄂西-鄂西北,5802,2000.0
INTERTRAN鄂西-鄂西北,5803,2000.0
INTERTRAN鄂西-鄂西北,5804,-2000.0
INTERTRAN鄂西-鄂西北,5805,-2000.0
INTERTRAN鄂西-鄂西北,5806,1192.7332845155888
INTERTRAN鄂西-鄂西北,5807,-2000.0
INTERTRAN鄂西-鄂西北,5808,-2000.0
INTERTRAN鄂西-鄂西北,5809,-2000.0
INTERTRAN鄂西-鄂西北,5810,-2000.0
INTERTRAN鄂西-鄂西北,5811,-2000.0
INTERTRAN鄂西-鄂西北,5812,-2000.0
INTERTRAN鄂西-鄂西北,5813,-2000.0
INTERTRAN鄂西-鄂西北,5814,-2000.0
INTERTRAN鄂西-鄂西北,5815,-2000.0
INTERTRAN鄂西-鄂西北,5816,-2000.0
INTERTRAN鄂西-鄂西北,5817,1930.8905789049213
INTERTRAN鄂西-鄂西北,5818,2000.0
INTERTRAN鄂西-鄂西北,5819,2000.0
INTERTRAN鄂西-鄂西北,5820,2000.0
INTERTRAN鄂西-鄂西北,5821,2000.0
INTERTRAN鄂西-鄂西北,5822,2000.0
INTERTRAN鄂西-鄂西北,5823,2000.0
INTERTRAN鄂西-鄂西北,5824,2000.0
INTERTRAN鄂西-鄂西北,5825,2000.0
INTERTRAN鄂西-鄂西北,5826,2000.0
INTERTRAN鄂西-鄂西北,5827,-2000.0
INTERTRAN鄂西-鄂西北,5828,-2000.0
INTERTRAN鄂西-鄂西北,5829,-2000.0
INTERTRAN鄂西-鄂西北,5830,-2000.0
INTERTRAN鄂西-鄂西北,5831,-2000.0
INTERTRAN鄂西-鄂西北,5832,-2000.0
INTERTRAN鄂西-鄂西北,5833,-2000.0
INTERTRAN鄂西-鄂西北,5834,-2000.0
INTERTRAN鄂西-鄂西北,5835,-2000.0
INTERTRAN鄂西-鄂西北,5836,-2000.0
INTERTRAN鄂西-鄂西北,5837,-2000.0
INTERTRAN鄂西-鄂西北,5838,-2000.0
INTERTRAN鄂西-鄂西北,5839,-2000.0
INTERTRAN鄂西-鄂西北,5840,-2000.0
INTERTRAN鄂西-鄂西北,5841,1628.5150621689027
INTERTRAN鄂西-鄂西北,5842,2000.0
INTERTRAN鄂西-鄂西北,5843,2000.0
INTERTRAN鄂西-鄂西北,5844,2000.0
INTERTRAN鄂西-鄂西北,5845,2000.0
INTERTRAN鄂西-鄂西北,5846,2000.0
INTERTRAN鄂西-鄂西北,5847,2000.0
INTERTRAN鄂西-鄂西北,5848,2000.0
INTERTRAN鄂西-鄂西北,5849,2000.0
INTERTRAN鄂西-鄂西北,5850,2000.0
INTERTRAN鄂西-鄂西北,5851,2000.0
INTERTRAN鄂西-鄂西北,5852,-1517.5517630246904
INTERTRAN鄂西-鄂西北,5853,-2000.0
INTERTRAN鄂西-鄂西北,5854,-2000.0
INTERTRAN鄂西-鄂西北,5855,-2000.0
INTERTRAN鄂西-鄂西北,5856,-2000.0
INTERTRAN鄂西-鄂西北,5857,-2000.0
INTERTRAN鄂西-鄂西北,5858,-2000.0
INTERTRAN鄂西-鄂西北,5859,-2000.0
INTERTRAN鄂西-鄂西北,5860,-2000.0
INTERTRAN鄂西-鄂西北,5861,-2000.0
INTERTRAN鄂西-鄂西北,5862,-2000.0
INTERTRAN鄂西-鄂西北,5863,-2000.0
INTERTRAN鄂西-鄂西北,5864,-2000.0
INTERTRAN鄂西-鄂西北,5865,-2000.0
INTERTRAN鄂西-鄂西北,5866,2000.0
INTERTRAN鄂西-鄂西北,5867,2000.0
INTERTRAN鄂西-鄂西北,5868,2000.0
INTERTRAN鄂西-鄂西北,5869,2000.0
INTERTRAN鄂西-鄂西北,5870,2000.0
INTERTRAN鄂西-鄂西北,5871,2000.0
INTERTRAN鄂西-鄂西北,5872,2000.0
INTERTRAN鄂西-鄂西北,5873,2000.0
INTERTRAN鄂西-鄂西北,5874,2000.0
INTERTRAN鄂西-鄂西北,5875,-2000.0
INTERTRAN鄂西-鄂西北,5876,-2000.0
INTERTRAN鄂西-鄂西北,5877,-2000.0
INTERTRAN鄂西-鄂西北,5878,-2000.0
INTERTRAN鄂西-鄂西北,5879,-2000.0
INTERTRAN鄂西-鄂西北,5880,-2000.0
INTERTRAN鄂西-鄂西北,5881,-2000.0
INTERTRAN鄂西-鄂西北,5882,-2000.0
INTERTRAN鄂西-鄂西北,5883,-1045.9949228395058
INTERTRAN鄂西-鄂西北,5884,-2000.0
INTERTRAN鄂西-鄂西北,5885,-2000.0
INTERTRAN鄂西-鄂西北,5886,-2000.0
INTERTRAN鄂西-鄂西北,5887,-2000.0
INTERTRAN鄂西-鄂西北,5888,-2000.0
INTERTRAN鄂西-鄂西北,5889,1952.5143454320996
INTERTRAN鄂西-鄂西北,5890,2000.0
INTERTRAN鄂西-鄂西北,5891,2000.0
INTERTRAN鄂西-鄂西北,5892,2000.0
INTERTRAN鄂西-鄂西北,5893,2000.0
INTERTRAN鄂西-鄂西北,5894,2000.0
INTERTRAN鄂西-鄂西北,5895,2000.0
INTERTRAN鄂西-鄂西北,5896,2000.0
INTERTRAN鄂西-鄂西北,5897,2000.0
INTERTRAN鄂西-鄂西北,5898,2000.0
INTERTRAN鄂西-鄂西北,5899,-2000.0
INTERTRAN鄂西-鄂西北,5900,-2000.0
INTERTRAN鄂西-鄂西北,5901,-2000.0
INTERTRAN鄂西-鄂西北,5902,-2000.0
INTERTRAN鄂西-鄂西北,5903,-2000.0
INTERTRAN鄂西-鄂东,5904,5246.545399999999
INTERTRAN鄂西-鄂东,5905,1507.4457999999904
INTERTRAN鄂西-鄂东,5906,4368.91364217145
INTERTRAN鄂西-鄂东,5907,4665.930500000002
INTERTRAN鄂西-鄂东,5908,3336.879399999998
INTERTRAN鄂西-鄂东,5909,4401.825414882362
INTERTRAN鄂西-鄂东,5910,3216.356447500002
INTERTRAN鄂西-鄂东,5911,1283.1844
INTERTRAN鄂西-鄂东,5912,1565.0733
INTERTRAN鄂西-鄂东,5913,1457.4631584450399
INTERTRAN鄂西-鄂东,5914,3191.8269438888783
INTERTRAN鄂西-鄂东,5915,-338.11979999999676
INTERTRAN鄂西-鄂东,5916,-1156.5979796640895
INTERTRAN鄂西-鄂东,5917,736.5846316666575
INTERTRAN鄂西-鄂东,5918,1397.6181472263816
INTERTRAN鄂西-鄂东,5919,6655.062033333332
INTERTRAN鄂西-鄂东,5920,-3399.750362695744
INTERTRAN鄂西-鄂东,5921,4742.936410564285
INTERTRAN鄂西-鄂东,5922,1603.5552150000003
INTERTRAN鄂西-鄂东,5923,2391.80669999999
INTERTRAN鄂西-鄂东,5924,198.58929999999054
INTERTRAN鄂西-鄂东,5925,-277.21714110000903
INTERTRAN鄂西-鄂东,5926,3658.7484000000004
INTERTRAN鄂西-鄂东,5927,4799.603899999995
INTERTRAN鄂西-鄂东,5928,2785.995399999998
INTERTRAN鄂西-鄂东,5929,1395.016919375008
INTERTRAN鄂西-鄂东,5930,-1673.7056499999999
INTERTRAN鄂西-鄂东,5931,3002.5018999999993
INTERTRAN鄂西-鄂东,5932,266.1704000000009
INTERTRAN鄂西-鄂东,5933,6289.932000000004
INTERTRAN鄂西-鄂东,5934,5518.364849999998
INTERTRAN鄂西-鄂东,5935,4627.831900000001
INTERTRAN鄂西-鄂东,5936,5756.355400000004
INTERTRAN鄂西-鄂东,5937,4118.092299999989
INTERTRAN鄂西-鄂东,5938,3405.019199999995
INTERTRAN鄂西-鄂东,5939,1698.7955221207721
INTERTRAN鄂西-鄂东,5940,5496.030487654309
INTERTRAN鄂西-鄂东,5941,4675.867019055699
INTERTRAN鄂西-鄂东,5942,1810.0660555555587
INTERTRAN鄂西-鄂东,5943,4059.3031666393945
INTERTRAN鄂西-鄂东,5944,1704.6572257916723
INTERTRAN鄂西-鄂东,5945,5522.359763297223
INTERTRAN鄂西-鄂东,5946,5889.367564705877
INTERTRAN鄂西-鄂东,5947,3967.620040000009
INTERTRAN鄂西-鄂东,5948,4343.64829999999
INTERTRAN鄂西-鄂东,5949,7786.9328129491405
INTERTRAN鄂西-鄂东,5950,5387.622913652867
INTERTRAN鄂西-鄂东,5951,6900.637976470596
INTERTRAN鄂西-鄂东,5952,7141.372350000012
INTERTRAN鄂西-鄂东,5953,2956.7066000000013
INTERTRAN鄂西-鄂东,5954,5165.819999999989
INTERTRAN鄂西-鄂东,5955,6134.112550854177
INTERTRAN鄂西-鄂东,5956,3893.584299999995
INTERTRAN鄂西-鄂东,5957,5652.1679
INTERTRAN鄂西-鄂东,5958,5189.734300000004
INTERTRAN鄂西-鄂东,5959,8107.5269499999995
INTERTRAN鄂西-鄂东,5960,6156.225599999998
INTERTRAN鄂西-鄂东,5961,1168.4192999999977
INTERTRAN鄂西-鄂东,5962,2644.6868111111035
INTERTRAN鄂西-鄂东,5963,250.64789114015548
INTERTRAN鄂西-鄂东,5964,-4129.677694771248
INTERTRAN鄂西-鄂东,5965,1173.4636111111122
INTERTRAN鄂西-鄂东,5966,1348.368348366026
INTERTRAN鄂西-鄂东,5967,-233.9514413326342
INTERTRAN鄂西-鄂东,5968,3819.809000000001
INTERTRAN鄂西-鄂东,5969,3820.01449999999
INTERTRAN鄂西-鄂东,5970,6083.647512647061
INTERTRAN鄂西-鄂东,5971,3959.823700000001
INTERTRAN鄂西-鄂东,5972,8105.204559999998
INTERTRAN鄂西-鄂东,5973,7818.462499999998
INTERTRAN鄂西-鄂东,5974,5858.054199300084
INTERTRAN鄂西-鄂东,5975,9106.631500000003
INTERTRAN鄂西-鄂东,5976,9261.1483
INTERTRAN鄂西-鄂东,5977,5624.320000000003
INTERTRAN鄂西-鄂东,5978,8101.2693
INTERTRAN鄂西-鄂东,5979,4651.775900000001
INTERTRAN鄂西-鄂东,5980,2780.547601191669
INTERTRAN鄂西-鄂东,5981,6501.660299999996
INTERTRAN鄂西-鄂东,5982,10175.80775
INTERTRAN鄂西-鄂东,5983,2668.5828999999976
INTERTRAN鄂西-鄂东,5984,7862.877200000003
INTERTRAN鄂西-鄂东,5985,7666.658954999995
INTERTRAN鄂西-鄂东,5986,4451.516396811978
INTERTRAN鄂西-鄂东,5987,-603.6831065723054
INTERTRAN鄂西-鄂东,5988,2475.871700000007
INTERTRAN鄂西-鄂东,5989,4197.809511111103
INTERTRAN鄂西-鄂东,5990,3210.5285886710153
INTERTRAN鄂西-鄂东,5991,-3410.5601849673258
INTERTRAN鄂西-鄂东,5992,4843.098714444437
INTERTRAN鄂西-鄂东,5993,6998.23294727668
INTERTRAN鄂西-鄂东,5994,7972.731499999994
INTERTRAN鄂西-鄂东,5995,3580.6696999999967
INTERTRAN鄂西-鄂东,5996,8548.2938
INTERTRAN鄂西-鄂东,5997,9809.097851736573
INTERTRAN鄂西-鄂东,5998,8846.764050000002
INTERTRAN鄂西-鄂东,5999,9941.630400000005
INTERTRAN鄂西-鄂东,6000,7487.276950000003
INTERTRAN鄂西-鄂东,6001,8570.097199999997
INTERTRAN鄂西-鄂东,6002,4190.215
INTERTRAN鄂西-鄂东,6003,5946.793949999999
INTERTRAN鄂西-鄂东,6004,3652.5244399999974
INTERTRAN鄂西-鄂东,6005,8244.285499999998
INTERTRAN鄂西-鄂东,6006,8436.013299999999
INTERTRAN鄂西-鄂东,6007,8052.081100000003
INTERTRAN鄂西-鄂东,6008,7782.807049999999
INTERTRAN鄂西-鄂东,6009,6766.5978
INTERTRAN鄂西-鄂东,6010,4844.297704901957
INTERTRAN鄂西-鄂东,6011,3907.686516630354
INTERTRAN鄂西-鄂东,6012,239.55056666666678
INTERTRAN鄂西-鄂东,6013,852.1607359840473
INTERTRAN鄂西-鄂东,6014,9791.83122614379
INTERTRAN鄂西-鄂东,6015,1693.568541176459
INTERTRAN鄂西-鄂东,6016,3559.6164111111193
INTERTRAN鄂西-鄂东,6017,2004.9819999999963
INTERTRAN鄂西-鄂东,6018,7516.0569983892965
INTERTRAN鄂西-鄂东,6019,9198.529700000003
INTERTRAN鄂西-鄂东,6020,7567.9
INTERTRAN鄂西-鄂东,6021,6902.745300000002
INTERTRAN鄂西-鄂东,6022,33.19730000000163
INTERTRAN鄂西-鄂东,6023,10772.764799999997
INTERTRAN鄂西-鄂东,6024,11148.729600000002
INTERTRAN鄂西-鄂东,6025,8126.971965000004
INTERTRAN鄂西-鄂东,6026,8143.967249999998
INTERTRAN鄂西-鄂东,6027,8989.316700000003
INTERTRAN鄂西-鄂东,6028,8256.278700000003
INTERTRAN鄂西-鄂东,6029,8904.592400000001
INTERTRAN鄂西-鄂东,6030,9114.4548
INTERTRAN鄂西-鄂东,6031,8156.206300000002
INTERTRAN鄂西-鄂东,6032,11189.961023314718
INTERTRAN鄂西-鄂东,6033,8208.914799999999
INTERTRAN鄂西-鄂东,6034,2842.4384800000025
INTERTRAN鄂西-鄂东,6035,1948.599500000002
INTERTRAN鄂西-鄂东,6036,2641.857399999999
INTERTRAN鄂西-鄂东,6037,96.50170000000071
INTERTRAN鄂西-鄂东,6038,1853.5173333333369
INTERTRAN鄂西-鄂东,6039,5681.878100000002
INTERTRAN鄂西-鄂东,6040,5154.43796979238
INTERTRAN鄂西-鄂东,6041,7280.5239
INTERTRAN鄂西-鄂东,6042,8443.767800000001
INTERTRAN鄂西-鄂东,6043,8439.3538
INTERTRAN鄂西-鄂东,6044,8993.18588375
INTERTRAN鄂西-鄂东,6045,7373.572235
INTERTRAN鄂西-鄂东,6046,7580.415199999996
INTERTRAN鄂西-鄂东,6047,10054.344304155547
INTERTRAN鄂西北-鄂东,5904,3000.0
INTERTRAN鄂西北-鄂东,5905,-1771.8641999999923
INTERTRAN鄂西北-鄂东,5906,109.33005782855071
INTERTRAN鄂西北-鄂东,5907,3000.0
INTERTRAN鄂西北-鄂东,5908,3000.0
INTERTRAN鄂西北-鄂东,5909,3000.0
INTERTRAN鄂西北-鄂东,5910,3000.0
INTERTRAN鄂西北-鄂东,5911,3000.0
INTERTRAN鄂西北-鄂东,5912,3000.0
INTERTRAN鄂西北-鄂东,5913,2835.5619768490797
INTERTRAN鄂西北-鄂东,5914,-3000.0
INTERTRAN鄂西北-鄂东,5915,-3000.0
INTERTRAN鄂西北-鄂东,5916,-3000.0
INTERTRAN鄂西北-鄂东,5917,-3000.0
INTERTRAN鄂西北-鄂东,5918,-1321.1327491500006
INTERTRAN鄂西北-鄂东,5919,-3000.0
INTERTRAN鄂西北-鄂东,5920,-3000.0
INTERTRAN鄂西北-鄂东,5921,-1750.4077750000006
INTERTRAN鄂西北-鄂东,5922,1414.4004850000001
INTERTRAN鄂西北-鄂东,5923,3000.0
INTERTRAN鄂西北-鄂东,5924,3000.0
INTERTRAN鄂西北-鄂东,5925,3000.0
INTERTRAN鄂西北-鄂东,5926,3000.0
INTERTRAN鄂西北-鄂东,5927,3000.0
INTERTRAN鄂西北-鄂东,5928,3000.0
INTERTRAN鄂西北-鄂东,5929,3000.0
INTERTRAN鄂西北-鄂东,5930,656.6972500000002
INTERTRAN鄂西北-鄂东,5931,3000.0
INTERTRAN鄂西北-鄂东,5932,3000.0
INTERTRAN鄂西北-鄂东,5933,3000.0
INTERTRAN鄂西北-鄂东,5934,1627.5247500000005
INTERTRAN鄂西北-鄂东,5935,3000.0
INTERTRAN鄂西北-鄂东,5936,3000.0
INTERTRAN鄂西北-鄂东,5937,470.334400000012
INTERTRAN鄂西北-鄂东,5938,-3000.0
INTERTRAN鄂西北-鄂东,5939,-3000.0
INTERTRAN鄂西北-鄂东,5940,-3000.0
INTERTRAN鄂西北-鄂东,5941,-3000.0
INTERTRAN鄂西北-鄂东,5942,-3000.0
INTERTRAN鄂西北-鄂东,5943,-3000.0
INTERTRAN鄂西北-鄂东,5944,-3000.0
INTERTRAN鄂西北-鄂东,5945,-939.4822400000012
INTERTRAN鄂西北-鄂东,5946,-1388.80123
INTERTRAN鄂西北-鄂东,5947,2108.548459999991
INTERTRAN鄂西北-鄂东,5948,-1097.3212500000009
INTERTRAN鄂西北-鄂东,5949,373.410387050857
INTERTRAN鄂西北-鄂东,5950,3000.0
INTERTRAN鄂西北-鄂东,5951,1871.1179999999986
INTERTRAN鄂西北-鄂东,5952,3000.0
INTERTRAN鄂西北-鄂东,5953,3000.0
INTERTRAN鄂西北-鄂东,5954,174.92424999999866
INTERTRAN鄂西北-鄂东,5955,1245.6760491458244
INTERTRAN鄂西北-鄂东,5956,3000.0
INTERTRAN鄂西北-鄂东,5957,3000.0
INTERTRAN鄂西北-鄂东,5958,3000.0
INTERTRAN鄂西北-鄂东,5959,1516.6160499999987
INTERTRAN鄂西北-鄂东,5960,3000.0
INTERTRAN鄂西北-鄂东,5961,3000.0
INTERTRAN鄂西北-鄂东,5962,-1261.4219111111015
INTERTRAN鄂西北-鄂东,5963,-3000.0
INTERTRAN鄂西北-鄂东,5964,-3000.0
INTERTRAN鄂西北-鄂东,5965,-3000.0
INTERTRAN鄂西北-鄂东,5966,-3000.0
INTERTRAN鄂西北-鄂东,5967,-1775.5915849999988
INTERTRAN鄂西北-鄂东,5968,-3000.0
INTERTRAN鄂西北-鄂东,5969,1085.6990000000064
INTERTRAN鄂西北-鄂东,5970,-508.9901950000012
INTERTRAN鄂西北-鄂东,5971,3000.0
INTERTRAN鄂西北-鄂东,5972,2796.4306399999996
INTERTRAN鄂西北-鄂东,5973,3000.0
INTERTRAN鄂西北-鄂东,5974,2231.4203999999218
INTERTRAN鄂西北-鄂东,5975,3000.0
INTERTRAN鄂西北-鄂东,5976,3000.0
INTERTRAN鄂西北-鄂东,5977,3000.0
INTERTRAN鄂西北-鄂东,5978,2003.2289000000019
INTERTRAN鄂西北-鄂东,5979,3000.0
INTERTRAN鄂西北-鄂东,5980,1340.6897499999995
INTERTRAN鄂西北-鄂东,5981,3000.0
INTERTRAN鄂西北-鄂东,5982,774.026249999999
INTERTRAN鄂西北-鄂东,5983,3000.0
INTERTRAN鄂西北-鄂东,5984,3000.0
INTERTRAN鄂西北-鄂东,5985,765.4223450000009
INTERTRAN鄂西北-鄂东,5986,-3000.0
INTERTRAN鄂西北-鄂东,5987,1129.4143422222214
INTERTRAN鄂西北-鄂东,5988,-3000.0
INTERTRAN鄂西北-鄂东,5989,-3000.0
INTERTRAN鄂西北-鄂东,5990,-3000.0
INTERTRAN鄂西北-鄂东,5991,-1923.468070617254
INTERTRAN鄂西北-鄂东,5992,-3000.0
INTERTRAN鄂西北-鄂东,5993,-3000.0
INTERTRAN鄂西北-鄂东,5994,-3000.0
INTERTRAN鄂西北-鄂东,5995,3000.0
INTERTRAN鄂西北-鄂东,5996,3000.0
INTERTRAN鄂西北-鄂东,5997,1271.3737482634297
INTERTRAN鄂西北-鄂东,5998,1775.6757499999985
INTERTRAN鄂西北-鄂东,5999,3000.0
INTERTRAN鄂西北-鄂东,6000,2281.8012499999995
INTERTRAN鄂西北-鄂东,6001,3000.0
INTERTRAN鄂西北-鄂东,6002,3000.0
INTERTRAN鄂西北-鄂东,6003,1480.9442500000005
INTERTRAN鄂西北-鄂东,6004,3000.0
INTERTRAN鄂西北-鄂东,6005,3000.0
INTERTRAN鄂西北-鄂东,6006,2514.5377
INTERTRAN鄂西北-鄂东,6007,2151.9652100000003
INTERTRAN鄂西北-鄂东,6008,3000.0
INTERTRAN鄂西北-鄂东,6009,3000.0
INTERTRAN鄂西北-鄂东,6010,-3000.0
INTERTRAN鄂西北-鄂东,6011,-3000.0
INTERTRAN鄂西北-鄂东,6012,-3000.0
INTERTRAN鄂西北-鄂东,6013,-3000.0
INTERTRAN鄂西北-鄂东,6014,-3000.0
INTERTRAN鄂西北-鄂东,6015,-2601.3258327160597
INTERTRAN鄂西北-鄂东,6016,-3000.0
INTERTRAN鄂西北-鄂东,6017,-3000.0
INTERTRAN鄂西北-鄂东,6018,-1745.6755983892963
INTERTRAN鄂西北-鄂东,6019,216.25059999999985
INTERTRAN鄂西北-鄂东,6020,3000.0
INTERTRAN鄂西北-鄂东,6021,1857.2834999999977
INTERTRAN鄂西北-鄂东,6022,3000.0
INTERTRAN鄂西北-鄂东,6023,3000.0
INTERTRAN鄂西北-鄂东,6024,1577.2325
INTERTRAN鄂西北-鄂东,6025,3000.0
INTERTRAN鄂西北-鄂东,6026,1879.1497499999996
INTERTRAN鄂西北-鄂东,6027,3000.0
INTERTRAN鄂西北-鄂东,6028,3000.0
INTERTRAN鄂西北-鄂东,6029,3000.0
INTERTRAN鄂西北-鄂东,6030,3000.0
INTERTRAN鄂西北-鄂东,6031,3000.0
INTERTRAN鄂西北-鄂东,6032,1087.4967766852824
INTERTRAN鄂西北-鄂东,6033,3000.0
INTERTRAN鄂西北-鄂东,6034,2313.537619999999
INTERTRAN鄂西北-鄂东,6035,3000.0
INTERTRAN鄂西北-鄂东,6036,-3000.0
INTERTRAN鄂西北-鄂东,6037,-3000.0
INTERTRAN鄂西北-鄂东,6038,-3000.0
INTERTRAN鄂西北-鄂东,6039,-3000.0
INTERTRAN鄂西北-鄂东,6040,2256.5040499999996
INTERTRAN鄂西北-鄂东,6041,3000.0
INTERTRAN鄂西北-鄂东,6042,3000.0
INTERTRAN鄂西北-鄂东,6043,3000.0
INTERTRAN鄂西北-鄂东,6044,798.238445
INTERTRAN鄂西北-鄂东,6045,3000.0
INTERTRAN鄂西北-鄂东,6046,3000.0
INTERTRAN鄂西北-鄂东,6047,3000.0
INTERTRAN鄂西-鄂西北,5904,-2000.0
INTERTRAN鄂西-鄂西北,5905,-2000.0
INTERTRAN鄂西-鄂西北,5906,-2000.0
INTERTRAN鄂西-鄂西北,5907,-2000.0
INTERTRAN鄂西-鄂西北,5908,-2000.0
INTERTRAN鄂西-鄂西北,5909,-2000.0
INTERTRAN鄂西-鄂西北,5910,-2000.0
INTERTRAN鄂西-鄂西北,5911,11.605695000001106
INTERTRAN鄂西-鄂西北,5912,-2000.0
INTERTRAN鄂西-鄂西北,5913,-2000.0
INTERTRAN鄂西-鄂西北,5914,-453.2671438888883
INTERTRAN鄂西-鄂西北,5915,1990.6056861069283
INTERTRAN鄂西-鄂西北,5916,2000.0
INTERTRAN鄂西-鄂西北,5917,1111.400835
INTERTRAN鄂西-鄂西北,5918,2000.0
INTERTRAN鄂西-鄂西北,5919,2000.0
INTERTRAN鄂西-鄂西北,5920,1828.837854444445
INTERTRAN鄂西-鄂西北,5921,2000.0
INTERTRAN鄂西-鄂西北,5922,2000.0
INTERTRAN鄂西-鄂西北,5923,-2000.0
INTERTRAN鄂西-鄂西北,5924,-2000.0
INTERTRAN鄂西-鄂西北,5925,-2000.0
INTERTRAN鄂西-鄂西北,5926,-2000.0
INTERTRAN鄂西-鄂西北,5927,-2000.0
INTERTRAN鄂西-鄂西北,5928,-2000.0
INTERTRAN鄂西-鄂西北,5929,-1001.1087500000003
INTERTRAN鄂西-鄂西北,5930,-2000.0
INTERTRAN鄂西-鄂西北,5931,-2000.0
INTERTRAN鄂西-鄂西北,5932,-2000.0
INTERTRAN鄂西-鄂西北,5933,-2000.0
INTERTRAN鄂西-鄂西北,5934,-2000.0
INTERTRAN鄂西-鄂西北,5935,-2000.0
INTERTRAN鄂西-鄂西北,5936,-2000.0
INTERTRAN鄂西-鄂西北,5937,-2000.0
INTERTRAN鄂西-鄂西北,5938,-1139.2468099999883
INTERTRAN鄂西-鄂西北,5939,2000.0
INTERTRAN鄂西-鄂西北,5940,2000.0
INTERTRAN鄂西-鄂西北,5941,2000.0
INTERTRAN鄂西-鄂西北,5942,2000.0
INTERTRAN鄂西-鄂西北,5943,2000.0
INTERTRAN鄂西-鄂西北,5944,1052.5971686234848
INTERTRAN鄂西-鄂西北,5945,-2000.0
INTERTRAN鄂西-鄂西北,5946,-2000.0
INTERTRAN鄂西-鄂西北,5947,-2000.0
INTERTRAN鄂西-鄂西北,5948,-2000.0
INTERTRAN鄂西-鄂西北,5949,-2000.0
INTERTRAN鄂西-鄂西北,5950,-2000.0
INTERTRAN鄂西-鄂西北,5951,-2000.0
INTERTRAN鄂西-鄂西北,5952,-2000.0
INTERTRAN鄂西-鄂西北,5953,-2000.0
INTERTRAN鄂西-鄂西北,5954,-2000.0
INTERTRAN鄂西-鄂西北,5955,-2000.0
INTERTRAN鄂西-鄂西北,5956,-2000.0
INTERTRAN鄂西-鄂西北,5957,-2000.0
INTERTRAN鄂西-鄂西北,5958,-1642.9849999999988
INTERTRAN鄂西-鄂西北,5959,-2000.0
INTERTRAN鄂西-鄂西北,5960,397.25826499999994
INTERTRAN鄂西-鄂西北,5961,-1372.0274000000081
INTERTRAN鄂西-鄂西北,5962,-2000.0
INTERTRAN鄂西-鄂西北,5963,1813.122277075725
INTERTRAN鄂西-鄂西北,5964,296.1034950000003
INTERTRAN鄂西-鄂西北,5965,2000.0
INTERTRAN鄂西-鄂西北,5966,1193.9657100000009
INTERTRAN鄂西-鄂西北,5967,2000.0
INTERTRAN鄂西-鄂西北,5968,2000.0
INTERTRAN鄂西-鄂西北,5969,2000.0
INTERTRAN鄂西-鄂西北,5970,-2000.0
INTERTRAN鄂西-鄂西北,5971,1097.9369400000005
INTERTRAN鄂西-鄂西北,5972,-2000.0
INTERTRAN鄂西-鄂西北,5973,-2000.0
INTERTRAN鄂西-鄂西北,5974,-2000.0
INTERTRAN鄂西-鄂西北,5975,-2000.0
INTERTRAN鄂西-鄂西北,5976,-1676.8634999999995
INTERTRAN鄂西-鄂西北,5977,-1381.5047499999994
INTERTRAN鄂西-鄂西北,5978,-2000.0
INTERTRAN鄂西-鄂西北,5979,-461.0723999999991
INTERTRAN鄂西-鄂西北,5980,-2000.0
INTERTRAN鄂西-鄂西北,5981,-1483.4433999999956
INTERTRAN鄂西-鄂西北,5982,-2000.0
INTERTRAN鄂西-鄂西北,5983,-2000.0
INTERTRAN鄂西-鄂西北,5984,-2000.0
INTERTRAN鄂西-鄂西北,5985,-2000.0
INTERTRAN鄂西-鄂西北,5986,-570.7204968119886
INTERTRAN鄂西-鄂西北,5987,2000.0
INTERTRAN鄂西-鄂西北,5988,679.1470700000013
INTERTRAN鄂西-鄂西北,5989,2000.0
INTERTRAN鄂西-鄂西北,5990,2000.0
INTERTRAN鄂西-鄂西北,5991,2000.0
INTERTRAN鄂西-鄂西北,5992,1550.74053
INTERTRAN鄂西-鄂西北,5993,-1681.547801960783
INTERTRAN鄂西-鄂西北,5994,-1658.5524699999996
INTERTRAN鄂西-鄂西北,5995,1030.4474450000007
INTERTRAN鄂西-鄂西北,5996,-2000.0
INTERTRAN鄂西-鄂西北,5997,-2000.0
INTERTRAN鄂西-鄂西北,5998,-2000.0
INTERTRAN鄂西-鄂西北,5999,-2000.0
INTERTRAN鄂西-鄂西北,6000,-2000.0
INTERTRAN鄂西-鄂西北,6001,-2000.0
INTERTRAN鄂西-鄂西北,6002,-2000.0
INTERTRAN鄂西-鄂西北,6003,-2000.0
INTERTRAN鄂西-鄂西北,6004,-2000.0
INTERTRAN鄂西-鄂西北,6005,-2000.0
INTERTRAN鄂西-鄂西北,6006,-2000.0
INTERTRAN鄂西-鄂西北,6007,-2000.0
INTERTRAN鄂西-鄂西北,6008,-690.6581499999984
INTERTRAN鄂西-鄂西北,6009,-248.6293549999998
INTERTRAN鄂西-鄂西北,6010,-383.6781499999993
INTERTRAN鄂西-鄂西北,6011,982.4194546114704
INTERTRAN鄂西-鄂西北,6012,2000.0
INTERTRAN鄂西-鄂西北,6013,2000.0
INTERTRAN鄂西-鄂西北,6014,2000.0
INTERTRAN鄂西-鄂西北,6015,2000.0
INTERTRAN鄂西-鄂西北,6016,319.4933950000009
INTERTRAN鄂西-鄂西北,6017,2000.0
INTERTRAN鄂西-鄂西北,6018,-2000.0
INTERTRAN鄂西-鄂西北,6019,-2000.0
INTERTRAN鄂西-鄂西北,6020,-2000.0
INTERTRAN鄂西-鄂西北,6021,-2000.0
INTERTRAN鄂西-鄂西北,6022,1280.1670000000013
INTERTRAN鄂西-鄂西北,6023,-2000.0
INTERTRAN鄂西-鄂西北,6024,-2000.0
INTERTRAN鄂西-鄂西北,6025,-2000.0
INTERTRAN鄂西-鄂西北,6026,-2000.0
INTERTRAN鄂西-鄂西北,6027,-2000.0
INTERTRAN鄂西-鄂西北,6028,-2000.0
INTERTRAN鄂西-鄂西北,6029,-1309.4638973310325
INTERTRAN鄂西-鄂西北,6030,-2000.0
INTERTRAN鄂西-鄂西北,6031,-2000.0
INTERTRAN鄂西-鄂西北,6032,-2000.0
INTERTRAN鄂西-鄂西北,6033,-2000.0
INTERTRAN鄂西-鄂西北,6034,2000.0
INTERTRAN鄂西-鄂西北,6035,2000.0
INTERTRAN鄂西-鄂西北,6036,1104.0904599999994
INTERTRAN鄂西-鄂西北,6037,2000.0
INTERTRAN鄂西-鄂西北,6038,2.1224922222231726
INTERTRAN鄂西-鄂西北,6039,-2000.0
INTERTRAN鄂西-鄂西北,6040,2000.0
INTERTRAN鄂西-鄂西北,6041,642.216805
INTERTRAN鄂西-鄂西北,6042,-939.0726106261316
INTERTRAN鄂西-鄂西北,6043,-1994.79248
INTERTRAN鄂西-鄂西北,6044,-2000.0
INTERTRAN鄂西-鄂西北,6045,-1793.209534999999
INTERTRAN鄂西-鄂西北,6046,-1722.9698999999937
INTERTRAN鄂西-鄂西北,6047,-2000.0
INTERTRAN鄂西-鄂东,6048,12405.288602323883
INTERTRAN鄂西-鄂东,6049,8816.116399999999
INTERTRAN鄂西-鄂东,6050,3709.9477000000006
INTERTRAN鄂西-鄂东,6051,6397.938000000002
INTERTRAN鄂西-鄂东,6052,4210.0817000000025
INTERTRAN鄂西-鄂东,6053,6433.3475
INTERTRAN鄂西-鄂东,6054,3925.2835000000014
INTERTRAN鄂西-鄂东,6055,5237.436830967905
INTERTRAN鄂西-鄂东,6056,6419.017500000002
INTERTRAN鄂西-鄂东,6057,5995.282099999997
INTERTRAN鄂西-鄂东,6058,2517.6027000000013
INTERTRAN鄂西-鄂东,6059,-497.20355555555216
INTERTRAN鄂西-鄂东,6060,1470.7176
INTERTRAN鄂西-鄂东,6061,1537.6005960784314
INTERTRAN鄂西-鄂东,6062,3741.1877677483135
INTERTRAN鄂西-鄂东,6063,1842.3880077450958
INTERTRAN鄂西-鄂东,6064,-2668.7760849673177
INTERTRAN鄂西-鄂东,6065,3642.4643161111107
INTERTRAN鄂西-鄂东,6066,4100.795300000005
INTERTRAN鄂西-鄂东,6067,3667.001799999998
INTERTRAN鄂西-鄂东,6068,6430.023052105826
INTERTRAN鄂西-鄂东,6069,6854.157500000001
INTERTRAN鄂西-鄂东,6070,5871.428399999997
INTERTRAN鄂西-鄂东,6071,5811.061300000001
INTERTRAN鄂西-鄂东,6072,9023.08725
INTERTRAN鄂西-鄂东,6073,5934.562747894175
INTERTRAN鄂西-鄂东,6074,2390.086299999999
INTERTRAN鄂西-鄂东,6075,2029.8388000000014
INTERTRAN鄂西-鄂东,6076,3542.9323000000004
INTERTRAN鄂西-鄂东,6077,6565.119150000002
INTERTRAN鄂西-鄂东,6078,5342.061600000001
INTERTRAN鄂西-鄂东,6079,6109.059000000001
INTERTRAN鄂西-鄂东,6080,5942.6446
INTERTRAN鄂西-鄂东,6081,2876.4392000000007
INTERTRAN鄂西-鄂东,6082,1924.061569150328
INTERTRAN鄂西-鄂东,6083,2635.8636935366685
INTERTRAN鄂西-鄂东,6084,2015.1094440667803
INTERTRAN鄂西-鄂东,6085,1765.8754058823433
INTERTRAN鄂西-鄂东,6086,-2669.7799440958734
INTERTRAN鄂西-鄂东,6087,7805.628691503269
INTERTRAN鄂西-鄂东,6088,-199.3816444444492
INTERTRAN鄂西-鄂东,6089,6706.771834785781
INTERTRAN鄂西-鄂东,6090,4329.901979999999
INTERTRAN鄂西-鄂东,6091,4028.5517000000036
INTERTRAN鄂西-鄂东,6092,6834.839671177775
INTERTRAN鄂西-鄂东,6093,3671.7549999999974
INTERTRAN鄂西-鄂东,6094,3916.440740740738
INTERTRAN鄂西-鄂东,6095,7063.0133572990235
INTERTRAN鄂西-鄂东,6096,7033.091677559914
INTERTRAN鄂西-鄂东,6097,1538.535399999997
INTERTRAN鄂西-鄂东,6098,4747.137500000001
INTERTRAN鄂西-鄂东,6099,3483.0790000000015
INTERTRAN鄂西-鄂东,6100,4836.015100000004
INTERTRAN鄂西-鄂东,6101,4803.69921111111
INTERTRAN鄂西-鄂东,6102,5543.59065294118
INTERTRAN鄂西-鄂东,6103,7169.153385000001
INTERTRAN鄂西-鄂东,6104,4764.35
INTERTRAN鄂西-鄂东,6105,4506.820230864199
INTERTRAN鄂西-鄂东,6106,1021.5039890491989
INTERTRAN鄂西-鄂东,6107,-1280.1426503268049
INTERTRAN鄂西-鄂东,6108,1048.9913411764664
INTERTRAN鄂西-鄂东,6109,3182.2565411764645
INTERTRAN鄂西-鄂东,6110,5035.938378736399
INTERTRAN鄂西-鄂东,6111,1138.4083633986847
INTERTRAN鄂西-鄂东,6112,2488.7497444444416
INTERTRAN鄂西-鄂东,6113,3690.9159274509784
INTERTRAN鄂西-鄂东,6114,6156.177992634115
INTERTRAN鄂西-鄂东,6115,5040.853490000001
INTERTRAN鄂西-鄂东,6116,5654.7139000000025
INTERTRAN鄂西-鄂东,6117,8001.656699999996
INTERTRAN鄂西-鄂东,6118,4704.336897530862
INTERTRAN鄂西-鄂东,6119,6380.0815
INTERTRAN鄂西-鄂东,6120,8049.038556790125
INTERTRAN鄂西-鄂东,6121,5576.441652941176
INTERTRAN鄂西-鄂东,6122,3399.2718499999974
INTERTRAN鄂西-鄂东,6123,4434.6368
INTERTRAN鄂西-鄂东,6124,4691.483199999999
INTERTRAN鄂西-鄂东,6125,5462.714911647072
INTERTRAN鄂西-鄂东,6126,5826.217507857033
INTERTRAN鄂西-鄂东,6127,6463.2428
INTERTRAN鄂西-鄂东,6128,2938.6473000000005
INTERTRAN鄂西-鄂东,6129,10142.086912472827
INTERTRAN鄂西-鄂东,6130,703.4086503267918
INTERTRAN鄂西-鄂东,6131,987.1508999999933
INTERTRAN鄂西-鄂东,6132,4539.298157007997
INTERTRAN鄂西-鄂东,6133,3121.5458
INTERTRAN鄂西-鄂东,6134,245.45710784313633
INTERTRAN鄂西-鄂东,6135,2783.9108309368166
INTERTRAN鄂西-鄂东,6136,2450.503257080607
INTERTRAN鄂西-鄂东,6137,7853.076387654313
INTERTRAN鄂西-鄂东,6138,6145.5028999999995
INTERTRAN鄂西-鄂东,6139,7801.128299999997
INTERTRAN鄂西-鄂东,6140,672.0246999999981
INTERTRAN鄂西-鄂东,6141,9646.460900965125
INTERTRAN鄂西-鄂东,6142,6481.1224
INTERTRAN鄂西-鄂东,6143,8468.027973148153
INTERTRAN鄂西-鄂东,6144,7997.242900000001
INTERTRAN鄂西-鄂东,6145,8444.224199999997
INTERTRAN鄂西-鄂东,6146,7225.686200000004
INTERTRAN鄂西-鄂东,6147,6910.6024
INTERTRAN鄂西-鄂东,6148,8384.980499999998
INTERTRAN鄂西-鄂东,6149,5899.5288999999975
INTERTRAN鄂西-鄂东,6150,4308.802010878724
INTERTRAN鄂西-鄂东,6151,7829.969799999999
INTERTRAN鄂西-鄂东,6152,9061.889899999998
INTERTRAN鄂西-鄂东,6153,6363.92675382716
INTERTRAN鄂西-鄂东,6154,3804.716423017431
INTERTRAN鄂西-鄂东,6155,7069.085213176793
INTERTRAN鄂西-鄂东,6156,7067.016730588235
INTERTRAN鄂西-鄂东,6157,7866.110929411756
INTERTRAN鄂西-鄂东,6158,-163.52617058824399
INTERTRAN鄂西-鄂东,6159,7895.097997530855
INTERTRAN鄂西-鄂东,6160,7871.011574999997
INTERTRAN鄂西-鄂东,6161,10024.575119999998
INTERTRAN鄂西-鄂东,6162,6646.513299999995
INTERTRAN鄂西-鄂东,6163,6326.111700000001
INTERTRAN鄂西-鄂东,6164,7880.819899999999
INTERTRAN鄂西-鄂东,6165,5619.986584999999
INTERTRAN鄂西-鄂东,6166,7717.191850000003
INTERTRAN鄂西-鄂东,6167,8399.80398511764
INTERTRAN鄂西-鄂东,6168,8613.014945464056
INTERTRAN鄂西-鄂东,6169,9212.697760835013
INTERTRAN鄂西-鄂东,6170,8483.519590955271
INTERTRAN鄂西-鄂东,6171,7716.167300000001
INTERTRAN鄂西-鄂东,6172,7303.401700000002
INTERTRAN鄂西-鄂东,6173,8187.3724
INTERTRAN鄂西-鄂东,6174,9012.215499999998
INTERTRAN鄂西-鄂东,6175,8132.130379999999
INTERTRAN鄂西-鄂东,6176,9557.408100000004
INTERTRAN鄂西-鄂东,6177,10573.034579044732
INTERTRAN鄂西-鄂东,6178,2754.2940000000017
INTERTRAN鄂西-鄂东,6179,4580.275199999996
INTERTRAN鄂西-鄂东,6180,7044.889477962963
INTERTRAN鄂西-鄂东,6181,9808.535823747276
INTERTRAN鄂西-鄂东,6182,7084.9300698510815
INTERTRAN鄂西-鄂东,6183,4299.795023529416
INTERTRAN鄂西-鄂东,6184,7525.6898407407425
INTERTRAN鄂西-鄂东,6185,10714.120587116919
INTERTRAN鄂西-鄂东,6186,5481.2153
INTERTRAN鄂西-鄂东,6187,7764.78560539156
INTERTRAN鄂西-鄂东,6188,9532.8688
INTERTRAN鄂西-鄂东,6189,8960.523539721129
INTERTRAN鄂西-鄂东,6190,7107.29825
INTERTRAN鄂西-鄂东,6191,7516.284299999999
INTERTRAN鄂西北-鄂东,6048,947.6715777051686
INTERTRAN鄂西北-鄂东,6049,3000.0
INTERTRAN鄂西北-鄂东,6050,3000.0
INTERTRAN鄂西北-鄂东,6051,3000.0
INTERTRAN鄂西北-鄂东,6052,3000.0
INTERTRAN鄂西北-鄂东,6053,3000.0
INTERTRAN鄂西北-鄂东,6054,3000.0
INTERTRAN鄂西北-鄂东,6055,1960.7839550000008
INTERTRAN鄂西北-鄂东,6056,3000.0
INTERTRAN鄂西北-鄂东,6057,1959.1880000000037
INTERTRAN鄂西北-鄂东,6058,3000.0
INTERTRAN鄂西北-鄂东,6059,3000.0
INTERTRAN鄂西北-鄂东,6060,3000.0
INTERTRAN鄂西北-鄂东,6061,3000.0
INTERTRAN鄂西北-鄂东,6062,-323.1141677483115
INTERTRAN鄂西北-鄂东,6063,-913.7766449999999
INTERTRAN鄂西北-鄂东,6064,3000.0
INTERTRAN鄂西北-鄂东,6065,939.9630949999996
INTERTRAN鄂西北-鄂东,6066,3000.0
INTERTRAN鄂西北-鄂东,6067,3000.0
INTERTRAN鄂西北-鄂东,6068,3000.0
INTERTRAN鄂西北-鄂东,6069,3000.0
INTERTRAN鄂西北-鄂东,6070,3000.0
INTERTRAN鄂西北-鄂东,6071,3000.0
INTERTRAN鄂西北-鄂东,6072,305.68574999999964
INTERTRAN鄂西北-鄂东,6073,3000.0
INTERTRAN鄂西北-鄂东,6074,3000.0
INTERTRAN鄂西北-鄂东,6075,3000.0
INTERTRAN鄂西北-鄂东,6076,3000.0
INTERTRAN鄂西北-鄂东,6077,887.9752499999995
INTERTRAN鄂西北-鄂东,6078,3000.0
INTERTRAN鄂西北-鄂东,6079,3000.0
INTERTRAN鄂西北-鄂东,6080,3000.0
INTERTRAN鄂西北-鄂东,6081,3000.0
INTERTRAN鄂西北-鄂东,6082,-2464.797108366013
INTERTRAN鄂西北-鄂东,6083,-3000.0
INTERTRAN鄂西北-鄂东,6084,-1811.5406635294123
INTERTRAN鄂西北-鄂东,6085,-837.3340583986933
INTERTRAN鄂西北-鄂东,6086,-3000.0
INTERTRAN鄂西北-鄂东,6087,-3000.0
INTERTRAN鄂西北-鄂东,6088,-3000.0
INTERTRAN鄂西北-鄂东,6089,-3000.0
INTERTRAN鄂西北-鄂东,6090,2170.3580199999997
INTERTRAN鄂西北-鄂东,6091,3000.0
INTERTRAN鄂西北-鄂东,6092,3000.0
INTERTRAN鄂西北-鄂东,6093,-265.84969999999976
INTERTRAN鄂西北-鄂东,6094,3000.0
INTERTRAN鄂西北-鄂东,6095,3000.0
INTERTRAN鄂西北-鄂东,6096,3000.0
INTERTRAN鄂西北-鄂东,6097,3000.0
INTERTRAN鄂西北-鄂东,6098,3000.0
INTERTRAN鄂西北-鄂东,6099,3000.0
INTERTRAN鄂西北-鄂东,6100,3000.0
INTERTRAN鄂西北-鄂东,6101,3000.0
INTERTRAN鄂西北-鄂东,6102,3000.0
INTERTRAN鄂西北-鄂东,6103,1772.4352149999995
INTERTRAN鄂西北-鄂东,6104,3000.0
INTERTRAN鄂西北-鄂东,6105,3000.0
INTERTRAN鄂西北-鄂东,6106,-121.47817968100935
INTERTRAN鄂西北-鄂东,6107,2343.6993433333337
INTERTRAN鄂西北-鄂东,6108,-2184.2754482352934
INTERTRAN鄂西北-鄂东,6109,-3000.0
INTERTRAN鄂西北-鄂东,6110,-3000.0
INTERTRAN鄂西北-鄂东,6111,-3000.0
INTERTRAN鄂西北-鄂东,6112,-3000.0
INTERTRAN鄂西北-鄂东,6113,-3000.0
INTERTRAN鄂西北-鄂东,6114,-3000.0
INTERTRAN鄂西北-鄂东,6115,2057.5439099999994
INTERTRAN鄂西北-鄂东,6116,3000.0
INTERTRAN鄂西北-鄂东,6117,549.3757000000032
INTERTRAN鄂西北-鄂东,6118,1180.7749876543203
INTERTRAN鄂西北-鄂东,6119,3000.0
INTERTRAN鄂西北-鄂东,6120,3000.0
INTERTRAN鄂西北-鄂东,6121,3000.0
INTERTRAN鄂西北-鄂东,6122,3000.0
INTERTRAN鄂西北-鄂东,6123,3000.0
INTERTRAN鄂西北-鄂东,6124,3000.0
INTERTRAN鄂西北-鄂东,6125,1486.8829999999998
INTERTRAN鄂西北-鄂东,6126,2603.384899986104
INTERTRAN鄂西北-鄂东,6127,3000.0
INTERTRAN鄂西北-鄂东,6128,3000.0
INTERTRAN鄂西北-鄂东,6129,748.1988849999993
INTERTRAN鄂西北-鄂东,6130,3000.0
INTERTRAN鄂西北-鄂东,6131,-1333.374675
INTERTRAN鄂西北-鄂东,6132,-3000.0
INTERTRAN鄂西北-鄂东,6133,-3000.0
INTERTRAN鄂西北-鄂东,6134,-3000.0
INTERTRAN鄂西北-鄂东,6135,-3000.0
INTERTRAN鄂西北-鄂东,6136,-657.0744342463167
INTERTRAN鄂西北-鄂东,6137,-1876.6698050000007
INTERTRAN鄂西北-鄂东,6138,3000.0
INTERTRAN鄂西北-鄂东,6139,3000.0
INTERTRAN鄂西北-鄂东,6140,3000.0
INTERTRAN鄂西北-鄂东,6141,1806.273299034874
INTERTRAN鄂西北-鄂东,6142,3000.0
INTERTRAN鄂西北-鄂东,6143,1638.0109999999995
INTERTRAN鄂西北-鄂东,6144,3000.0
INTERTRAN鄂西北-鄂东,6145,3000.0
INTERTRAN鄂西北-鄂东,6146,3000.0
INTERTRAN鄂西北-鄂东,6147,3000.0
INTERTRAN鄂西北-鄂东,6148,1295.5029000000013
INTERTRAN鄂西北-鄂东,6149,3000.0
INTERTRAN鄂西北-鄂东,6150,3000.0
INTERTRAN鄂西北-鄂东,6151,3000.0
INTERTRAN鄂西北-鄂东,6152,3000.0
INTERTRAN鄂西北-鄂东,6153,3000.0
INTERTRAN鄂西北-鄂东,6154,2919.897864999999
INTERTRAN鄂西北-鄂东,6155,-3000.0
INTERTRAN鄂西北-鄂东,6156,-1639.3417305882356
INTERTRAN鄂西北-鄂东,6157,-3000.0
INTERTRAN鄂西北-鄂东,6158,-1315.0258081154582
INTERTRAN鄂西北-鄂东,6159,-3000.0
INTERTRAN鄂西北-鄂东,6160,-3000.0
INTERTRAN鄂西北-鄂东,6161,1057.41118
INTERTRAN鄂西北-鄂东,6162,3000.0
INTERTRAN鄂西北-鄂东,6163,3000.0
INTERTRAN鄂西北-鄂东,6164,3000.0
INTERTRAN鄂西北-鄂东,6165,1320.705215
INTERTRAN鄂西北-鄂东,6166,2289.6527499999993
INTERTRAN鄂西北-鄂东,6167,3000.0
INTERTRAN鄂西北-鄂东,6168,2706.330999999999
INTERTRAN鄂西北-鄂东,6169,3000.0
INTERTRAN鄂西北-鄂东,6170,1960.1597090447267
INTERTRAN鄂西北-鄂东,6171,3000.0
INTERTRAN鄂西北-鄂东,6172,3000.0
INTERTRAN鄂西北-鄂东,6173,2201.8248999999996
INTERTRAN鄂西北-鄂东,6174,2314.5187499999993
INTERTRAN鄂西北-鄂东,6175,3000.0
INTERTRAN鄂西北-鄂东,6176,3000.0
INTERTRAN鄂西北-鄂东,6177,3000.0
INTERTRAN鄂西北-鄂东,6178,3000.0
INTERTRAN鄂西北-鄂东,6179,3000.0
INTERTRAN鄂西北-鄂东,6180,-1101.9880779629643
INTERTRAN鄂西北-鄂东,6181,-451.9722718954217
INTERTRAN鄂西北-鄂东,6182,-1016.566362007944
INTERTRAN鄂西北-鄂东,6183,-3000.0
INTERTRAN鄂西北-鄂东,6184,-3000.0
INTERTRAN鄂西北-鄂东,6185,-1034.886181234568
INTERTRAN鄂西北-鄂东,6186,3000.0
INTERTRAN鄂西北-鄂东,6187,3000.0
INTERTRAN鄂西北-鄂东,6188,3000.0
INTERTRAN鄂西北-鄂东,6189,1850.1848602788705
INTERTRAN鄂西北-鄂东,6190,3000.0
INTERTRAN鄂西北-鄂东,6191,3000.0
INTERTRAN鄂西-鄂西北,6048,-2000.0
INTERTRAN鄂西-鄂西北,6049,-2000.0
INTERTRAN鄂西-鄂西北,6050,-1424.5329999999994
INTERTRAN鄂西-鄂西北,6051,-2000.0
INTERTRAN鄂西-鄂西北,6052,-2000.0
INTERTRAN鄂西-鄂西北,6053,-2000.0
INTERTRAN鄂西-鄂西北,6054,-1694.6979197306584
INTERTRAN鄂西-鄂西北,6055,-2000.0
INTERTRAN鄂西-鄂西北,6056,-1419.6551149999993
INTERTRAN鄂西-鄂西北,6057,-2000.0
INTERTRAN鄂西-鄂西北,6058,367.74253623457844
INTERTRAN鄂西-鄂西北,6059,-474.58843499999875
INTERTRAN鄂西-鄂西北,6060,1333.690665
INTERTRAN鄂西-鄂西北,6061,1935.0290400000004
INTERTRAN鄂西-鄂西北,6062,-2000.0
INTERTRAN鄂西-鄂西北,6063,-2000.0
INTERTRAN鄂西-鄂西北,6064,2000.0
INTERTRAN鄂西-鄂西北,6065,-2000.0
INTERTRAN鄂西-鄂西北,6066,820.3846600000011
INTERTRAN鄂西-鄂西北,6067,181.41517270139502
INTERTRAN鄂西-鄂西北,6068,70.11344789417672
INTERTRAN鄂西-鄂西北,6069,-1265.1263000000035
INTERTRAN鄂西-鄂西北,6070,-662.8501725490269
INTERTRAN鄂西-鄂西北,6071,-94.88149999999905
INTERTRAN鄂西-鄂西北,6072,-2000.0
INTERTRAN鄂西-鄂西北,6073,-2000.0
INTERTRAN鄂西-鄂西北,6074,-143.58349999999928
INTERTRAN鄂西-鄂西北,6075,-353.64525000000003
INTERTRAN鄂西-鄂西北,6076,77.51319999999623
INTERTRAN鄂西-鄂西北,6077,-2000.0
INTERTRAN鄂西-鄂西北,6078,-1329.084019320979
INTERTRAN鄂西-鄂西北,6079,-2000.0
INTERTRAN鄂西-鄂西北,6080,-2000.0
INTERTRAN鄂西-鄂西北,6081,-57.09213499999987
INTERTRAN鄂西-鄂西北,6082,2000.0
INTERTRAN鄂西-鄂西北,6083,2000.0
INTERTRAN鄂西-鄂西北,6084,2000.0
INTERTRAN鄂西-鄂西北,6085,2000.0
INTERTRAN鄂西-鄂西北,6086,2000.0
INTERTRAN鄂西-鄂西北,6087,1247.8841084967235
INTERTRAN鄂西-鄂西北,6088,1749.2483677777786
INTERTRAN鄂西-鄂西北,6089,-1423.2205347857907
INTERTRAN鄂西-鄂西北,6090,2000.0
INTERTRAN鄂西-鄂西北,6091,-2000.0
INTERTRAN鄂西-鄂西北,6092,-196.7893943142999
INTERTRAN鄂西-鄂西北,6093,-2000.0
INTERTRAN鄂西-鄂西北,6094,-1716.86625
INTERTRAN鄂西-鄂西北,6095,-185.8780000000006
INTERTRAN鄂西-鄂西北,6096,-1592.869749999999
INTERTRAN鄂西-鄂西北,6097,507.8970709876544
INTERTRAN鄂西-鄂西北,6098,-2000.0
INTERTRAN鄂西-鄂西北,6099,-118.20024999999987
INTERTRAN鄂西-鄂西北,6100,-883.554869074072
INTERTRAN鄂西-鄂西北,6101,119.18730956534273
INTERTRAN鄂西-鄂西北,6102,-1776.8719999999994
INTERTRAN鄂西-鄂西北,6103,-2000.0
INTERTRAN鄂西-鄂西北,6104,-668.6940000000095
INTERTRAN鄂西-鄂西北,6105,-959.800714999988
INTERTRAN鄂西-鄂西北,6106,2000.0
INTERTRAN鄂西-鄂西北,6107,2000.0
INTERTRAN鄂西-鄂西北,6108,2000.0
INTERTRAN鄂西-鄂西北,6109,2000.0
INTERTRAN鄂西-鄂西北,6110,2000.0
INTERTRAN鄂西-鄂西北,6111,2000.0
INTERTRAN鄂西-鄂西北,6112,2000.0
INTERTRAN鄂西-鄂西北,6113,1702.5705265068896
INTERTRAN鄂西-鄂西北,6114,-1948.1928649999995
INTERTRAN鄂西-鄂西北,6115,-2000.0
INTERTRAN鄂西-鄂西北,6116,-1602.2897899999998
INTERTRAN鄂西-鄂西北,6117,-2000.0
INTERTRAN鄂西-鄂西北,6118,-2000.0
INTERTRAN鄂西-鄂西北,6119,-671.0839999999998
INTERTRAN鄂西-鄂西北,6120,-2000.0
INTERTRAN鄂西-鄂西北,6121,-355.85149999999976
INTERTRAN鄂西-鄂西北,6122,-138.52025000000003
INTERTRAN鄂西-鄂西北,6123,-116.76425000000017
INTERTRAN鄂西-鄂西北,6124,-1131.3112499999997
INTERTRAN鄂西-鄂西北,6125,-2000.0
INTERTRAN鄂西-鄂西北,6126,-2000.0
INTERTRAN鄂西-鄂西北,6127,-958.9452149999993
INTERTRAN鄂西-鄂西北,6128,-2000.0
INTERTRAN鄂西-鄂西北,6129,-2000.0
INTERTRAN鄂西-鄂西北,6130,-2000.0
INTERTRAN鄂西-鄂西北,6131,2000.0
INTERTRAN鄂西-鄂西北,6132,-990.9201421604934
INTERTRAN鄂西-鄂西北,6133,2000.0
INTERTRAN鄂西-鄂西北,6134,2000.0
INTERTRAN鄂西-鄂西北,6135,2000.0
INTERTRAN鄂西-鄂西北,6136,2000.0
INTERTRAN鄂西-鄂西北,6137,-2000.0
INTERTRAN鄂西-鄂西北,6138,944.8263900000002
INTERTRAN鄂西-鄂西北,6139,-516.9205150000007
INTERTRAN鄂西-鄂西北,6140,-2000.0
INTERTRAN鄂西-鄂西北,6141,-2000.0
INTERTRAN鄂西-鄂西北,6142,190.2502500000005
INTERTRAN鄂西-鄂西北,6143,-2000.0
INTERTRAN鄂西-鄂西北,6144,-825.3299999999999
INTERTRAN鄂西-鄂西北,6145,-2000.0
INTERTRAN鄂西-鄂西北,6146,-292.58224999999857
INTERTRAN鄂西-鄂西北,6147,-2000.0
INTERTRAN鄂西-鄂西北,6148,-2000.0
INTERTRAN鄂西-鄂西北,6149,-393.93849999999975
INTERTRAN鄂西-鄂西北,6150,-2000.0
INTERTRAN鄂西-鄂西北,6151,220.37028500000133
INTERTRAN鄂西-鄂西北,6152,-2000.0
INTERTRAN鄂西-鄂西北,6153,-1863.2321538271597
INTERTRAN鄂西-鄂西北,6154,2000.0
INTERTRAN鄂西-鄂西北,6155,-962.5863199999988
INTERTRAN鄂西-鄂西北,6156,-2000.0
INTERTRAN鄂西-鄂西北,6157,296.6304352941179
INTERTRAN鄂西-鄂西北,6158,2000.0
INTERTRAN鄂西-鄂西北,6159,-53.008997530863326
INTERTRAN鄂西-鄂西北,6160,-381.0307749999988
INTERTRAN鄂西-鄂西北,6161,-2000.0
INTERTRAN鄂西-鄂西北,6162,-1883.6637649999993
INTERTRAN鄂西-鄂西北,6163,-2000.0
INTERTRAN鄂西-鄂西北,6164,-2000.0
INTERTRAN鄂西-鄂西北,6165,-2000.0
INTERTRAN鄂西-鄂西北,6166,-2000.0
INTERTRAN鄂西-鄂西北,6167,-1490.79
INTERTRAN鄂西-鄂西北,6168,-2000.0
INTERTRAN鄂西-鄂西北,6169,-748.5444608350153
INTERTRAN鄂西-鄂西北,6170,-2000.0
INTERTRAN鄂西-鄂西北,6171,-1083.5094999999997
INTERTRAN鄂西-鄂西北,6172,-1195.3675000000012
INTERTRAN鄂西-鄂西北,6173,-2000.0
INTERTRAN鄂西-鄂西北,6174,-2000.0
INTERTRAN鄂西-鄂西北,6175,-1973.7238799999996
INTERTRAN鄂西-鄂西北,6176,-318.0289599999992
INTERTRAN鄂西-鄂西北,6177,-1161.5825699999996
INTERTRAN鄂西-鄂西北,6178,1218.4990249999992
INTERTRAN鄂西-鄂西北,6179,1341.1264294117673
INTERTRAN鄂西-鄂西北,6180,-2000.0
INTERTRAN鄂西-鄂西北,6181,-2000.0
INTERTRAN鄂西-鄂西北,6182,-2000.0
INTERTRAN鄂西-鄂西北,6183,1716.3417100000006
INTERTRAN鄂西-鄂西北,6184,-1562.7677791975284
INTERTRAN鄂西-鄂西北,6185,-2000.0
INTERTRAN鄂西-鄂西北,6186,829.7192600000003
INTERTRAN鄂西-鄂西北,6187,-1109.7479243915623
INTERTRAN鄂西-鄂西北,6188,183.75138499999957
INTERTRAN鄂西-鄂西北,6189,-2000.0
INTERTRAN鄂西-鄂西北,6190,-2000.0
INTERTRAN鄂西-鄂西北,6191,-1738.8674999999994
INTERTRAN鄂西-鄂东,6192,10797.085600000006
INTERTRAN鄂西-鄂东,6193,8562.470909958702
INTERTRAN鄂西-鄂东,6194,8851.272035294114
INTERTRAN鄂西-鄂东,6195,8293.5644
INTERTRAN鄂西-鄂东,6196,7522.1329000000005
INTERTRAN鄂西-鄂东,6197,7658.849216270402
INTERTRAN鄂西-鄂东,6198,9329.64465999999
INTERTRAN鄂西-鄂东,6199,8285.868921057896
INTERTRAN鄂西-鄂东,6200,8287.027812255503
INTERTRAN鄂西-鄂东,6201,9836.0841
INTERTRAN鄂西-鄂东,6202,4878.018884999998
INTERTRAN鄂西-鄂东,6203,2114.552999999989
INTERTRAN鄂西-鄂东,6204,3110.585855555546
INTERTRAN鄂西-鄂东,6205,7104.0600489378885
INTERTRAN鄂西-鄂东,6206,4865.7405
INTERTRAN鄂西-鄂东,6207,2329.387899999989
INTERTRAN鄂西-鄂东,6208,7018.5769
INTERTRAN鄂西-鄂东,6209,12253.908041999948
INTERTRAN鄂西-鄂东,6210,8008.443626740816
INTERTRAN鄂西-鄂东,6211,9853.890099999997
INTERTRAN鄂西-鄂东,6212,8315.314824999987
INTERTRAN鄂西-鄂东,6213,10315.654900000001
INTERTRAN鄂西-鄂东,6214,8791.919399999999
INTERTRAN鄂西-鄂东,6215,8699.626193040207
INTERTRAN鄂西-鄂东,6216,8296.925500000001
INTERTRAN鄂西-鄂东,6217,7802.34245
INTERTRAN鄂西-鄂东,6218,8715.07690408994
INTERTRAN鄂西-鄂东,6219,8255.605900000002
INTERTRAN鄂西-鄂东,6220,6151.372349999961
INTERTRAN鄂西-鄂东,6221,7310.389599999999
INTERTRAN鄂西-鄂东,6222,7882.669300000001
INTERTRAN鄂西-鄂东,6223,9443.4257
INTERTRAN鄂西-鄂东,6224,10222.301200000002
INTERTRAN鄂西-鄂东,6225,8048.623800000001
INTERTRAN鄂西-鄂东,6226,6917.1408150000025
INTERTRAN鄂西-鄂东,6227,3358.799608729758
INTERTRAN鄂西-鄂东,6228,5673.7793999999885
INTERTRAN鄂西-鄂东,6229,5628.896399999987
INTERTRAN鄂西-鄂东,6230,6985.643299999989
INTERTRAN鄂西-鄂东,6231,5914.572872401317
INTERTRAN鄂西-鄂东,6232,5958.90777000014
INTERTRAN鄂西-鄂东,6233,9973.770374509804
INTERTRAN鄂西-鄂东,6234,9629.097300000001
INTERTRAN鄂西-鄂东,6235,7966.930703040205
INTERTRAN鄂西-鄂东,6236,9394.232899999995
INTERTRAN鄂西-鄂东,6237,7250.493099999996
INTERTRAN鄂西-鄂东,6238,7679.944900000002
INTERTRAN鄂西-鄂东,6239,8154.664899999996
INTERTRAN鄂西-鄂东,6240,8183.201000000001
INTERTRAN鄂西-鄂东,6241,7213.665186160051
INTERTRAN鄂西-鄂东,6242,7202.617200000001
INTERTRAN鄂西-鄂东,6243,6166.9303999999975
INTERTRAN鄂西-鄂东,6244,7465.134700000002
INTERTRAN鄂西-鄂东,6245,8974.482713647994
INTERTRAN鄂西-鄂东,6246,9398.4176
INTERTRAN鄂西-鄂东,6247,7877.677600000017
INTERTRAN鄂西-鄂东,6248,6452.198580000004
INTERTRAN鄂西-鄂东,6249,5615.166184849986
INTERTRAN鄂西-鄂东,6250,4725.42354117646
INTERTRAN鄂西-鄂东,6251,4619.905273856206
INTERTRAN鄂西-鄂东,6252,4083.198560130735
INTERTRAN鄂西-鄂东,6253,4361.866949673204
INTERTRAN鄂西-鄂东,6254,6229.483233986917
INTERTRAN鄂西-鄂东,6255,3686.1210771241804
INTERTRAN鄂西-鄂东,6256,2711.4929947712353
INTERTRAN鄂西-鄂东,6257,7229.503799999988
INTERTRAN鄂西-鄂东,6258,3485.530199999994
INTERTRAN鄂西-鄂东,6259,5723.338199999991
INTERTRAN鄂西-鄂东,6260,5159.993799999993
INTERTRAN鄂西-鄂东,6261,5817.347714999996
INTERTRAN鄂西-鄂东,6262,6482.942199999998
INTERTRAN鄂西-鄂东,6263,6852.238200000003
INTERTRAN鄂西-鄂东,6264,8112.477542135926
INTERTRAN鄂西-鄂东,6265,7074.878695464053
INTERTRAN鄂西-鄂东,6266,4802.72565
INTERTRAN鄂西-鄂东,6267,7791.4614
INTERTRAN鄂西-鄂东,6268,7131.6309
INTERTRAN鄂西-鄂东,6269,9135.447100000001
INTERTRAN鄂西-鄂东,6270,10165.343800000002
INTERTRAN鄂西-鄂东,6271,6333.3485999999975
INTERTRAN鄂西-鄂东,6272,4868.882604858849
INTERTRAN鄂西-鄂东,6273,8981.719899999996
INTERTRAN鄂西-鄂东,6274,2706.365850000002
INTERTRAN鄂西-鄂东,6275,2218.0616481481375
INTERTRAN鄂西-鄂东,6276,5864.323333333337
INTERTRAN鄂西-鄂东,6277,7211.625
INTERTRAN鄂西-鄂东,6278,4429.3695999999945
INTERTRAN鄂西-鄂东,6279,-226.13580000001093
INTERTRAN鄂西-鄂东,6280,7523.341804444426
INTERTRAN鄂西-鄂东,6281,4620.560600000001
INTERTRAN鄂西-鄂东,6282,6126.927899999995
INTERTRAN鄂西-鄂东,6283,6804.55662164999
INTERTRAN鄂西-鄂东,6284,8472.220761999983
INTERTRAN鄂西-鄂东,6285,6533.998299999999
INTERTRAN鄂西-鄂东,6286,5305.02599209133
INTERTRAN鄂西-鄂东,6287,7647.155311538758
INTERTRAN鄂西-鄂东,6288,3949.9097499999953
INTERTRAN鄂西-鄂东,6289,5611.812900000001
INTERTRAN鄂西-鄂东,6290,3995.1290999999983
INTERTRAN鄂西-鄂东,6291,3778.817916000011
INTERTRAN鄂西-鄂东,6292,3615.31289999999
INTERTRAN鄂西-鄂东,6293,3828.6463000000003
INTERTRAN鄂西-鄂东,6294,5454.9432000000015
INTERTRAN鄂西-鄂东,6295,6298.101550000003
INTERTRAN鄂西-鄂东,6296,7169.087905
INTERTRAN鄂西-鄂东,6297,6678.4446000000025
INTERTRAN鄂西-鄂东,6298,1698.5019999999986
INTERTRAN鄂西-鄂东,6299,1773.6280814814836
INTERTRAN鄂西-鄂东,6300,626.5675999999912
INTERTRAN鄂西-鄂东,6301,1451.1722757653206
INTERTRAN鄂西-鄂东,6302,2410.3470000000016
INTERTRAN鄂西-鄂东,6303,598.3963999999978
INTERTRAN鄂西-鄂东,6304,1749.5775796296184
INTERTRAN鄂西-鄂东,6305,5355.595019142151
INTERTRAN鄂西-鄂东,6306,5764.105944999999
INTERTRAN鄂西-鄂东,6307,4764.004000299978
INTERTRAN鄂西-鄂东,6308,3900.7361999999994
INTERTRAN鄂西-鄂东,6309,3708.8848
INTERTRAN鄂西-鄂东,6310,2409.9568499999896
INTERTRAN鄂西-鄂东,6311,4479.322289482767
INTERTRAN鄂西-鄂东,6312,4295.9136
INTERTRAN鄂西-鄂东,6313,5495.3374
INTERTRAN鄂西-鄂东,6314,3437.977058325785
INTERTRAN鄂西-鄂东,6315,3328.468499999999
INTERTRAN鄂西-鄂东,6316,3272.4647000000023
INTERTRAN鄂西-鄂东,6317,4999.14049999999
INTERTRAN鄂西-鄂东,6318,4160.394261079291
INTERTRAN鄂西-鄂东,6319,5192.080949999996
INTERTRAN鄂西-鄂东,6320,5462.357114999999
INTERTRAN鄂西-鄂东,6321,6563.24673451719
INTERTRAN鄂西-鄂东,6322,1940.0997199999892
INTERTRAN鄂西-鄂东,6323,1255.4922697743605
INTERTRAN鄂西-鄂东,6324,-797.5331999999999
INTERTRAN鄂西-鄂东,6325,702.7193513951552
INTERTRAN鄂西-鄂东,6326,2277.5620549999985
INTERTRAN鄂西-鄂东,6327,924.5334586207664
INTERTRAN鄂西-鄂东,6328,473.48389999999745
INTERTRAN鄂西-鄂东,6329,5273.600095000009
INTERTRAN鄂西-鄂东,6330,7215.516900000002
INTERTRAN鄂西-鄂东,6331,6230.887400000003
INTERTRAN鄂西-鄂东,6332,5671.882700000002
INTERTRAN鄂西-鄂东,6333,5007.998
INTERTRAN鄂西-鄂东,6334,3983.9761
INTERTRAN鄂西-鄂东,6335,6472.284005391557
INTERTRAN鄂西北-鄂东,6192,1680.6820173052693
INTERTRAN鄂西北-鄂东,6193,2117.2194193584364
INTERTRAN鄂西北-鄂东,6194,3000.0
INTERTRAN鄂西北-鄂东,6195,1953.1179999999986
INTERTRAN鄂西北-鄂东,6196,3000.0
INTERTRAN鄂西北-鄂东,6197,3000.0
INTERTRAN鄂西北-鄂东,6198,924.765000000019
INTERTRAN鄂西北-鄂东,6199,3000.0
INTERTRAN鄂西北-鄂东,6200,3000.0
INTERTRAN鄂西北-鄂东,6201,1563.575949923641
INTERTRAN鄂西北-鄂东,6202,-501.87378499999977
INTERTRAN鄂西北-鄂东,6203,1988.6530440123452
INTERTRAN鄂西北-鄂东,6204,1109.9923456790211
INTERTRAN鄂西北-鄂东,6205,-3000.0
INTERTRAN鄂西北-鄂东,6206,-3000.0
INTERTRAN鄂西北-鄂东,6207,-283.95824444443224
INTERTRAN鄂西北-鄂东,6208,-798.1597000000002
INTERTRAN鄂西北-鄂东,6209,548.9642149999991
INTERTRAN鄂西北-鄂东,6210,3000.0
INTERTRAN鄂西北-鄂东,6211,3000.0
INTERTRAN鄂西北-鄂东,6212,413.4347149999994
INTERTRAN鄂西北-鄂东,6213,1883.558299999997
INTERTRAN鄂西北-鄂东,6214,2079.4085000000005
INTERTRAN鄂西北-鄂东,6215,1322.029906959794
INTERTRAN鄂西北-鄂东,6216,2415.8857499999995
INTERTRAN鄂西北-鄂东,6217,3000.0
INTERTRAN鄂西北-鄂东,6218,1758.3576500000017
INTERTRAN鄂西北-鄂东,6219,1780.821750000001
INTERTRAN鄂西北-鄂东,6220,3000.0
INTERTRAN鄂西北-鄂东,6221,3000.0
INTERTRAN鄂西北-鄂东,6222,3000.0
INTERTRAN鄂西北-鄂东,6223,1735.1038999999982
INTERTRAN鄂西北-鄂东,6224,3000.0
INTERTRAN鄂西北-鄂东,6225,3000.0
INTERTRAN鄂西北-鄂东,6226,1109.689585
INTERTRAN鄂西北-鄂东,6227,3000.0
INTERTRAN鄂西北-鄂东,6228,-1422.7015999999876
INTERTRAN鄂西北-鄂东,6229,-2234.733199999986
INTERTRAN鄂西北-鄂东,6230,-2305.4139999999898
INTERTRAN鄂西北-鄂东,6231,-1119.0672700000005
INTERTRAN鄂西北-鄂东,6232,-683.4956850000012
INTERTRAN鄂西北-鄂东,6233,843.090655
INTERTRAN鄂西北-鄂东,6234,2496.3763000000035
INTERTRAN鄂西北-鄂东,6235,3000.0
INTERTRAN鄂西北-鄂东,6236,3000.0
INTERTRAN鄂西北-鄂东,6237,3000.0
INTERTRAN鄂西北-鄂东,6238,442.34924999999794
INTERTRAN鄂西北-鄂东,6239,1380.7122500000005
INTERTRAN鄂西北-鄂东,6240,3000.0
INTERTRAN鄂西北-鄂东,6241,3000.0
INTERTRAN鄂西北-鄂东,6242,2330.6952874499902
INTERTRAN鄂西北-鄂东,6243,3000.0
INTERTRAN鄂西北-鄂东,6244,2923.986352287583
INTERTRAN鄂西北-鄂东,6245,1195.406700191952
INTERTRAN鄂西北-鄂东,6246,853.0159999999996
INTERTRAN鄂西北-鄂东,6247,1200.307714999999
INTERTRAN鄂西北-鄂东,6248,3000.0
INTERTRAN鄂西北-鄂东,6249,3000.0
INTERTRAN鄂西北-鄂东,6250,-3000.0
INTERTRAN鄂西北-鄂东,6251,-3000.0
INTERTRAN鄂西北-鄂东,6252,-3000.0
INTERTRAN鄂西北-鄂东,6253,-3000.0
INTERTRAN鄂西北-鄂东,6254,-3000.0
INTERTRAN鄂西北-鄂东,6255,-3000.0
INTERTRAN鄂西北-鄂东,6256,-3000.0
INTERTRAN鄂西北-鄂东,6257,-3000.0
INTERTRAN鄂西北-鄂东,6258,1818.4701333333378
INTERTRAN鄂西北-鄂东,6259,1850.2565670499862
INTERTRAN鄂西北-鄂东,6260,3000.0
INTERTRAN鄂西北-鄂东,6261,3000.0
INTERTRAN鄂西北-鄂东,6262,3000.0
INTERTRAN鄂西北-鄂东,6263,3000.0
INTERTRAN鄂西北-鄂东,6264,3000.0
INTERTRAN鄂西北-鄂东,6265,3000.0
INTERTRAN鄂西北-鄂东,6266,3000.0
INTERTRAN鄂西北-鄂东,6267,3000.0
INTERTRAN鄂西北-鄂东,6268,3000.0
INTERTRAN鄂西北-鄂东,6269,974.3670000000002
INTERTRAN鄂西北-鄂东,6270,583.5467499999995
INTERTRAN鄂西北-鄂东,6271,3000.0
INTERTRAN鄂西北-鄂东,6272,3000.0
INTERTRAN鄂西北-鄂东,6273,3000.0
INTERTRAN鄂西北-鄂东,6274,3000.0
INTERTRAN鄂西北-鄂东,6275,1898.4012518518657
INTERTRAN鄂西北-鄂东,6276,-3000.0
INTERTRAN鄂西北-鄂东,6277,-3000.0
INTERTRAN鄂西北-鄂东,6278,-3000.0
INTERTRAN鄂西北-鄂东,6279,-962.2986493827032
INTERTRAN鄂西北-鄂东,6280,-3000.0
INTERTRAN鄂西北-鄂东,6281,3000.0
INTERTRAN鄂西北-鄂东,6282,3000.0
INTERTRAN鄂西北-鄂东,6283,3000.0
INTERTRAN鄂西北-鄂东,6284,3000.0
INTERTRAN鄂西北-鄂东,6285,3000.0
INTERTRAN鄂西北-鄂东,6286,3000.0
INTERTRAN鄂西北-鄂东,6287,3000.0
INTERTRAN鄂西北-鄂东,6288,3000.0
INTERTRAN鄂西北-鄂东,6289,3000.0
INTERTRAN鄂西北-鄂东,6290,3000.0
INTERTRAN鄂西北-鄂东,6291,3000.0
INTERTRAN鄂西北-鄂东,6292,3000.0
INTERTRAN鄂西北-鄂东,6293,3000.0
INTERTRAN鄂西北-鄂东,6294,3000.0
INTERTRAN鄂西北-鄂东,6295,3000.0
INTERTRAN鄂西北-鄂东,6296,3000.0
INTERTRAN鄂西北-鄂东,6297,3000.0
INTERTRAN鄂西北-鄂东,6298,3000.0
INTERTRAN鄂西北-鄂东,6299,3000.0
INTERTRAN鄂西北-鄂东,6300,3000.0
INTERTRAN鄂西北-鄂东,6301,3000.0
INTERTRAN鄂西北-鄂东,6302,3000.0
INTERTRAN鄂西北-鄂东,6303,3000.0
INTERTRAN鄂西北-鄂东,6304,3000.0
INTERTRAN鄂西北-鄂东,6305,3000.0
INTERTRAN鄂西北-鄂东,6306,3000.0
INTERTRAN鄂西北-鄂东,6307,3000.0
INTERTRAN鄂西北-鄂东,6308,3000.0
INTERTRAN鄂西北-鄂东,6309,3000.0
INTERTRAN鄂西北-鄂东,6310,3000.0
INTERTRAN鄂西北-鄂东,6311,3000.0
INTERTRAN鄂西北-鄂东,6312,3000.0
INTERTRAN鄂西北-鄂东,6313,1517.5155000000004
INTERTRAN鄂西北-鄂东,6314,3000.0
INTERTRAN鄂西北-鄂东,6315,3000.0
INTERTRAN鄂西北-鄂东,6316,3000.0
INTERTRAN鄂西北-鄂东,6317,1649.382999999997
INTERTRAN鄂西北-鄂东,6318,3000.0
INTERTRAN鄂西北-鄂东,6319,3000.0
INTERTRAN鄂西北-鄂东,6320,3000.0
INTERTRAN鄂西北-鄂东,6321,3000.0
INTERTRAN鄂西北-鄂东,6322,3000.0
INTERTRAN鄂西北-鄂东,6323,3000.0
INTERTRAN鄂西北-鄂东,6324,3000.0
INTERTRAN鄂西北-鄂东,6325,3000.0
INTERTRAN鄂西北-鄂东,6326,2419.0755449999997
INTERTRAN鄂西北-鄂东,6327,3000.0
INTERTRAN鄂西北-鄂东,6328,3000.0
INTERTRAN鄂西北-鄂东,6329,3000.0
INTERTRAN鄂西北-鄂东,6330,3000.0
INTERTRAN鄂西北-鄂东,6331,3000.0
INTERTRAN鄂西北-鄂东,6332,3000.0
INTERTRAN鄂西北-鄂东,6333,3000.0
INTERTRAN鄂西北-鄂东,6334,3000.0
INTERTRAN鄂西北-鄂东,6335,3000.0
INTERTRAN鄂西-鄂西北,6192,-2000.0
INTERTRAN鄂西-鄂西北,6193,-2000.0
INTERTRAN鄂西-鄂西北,6194,-2000.0
INTERTRAN鄂西-鄂西北,6195,-2000.0
INTERTRAN鄂西-鄂西北,6196,-2000.0
INTERTRAN鄂西-鄂西北,6197,-2000.0
INTERTRAN鄂西-鄂西北,6198,-2000.0
INTERTRAN鄂西-鄂西北,6199,142.95887999999968
INTERTRAN鄂西-鄂西北,6200,-787.8434829221042
INTERTRAN鄂西-鄂西北,6201,-2000.0
INTERTRAN鄂西-鄂西北,6202,-2000.0
INTERTRAN鄂西-鄂西北,6203,2000.0
INTERTRAN鄂西-鄂西北,6204,2000.0
INTERTRAN鄂西-鄂西北,6205,-2000.0
INTERTRAN鄂西-鄂西北,6206,-2000.0
INTERTRAN鄂西-鄂西北,6207,2000.0
INTERTRAN鄂西-鄂西北,6208,-2000.0
INTERTRAN鄂西-鄂西北,6209,-2000.0
INTERTRAN鄂西-鄂西北,6210,-282.6371400000003
INTERTRAN鄂西-鄂西北,6211,-2000.0
INTERTRAN鄂西-鄂西北,6212,-2000.0
INTERTRAN鄂西-鄂西北,6213,-2000.0
INTERTRAN鄂西-鄂西北,6214,-2000.0
INTERTRAN鄂西-鄂西北,6215,-2000.0
INTERTRAN鄂西-鄂西北,6216,-2000.0
INTERTRAN鄂西-鄂西北,6217,-1505.4747500000003
INTERTRAN鄂西-鄂西北,6218,-2000.0
INTERTRAN鄂西-鄂西北,6219,-2000.0
INTERTRAN鄂西-鄂西北,6220,-621.6632499999996
INTERTRAN鄂西-鄂西北,6221,-1910.7909999999993
INTERTRAN鄂西-鄂西北,6222,-744.7049999999545
INTERTRAN鄂西-鄂西北,6223,-2000.0
INTERTRAN鄂西-鄂西北,6224,-2000.0
INTERTRAN鄂西-鄂西北,6225,-2000.0
INTERTRAN鄂西-鄂西北,6226,-2000.0
INTERTRAN鄂西-鄂西北,6227,791.9983350000002
INTERTRAN鄂西-鄂西北,6228,-2000.0
INTERTRAN鄂西-鄂西北,6229,-2000.0
INTERTRAN鄂西-鄂西北,6230,-2000.0
INTERTRAN鄂西-鄂西北,6231,-2000.0
INTERTRAN鄂西-鄂西北,6232,-2000.0
INTERTRAN鄂西-鄂西北,6233,-2000.0
INTERTRAN鄂西-鄂西北,6234,-2000.0
INTERTRAN鄂西-鄂西北,6235,-670.9633030402047
INTERTRAN鄂西-鄂西北,6236,-2000.0
INTERTRAN鄂西-鄂西北,6237,-2000.0
INTERTRAN鄂西-鄂西北,6238,-2000.0
INTERTRAN鄂西-鄂西北,6239,-2000.0
INTERTRAN鄂西-鄂西北,6240,-2000.0
INTERTRAN鄂西-鄂西北,6241,-1336.4802499999996
INTERTRAN鄂西-鄂西北,6242,-2000.0
INTERTRAN鄂西-鄂西北,6243,-2000.0
INTERTRAN鄂西-鄂西北,6244,-2000.0
INTERTRAN鄂西-鄂西北,6245,-2000.0
INTERTRAN鄂西-鄂西北,6246,-2000.0
INTERTRAN鄂西-鄂西北,6247,-2000.0
INTERTRAN鄂西-鄂西北,6248,-693.25908
INTERTRAN鄂西-鄂西北,6249,183.00231515001178
INTERTRAN鄂西-鄂西北,6250,2000.0
INTERTRAN鄂西-鄂西北,6251,2000.0
INTERTRAN鄂西-鄂西北,6252,2000.0
INTERTRAN鄂西-鄂西北,6253,1169.4744705881849
INTERTRAN鄂西-鄂西北,6254,2000.0
INTERTRAN鄂西-鄂西北,6255,2000.0
INTERTRAN鄂西-鄂西北,6256,2000.0
INTERTRAN鄂西-鄂西北,6257,2000.0
INTERTRAN鄂西-鄂西北,6258,2000.0
INTERTRAN鄂西-鄂西北,6259,-2000.0
INTERTRAN鄂西-鄂西北,6260,-2000.0
INTERTRAN鄂西-鄂西北,6261,507.79178500000035
INTERTRAN鄂西-鄂西北,6262,-2000.0
INTERTRAN鄂西-鄂西北,6263,-1951.5899000000063
INTERTRAN鄂西-鄂西北,6264,-467.8849650999846
INTERTRAN鄂西-鄂西北,6265,-2000.0
INTERTRAN鄂西-鄂西北,6266,201.85825000000114
INTERTRAN鄂西-鄂西北,6267,-2000.0
INTERTRAN鄂西-鄂西北,6268,-2000.0
INTERTRAN鄂西-鄂西北,6269,-2000.0
INTERTRAN鄂西-鄂西北,6270,-2000.0
INTERTRAN鄂西-鄂西北,6271,-2000.0
INTERTRAN鄂西-鄂西北,6272,-2000.0
INTERTRAN鄂西-鄂西北,6273,-2000.0
INTERTRAN鄂西-鄂西北,6274,1631.9257900000011
INTERTRAN鄂西-鄂西北,6275,2000.0
INTERTRAN鄂西-鄂西北,6276,2000.0
INTERTRAN鄂西-鄂西北,6277,2000.0
INTERTRAN鄂西-鄂西北,6278,2000.0
INTERTRAN鄂西-鄂西北,6279,2000.0
INTERTRAN鄂西-鄂西北,6280,-564.8609933333328
INTERTRAN鄂西-鄂西北,6281,1707.5253149999999
INTERTRAN鄂西-鄂西北,6282,269.2326750000043
INTERTRAN鄂西-鄂西北,6283,-602.6643216499931
INTERTRAN鄂西-鄂西北,6284,-2000.0
INTERTRAN鄂西-鄂西北,6285,-2000.0
INTERTRAN鄂西-鄂西北,6286,650.0760000000014
INTERTRAN鄂西-鄂西北,6287,-1114.0786115387598
INTERTRAN鄂西-鄂西北,6288,382.6732500000003
INTERTRAN鄂西-鄂西北,6289,-1252.9726920000155
INTERTRAN鄂西-鄂西北,6290,-546.6458000000048
INTERTRAN鄂西-鄂西北,6291,-363.38149999999905
INTERTRAN鄂西-鄂西北,6292,-947.2359999999999
INTERTRAN鄂西-鄂西北,6293,-693.3908000000047
INTERTRAN鄂西-鄂西北,6294,-2000.0
INTERTRAN鄂西-鄂西北,6295,-162.07355000000098
INTERTRAN鄂西-鄂西北,6296,-772.1787050000003
INTERTRAN鄂西-鄂西北,6297,510.41849999999795
INTERTRAN鄂西-鄂西北,6298,1287.8891999999914
INTERTRAN鄂西-鄂西北,6299,2000.0
INTERTRAN鄂西-鄂西北,6300,2000.0
INTERTRAN鄂西-鄂西北,6301,2000.0
INTERTRAN鄂西-鄂西北,6302,2000.0
INTERTRAN鄂西-鄂西北,6303,2000.0
INTERTRAN鄂西-鄂西北,6304,744.9435500000009
INTERTRAN鄂西-鄂西北,6305,561.9903900000008
INTERTRAN鄂西-鄂西北,6306,556.814155
INTERTRAN鄂西-鄂西北,6307,-700.5094002999815
INTERTRAN鄂西-鄂西北,6308,416.9907850000004
INTERTRAN鄂西-鄂西北,6309,-315.35370000000967
INTERTRAN鄂西-鄂西北,6310,-126.94924999999876
INTERTRAN鄂西-鄂西北,6311,-153.44900000000052
INTERTRAN鄂西-鄂西北,6312,-1165.7817499999996
INTERTRAN鄂西-鄂西北,6313,-2000.0
INTERTRAN鄂西-鄂西北,6314,-478.2450583257969
INTERTRAN鄂西-鄂西北,6315,-354.3560000000002
INTERTRAN鄂西-鄂西北,6316,-391.6115
INTERTRAN鄂西-鄂西北,6317,-2000.0
INTERTRAN鄂西-鄂西北,6318,-630.1040097715143
INTERTRAN鄂西-鄂西北,6319,-794.376549999999
INTERTRAN鄂西-鄂西北,6320,-401.3367150000008
INTERTRAN鄂西-鄂西北,6321,294.108525000001
INTERTRAN鄂西-鄂西北,6322,544.0423800000008
INTERTRAN鄂西-鄂西北,6323,1685.50535985526
INTERTRAN鄂西-鄂西北,6324,2000.0
INTERTRAN鄂西-鄂西北,6325,2000.0
INTERTRAN鄂西-鄂西北,6326,2000.0
INTERTRAN鄂西-鄂西北,6327,2000.0
INTERTRAN鄂西-鄂西北,6328,2000.0
INTERTRAN鄂西-鄂西北,6329,-728.5161950000029
INTERTRAN鄂西-鄂西北,6330,-319.0479593915527
INTERTRAN鄂西-鄂西北,6331,-144.49160999999867
INTERTRAN鄂西-鄂西北,6332,-560.7747389500128
INTERTRAN鄂西-鄂西北,6333,-1351.2597149999992
INTERTRAN鄂西-鄂西北,6334,-464.9444999999996
INTERTRAN鄂西-鄂西北,6335,-2000.0
INTERTRAN鄂西-鄂东,6336,-1739.45039259258
INTERTRAN鄂西-鄂东,6337,2679.1574941176186
INTERTRAN鄂西-鄂东,6338,5821.779600000002
INTERTRAN鄂西-鄂东,6339,5368.163699999997
INTERTRAN鄂西-鄂东,6340,6180.969400000002
INTERTRAN鄂西-鄂东,6341,6567.9666
INTERTRAN鄂西-鄂东,6342,7549.701099999998
INTERTRAN鄂西-鄂东,6343,7597.913194608445
INTERTRAN鄂西-鄂东,6344,11487.062185000003
INTERTRAN鄂西-鄂东,6345,9983.828322515932
INTERTRAN鄂西-鄂东,6346,5716.182395
INTERTRAN鄂西-鄂东,6347,5349.333295000004
INTERTRAN鄂西-鄂东,6348,1814.5566098765376
INTERTRAN鄂西-鄂东,6349,2626.890347058823
INTERTRAN鄂西-鄂东,6350,2240.402014999998
INTERTRAN鄂西-鄂东,6351,4260.438600873909
INTERTRAN鄂西-鄂东,6352,2655.6500450000003
INTERTRAN鄂西-鄂东,6353,8440.21782315449
INTERTRAN鄂西-鄂东,6354,12600.0
INTERTRAN鄂西-鄂东,6355,5644.378400000001
INTERTRAN鄂西-鄂东,6356,8021.701900000004
INTERTRAN鄂西-鄂东,6357,5908.963035000001
INTERTRAN鄂西-鄂东,6358,6209.4787
INTERTRAN鄂西-鄂东,6359,6711.080600000001
INTERTRAN鄂西-鄂东,6360,2672.021510239647
INTERTRAN鄂西-鄂东,6361,3035.036899999999
INTERTRAN鄂西-鄂东,6362,6681.909021903921
INTERTRAN鄂西-鄂东,6363,5338.940899999994
INTERTRAN鄂西-鄂东,6364,6245.4307499999995
INTERTRAN鄂西-鄂东,6365,5591.898699999991
INTERTRAN鄂西-鄂东,6366,5122.624270235159
INTERTRAN鄂西-鄂东,6367,6117.503049999999
INTERTRAN鄂西-鄂东,6368,2057.6020435185055
INTERTRAN鄂西-鄂东,6369,7793.625887547201
INTERTRAN鄂西-鄂东,6370,5628.627199999999
INTERTRAN鄂西-鄂东,6371,3579.3310999999976
INTERTRAN鄂西-鄂东,6372,2225.822999999991
INTERTRAN鄂西-鄂东,6373,4912.932176176473
INTERTRAN鄂西-鄂东,6374,1936.8347999999896
INTERTRAN鄂西-鄂东,6375,3815.677550408458
INTERTRAN鄂西-鄂东,6376,-275.65476260577634
INTERTRAN鄂西-鄂东,6377,6657.688799999996
INTERTRAN鄂西-鄂东,6378,5854.318555000002
INTERTRAN鄂西-鄂东,6379,7208.737805000004
INTERTRAN鄂西-鄂东,6380,-12.336440103919813
INTERTRAN鄂西-鄂东,6381,6485.296499999993
INTERTRAN鄂西-鄂东,6382,1831.6479499999987
INTERTRAN鄂西-鄂东,6383,2881.752899999996
INTERTRAN鄂西-鄂东,6384,5244.938399999999
INTERTRAN鄂西-鄂东,6385,5787.512208921573
INTERTRAN鄂西-鄂东,6386,6222.732731151573
INTERTRAN鄂西-鄂东,6387,3291.857400000001
INTERTRAN鄂西-鄂东,6388,4000.5905999999923
INTERTRAN鄂西-鄂东,6389,3334.500825256244
INTERTRAN鄂西-鄂东,6390,4303.206999999991
INTERTRAN鄂西-鄂东,6391,8840.262149999999
INTERTRAN鄂西-鄂东,6392,10108.510910367913
INTERTRAN鄂西-鄂东,6393,7107.804189999999
INTERTRAN鄂西-鄂东,6394,3085.5046689111095
INTERTRAN鄂西-鄂东,6395,1692.6847666666563
INTERTRAN鄂西-鄂东,6396,2521.894219108659
INTERTRAN鄂西-鄂东,6397,4474.914787000722
INTERTRAN鄂西-鄂东,6398,-2999.76934034206
INTERTRAN鄂西-鄂东,6399,7839.300911111117
INTERTRAN鄂西-鄂东,6400,611.8175712418306
INTERTRAN鄂西-鄂东,6401,4951.017669974681
INTERTRAN鄂西-鄂东,6402,5637.779399999996
INTERTRAN鄂西-鄂东,6403,6757.967145000002
INTERTRAN鄂西-鄂东,6404,6949.374472624986
INTERTRAN鄂西-鄂东,6405,7510.4954
INTERTRAN鄂西-鄂东,6406,5553.629899999996
INTERTRAN鄂西-鄂东,6407,7701.744150000002
INTERTRAN鄂西-鄂东,6408,7698.2032
INTERTRAN鄂西-鄂东,6409,5985.148699999998
INTERTRAN鄂西-鄂东,6410,4506.608645218177
INTERTRAN鄂西-鄂东,6411,6497.272899999993
INTERTRAN鄂西-鄂东,6412,5109.211950000001
INTERTRAN鄂西-鄂东,6413,5524.522850000001
INTERTRAN鄂西-鄂东,6414,6517.11205
INTERTRAN鄂西-鄂东,6415,9376.433200000003
INTERTRAN鄂西-鄂东,6416,6140.135799999993
INTERTRAN鄂西-鄂东,6417,8187.504619060495
INTERTRAN鄂西-鄂东,6418,2968.638525000002
INTERTRAN鄂西-鄂东,6419,2871.810098765427
INTERTRAN鄂西-鄂东,6420,-634.0086554399986
INTERTRAN鄂西-鄂东,6421,-2141.325900000009
INTERTRAN鄂西-鄂东,6422,-2929.0164000000077
INTERTRAN鄂西-鄂东,6423,-2714.800594999999
INTERTRAN鄂西-鄂东,6424,-64.04011970587999
INTERTRAN鄂西-鄂东,6425,5605.003990000001
INTERTRAN鄂西-鄂东,6426,8621.841970000001
INTERTRAN鄂西-鄂东,6427,8181.1644000000015
INTERTRAN鄂西-鄂东,6428,8296.084585
INTERTRAN鄂西-鄂东,6429,6843.8043849999995
INTERTRAN鄂西-鄂东,6430,5817.06525
INTERTRAN鄂西-鄂东,6431,8232.035650000002
INTERTRAN鄂西-鄂东,6432,7157.226699999992
INTERTRAN鄂西-鄂东,6433,6340.261899999998
INTERTRAN鄂西-鄂东,6434,4952.604469470454
INTERTRAN鄂西-鄂东,6435,1181.3237999999965
INTERTRAN鄂西-鄂东,6436,4987.819100000001
INTERTRAN鄂西-鄂东,6437,5466.971700000002
INTERTRAN鄂西-鄂东,6438,7930.2838999999985
INTERTRAN鄂西-鄂东,6439,7106.271835
INTERTRAN鄂西-鄂东,6440,10948.481800000001
INTERTRAN鄂西-鄂东,6441,7903.938900000001
INTERTRAN鄂西-鄂东,6442,3587.205950000003
INTERTRAN鄂西-鄂东,6443,2891.5801770588278
INTERTRAN鄂西-鄂东,6444,2661.3954999999805
INTERTRAN鄂西-鄂东,6445,4552.445785980395
INTERTRAN鄂西-鄂东,6446,2516.5751050000035
INTERTRAN鄂西-鄂东,6447,3453.3352000000014
INTERTRAN鄂西-鄂东,6448,-108.40313999999671
INTERTRAN鄂西-鄂东,6449,6100.761724999997
INTERTRAN鄂西-鄂东,6450,8015.813599999998
INTERTRAN鄂西-鄂东,6451,2693.7423999999955
INTERTRAN鄂西-鄂东,6452,5903.394735000002
INTERTRAN鄂西-鄂东,6453,8947.763373529404
INTERTRAN鄂西-鄂东,6454,5587.1975999999995
INTERTRAN鄂西-鄂东,6455,5056.802665187504
INTERTRAN鄂西-鄂东,6456,8177.692150000003
INTERTRAN鄂西-鄂东,6457,7088.3189999999995
INTERTRAN鄂西-鄂东,6458,6401.310399999991
INTERTRAN鄂西-鄂东,6459,6819.143099999994
INTERTRAN鄂西-鄂东,6460,3499.0905999999977
INTERTRAN鄂西-鄂东,6461,5622.699399999998
INTERTRAN鄂西-鄂东,6462,8027.530750000002
INTERTRAN鄂西-鄂东,6463,10925.737334999998
INTERTRAN鄂西-鄂东,6464,7407.7414750000025
INTERTRAN鄂西-鄂东,6465,6406.831199999997
INTERTRAN鄂西-鄂东,6466,7548.119699999996
INTERTRAN鄂西-鄂东,6467,1107.0990999999995
INTERTRAN鄂西-鄂东,6468,2794.1234999999942
INTERTRAN鄂西-鄂东,6469,333.3362000006564
INTERTRAN鄂西-鄂东,6470,3917.164299999993
INTERTRAN鄂西-鄂东,6471,1093.6575529411766
INTERTRAN鄂西-鄂东,6472,604.0196130392142
INTERTRAN鄂西-鄂东,6473,7027.634425000004
INTERTRAN鄂西-鄂东,6474,6990.9930255625
INTERTRAN鄂西-鄂东,6475,4580.066424999997
INTERTRAN鄂西-鄂东,6476,8454.261920000004
INTERTRAN鄂西-鄂东,6477,5783.038199999995
INTERTRAN鄂西-鄂东,6478,4884.653250000003
INTERTRAN鄂西-鄂东,6479,8465.8888
INTERTRAN鄂西北-鄂东,6336,3000.0
INTERTRAN鄂西北-鄂东,6337,1310.482205882383
INTERTRAN鄂西北-鄂东,6338,3000.0
INTERTRAN鄂西北-鄂东,6339,3000.0
INTERTRAN鄂西北-鄂东,6340,2187.6997999999985
INTERTRAN鄂西北-鄂东,6341,2137.8438000000024
INTERTRAN鄂西北-鄂东,6342,1820.9434000000037
INTERTRAN鄂西北-鄂东,6343,3000.0
INTERTRAN鄂西北-鄂东,6344,508.0652149999987
INTERTRAN鄂西北-鄂东,6345,1021.884913921569
INTERTRAN鄂西北-鄂东,6346,1085.9434049999995
INTERTRAN鄂西北-鄂东,6347,1008.8884049999992
INTERTRAN鄂西北-鄂东,6348,949.1823901234675
INTERTRAN鄂西北-鄂东,6349,-52.1397649999999
INTERTRAN鄂西北-鄂东,6350,388.7435850000006
INTERTRAN鄂西北-鄂东,6351,764.3017150000005
INTERTRAN鄂西北-鄂东,6352,679.4544549999991
INTERTRAN鄂西北-鄂东,6353,2147.591676845511
INTERTRAN鄂西北-鄂东,6354,156.06535071642202
INTERTRAN鄂西北-鄂东,6355,3000.0
INTERTRAN鄂西北-鄂东,6356,1014.1907999999985
INTERTRAN鄂西北-鄂东,6357,1843.4584649999997
INTERTRAN鄂西北-鄂东,6358,1103.4343999999992
INTERTRAN鄂西北-鄂东,6359,3000.0
INTERTRAN鄂西北-鄂东,6360,3000.0
INTERTRAN鄂西北-鄂东,6361,3000.0
INTERTRAN鄂西北-鄂东,6362,984.1844780960782
INTERTRAN鄂西北-鄂东,6363,2006.9485499999992
INTERTRAN鄂西北-鄂东,6364,796.5962499999996
INTERTRAN鄂西北-鄂东,6365,2281.3592499999995
INTERTRAN鄂西北-鄂东,6366,3000.0
INTERTRAN鄂西北-鄂东,6367,2180.3795499999997
INTERTRAN鄂西北-鄂东,6368,1262.2799564814923
INTERTRAN鄂西北-鄂东,6369,1921.9197124528
INTERTRAN鄂西北-鄂东,6370,644.7988039215752
INTERTRAN鄂西北-鄂东,6371,953.05033
INTERTRAN鄂西北-鄂东,6372,-2815.599945
INTERTRAN鄂西北-鄂东,6373,58.18026499999996
INTERTRAN鄂西北-鄂东,6374,-1256.2563999999911
INTERTRAN鄂西北-鄂东,6375,-1602.3905196241208
INTERTRAN鄂西北-鄂东,6376,-1369.0524373942226
INTERTRAN鄂西北-鄂东,6377,-843.0212050000009
INTERTRAN鄂西北-鄂东,6378,195.91204499999958
INTERTRAN鄂西北-鄂东,6379,93.88979499999914
INTERTRAN鄂西北-鄂东,6380,1740.7732401039184
INTERTRAN鄂西北-鄂东,6381,608.4555518425059
INTERTRAN鄂西北-鄂东,6382,2927.55825
INTERTRAN鄂西北-鄂东,6383,1367.626000000001
INTERTRAN鄂西北-鄂东,6384,1889.8395
INTERTRAN鄂西北-鄂东,6385,2209.0850910784247
INTERTRAN鄂西北-鄂东,6386,1850.440999999999
INTERTRAN鄂西北-鄂东,6387,3000.0
INTERTRAN鄂西北-鄂东,6388,1961.1628396265205
INTERTRAN鄂西北-鄂东,6389,1788.958999999999
INTERTRAN鄂西北-鄂东,6390,3000.0
INTERTRAN鄂西北-鄂东,6391,955.6140499999992
INTERTRAN鄂西北-鄂东,6392,302.24834453404674
INTERTRAN鄂西北-鄂东,6393,550.9754100000009
INTERTRAN鄂西北-鄂东,6394,-2199.081145
INTERTRAN鄂西北-鄂东,6395,-3000.0
INTERTRAN鄂西北-鄂东,6396,-3000.0
INTERTRAN鄂西北-鄂东,6397,-3000.0
INTERTRAN鄂西北-鄂东,6398,-3000.0
INTERTRAN鄂西北-鄂东,6399,-3000.0
INTERTRAN鄂西北-鄂东,6400,-3000.0
INTERTRAN鄂西北-鄂东,6401,-2474.158279125003
INTERTRAN鄂西北-鄂东,6402,-631.2449999999963
INTERTRAN鄂西北-鄂东,6403,1109.5350549999985
INTERTRAN鄂西北-鄂东,6404,319.87129999999934
INTERTRAN鄂西北-鄂东,6405,211.97579999999653
INTERTRAN鄂西北-鄂东,6406,494.9227499999997
INTERTRAN鄂西北-鄂东,6407,1548.3732499999996
INTERTRAN鄂西北-鄂东,6408,1004.3155000000006
INTERTRAN鄂西北-鄂东,6409,1343.53175
INTERTRAN鄂西北-鄂东,6410,1111.7070000000003
INTERTRAN鄂西北-鄂东,6411,1166.7824000000055
INTERTRAN鄂西北-鄂东,6412,1967.13825
INTERTRAN鄂西北-鄂东,6413,1963.8987499999994
INTERTRAN鄂西北-鄂东,6414,1702.1467499999999
INTERTRAN鄂西北-鄂东,6415,297.09429999999975
INTERTRAN鄂西北-鄂东,6416,1496.4794000000074
INTERTRAN鄂西北-鄂东,6417,795.5321250000006
INTERTRAN鄂西北-鄂东,6418,274.5508749999999
INTERTRAN鄂西北-鄂东,6419,-285.3571000000006
INTERTRAN鄂西北-鄂东,6420,-533.6767550000009
INTERTRAN鄂西北-鄂东,6421,688.7065499999999
INTERTRAN鄂西北-鄂东,6422,560.8858399999999
INTERTRAN鄂西北-鄂东,6423,1260.5000949999994
INTERTRAN鄂西北-鄂东,6424,369.9816197058817
INTERTRAN鄂西北-鄂东,6425,-87.7211900000002
INTERTRAN鄂西北-鄂东,6426,-165.50867000000017
INTERTRAN鄂西北-鄂东,6427,870.5152999999991
INTERTRAN鄂西北-鄂东,6428,797.1332149999989
INTERTRAN鄂西北-鄂东,6429,629.0932149999999
INTERTRAN鄂西北-鄂东,6430,1351.10675
INTERTRAN鄂西北-鄂东,6431,1216.78575
INTERTRAN鄂西北-鄂东,6432,1954.4598000000096
INTERTRAN鄂西北-鄂东,6433,1925.5113000000038
INTERTRAN鄂西北-鄂东,6434,3000.0
INTERTRAN鄂西北-鄂东,6435,3000.0
INTERTRAN鄂西北-鄂东,6436,2424.8509999999997
INTERTRAN鄂西北-鄂东,6437,1620.0730000000003
INTERTRAN鄂西北-鄂东,6438,1430.821
INTERTRAN鄂西北-鄂东,6439,880.8964649999994
INTERTRAN鄂西北-鄂东,6440,450.7994549999994
INTERTRAN鄂西北-鄂东,6441,848.1975999999995
INTERTRAN鄂西北-鄂东,6442,-324.11295000000064
INTERTRAN鄂西北-鄂东,6443,-2858.303213333334
INTERTRAN鄂西北-鄂东,6444,-434.69476000000077
INTERTRAN鄂西北-鄂东,6445,-1368.458135000003
INTERTRAN鄂西北-鄂东,6446,416.8046949999998
INTERTRAN鄂西北-鄂东,6447,-3000.0
INTERTRAN鄂西北-鄂东,6448,-191.02446000000054
INTERTRAN鄂西北-鄂东,6449,-610.3803250000001
INTERTRAN鄂西北-鄂东,6450,1129.4190000000062
INTERTRAN鄂西北-鄂东,6451,643.4046000000071
INTERTRAN鄂西北-鄂东,6452,1676.4849649999987
INTERTRAN鄂西北-鄂东,6453,630.8655264705976
INTERTRAN鄂西北-鄂东,6454,2433.9235
INTERTRAN鄂西北-鄂东,6455,1828.3577499999992
INTERTRAN鄂西北-鄂东,6456,1642.7882499999996
INTERTRAN鄂西北-鄂东,6457,1224.3680000000004
INTERTRAN鄂西北-鄂东,6458,2323.0254999999997
INTERTRAN鄂西北-鄂东,6459,1539.4217518518553
INTERTRAN鄂西北-鄂东,6460,3000.0
INTERTRAN鄂西北-鄂东,6461,1191.0714999999627
INTERTRAN鄂西北-鄂东,6462,1534.9652500000002
INTERTRAN鄂西北-鄂东,6463,517.1599649999998
INTERTRAN鄂西北-鄂东,6464,1415.4654250000003
INTERTRAN鄂西北-鄂东,6465,1147.5641000000014
INTERTRAN鄂西北-鄂东,6466,-1656.3727002941187
INTERTRAN鄂西北-鄂东,6467,-299.0790950000005
INTERTRAN鄂西北-鄂东,6468,-819.0803999999953
INTERTRAN鄂西北-鄂东,6469,-1501.964981471066
INTERTRAN鄂西北-鄂东,6470,801.713333769077
INTERTRAN鄂西北-鄂东,6471,-3000.0
INTERTRAN鄂西北-鄂东,6472,-738.029513039216
INTERTRAN鄂西北-鄂东,6473,323.29517499999884
INTERTRAN鄂西北-鄂东,6474,797.4046299999986
INTERTRAN鄂西北-鄂东,6475,457.2708750000006
INTERTRAN鄂西北-鄂东,6476,1166.5208799999991
INTERTRAN鄂西北-鄂东,6477,3000.0
INTERTRAN鄂西北-鄂东,6478,1908.6247499999954
INTERTRAN鄂西北-鄂东,6479,1218.6435000000001
INTERTRAN鄂西-鄂西北,6336,-2000.0
INTERTRAN鄂西-鄂西北,6337,-2000.0
INTERTRAN鄂西-鄂西北,6338,-2000.0
INTERTRAN鄂西-鄂西北,6339,-2000.0
INTERTRAN鄂西-鄂西北,6340,-2000.0
INTERTRAN鄂西-鄂西北,6341,-2000.0
INTERTRAN鄂西-鄂西北,6342,-2000.0
INTERTRAN鄂西-鄂西北,6343,-2000.0
INTERTRAN鄂西-鄂西北,6344,-2000.0
INTERTRAN鄂西-鄂西北,6345,-2000.0
INTERTRAN鄂西-鄂西北,6346,-2000.0
INTERTRAN鄂西-鄂西北,6347,-2000.0
INTERTRAN鄂西-鄂西北,6348,-2000.0
INTERTRAN鄂西-鄂西北,6349,-2000.0
INTERTRAN鄂西-鄂西北,6350,-2000.0
INTERTRAN鄂西-鄂西北,6351,-2000.0
INTERTRAN鄂西-鄂西北,6352,-2000.0
INTERTRAN鄂西-鄂西北,6353,-2000.0
INTERTRAN鄂西-鄂西北,6354,-2000.0
INTERTRAN鄂西-鄂西北,6355,-2000.0
INTERTRAN鄂西-鄂西北,6356,-2000.0
INTERTRAN鄂西-鄂西北,6357,-2000.0
INTERTRAN鄂西-鄂西北,6358,-2000.0
INTERTRAN鄂西-鄂西北,6359,-2000.0
INTERTRAN鄂西-鄂西北,6360,-2000.0
INTERTRAN鄂西-鄂西北,6361,-2000.0
INTERTRAN鄂西-鄂西北,6362,-2000.0
INTERTRAN鄂西-鄂西北,6363,-2000.0
INTERTRAN鄂西-鄂西北,6364,-2000.0
INTERTRAN鄂西-鄂西北,6365,-2000.0
INTERTRAN鄂西-鄂西北,6366,-2000.0
INTERTRAN鄂西-鄂西北,6367,-2000.0
INTERTRAN鄂西-鄂西北,6368,-2000.0
INTERTRAN鄂西-鄂西北,6369,-2000.0
INTERTRAN鄂西-鄂西北,6370,-2000.0
INTERTRAN鄂西-鄂西北,6371,-2000.0
INTERTRAN鄂西-鄂西北,6372,-2000.0
INTERTRAN鄂西-鄂西北,6373,-2000.0
INTERTRAN鄂西-鄂西北,6374,-2000.0
INTERTRAN鄂西-鄂西北,6375,-2000.0
INTERTRAN鄂西-鄂西北,6376,-2000.0
INTERTRAN鄂西-鄂西北,6377,-2000.0
INTERTRAN鄂西-鄂西北,6378,-2000.0
INTERTRAN鄂西-鄂西北,6379,-2000.0
INTERTRAN鄂西-鄂西北,6380,-2000.0
INTERTRAN鄂西-鄂西北,6381,-2000.0
INTERTRAN鄂西-鄂西北,6382,-2000.0
INTERTRAN鄂西-鄂西北,6383,-2000.0
INTERTRAN鄂西-鄂西北,6384,-2000.0
INTERTRAN鄂西-鄂西北,6385,-2000.0
INTERTRAN鄂西-鄂西北,6386,-2000.0
INTERTRAN鄂西-鄂西北,6387,-2000.0
INTERTRAN鄂西-鄂西北,6388,-2000.0
INTERTRAN鄂西-鄂西北,6389,-2000.0
INTERTRAN鄂西-鄂西北,6390,-2000.0
INTERTRAN鄂西-鄂西北,6391,-2000.0
INTERTRAN鄂西-鄂西北,6392,-2000.0
INTERTRAN鄂西-鄂西北,6393,-2000.0
INTERTRAN鄂西-鄂西北,6394,-2000.0
INTERTRAN鄂西-鄂西北,6395,-2000.0
INTERTRAN鄂西-鄂西北,6396,2000.0
INTERTRAN鄂西-鄂西北,6397,918.7329633260615
INTERTRAN鄂西-鄂西北,6398,2000.0
INTERTRAN鄂西-鄂西北,6399,2000.0
INTERTRAN鄂西-鄂西北,6400,-1531.791465
INTERTRAN鄂西-鄂西北,6401,-2000.0
INTERTRAN鄂西-鄂西北,6402,-2000.0
INTERTRAN鄂西-鄂西北,6403,-2000.0
INTERTRAN鄂西-鄂西北,6404,-2000.0
INTERTRAN鄂西-鄂西北,6405,-2000.0
INTERTRAN鄂西-鄂西北,6406,-2000.0
INTERTRAN鄂西-鄂西北,6407,-2000.0
INTERTRAN鄂西-鄂西北,6408,-2000.0
INTERTRAN鄂西-鄂西北,6409,-2000.0
INTERTRAN鄂西-鄂西北,6410,-2000.0
INTERTRAN鄂西-鄂西北,6411,-2000.0
INTERTRAN鄂西-鄂西北,6412,-2000.0
INTERTRAN鄂西-鄂西北,6413,-2000.0
INTERTRAN鄂西-鄂西北,6414,-2000.0
INTERTRAN鄂西-鄂西北,6415,-2000.0
INTERTRAN鄂西-鄂西北,6416,-2000.0
INTERTRAN鄂西-鄂西北,6417,-2000.0
INTERTRAN鄂西-鄂西北,6418,-2000.0
INTERTRAN鄂西-鄂西北,6419,-2000.0
INTERTRAN鄂西-鄂西北,6420,-2000.0
INTERTRAN鄂西-鄂西北,6421,-2000.0
INTERTRAN鄂西-鄂西北,6422,-2000.0
INTERTRAN鄂西-鄂西北,6423,-2000.0
INTERTRAN鄂西-鄂西北,6424,-2000.0
INTERTRAN鄂西-鄂西北,6425,-2000.0
INTERTRAN鄂西-鄂西北,6426,-2000.0
INTERTRAN鄂西-鄂西北,6427,-2000.0
INTERTRAN鄂西-鄂西北,6428,-2000.0
INTERTRAN鄂西-鄂西北,6429,-2000.0
INTERTRAN鄂西-鄂西北,6430,-2000.0
INTERTRAN鄂西-鄂西北,6431,-2000.0
INTERTRAN鄂西-鄂西北,6432,-2000.0
INTERTRAN鄂西-鄂西北,6433,-2000.0
INTERTRAN鄂西-鄂西北,6434,-2000.0
INTERTRAN鄂西-鄂西北,6435,-2000.0
INTERTRAN鄂西-鄂西北,6436,-2000.0
INTERTRAN鄂西-鄂西北,6437,-2000.0
INTERTRAN鄂西-鄂西北,6438,-2000.0
INTERTRAN鄂西-鄂西北,6439,-2000.0
INTERTRAN鄂西-鄂西北,6440,-2000.0
INTERTRAN鄂西-鄂西北,6441,-2000.0
INTERTRAN鄂西-鄂西北,6442,-2000.0
INTERTRAN鄂西-鄂西北,6443,-2000.0
INTERTRAN鄂西-鄂西北,6444,-2000.0
INTERTRAN鄂西-鄂西北,6445,-2000.0
INTERTRAN鄂西-鄂西北,6446,-2000.0
INTERTRAN鄂西-鄂西北,6447,-1782.0760200000004
INTERTRAN鄂西-鄂西北,6448,-2000.0
INTERTRAN鄂西-鄂西北,6449,-2000.0
INTERTRAN鄂西-鄂西北,6450,-2000.0
INTERTRAN鄂西-鄂西北,6451,-2000.0
INTERTRAN鄂西-鄂西北,6452,-2000.0
INTERTRAN鄂西-鄂西北,6453,-2000.0
INTERTRAN鄂西-鄂西北,6454,-2000.0
INTERTRAN鄂西-鄂西北,6455,-2000.0
INTERTRAN鄂西-鄂西北,6456,-2000.0
INTERTRAN鄂西-鄂西北,6457,-2000.0
INTERTRAN鄂西-鄂西北,6458,-2000.0
INTERTRAN鄂西-鄂西北,6459,-2000.0
INTERTRAN鄂西-鄂西北,6460,-2000.0
INTERTRAN鄂西-鄂西北,6461,-2000.0
INTERTRAN鄂西-鄂西北,6462,-2000.0
INTERTRAN鄂西-鄂西北,6463,-2000.0
INTERTRAN鄂西-鄂西北,6464,-2000.0
INTERTRAN鄂西-鄂西北,6465,-2000.0
INTERTRAN鄂西-鄂西北,6466,-2000.0
INTERTRAN鄂西-鄂西北,6467,-2000.0
INTERTRAN鄂西-鄂西北,6468,-2000.0
INTERTRAN鄂西-鄂西北,6469,-2000.0
INTERTRAN鄂西-鄂西北,6470,-2000.0
INTERTRAN鄂西-鄂西北,6471,-1066.4005149999998
INTERTRAN鄂西-鄂西北,6472,-2000.0
INTERTRAN鄂西-鄂西北,6473,-2000.0
INTERTRAN鄂西-鄂西北,6474,-2000.0
INTERTRAN鄂西-鄂西北,6475,-2000.0
INTERTRAN鄂西-鄂西北,6476,-2000.0
INTERTRAN鄂西-鄂西北,6477,-2000.0
INTERTRAN鄂西-鄂西北,6478,-2000.0
INTERTRAN鄂西-鄂西北,6479,-2000.0
INTERTRAN鄂西-鄂东,6480,3554.9629705882107
INTERTRAN鄂西-鄂东,6481,4967.060079411764
INTERTRAN鄂西-鄂东,6482,6326.296245061731
INTERTRAN鄂西-鄂东,6483,4392.772500000003
INTERTRAN鄂西-鄂东,6484,1652.7600999999922
INTERTRAN鄂西-鄂东,6485,2465.6046999999962
INTERTRAN鄂西-鄂东,6486,4873.3881
INTERTRAN鄂西-鄂东,6487,7497.368599999998
INTERTRAN鄂西-鄂东,6488,7496.1401000000005
INTERTRAN鄂西-鄂东,6489,7871.65402058823
INTERTRAN鄂西-鄂东,6490,6112.269611146392
INTERTRAN鄂西-鄂东,6491,6589.178939215686
INTERTRAN鄂西-鄂东,6492,4750.7931527587825
INTERTRAN鄂西-鄂东,6493,6234.75959999999
INTERTRAN鄂西-鄂东,6494,10949.616437037035
INTERTRAN鄂西-鄂东,6495,5457.5389
INTERTRAN鄂西-鄂东,6496,7863.207951666656
INTERTRAN鄂西-鄂东,6497,5677.641674999999
INTERTRAN鄂西-鄂东,6498,8151.574099999998
INTERTRAN鄂西-鄂东,6499,6498.9397527451
INTERTRAN鄂西-鄂东,6500,5510.503145000002
INTERTRAN鄂西-鄂东,6501,4613.699711141133
INTERTRAN鄂西-鄂东,6502,4956.505264929197
INTERTRAN鄂西-鄂东,6503,6025.919800000003
INTERTRAN鄂西-鄂东,6504,7339.499100000001
INTERTRAN鄂西-鄂东,6505,4954.057850000001
INTERTRAN鄂西-鄂东,6506,5191.235099999998
INTERTRAN鄂西-鄂东,6507,2949.51479999999
INTERTRAN鄂西-鄂东,6508,5792.653000000002
INTERTRAN鄂西-鄂东,6509,4778.367400000003
INTERTRAN鄂西-鄂东,6510,6966.0458900000085
INTERTRAN鄂西-鄂东,6511,8176.193899999998
INTERTRAN鄂西-鄂东,6512,5387.752699999997
INTERTRAN鄂西-鄂东,6513,6484.3543999999965
INTERTRAN鄂西-鄂东,6514,7091.1458999999995
INTERTRAN鄂西-鄂东,6515,5513.8617999999915
INTERTRAN鄂西-鄂东,6516,1600.2218305295864
INTERTRAN鄂西-鄂东,6517,3025.1296900000016
INTERTRAN鄂西-鄂东,6518,3330.8336999999974
INTERTRAN鄂西-鄂东,6519,5273.896199999996
INTERTRAN鄂西-鄂东,6520,3238.661199999995
INTERTRAN鄂西-鄂东,6521,7190.830345000002
INTERTRAN鄂西-鄂东,6522,7261.846709259255
INTERTRAN鄂西-鄂东,6523,6659.882000000001
INTERTRAN鄂西-鄂东,6524,5878.055185000001
INTERTRAN鄂西-鄂东,6525,6240.267400000026
INTERTRAN鄂西-鄂东,6526,4459.435799999999
INTERTRAN鄂西-鄂东,6527,9318.081899999997
INTERTRAN鄂西-鄂东,6528,8039.5821
INTERTRAN鄂西-鄂东,6529,6671.848600000001
INTERTRAN鄂西-鄂东,6530,3421.879288858885
INTERTRAN鄂西-鄂东,6531,4331.3833999999915
INTERTRAN鄂西-鄂东,6532,6283.568829317388
INTERTRAN鄂西-鄂东,6533,6217.457500000004
INTERTRAN鄂西-鄂东,6534,8893.550100000008
INTERTRAN鄂西-鄂东,6535,6302.453982574611
INTERTRAN鄂西-鄂东,6536,7098.530799999993
INTERTRAN鄂西-鄂东,6537,6436.598299999998
INTERTRAN鄂西-鄂东,6538,4952.940999444443
INTERTRAN鄂西-鄂东,6539,3165.6740019607823
INTERTRAN鄂西-鄂东,6540,3404.643250546691
INTERTRAN鄂西-鄂东,6541,2308.4653739388887
INTERTRAN鄂西-鄂东,6542,5905.3345849862635
INTERTRAN鄂西-鄂东,6543,4284.816700000003
INTERTRAN鄂西-鄂东,6544,9420.053844999995
INTERTRAN鄂西-鄂东,6545,8876.126200000006
INTERTRAN鄂西-鄂东,6546,4657.693499999998
INTERTRAN鄂西-鄂东,6547,7714.951519999955
INTERTRAN鄂西-鄂东,6548,2780.29392
INTERTRAN鄂西-鄂东,6549,5536.050300000003
INTERTRAN鄂西-鄂东,6550,4196.476749999994
INTERTRAN鄂西-鄂东,6551,3923.495217647058
INTERTRAN鄂西-鄂东,6552,8227.739099999999
INTERTRAN鄂西-鄂东,6553,8513.222139999998
INTERTRAN鄂西-鄂东,6554,6049.555599999996
INTERTRAN鄂西-鄂东,6555,6243.60667999999
INTERTRAN鄂西-鄂东,6556,9454.855790000001
INTERTRAN鄂西-鄂东,6557,6739.876699999993
INTERTRAN鄂西-鄂东,6558,5033.170340000001
INTERTRAN鄂西-鄂东,6559,5233.101857992286
INTERTRAN鄂西-鄂东,6560,7160.6830891016725
INTERTRAN鄂西-鄂东,6561,4455.012588235295
INTERTRAN鄂西-鄂东,6562,5870.573515070799
INTERTRAN鄂西-鄂东,6563,4878.342066666664
INTERTRAN鄂西-鄂东,6564,4072.484010588232
INTERTRAN鄂西-鄂东,6565,5168.890859430623
INTERTRAN鄂西-鄂东,6566,1509.4513679581669
INTERTRAN鄂西-鄂东,6567,9817.234462222215
INTERTRAN鄂西-鄂东,6568,4525.34049792232
INTERTRAN鄂西-鄂东,6569,6218.523115909593
INTERTRAN鄂西-鄂东,6570,7359.9063100531785
INTERTRAN鄂西-鄂东,6571,6613.966199999999
INTERTRAN鄂西-鄂东,6572,8369.753599999996
INTERTRAN鄂西-鄂东,6573,8728.633199999997
INTERTRAN鄂西-鄂东,6574,7016.017440000003
INTERTRAN鄂西-鄂东,6575,9034.514500000001
INTERTRAN鄂西-鄂东,6576,6829.085299999999
INTERTRAN鄂西-鄂东,6577,7108.12775609639
INTERTRAN鄂西-鄂东,6578,8319.8825
INTERTRAN鄂西-鄂东,6579,7072.476799999997
INTERTRAN鄂西-鄂东,6580,5831.230154249995
INTERTRAN鄂西-鄂东,6581,9685.4189
INTERTRAN鄂西-鄂东,6582,8413.432122941176
INTERTRAN鄂西-鄂东,6583,7261.810599999997
INTERTRAN鄂西-鄂东,6584,7923.814964017849
INTERTRAN鄂西-鄂东,6585,8662.053499999998
INTERTRAN鄂西-鄂东,6586,5719.63100472873
INTERTRAN鄂西-鄂东,6587,5350.8982999999935
INTERTRAN鄂西-鄂东,6588,8481.869173333333
INTERTRAN鄂西-鄂东,6589,7222.449744444439
INTERTRAN鄂西-鄂东,6590,9511.464300000145
INTERTRAN鄂西-鄂东,6591,10067.125010370371
INTERTRAN鄂西-鄂东,6592,9528.313424705826
INTERTRAN鄂西-鄂东,6593,5448.64789568627
INTERTRAN鄂西-鄂东,6594,10237.53125960784
INTERTRAN鄂西-鄂东,6595,8518.05974
INTERTRAN鄂西-鄂东,6596,6246.119610515954
INTERTRAN鄂西-鄂东,6597,10683.902299999998
INTERTRAN鄂西-鄂东,6598,7815.475899999947
INTERTRAN鄂西-鄂东,6599,7446.175799999997
INTERTRAN鄂西-鄂东,6600,10457.554540000005
INTERTRAN鄂西-鄂东,6601,8969.204189999997
INTERTRAN鄂西-鄂东,6602,11907.77334
INTERTRAN鄂西-鄂东,6603,10426.527739999998
INTERTRAN鄂西-鄂东,6604,11471.967991039972
INTERTRAN鄂西-鄂东,6605,10968.6253
INTERTRAN鄂西-鄂东,6606,10361.622900000002
INTERTRAN鄂西-鄂东,6607,9383.2696
INTERTRAN鄂西-鄂东,6608,7027.661699999997
INTERTRAN鄂西-鄂东,6609,9842.816166117635
INTERTRAN鄂西-鄂东,6610,6897.024476573002
INTERTRAN鄂西-鄂东,6611,6093.18334
INTERTRAN鄂西-鄂东,6612,10775.62098074074
INTERTRAN鄂西-鄂东,6613,4832.412717777774
INTERTRAN鄂西-鄂东,6614,7750.707643499616
INTERTRAN鄂西-鄂东,6615,6585.396873333331
INTERTRAN鄂西-鄂东,6616,7995.621277254897
INTERTRAN鄂西-鄂东,6617,7554.482787058827
INTERTRAN鄂西-鄂东,6618,12600.0
INTERTRAN鄂西-鄂东,6619,5023.160453882367
INTERTRAN鄂西-鄂东,6620,6121.147699999998
INTERTRAN鄂西-鄂东,6621,8590.36864
INTERTRAN鄂西-鄂东,6622,7434.629370161765
INTERTRAN鄂西-鄂东,6623,11108.205399999999
INTERTRAN鄂西北-鄂东,6480,-702.8513529411525
INTERTRAN鄂西北-鄂东,6481,2934.89325
INTERTRAN鄂西北-鄂东,6482,203.71335493826973
INTERTRAN鄂西北-鄂东,6483,3000.0
INTERTRAN鄂西北-鄂东,6484,2299.2691907407534
INTERTRAN鄂西北-鄂东,6485,3000.0
INTERTRAN鄂西北-鄂东,6486,3000.0
INTERTRAN鄂西北-鄂东,6487,3000.0
INTERTRAN鄂西北-鄂东,6488,3000.0
INTERTRAN鄂西北-鄂东,6489,594.5834794117682
INTERTRAN鄂西北-鄂东,6490,-1392.3517738914888
INTERTRAN鄂西北-鄂东,6491,-3000.0
INTERTRAN鄂西北-鄂东,6492,-3000.0
INTERTRAN鄂西北-鄂东,6493,-1218.7207300000005
INTERTRAN鄂西北-鄂东,6494,-3000.0
INTERTRAN鄂西北-鄂东,6495,-3000.0
INTERTRAN鄂西北-鄂东,6496,-341.50042203702515
INTERTRAN鄂西北-鄂东,6497,405.4682249999996
INTERTRAN鄂西北-鄂东,6498,954.8671000000049
INTERTRAN鄂西北-鄂东,6499,1056.4425472548992
INTERTRAN鄂西北-鄂东,6500,725.063854999999
INTERTRAN鄂西北-鄂东,6501,3000.0
INTERTRAN鄂西北-鄂东,6502,2320.640135070802
INTERTRAN鄂西北-鄂东,6503,3000.0
INTERTRAN鄂西北-鄂东,6504,2126.699900000005
INTERTRAN鄂西北-鄂东,6505,1493.7647500000003
INTERTRAN鄂西北-鄂东,6506,3000.0
INTERTRAN鄂西北-鄂东,6507,2246.5119000000104
INTERTRAN鄂西北-鄂东,6508,793.5564999999988
INTERTRAN鄂西北-鄂东,6509,1565.1275000000005
INTERTRAN鄂西北-鄂东,6510,1537.4408099999891
INTERTRAN鄂西北-鄂东,6511,3000.0
INTERTRAN鄂西北-鄂东,6512,3000.0
INTERTRAN鄂西北-鄂东,6513,632.601099999999
INTERTRAN鄂西北-鄂东,6514,-146.49280000000044
INTERTRAN鄂西北-鄂东,6515,421.7588000000078
INTERTRAN鄂西北-鄂东,6516,748.8625000000002
INTERTRAN鄂西北-鄂东,6517,1217.8447099999994
INTERTRAN鄂西北-鄂东,6518,-518.2859999999964
INTERTRAN鄂西北-鄂东,6519,218.51060000000234
INTERTRAN鄂西北-鄂东,6520,-1303.3761150000005
INTERTRAN鄂西北-鄂东,6521,702.828755
INTERTRAN鄂西北-鄂东,6522,3000.0
INTERTRAN鄂西北-鄂东,6523,3000.0
INTERTRAN鄂西北-鄂东,6524,842.9142149999998
INTERTRAN鄂西北-鄂东,6525,368.787999999975
INTERTRAN鄂西北-鄂东,6526,1213.7179999999998
INTERTRAN鄂西北-鄂东,6527,1414.8009999999995
INTERTRAN鄂西北-鄂东,6528,1547.54025
INTERTRAN鄂西北-鄂东,6529,3000.0
INTERTRAN鄂西北-鄂东,6530,2036.9129999999996
INTERTRAN鄂西北-鄂东,6531,3000.0
INTERTRAN鄂西北-鄂东,6532,2226.0354706826147
INTERTRAN鄂西北-鄂东,6533,2071.1618
INTERTRAN鄂西北-鄂东,6534,890.4190000000067
INTERTRAN鄂西北-鄂东,6535,967.8732150000005
INTERTRAN鄂西北-鄂东,6536,2327.5129000000106
INTERTRAN鄂西北-鄂东,6537,2845.446500000002
INTERTRAN鄂西北-鄂东,6538,-2820.6554549999996
INTERTRAN鄂西北-鄂东,6539,-3000.0
INTERTRAN鄂西北-鄂东,6540,-3000.0
INTERTRAN鄂西北-鄂东,6541,-3000.0
INTERTRAN鄂西北-鄂东,6542,-2698.0931500000006
INTERTRAN鄂西北-鄂东,6543,-3000.0
INTERTRAN鄂西北-鄂东,6544,-3000.0
INTERTRAN鄂西北-鄂东,6545,-3000.0
INTERTRAN鄂西北-鄂东,6546,-264.29739999999947
INTERTRAN鄂西北-鄂东,6547,1973.4639149999994
INTERTRAN鄂西北-鄂东,6548,685.7988799999994
INTERTRAN鄂西北-鄂东,6549,166.83863000000065
INTERTRAN鄂西北-鄂东,6550,1924.313250000001
INTERTRAN鄂西北-鄂东,6551,3000.0
INTERTRAN鄂西北-鄂东,6552,-3000.0
INTERTRAN鄂西北-鄂东,6553,-3000.0
INTERTRAN鄂西北-鄂东,6554,-2218.927759999995
INTERTRAN鄂西北-鄂东,6555,-1735.1632225490291
INTERTRAN鄂西北-鄂东,6556,-2345.5767500000006
INTERTRAN鄂西北-鄂东,6557,-2459.229500000001
INTERTRAN鄂西北-鄂东,6558,1225.3219999999992
INTERTRAN鄂西北-鄂东,6559,1908.3979525959503
INTERTRAN鄂西北-鄂东,6560,-2342.5274150000005
INTERTRAN鄂西北-鄂东,6561,-2754.4722482352918
INTERTRAN鄂西北-鄂东,6562,-3000.0
INTERTRAN鄂西北-鄂东,6563,-2148.9675549999993
INTERTRAN鄂西北-鄂东,6564,-3000.0
INTERTRAN鄂西北-鄂东,6565,-3000.0
INTERTRAN鄂西北-鄂东,6566,-3000.0
INTERTRAN鄂西北-鄂东,6567,-3000.0
INTERTRAN鄂西北-鄂东,6568,-3000.0
INTERTRAN鄂西北-鄂东,6569,-3000.0
INTERTRAN鄂西北-鄂东,6570,-3000.0
INTERTRAN鄂西北-鄂东,6571,-3000.0
INTERTRAN鄂西北-鄂东,6572,-674.8335400000001
INTERTRAN鄂西北-鄂东,6573,-1255.81826
INTERTRAN鄂西北-鄂东,6574,-3000.0
INTERTRAN鄂西北-鄂东,6575,-2588.8681600000036
INTERTRAN鄂西北-鄂东,6576,736.9099999999994
INTERTRAN鄂西北-鄂东,6577,-3000.0
INTERTRAN鄂西北-鄂东,6578,-2551.3091600000016
INTERTRAN鄂西北-鄂东,6579,-1393.3260000000007
INTERTRAN鄂西北-鄂东,6580,-2436.797500000001
INTERTRAN鄂西北-鄂东,6581,-3000.0
INTERTRAN鄂西北-鄂东,6582,-940.0278299999982
INTERTRAN鄂西北-鄂东,6583,-3000.0
INTERTRAN鄂西北-鄂东,6584,-2024.7722240178464
INTERTRAN鄂西北-鄂东,6585,-3000.0
INTERTRAN鄂西北-鄂东,6586,-2877.3989032817367
INTERTRAN鄂西北-鄂东,6587,-3000.0
INTERTRAN鄂西北-鄂东,6588,-3000.0
INTERTRAN鄂西北-鄂东,6589,-3000.0
INTERTRAN鄂西北-鄂东,6590,-1187.0058200000003
INTERTRAN鄂西北-鄂东,6591,-3000.0
INTERTRAN鄂西北-鄂东,6592,-3000.0
INTERTRAN鄂西北-鄂东,6593,-3000.0
INTERTRAN鄂西北-鄂东,6594,-3000.0
INTERTRAN鄂西北-鄂东,6595,3000.0
INTERTRAN鄂西北-鄂东,6596,-594.5694705159517
INTERTRAN鄂西北-鄂东,6597,-1038.9815
INTERTRAN鄂西北-鄂东,6598,-2618.5672636024246
INTERTRAN鄂西北-鄂东,6599,-2045.4935000000003
INTERTRAN鄂西北-鄂东,6600,-276.84200000000146
INTERTRAN鄂西北-鄂东,6601,-2558.934750000001
INTERTRAN鄂西北-鄂东,6602,-1863.4790000000003
INTERTRAN鄂西北-鄂东,6603,2079.1769999999997
INTERTRAN鄂西北-鄂东,6604,-433.3036924375019
INTERTRAN鄂西北-鄂东,6605,-1881.121
INTERTRAN鄂西北-鄂东,6606,-1312.9629999999995
INTERTRAN鄂西北-鄂东,6607,5.282565000000432
INTERTRAN鄂西北-鄂东,6608,2003.288440000002
INTERTRAN鄂西北-鄂东,6609,-3000.0
INTERTRAN鄂西北-鄂东,6610,-3000.0
INTERTRAN鄂西北-鄂东,6611,-3000.0
INTERTRAN鄂西北-鄂东,6612,-3000.0
INTERTRAN鄂西北-鄂东,6613,-3000.0
INTERTRAN鄂西北-鄂东,6614,-3000.0
INTERTRAN鄂西北-鄂东,6615,-3000.0
INTERTRAN鄂西北-鄂东,6616,-3000.0
INTERTRAN鄂西北-鄂东,6617,-3000.0
INTERTRAN鄂西北-鄂东,6618,-2730.4055399999975
INTERTRAN鄂西北-鄂东,6619,3000.0
INTERTRAN鄂西北-鄂东,6620,-2859.98949
INTERTRAN鄂西北-鄂东,6621,-1954.4194999999995
INTERTRAN鄂西北-鄂东,6622,1353.8352698382305
INTERTRAN鄂西北-鄂东,6623,-2480.306641555888
INTERTRAN鄂西-鄂西北,6480,-2000.0
INTERTRAN鄂西-鄂西北,6481,-2000.0
INTERTRAN鄂西-鄂西北,6482,-2000.0
INTERTRAN鄂西-鄂西北,6483,-2000.0
INTERTRAN鄂西-鄂西北,6484,-2000.0
INTERTRAN鄂西-鄂西北,6485,-2000.0
INTERTRAN鄂西-鄂西北,6486,-2000.0
INTERTRAN鄂西-鄂西北,6487,-2000.0
INTERTRAN鄂西-鄂西北,6488,-2000.0
INTERTRAN鄂西-鄂西北,6489,-2000.0
INTERTRAN鄂西-鄂西北,6490,-2000.0
INTERTRAN鄂西-鄂西北,6491,-2000.0
INTERTRAN鄂西-鄂西北,6492,2000.0
INTERTRAN鄂西-鄂西北,6493,-2000.0
INTERTRAN鄂西-鄂西北,6494,-602.3482925925937
INTERTRAN鄂西-鄂西北,6495,-1765.8834000000115
INTERTRAN鄂西-鄂西北,6496,-2000.0
INTERTRAN鄂西-鄂西北,6497,-2000.0
INTERTRAN鄂西-鄂西北,6498,-2000.0
INTERTRAN鄂西-鄂西北,6499,-2000.0
INTERTRAN鄂西-鄂西北,6500,-2000.0
INTERTRAN鄂西-鄂西北,6501,-2000.0
INTERTRAN鄂西-鄂西北,6502,-2000.0
INTERTRAN鄂西-鄂西北,6503,-2000.0
INTERTRAN鄂西-鄂西北,6504,-2000.0
INTERTRAN鄂西-鄂西北,6505,-2000.0
INTERTRAN鄂西-鄂西北,6506,-2000.0
INTERTRAN鄂西-鄂西北,6507,-2000.0
INTERTRAN鄂西-鄂西北,6508,-2000.0
INTERTRAN鄂西-鄂西北,6509,-2000.0
INTERTRAN鄂西-鄂西北,6510,-2000.0
INTERTRAN鄂西-鄂西北,6511,-2000.0
INTERTRAN鄂西-鄂西北,6512,-2000.0
INTERTRAN鄂西-鄂西北,6513,-2000.0
INTERTRAN鄂西-鄂西北,6514,-2000.0
INTERTRAN鄂西-鄂西北,6515,-2000.0
INTERTRAN鄂西-鄂西北,6516,-2000.0
INTERTRAN鄂西-鄂西北,6517,-2000.0
INTERTRAN鄂西-鄂西北,6518,-2000.0
INTERTRAN鄂西-鄂西北,6519,-2000.0
INTERTRAN鄂西-鄂西北,6520,-2000.0
INTERTRAN鄂西-鄂西北,6521,-2000.0
INTERTRAN鄂西-鄂西北,6522,-2000.0
INTERTRAN鄂西-鄂西北,6523,-1789.4211795999859
INTERTRAN鄂西-鄂西北,6524,-2000.0
INTERTRAN鄂西-鄂西北,6525,-2000.0
INTERTRAN鄂西-鄂西北,6526,-2000.0
INTERTRAN鄂西-鄂西北,6527,-2000.0
INTERTRAN鄂西-鄂西北,6528,-2000.0
INTERTRAN鄂西-鄂西北,6529,-2000.0
INTERTRAN鄂西-鄂西北,6530,-2000.0
INTERTRAN鄂西-鄂西北,6531,-2000.0
INTERTRAN鄂西-鄂西北,6532,-2000.0
INTERTRAN鄂西-鄂西北,6533,-2000.0
INTERTRAN鄂西-鄂西北,6534,-2000.0
INTERTRAN鄂西-鄂西北,6535,-2000.0
INTERTRAN鄂西-鄂西北,6536,-2000.0
INTERTRAN鄂西-鄂西北,6537,-2000.0
INTERTRAN鄂西-鄂西北,6538,-2000.0
INTERTRAN鄂西-鄂西北,6539,-2000.0
INTERTRAN鄂西-鄂西北,6540,2000.0
INTERTRAN鄂西-鄂西北,6541,1258.0006322222216
INTERTRAN鄂西-鄂西北,6542,2000.0
INTERTRAN鄂西-鄂西北,6543,379.48964166666656
INTERTRAN鄂西-鄂西北,6544,-254.2076450000004
INTERTRAN鄂西-鄂西北,6545,-2000.0
INTERTRAN鄂西-鄂西北,6546,-2000.0
INTERTRAN鄂西-鄂西北,6547,-2000.0
INTERTRAN鄂西-鄂西北,6548,-2000.0
INTERTRAN鄂西-鄂西北,6549,-2000.0
INTERTRAN鄂西-鄂西北,6550,-2000.0
INTERTRAN鄂西-鄂西北,6551,-2000.0
INTERTRAN鄂西-鄂西北,6552,-2000.0
INTERTRAN鄂西-鄂西北,6553,-2000.0
INTERTRAN鄂西-鄂西北,6554,-2000.0
INTERTRAN鄂西-鄂西北,6555,-2000.0
INTERTRAN鄂西-鄂西北,6556,-2000.0
INTERTRAN鄂西-鄂西北,6557,-2000.0
INTERTRAN鄂西-鄂西北,6558,-2000.0
INTERTRAN鄂西-鄂西北,6559,-2000.0
INTERTRAN鄂西-鄂西北,6560,-2000.0
INTERTRAN鄂西-鄂西北,6561,-2000.0
INTERTRAN鄂西-鄂西北,6562,-1000.6228800000004
INTERTRAN鄂西-鄂西北,6563,2000.0
INTERTRAN鄂西-鄂西北,6564,2000.0
INTERTRAN鄂西-鄂西北,6565,2000.0
INTERTRAN鄂西-鄂西北,6566,2000.0
INTERTRAN鄂西-鄂西北,6567,2000.0
INTERTRAN鄂西-鄂西北,6568,2000.0
INTERTRAN鄂西-鄂西北,6569,2000.0
INTERTRAN鄂西-鄂西北,6570,498.48088994682166
INTERTRAN鄂西-鄂西北,6571,-2000.0
INTERTRAN鄂西-鄂西北,6572,-2000.0
INTERTRAN鄂西-鄂西北,6573,-2000.0
INTERTRAN鄂西-鄂西北,6574,-2000.0
INTERTRAN鄂西-鄂西北,6575,-2000.0
INTERTRAN鄂西-鄂西北,6576,-2000.0
INTERTRAN鄂西-鄂西北,6577,-2000.0
INTERTRAN鄂西-鄂西北,6578,-2000.0
INTERTRAN鄂西-鄂西北,6579,-2000.0
INTERTRAN鄂西-鄂西北,6580,-2000.0
INTERTRAN鄂西-鄂西北,6581,-2000.0
INTERTRAN鄂西-鄂西北,6582,-2000.0
INTERTRAN鄂西-鄂西北,6583,-2000.0
INTERTRAN鄂西-鄂西北,6584,-2000.0
INTERTRAN鄂西-鄂西北,6585,-2000.0
INTERTRAN鄂西-鄂西北,6586,-2000.0
INTERTRAN鄂西-鄂西北,6587,2000.0
INTERTRAN鄂西-鄂西北,6588,2000.0
INTERTRAN鄂西-鄂西北,6589,2000.0
INTERTRAN鄂西-鄂西北,6590,2000.0
INTERTRAN鄂西-鄂西北,6591,2000.0
INTERTRAN鄂西-鄂西北,6592,2000.0
INTERTRAN鄂西-鄂西北,6593,1636.115404313723
INTERTRAN鄂西-鄂西北,6594,-583.1400596078402
INTERTRAN鄂西-鄂西北,6595,-2000.0
INTERTRAN鄂西-鄂西北,6596,-2000.0
INTERTRAN鄂西-鄂西北,6597,-2000.0
INTERTRAN鄂西-鄂西北,6598,-2000.0
INTERTRAN鄂西-鄂西北,6599,-2000.0
INTERTRAN鄂西-鄂西北,6600,-2000.0
INTERTRAN鄂西-鄂西北,6601,-2000.0
INTERTRAN鄂西-鄂西北,6602,-2000.0
INTERTRAN鄂西-鄂西北,6603,-2000.0
INTERTRAN鄂西-鄂西北,6604,-2000.0
INTERTRAN鄂西-鄂西北,6605,-2000.0
INTERTRAN鄂西-鄂西北,6606,-2000.0
INTERTRAN鄂西-鄂西北,6607,-2000.0
INTERTRAN鄂西-鄂西北,6608,-2000.0
INTERTRAN鄂西-鄂西北,6609,-2000.0
INTERTRAN鄂西-鄂西北,6610,917.4404234269969
INTERTRAN鄂西-鄂西北,6611,2000.0
INTERTRAN鄂西-鄂西北,6612,2000.0
INTERTRAN鄂西-鄂西北,6613,2000.0
INTERTRAN鄂西-鄂西北,6614,2000.0
INTERTRAN鄂西-鄂西北,6615,2000.0
INTERTRAN鄂西-鄂西北,6616,2000.0
INTERTRAN鄂西-鄂西北,6617,1423.5200129411633
INTERTRAN鄂西-鄂西北,6618,-2000.0
INTERTRAN鄂西-鄂西北,6619,-669.3943000000008
INTERTRAN鄂西-鄂西北,6620,-2000.0
INTERTRAN鄂西-鄂西北,6621,-2000.0
INTERTRAN鄂西-鄂西北,6622,-2000.0
INTERTRAN鄂西-鄂西北,6623,-2000.0
INTERTRAN鄂西-鄂东,6624,7739.436941605687
INTERTRAN鄂西-鄂东,6625,7205.292507746897
INTERTRAN鄂西-鄂东,6626,8021.639879809183
INTERTRAN鄂西-鄂东,6627,7512.521140000001
INTERTRAN鄂西-鄂东,6628,7685.900963417851
INTERTRAN鄂西-鄂东,6629,5277.236639999999
INTERTRAN鄂西-鄂东,6630,5843.22317162501
INTERTRAN鄂西-鄂东,6631,10016.836599999999
INTERTRAN鄂西-鄂东,6632,8785.669654999998
INTERTRAN鄂西-鄂东,6633,9664.912951641618
INTERTRAN鄂西-鄂东,6634,2771.9289181922813
INTERTRAN鄂西-鄂东,6635,1660.2992891176436
INTERTRAN鄂西-鄂东,6636,4703.798272679738
INTERTRAN鄂西-鄂东,6637,1123.7155570998239
INTERTRAN鄂西-鄂东,6638,6114.717451111108
INTERTRAN鄂西-鄂东,6639,3951.611451111112
INTERTRAN鄂西-鄂东,6640,-5988.943984999997
INTERTRAN鄂西-鄂东,6641,10314.76284
INTERTRAN鄂西-鄂东,6642,7763.5578437037
INTERTRAN鄂西-鄂东,6643,7958.150894999999
INTERTRAN鄂西-鄂东,6644,3416.7979263725483
INTERTRAN鄂西-鄂东,6645,8310.056989999997
INTERTRAN鄂西-鄂东,6646,8144.802499999994
INTERTRAN鄂西-鄂东,6647,7546.391010588231
INTERTRAN鄂西-鄂东,6648,8176.697889999996
INTERTRAN鄂西-鄂东,6649,4020.2063400000006
INTERTRAN鄂西-鄂东,6650,6050.3729811764715
INTERTRAN鄂西-鄂东,6651,4899.314840000003
INTERTRAN鄂西-鄂东,6652,4282.108490000002
INTERTRAN鄂西-鄂东,6653,5296.040783137254
INTERTRAN鄂西-鄂东,6654,4846.967089999998
INTERTRAN鄂西-鄂东,6655,5269.28184
INTERTRAN鄂西-鄂东,6656,5464.5495999999985
INTERTRAN鄂西-鄂东,6657,5151.226139999999
INTERTRAN鄂西-鄂东,6658,6010.240399999999
INTERTRAN鄂西-鄂东,6659,474.3585149999999
INTERTRAN鄂西-鄂东,6660,8212.914104315289
INTERTRAN鄂西-鄂东,6661,-717.4354705882379
INTERTRAN鄂西-鄂东,6662,-384.3341899999996
INTERTRAN鄂西-鄂东,6663,5159.874199999998
INTERTRAN鄂西-鄂东,6664,-1592.1538599999985
INTERTRAN鄂西-鄂东,6665,3847.494599999998
INTERTRAN鄂西-鄂东,6666,7345.4133
INTERTRAN鄂西-鄂东,6667,3919.135389149138
INTERTRAN鄂西-鄂东,6668,6211.703299999994
INTERTRAN鄂西-鄂东,6669,5707.691439999999
INTERTRAN鄂西-鄂东,6670,5927.674009411763
INTERTRAN鄂西-鄂东,6671,1218.501339999997
INTERTRAN鄂西-鄂东,6672,10225.6905
INTERTRAN鄂西-鄂东,6673,9342.691159607843
INTERTRAN鄂西-鄂东,6674,6338.986199999996
INTERTRAN鄂西-鄂东,6675,6930.5959
INTERTRAN鄂西-鄂东,6676,8083.058833882365
INTERTRAN鄂西-鄂东,6677,10053.77994
INTERTRAN鄂西-鄂东,6678,182.63259999999718
INTERTRAN鄂西-鄂东,6679,9496.788999999997
INTERTRAN鄂西-鄂东,6680,11051.404300000002
INTERTRAN鄂西-鄂东,6681,6192.885439999998
INTERTRAN鄂西-鄂东,6682,6178.1924800000015
INTERTRAN鄂西-鄂东,6683,3236.936454999999
INTERTRAN鄂西-鄂东,6684,8077.498299999999
INTERTRAN鄂西-鄂东,6685,-679.5259550243209
INTERTRAN鄂西-鄂东,6686,4464.527039999997
INTERTRAN鄂西-鄂东,6687,4453.703294999999
INTERTRAN鄂西-鄂东,6688,2164.692599999995
INTERTRAN鄂西-鄂东,6689,8403.676200000002
INTERTRAN鄂西-鄂东,6690,4452.44284
INTERTRAN鄂西-鄂东,6691,7813.62902
INTERTRAN鄂西-鄂东,6692,9362.79864
INTERTRAN鄂西-鄂东,6693,4209.914852745096
INTERTRAN鄂西-鄂东,6694,10308.234759259256
INTERTRAN鄂西-鄂东,6695,5648.097533923687
INTERTRAN鄂西-鄂东,6696,3922.0719400000016
INTERTRAN鄂西-鄂东,6697,11382.179521372542
INTERTRAN鄂西-鄂东,6698,7810.37644
INTERTRAN鄂西-鄂东,6699,8816.188000000002
INTERTRAN鄂西-鄂东,6700,5888.012290000002
INTERTRAN鄂西-鄂东,6701,12600.0
INTERTRAN鄂西-鄂东,6702,7353.426898649232
INTERTRAN鄂西-鄂东,6703,1759.2573399999965
INTERTRAN鄂西-鄂东,6704,9768.08384
INTERTRAN鄂西-鄂东,6705,11502.80285
INTERTRAN鄂西-鄂东,6706,5528.078817777776
INTERTRAN鄂西-鄂东,6707,-1473.920055555558
INTERTRAN鄂西-鄂东,6708,4817.619628888886
INTERTRAN鄂西-鄂东,6709,7679.462906666664
INTERTRAN鄂西-鄂东,6710,2683.74654
INTERTRAN鄂西-鄂东,6711,5938.958839999996
INTERTRAN鄂西-鄂东,6712,7919.0763164705895
INTERTRAN鄂西-鄂东,6713,12600.0
INTERTRAN鄂西-鄂东,6714,7214.893080000002
INTERTRAN鄂西-鄂东,6715,10389.773999999998
INTERTRAN鄂西-鄂东,6716,6607.9274000000005
INTERTRAN鄂西-鄂东,6717,4329.8620786875035
INTERTRAN鄂西-鄂东,6718,3580.4918400000006
INTERTRAN鄂西-鄂东,6719,8707.838190000002
INTERTRAN鄂西-鄂东,6720,4968.44714
INTERTRAN鄂西-鄂东,6721,8879.05919
INTERTRAN鄂西-鄂东,6722,5948.325499999999
INTERTRAN鄂西-鄂东,6723,7073.8544512632725
INTERTRAN鄂西-鄂东,6724,7964.009740000001
INTERTRAN鄂西-鄂东,6725,9857.176940000005
INTERTRAN鄂西-鄂东,6726,10284.956890000001
INTERTRAN鄂西-鄂东,6727,10207.229099999997
INTERTRAN鄂西-鄂东,6728,4585.380475000002
INTERTRAN鄂西-鄂东,6729,8284.170952941175
INTERTRAN鄂西-鄂东,6730,-919.5387111111122
INTERTRAN鄂西-鄂东,6731,1536.6513799999993
INTERTRAN鄂西-鄂东,6732,6576.063752266142
INTERTRAN鄂西-鄂东,6733,2893.2959180392154
INTERTRAN鄂西-鄂东,6734,464.7600700000021
INTERTRAN鄂西-鄂东,6735,-1726.7012555555557
INTERTRAN鄂西-鄂东,6736,5234.490259999999
INTERTRAN鄂西-鄂东,6737,10664.7696
INTERTRAN鄂西-鄂东,6738,3835.7344399999965
INTERTRAN鄂西-鄂东,6739,10780.714039999999
INTERTRAN鄂西-鄂东,6740,4614.559599999997
INTERTRAN鄂西-鄂东,6741,7981.19487075456
INTERTRAN鄂西-鄂东,6742,4580.293099999999
INTERTRAN鄂西-鄂东,6743,7295.288990000001
INTERTRAN鄂西-鄂东,6744,4266.781829245439
INTERTRAN鄂西-鄂东,6745,8038.526191111108
INTERTRAN鄂西-鄂东,6746,6935.8808999999965
INTERTRAN鄂西-鄂东,6747,8194.663990000001
INTERTRAN鄂西-鄂东,6748,2064.11204
INTERTRAN鄂西-鄂东,6749,4286.953955686273
INTERTRAN鄂西-鄂东,6750,497.7025999999951
INTERTRAN鄂西-鄂东,6751,6591.599099999999
INTERTRAN鄂西-鄂东,6752,4950.275114669901
INTERTRAN鄂西-鄂东,6753,-85.4367135813136
INTERTRAN鄂西-鄂东,6754,-1745.7619352941183
INTERTRAN鄂西-鄂东,6755,-3724.6968749999996
INTERTRAN鄂西-鄂东,6756,4008.9875635294084
INTERTRAN鄂西-鄂东,6757,4604.4497999999985
INTERTRAN鄂西-鄂东,6758,11048.814763823524
INTERTRAN鄂西-鄂东,6759,-5793.644259999997
INTERTRAN鄂西-鄂东,6760,5120.995797563464
INTERTRAN鄂西-鄂东,6761,7557.577781761214
INTERTRAN鄂西-鄂东,6762,5435.111199999999
INTERTRAN鄂西-鄂东,6763,3631.2042
INTERTRAN鄂西-鄂东,6764,4379.972966117628
INTERTRAN鄂西-鄂东,6765,6852.249740000003
INTERTRAN鄂西-鄂东,6766,4075.666440000001
INTERTRAN鄂西-鄂东,6767,5596.6168
INTERTRAN鄂西北-鄂东,6624,1696.48408764721
INTERTRAN鄂西北-鄂东,6625,1580.2747500000005
INTERTRAN鄂西北-鄂东,6626,3000.0
INTERTRAN鄂西北-鄂东,6627,3000.0
INTERTRAN鄂西北-鄂东,6628,3000.0
INTERTRAN鄂西北-鄂东,6629,3000.0
INTERTRAN鄂西北-鄂东,6630,3000.0
INTERTRAN鄂西北-鄂东,6631,-1105.9260700000007
INTERTRAN鄂西北-鄂东,6632,-804.3615150000005
INTERTRAN鄂西北-鄂东,6633,-3000.0
INTERTRAN鄂西北-鄂东,6634,-3000.0
INTERTRAN鄂西北-鄂东,6635,-1380.6043549999995
INTERTRAN鄂西北-鄂东,6636,-3000.0
INTERTRAN鄂西北-鄂东,6637,-3000.0
INTERTRAN鄂西北-鄂东,6638,-3000.0
INTERTRAN鄂西北-鄂东,6639,-3000.0
INTERTRAN鄂西北-鄂东,6640,178.78682499999968
INTERTRAN鄂西北-鄂东,6641,-3000.0
INTERTRAN鄂西北-鄂东,6642,-3000.0
INTERTRAN鄂西北-鄂东,6643,-3000.0
INTERTRAN鄂西北-鄂东,6644,-10.830744999999752
INTERTRAN鄂西北-鄂东,6645,-1391.5107499999995
INTERTRAN鄂西北-鄂东,6646,-2024.7777500000009
INTERTRAN鄂西北-鄂东,6647,-855.2700000000009
INTERTRAN鄂西北-鄂东,6648,1268.1887499999993
INTERTRAN鄂西北-鄂东,6649,3000.0
INTERTRAN鄂西北-鄂东,6650,3000.0
INTERTRAN鄂西北-鄂东,6651,3000.0
INTERTRAN鄂西北-鄂东,6652,2832.931749999999
INTERTRAN鄂西北-鄂东,6653,2658.1369999999997
INTERTRAN鄂西北-鄂东,6654,1785.6397499999994
INTERTRAN鄂西北-鄂东,6655,3000.0
INTERTRAN鄂西北-鄂东,6656,2551.881940000003
INTERTRAN鄂西北-鄂东,6657,3000.0
INTERTRAN鄂西北-鄂东,6658,-1827.3053599999985
INTERTRAN鄂西北-鄂东,6659,1408.5706249999994
INTERTRAN鄂西北-鄂东,6660,-2861.66966431529
INTERTRAN鄂西北-鄂东,6661,2113.3278772549
INTERTRAN鄂西北-鄂东,6662,1785.2284299999992
INTERTRAN鄂西北-鄂东,6663,1877.2815699999992
INTERTRAN鄂西北-鄂东,6664,3000.0
INTERTRAN鄂西北-鄂东,6665,2070.972539999999
INTERTRAN鄂西北-鄂东,6666,1666.6373599999988
INTERTRAN鄂西北-鄂东,6667,3000.0
INTERTRAN鄂西北-鄂东,6668,-1370.9714050000016
INTERTRAN鄂西北-鄂东,6669,326.3214999999991
INTERTRAN鄂西北-鄂东,6670,2184.784499999999
INTERTRAN鄂西北-鄂东,6671,3000.0
INTERTRAN鄂西北-鄂东,6672,-3000.0
INTERTRAN鄂西北-鄂东,6673,-1301.1700000000005
INTERTRAN鄂西北-鄂东,6674,774.021740000002
INTERTRAN鄂西北-鄂东,6675,-1180.8152500000003
INTERTRAN鄂西北-鄂东,6676,-1628.2920938823672
INTERTRAN鄂西北-鄂东,6677,-2442.326000000001
INTERTRAN鄂西北-鄂东,6678,1372.4153400000014
INTERTRAN鄂西北-鄂东,6679,-2186.1994850000015
INTERTRAN鄂西北-鄂东,6680,-2779.6683771568623
INTERTRAN鄂西北-鄂东,6681,3000.0
INTERTRAN鄂西北-鄂东,6682,-2391.8313400000006
INTERTRAN鄂西北-鄂东,6683,-1909.706815
INTERTRAN鄂西北-鄂东,6684,-2248.269010000001
INTERTRAN鄂西北-鄂东,6685,904.0780249999998
INTERTRAN鄂西北-鄂东,6686,-3000.0
INTERTRAN鄂西北-鄂东,6687,-172.46135500000128
INTERTRAN鄂西北-鄂东,6688,-2632.8837514161173
INTERTRAN鄂西北-鄂东,6689,-2097.3651600000003
INTERTRAN鄂西北-鄂东,6690,-3000.0
INTERTRAN鄂西北-鄂东,6691,-3000.0
INTERTRAN鄂西北-鄂东,6692,-3000.0
INTERTRAN鄂西北-鄂东,6693,2933.7912499999993
INTERTRAN鄂西北-鄂东,6694,-1618.758500000001
INTERTRAN鄂西北-鄂东,6695,841.2024999999994
INTERTRAN鄂西北-鄂东,6696,2824.2169999999987
INTERTRAN鄂西北-鄂东,6697,-2230.33125
INTERTRAN鄂西北-鄂东,6698,-1296.0485000000008
INTERTRAN鄂西北-鄂东,6699,-1455.7744247058845
INTERTRAN鄂西北-鄂东,6700,-1538.7622500000007
INTERTRAN鄂西北-鄂东,6701,-1027.5049090196078
INTERTRAN鄂西北-鄂东,6702,2973.7720413507677
INTERTRAN鄂西北-鄂东,6703,3000.0
INTERTRAN鄂西北-鄂东,6704,-3000.0
INTERTRAN鄂西北-鄂东,6705,-2438.90381
INTERTRAN鄂西北-鄂东,6706,-3000.0
INTERTRAN鄂西北-鄂东,6707,1552.9146955555616
INTERTRAN鄂西北-鄂东,6708,-3000.0
INTERTRAN鄂西北-鄂东,6709,-3000.0
INTERTRAN鄂西北-鄂东,6710,-3000.0
INTERTRAN鄂西北-鄂东,6711,-3000.0
INTERTRAN鄂西北-鄂东,6712,-3000.0
INTERTRAN鄂西北-鄂东,6713,-2634.1648600000008
INTERTRAN鄂西北-鄂东,6714,1350.3706599999996
INTERTRAN鄂西北-鄂东,6715,-1915.5281599999998
INTERTRAN鄂西北-鄂东,6716,929.838765
INTERTRAN鄂西北-鄂东,6717,275.257461312498
INTERTRAN鄂西北-鄂东,6718,-965.5575000000008
INTERTRAN鄂西北-鄂东,6719,-2356.3327500000005
INTERTRAN鄂西北-鄂东,6720,3000.0
INTERTRAN鄂西北-鄂东,6721,-1595.9347500000008
INTERTRAN鄂西北-鄂东,6722,380.1484999999989
INTERTRAN鄂西北-鄂东,6723,-869.964500000001
INTERTRAN鄂西北-鄂东,6724,-1551.6870000000006
INTERTRAN鄂西北-鄂东,6725,-1213.0760000000014
INTERTRAN鄂西北-鄂东,6726,-694.9662500000009
INTERTRAN鄂西北-鄂东,6727,-2057.1825599999975
INTERTRAN鄂西北-鄂东,6728,1626.5717649999988
INTERTRAN鄂西北-鄂东,6729,372.37114499999916
INTERTRAN鄂西北-鄂东,6730,2239.6141000000025
INTERTRAN鄂西北-鄂东,6731,1547.9966599999998
INTERTRAN鄂西北-鄂东,6732,-3000.0
INTERTRAN鄂西北-鄂东,6733,2687.7801549999995
INTERTRAN鄂西北-鄂东,6734,2945.4729100000004
INTERTRAN鄂西北-鄂东,6735,2894.222695555558
INTERTRAN鄂西北-鄂东,6736,-1226.2412200000003
INTERTRAN鄂西北-鄂东,6737,-1671.9847168627457
INTERTRAN鄂西北-鄂东,6738,3000.0
INTERTRAN鄂西北-鄂东,6739,-3000.0
INTERTRAN鄂西北-鄂东,6740,3000.0
INTERTRAN鄂西北-鄂东,6741,-1223.3739307545643
INTERTRAN鄂西北-鄂东,6742,3000.0
INTERTRAN鄂西北-鄂东,6743,2670.4172499999986
INTERTRAN鄂西北-鄂东,6744,3000.0
INTERTRAN鄂西北-鄂东,6745,-3000.0
INTERTRAN鄂西北-鄂东,6746,-827.3253192454349
INTERTRAN鄂西北-鄂东,6747,-1390.6197500000007
INTERTRAN鄂西北-鄂东,6748,3000.0
INTERTRAN鄂西北-鄂东,6749,3000.0
INTERTRAN鄂西北-鄂东,6750,3000.0
INTERTRAN鄂西北-鄂东,6751,-1103.713459999999
INTERTRAN鄂西北-鄂东,6752,2779.4597177450996
INTERTRAN鄂西北-鄂东,6753,2548.832165
INTERTRAN鄂西北-鄂东,6754,1260.664077254898
INTERTRAN鄂西北-鄂东,6755,704.7580149999994
INTERTRAN鄂西北-鄂东,6756,-3000.0
INTERTRAN鄂西北-鄂东,6757,-2801.4215750000003
INTERTRAN鄂西北-鄂东,6758,-3000.0
INTERTRAN鄂西北-鄂东,6759,-3000.0
INTERTRAN鄂西北-鄂东,6760,-2227.1355108677453
INTERTRAN鄂西北-鄂东,6761,1986.4473249999992
INTERTRAN鄂西北-鄂东,6762,1115.5038099999992
INTERTRAN鄂西北-鄂东,6763,3000.0
INTERTRAN鄂西北-鄂东,6764,3000.0
INTERTRAN鄂西北-鄂东,6765,1642.128999999999
INTERTRAN鄂西北-鄂东,6766,3000.0
INTERTRAN鄂西北-鄂东,6767,2355.26425
INTERTRAN鄂西-鄂西北,6624,2000.0
INTERTRAN鄂西-鄂西北,6625,2000.0
INTERTRAN鄂西-鄂西北,6626,-925.262607556095
INTERTRAN鄂西-鄂西北,6627,-343.55081540576157
INTERTRAN鄂西-鄂西北,6628,-456.2877299999991
INTERTRAN鄂西-鄂西北,6629,1773.67175
INTERTRAN鄂西-鄂西北,6630,1516.6602283749926
INTERTRAN鄂西-鄂西北,6631,-2000.0
INTERTRAN鄂西-鄂西北,6632,-2000.0
INTERTRAN鄂西-鄂西北,6633,-2000.0
INTERTRAN鄂西-鄂西北,6634,2000.0
INTERTRAN鄂西-鄂西北,6635,2000.0
INTERTRAN鄂西-鄂西北,6636,1453.4161350000004
INTERTRAN鄂西-鄂西北,6637,2000.0
INTERTRAN鄂西-鄂西北,6638,972.0171111111122
INTERTRAN鄂西-鄂西北,6639,2000.0
INTERTRAN鄂西-鄂西北,6640,2000.0
INTERTRAN鄂西-鄂西北,6641,-1538.7449299999992
INTERTRAN鄂西-鄂西北,6642,-602.6634827777784
INTERTRAN鄂西-鄂西北,6643,15.130805000000692
INTERTRAN鄂西-鄂西北,6644,2000.0
INTERTRAN鄂西-鄂西北,6645,-2000.0
INTERTRAN鄂西-鄂西北,6646,-2000.0
INTERTRAN鄂西-鄂西北,6647,-2000.0
INTERTRAN鄂西-鄂西北,6648,2000.0
INTERTRAN鄂西-鄂西北,6649,1908.853000000001
INTERTRAN鄂西-鄂西北,6650,1363.0402600000052
INTERTRAN鄂西-鄂西北,6651,2000.0
INTERTRAN鄂西-鄂西北,6652,2000.0
INTERTRAN鄂西-鄂西北,6653,2000.0
INTERTRAN鄂西-鄂西北,6654,2000.0
INTERTRAN鄂西-鄂西北,6655,2000.0
INTERTRAN鄂西-鄂西北,6656,2000.0
INTERTRAN鄂西-鄂西北,6657,2000.0
INTERTRAN鄂西-鄂西北,6658,-2000.0
INTERTRAN鄂西-鄂西北,6659,2000.0
INTERTRAN鄂西-鄂西北,6660,-2000.0
INTERTRAN鄂西-鄂西北,6661,2000.0
INTERTRAN鄂西-鄂西北,6662,2000.0
INTERTRAN鄂西-鄂西北,6663,2000.0
INTERTRAN鄂西-鄂西北,6664,2000.0
INTERTRAN鄂西-鄂西北,6665,2000.0
INTERTRAN鄂西-鄂西北,6666,2000.0
INTERTRAN鄂西-鄂西北,6667,2000.0
INTERTRAN鄂西-鄂西北,6668,2000.0
INTERTRAN鄂西-鄂西北,6669,2000.0
INTERTRAN鄂西-鄂西北,6670,2000.0
INTERTRAN鄂西-鄂西北,6671,2000.0
INTERTRAN鄂西-鄂西北,6672,-2000.0
INTERTRAN鄂西-鄂西北,6673,-2000.0
INTERTRAN鄂西-鄂西北,6674,2000.0
INTERTRAN鄂西-鄂西北,6675,-2000.0
INTERTRAN鄂西-鄂西北,6676,-2000.0
INTERTRAN鄂西-鄂西北,6677,-2000.0
INTERTRAN鄂西-鄂西北,6678,-2000.0
INTERTRAN鄂西-鄂西北,6679,-2000.0
INTERTRAN鄂西-鄂西北,6680,-2000.0
INTERTRAN鄂西-鄂西北,6681,-1159.5226711155647
INTERTRAN鄂西-鄂西北,6682,-2000.0
INTERTRAN鄂西-鄂西北,6683,-2000.0
INTERTRAN鄂西-鄂西北,6684,-2000.0
INTERTRAN鄂西-鄂西北,6685,2000.0
INTERTRAN鄂西-鄂西北,6686,-2000.0
INTERTRAN鄂西-鄂西北,6687,-2000.0
INTERTRAN鄂西-鄂西北,6688,-2000.0
INTERTRAN鄂西-鄂西北,6689,-2000.0
INTERTRAN鄂西-鄂西北,6690,431.4479500000007
INTERTRAN鄂西-鄂西北,6691,-337.25922000000037
INTERTRAN鄂西-鄂西北,6692,-1656.5607955555597
INTERTRAN鄂西-鄂西北,6693,2000.0
INTERTRAN鄂西-鄂西北,6694,-2000.0
INTERTRAN鄂西-鄂西北,6695,2000.0
INTERTRAN鄂西-鄂西北,6696,2000.0
INTERTRAN鄂西-鄂西北,6697,-2000.0
INTERTRAN鄂西-鄂西北,6698,-2000.0
INTERTRAN鄂西-鄂西北,6699,-2000.0
INTERTRAN鄂西-鄂西北,6700,-2000.0
INTERTRAN鄂西-鄂西北,6701,-1964.0301590196066
INTERTRAN鄂西-鄂西北,6702,2000.0
INTERTRAN鄂西-鄂西北,6703,2000.0
INTERTRAN鄂西-鄂西北,6704,-2000.0
INTERTRAN鄂西-鄂西北,6705,-2000.0
INTERTRAN鄂西-鄂西北,6706,-1958.203155
INTERTRAN鄂西-鄂西北,6707,2000.0
INTERTRAN鄂西-鄂西北,6708,2000.0
INTERTRAN鄂西-鄂西北,6709,1835.3529250000001
INTERTRAN鄂西-鄂西北,6710,639.0605388888898
INTERTRAN鄂西-鄂西北,6711,-1281.5987749999995
INTERTRAN鄂西-鄂西北,6712,2000.0
INTERTRAN鄂西-鄂西北,6713,474.2303549999997
INTERTRAN鄂西-鄂西北,6714,2000.0
INTERTRAN鄂西-鄂西北,6715,-2000.0
INTERTRAN鄂西-鄂西北,6716,2000.0
INTERTRAN鄂西-鄂西北,6717,-2000.0
INTERTRAN鄂西-鄂西北,6718,-2000.0
INTERTRAN鄂西-鄂西北,6719,-2000.0
INTERTRAN鄂西-鄂西北,6720,951.467000000001
INTERTRAN鄂西-鄂西北,6721,-2000.0
INTERTRAN鄂西-鄂西北,6722,-2000.0
INTERTRAN鄂西-鄂西北,6723,-2000.0
INTERTRAN鄂西-鄂西北,6724,-2000.0
INTERTRAN鄂西-鄂西北,6725,-2000.0
INTERTRAN鄂西-鄂西北,6726,-2000.0
INTERTRAN鄂西-鄂西北,6727,-2000.0
INTERTRAN鄂西-鄂西北,6728,2000.0
INTERTRAN鄂西-鄂西北,6729,-2000.0
INTERTRAN鄂西-鄂西北,6730,2000.0
INTERTRAN鄂西-鄂西北,6731,2000.0
INTERTRAN鄂西-鄂西北,6732,1161.8190650000006
INTERTRAN鄂西-鄂西北,6733,2000.0
INTERTRAN鄂西-鄂西北,6734,2000.0
INTERTRAN鄂西-鄂西北,6735,2000.0
INTERTRAN鄂西-鄂西北,6736,2000.0
INTERTRAN鄂西-鄂西北,6737,-2000.0
INTERTRAN鄂西-鄂西北,6738,2000.0
INTERTRAN鄂西-鄂西北,6739,-2000.0
INTERTRAN鄂西-鄂西北,6740,2000.0
INTERTRAN鄂西-鄂西北,6741,-2000.0
INTERTRAN鄂西-鄂西北,6742,2000.0
INTERTRAN鄂西-鄂西北,6743,2000.0
INTERTRAN鄂西-鄂西北,6744,2000.0
INTERTRAN鄂西-鄂西北,6745,-2000.0
INTERTRAN鄂西-鄂西北,6746,-2000.0
INTERTRAN鄂西-鄂西北,6747,-2000.0
INTERTRAN鄂西-鄂西北,6748,65.15725000000157
INTERTRAN鄂西-鄂西北,6749,-2000.0
INTERTRAN鄂西-鄂西北,6750,2000.0
INTERTRAN鄂西-鄂西北,6751,-2000.0
INTERTRAN鄂西-鄂西北,6752,2000.0
INTERTRAN鄂西-鄂西北,6753,2000.0
INTERTRAN鄂西-鄂西北,6754,2000.0
INTERTRAN鄂西-鄂西北,6755,2000.0
INTERTRAN鄂西-鄂西北,6756,2000.0
INTERTRAN鄂西-鄂西北,6757,2000.0
INTERTRAN鄂西-鄂西北,6758,2000.0
INTERTRAN鄂西-鄂西北,6759,2000.0
INTERTRAN鄂西-鄂西北,6760,2000.0
INTERTRAN鄂西-鄂西北,6761,2000.0
INTERTRAN鄂西-鄂西北,6762,2000.0
INTERTRAN鄂西-鄂西北,6763,2000.0
INTERTRAN鄂西-鄂西北,6764,2000.0
INTERTRAN鄂西-鄂西北,6765,2000.0
INTERTRAN鄂西-鄂西北,6766,2000.0
INTERTRAN鄂西-鄂西北,6767,2000.0
INTERTRAN鄂西-鄂东,6768,8700.43439649713
INTERTRAN鄂西-鄂东,6769,8180.721000000001
INTERTRAN鄂西-鄂东,6770,3885.6503151162483
INTERTRAN鄂西-鄂东,6771,9506.10304
INTERTRAN鄂西-鄂东,6772,7791.854924728972
INTERTRAN鄂西-鄂东,6773,8491.589100000001
INTERTRAN鄂西-鄂东,6774,7501.2644
INTERTRAN鄂西-鄂东,6775,7633.604478907965
INTERTRAN鄂西-鄂东,6776,10044.581604999996
INTERTRAN鄂西-鄂东,6777,5643.0999150000025
INTERTRAN鄂西-鄂东,6778,7017.646971254691
INTERTRAN鄂西-鄂东,6779,7977.369639999997
INTERTRAN鄂西-鄂东,6780,2586.5682844444436
INTERTRAN鄂西-鄂东,6781,4400.776567725319
INTERTRAN鄂西-鄂东,6782,2750.261339999999
INTERTRAN鄂西-鄂东,6783,4646.702642275482
INTERTRAN鄂西-鄂东,6784,6290.924942225866
INTERTRAN鄂西-鄂东,6785,10404.5899772549
INTERTRAN鄂西-鄂东,6786,4260.437239999998
INTERTRAN鄂西-鄂东,6787,10010.712199999998
INTERTRAN鄂西-鄂东,6788,6234.241000000001
INTERTRAN鄂西-鄂东,6789,8818.6759
INTERTRAN鄂西-鄂东,6790,7547.677299999999
INTERTRAN鄂西-鄂东,6791,7030.166580000004
INTERTRAN鄂西-鄂东,6792,7632.824100000001
INTERTRAN鄂西-鄂东,6793,7096.279399999999
INTERTRAN鄂西-鄂东,6794,4689.286219999998
INTERTRAN鄂西-鄂东,6795,8885.070899999999
INTERTRAN鄂西-鄂东,6796,8627.0271
INTERTRAN鄂西-鄂东,6797,7377.7117
INTERTRAN鄂西-鄂东,6798,8947.8923
INTERTRAN鄂西-鄂东,6799,9007.354977999998
INTERTRAN鄂西-鄂东,6800,6742.8979
INTERTRAN鄂西-鄂东,6801,3897.509755
INTERTRAN鄂西-鄂东,6802,7473.8375
INTERTRAN鄂西-鄂东,6803,7712.535916122003
INTERTRAN鄂西-鄂东,6804,3547.2645971221527
INTERTRAN鄂西-鄂东,6805,5154.034739999997
INTERTRAN鄂西-鄂东,6806,6306.625007156852
INTERTRAN鄂西-鄂东,6807,1876.8118875344735
INTERTRAN鄂西-鄂东,6808,3266.14984
INTERTRAN鄂西-鄂东,6809,8946.929340000002
INTERTRAN鄂西-鄂东,6810,8998.0192
INTERTRAN鄂西-鄂东,6811,7890.834199999999
INTERTRAN鄂西-鄂东,6812,4413.837939999998
INTERTRAN鄂西-鄂东,6813,8270.8056
INTERTRAN鄂西-鄂东,6814,7291.362299999997
INTERTRAN鄂西-鄂东,6815,4655.868048391195
INTERTRAN鄂西-鄂东,6816,3561.1937900000003
INTERTRAN鄂西-鄂东,6817,8338.5494
INTERTRAN鄂西-鄂东,6818,6103.467999999998
INTERTRAN鄂西-鄂东,6819,2781.723039999999
INTERTRAN鄂西-鄂东,6820,7250.7568999999985
INTERTRAN鄂西-鄂东,6821,7522.315999999999
INTERTRAN鄂西-鄂东,6822,9118.5726
INTERTRAN鄂西-鄂东,6823,6556.705384999999
INTERTRAN鄂西-鄂东,6824,10605.647649999994
INTERTRAN鄂西-鄂东,6825,9097.41633
INTERTRAN鄂西-鄂东,6826,6296.980299999997
INTERTRAN鄂西-鄂东,6827,6203.620039999999
INTERTRAN鄂西-鄂东,6828,7208.363481176468
INTERTRAN鄂西-鄂东,6829,3548.3912049999926
INTERTRAN鄂西-鄂东,6830,5842.308569411766
INTERTRAN鄂西-鄂东,6831,6247.956081141925
INTERTRAN鄂西-鄂东,6832,5556.615183006534
INTERTRAN鄂西-鄂东,6833,10399.857458954248
INTERTRAN鄂西-鄂东,6834,9311.141724999996
INTERTRAN鄂西-鄂东,6835,8803.054250000005
INTERTRAN鄂西-鄂东,6836,5025.328939999999
INTERTRAN鄂西-鄂东,6837,7912.789559999997
INTERTRAN鄂西-鄂东,6838,9562.721340000004
INTERTRAN鄂西-鄂东,6839,4542.909770000004
INTERTRAN鄂西-鄂东,6840,5747.294199999997
INTERTRAN鄂西-鄂东,6841,7148.9687
INTERTRAN鄂西-鄂东,6842,6958.338399999998
INTERTRAN鄂西-鄂东,6843,7891.297540000001
INTERTRAN鄂西-鄂东,6844,4401.75059
INTERTRAN鄂西-鄂东,6845,6455.740699999999
INTERTRAN鄂西-鄂东,6846,6535.4621400000005
INTERTRAN鄂西-鄂东,6847,4583.604521212919
INTERTRAN鄂西-鄂东,6848,9053.3661
INTERTRAN鄂西-鄂东,6849,10238.489999999998
INTERTRAN鄂西-鄂东,6850,7649.840271372548
INTERTRAN鄂西-鄂东,6851,4079.435546172843
INTERTRAN鄂西-鄂东,6852,5206.395799999998
INTERTRAN鄂西-鄂东,6853,5491.900657175171
INTERTRAN鄂西-鄂东,6854,1508.3859400000001
INTERTRAN鄂西-鄂东,6855,1507.0470959259233
INTERTRAN鄂西-鄂东,6856,2809.2556569606318
INTERTRAN鄂西-鄂东,6857,8053.070733518514
INTERTRAN鄂西-鄂东,6858,10520.840165000003
INTERTRAN鄂西-鄂东,6859,7516.6753349999935
INTERTRAN鄂西-鄂东,6860,7738.650199999998
INTERTRAN鄂西-鄂东,6861,6140.9978
INTERTRAN鄂西-鄂东,6862,8968.830799999996
INTERTRAN鄂西-鄂东,6863,7059.997769999993
INTERTRAN鄂西-鄂东,6864,5076.717700000001
INTERTRAN鄂西-鄂东,6865,7295.7566
INTERTRAN鄂西-鄂东,6866,9213.21068009
INTERTRAN鄂西-鄂东,6867,5857.464900000001
INTERTRAN鄂西-鄂东,6868,6669.069899999998
INTERTRAN鄂西-鄂东,6869,7507.667782571419
INTERTRAN鄂西-鄂东,6870,6710.319799999998
INTERTRAN鄂西-鄂东,6871,11967.221125000002
INTERTRAN鄂西-鄂东,6872,7796.704599999999
INTERTRAN鄂西-鄂东,6873,9825.9834
INTERTRAN鄂西-鄂东,6874,4962.9435352936935
INTERTRAN鄂西-鄂东,6875,8845.392335764587
INTERTRAN鄂西-鄂东,6876,2635.7160679012313
INTERTRAN鄂西-鄂东,6877,4924.176024120583
INTERTRAN鄂西-鄂东,6878,5312.279904938269
INTERTRAN鄂西-鄂东,6879,7130.858708086409
INTERTRAN鄂西-鄂东,6880,5533.812715032676
INTERTRAN鄂西-鄂东,6881,9301.07314
INTERTRAN鄂西-鄂东,6882,8740.469799999999
INTERTRAN鄂西-鄂东,6883,7831.768
INTERTRAN鄂西-鄂东,6884,3041.7218999999986
INTERTRAN鄂西-鄂东,6885,8405.099977369542
INTERTRAN鄂西-鄂东,6886,8605.871690000002
INTERTRAN鄂西-鄂东,6887,9309.031990000003
INTERTRAN鄂西-鄂东,6888,6445.9223999999995
INTERTRAN鄂西-鄂东,6889,4686.195339999998
INTERTRAN鄂西-鄂东,6890,6721.1750999999995
INTERTRAN鄂西-鄂东,6891,7266.655199999999
INTERTRAN鄂西-鄂东,6892,7783.2934000000005
INTERTRAN鄂西-鄂东,6893,4592.445590000001
INTERTRAN鄂西-鄂东,6894,6611.160630000002
INTERTRAN鄂西-鄂东,6895,8116.638099999998
INTERTRAN鄂西-鄂东,6896,6531.156349999999
INTERTRAN鄂西-鄂东,6897,8773.9676
INTERTRAN鄂西-鄂东,6898,3025.3288429972786
INTERTRAN鄂西-鄂东,6899,7272.30084
INTERTRAN鄂西-鄂东,6900,4789.796439999998
INTERTRAN鄂西-鄂东,6901,-107.92355999999927
INTERTRAN鄂西-鄂东,6902,3043.7477500104687
INTERTRAN鄂西-鄂东,6903,1339.296568639027
INTERTRAN鄂西-鄂东,6904,1924.7414511111128
INTERTRAN鄂西-鄂东,6905,5092.29919098038
INTERTRAN鄂西-鄂东,6906,9641.20824
INTERTRAN鄂西-鄂东,6907,8207.572199999999
INTERTRAN鄂西-鄂东,6908,7327.496590000002
INTERTRAN鄂西-鄂东,6909,5490.085640000001
INTERTRAN鄂西-鄂东,6910,2785.953289999993
INTERTRAN鄂西-鄂东,6911,6240.140472575144
INTERTRAN鄂西北-鄂东,6768,-3000.0
INTERTRAN鄂西北-鄂东,6769,-976.4397600000038
INTERTRAN鄂西北-鄂东,6770,3000.0
INTERTRAN鄂西北-鄂东,6771,-3000.0
INTERTRAN鄂西北-鄂东,6772,-1555.236500000001
INTERTRAN鄂西北-鄂东,6773,-2137.112259999998
INTERTRAN鄂西北-鄂东,6774,-1154.0742600000003
INTERTRAN鄂西北-鄂东,6775,-1099.9757139236156
INTERTRAN鄂西北-鄂东,6776,-1642.9543649999932
INTERTRAN鄂西北-鄂东,6777,2645.157024999999
INTERTRAN鄂西北-鄂东,6778,-3000.0
INTERTRAN鄂西北-鄂东,6779,-3000.0
INTERTRAN鄂西北-鄂东,6780,-3000.0
INTERTRAN鄂西北-鄂东,6781,-3000.0
INTERTRAN鄂西北-鄂东,6782,-3000.0
INTERTRAN鄂西北-鄂东,6783,-3000.0
INTERTRAN鄂西北-鄂东,6784,-3000.0
INTERTRAN鄂西北-鄂东,6785,-3000.0
INTERTRAN鄂西北-鄂东,6786,3000.0
INTERTRAN鄂西北-鄂东,6787,-1052.1101600000002
INTERTRAN鄂西北-鄂东,6788,1470.3227399999969
INTERTRAN鄂西北-鄂东,6789,-1727.1224999999997
INTERTRAN鄂西北-鄂东,6790,-1490.0730000000003
INTERTRAN鄂西北-鄂东,6791,-97.00224000000594
INTERTRAN鄂西北-鄂东,6792,-484.0040000000008
INTERTRAN鄂西北-鄂东,6793,1187.897978823532
INTERTRAN鄂西北-鄂东,6794,3000.0
INTERTRAN鄂西北-鄂东,6795,-1386.1077599999962
INTERTRAN鄂西北-鄂东,6796,-1342.2957599999982
INTERTRAN鄂西北-鄂东,6797,462.54783999999927
INTERTRAN鄂西北-鄂东,6798,-1034.4997500000009
INTERTRAN鄂西北-鄂东,6799,-1518.0354100000002
INTERTRAN鄂西北-鄂东,6800,-1050.3309950000007
INTERTRAN鄂西北-鄂东,6801,2481.7086849999996
INTERTRAN鄂西北-鄂东,6802,-3000.0
INTERTRAN鄂西北-鄂东,6803,-3000.0
INTERTRAN鄂西北-鄂东,6804,-3000.0
INTERTRAN鄂西北-鄂东,6805,-3000.0
INTERTRAN鄂西北-鄂东,6806,-3000.0
INTERTRAN鄂西北-鄂东,6807,-3000.0
INTERTRAN鄂西北-鄂东,6808,-3000.0
INTERTRAN鄂西北-鄂东,6809,-3000.0
INTERTRAN鄂西北-鄂东,6810,-2413.897539999999
INTERTRAN鄂西北-鄂东,6811,-2535.7735426304644
INTERTRAN鄂西北-鄂东,6812,3000.0
INTERTRAN鄂西北-鄂东,6813,-2433.1432500000037
INTERTRAN鄂西北-鄂东,6814,-2026.5611599999975
INTERTRAN鄂西北-鄂东,6815,2482.7097499999986
INTERTRAN鄂西北-鄂东,6816,1821.245249999999
INTERTRAN鄂西北-鄂东,6817,-1495.5992500000007
INTERTRAN鄂西北-鄂东,6818,-1391.6269478125037
INTERTRAN鄂西北-鄂东,6819,3000.0
INTERTRAN鄂西北-鄂东,6820,-1809.1627500000006
INTERTRAN鄂西北-鄂东,6821,-1364.1197500000012
INTERTRAN鄂西北-鄂东,6822,-1647.2697500000002
INTERTRAN鄂西北-鄂东,6823,2504.7750899999996
INTERTRAN鄂西北-鄂东,6824,-697.6220099999972
INTERTRAN鄂西北-鄂东,6825,-1411.4480900000008
INTERTRAN鄂西北-鄂东,6826,-3000.0
INTERTRAN鄂西北-鄂东,6827,-3000.0
INTERTRAN鄂西北-鄂东,6828,-3000.0
INTERTRAN鄂西北-鄂东,6829,-3000.0
INTERTRAN鄂西北-鄂东,6830,-3000.0
INTERTRAN鄂西北-鄂东,6831,-3000.0
INTERTRAN鄂西北-鄂东,6832,-3000.0
INTERTRAN鄂西北-鄂东,6833,-3000.0
INTERTRAN鄂西北-鄂东,6834,-1847.2867849999998
INTERTRAN鄂西北-鄂东,6835,206.68218999999226
INTERTRAN鄂西北-鄂东,6836,3000.0
INTERTRAN鄂西北-鄂东,6837,-6.222250000000372
INTERTRAN鄂西北-鄂东,6838,-2653.8110000000015
INTERTRAN鄂西北-鄂东,6839,3000.0
INTERTRAN鄂西北-鄂东,6840,2809.669340000004
INTERTRAN鄂西北-鄂东,6841,-695.1095000000005
INTERTRAN鄂西北-鄂东,6842,-0.17018499999358028
INTERTRAN鄂西北-鄂东,6843,-1171.4570000000012
INTERTRAN鄂西北-鄂东,6844,2619.1832499999996
INTERTRAN鄂西北-鄂东,6845,-1951.2787500000015
INTERTRAN鄂西北-鄂东,6846,53.54599999999937
INTERTRAN鄂西北-鄂东,6847,3000.0
INTERTRAN鄂西北-鄂东,6848,1320.955439999998
INTERTRAN鄂西北-鄂东,6849,-889.7311650000004
INTERTRAN鄂西北-鄂东,6850,-3000.0
INTERTRAN鄂西北-鄂东,6851,-3000.0
INTERTRAN鄂西北-鄂东,6852,-3000.0
INTERTRAN鄂西北-鄂东,6853,-3000.0
INTERTRAN鄂西北-鄂东,6854,-3000.0
INTERTRAN鄂西北-鄂东,6855,-3000.0
INTERTRAN鄂西北-鄂东,6856,-3000.0
INTERTRAN鄂西北-鄂东,6857,-3000.0
INTERTRAN鄂西北-鄂东,6858,-1949.3455400000003
INTERTRAN鄂西北-鄂东,6859,756.7171050000061
INTERTRAN鄂西北-鄂东,6860,-1708.945855
INTERTRAN鄂西北-鄂东,6861,-564.2972500000012
INTERTRAN鄂西北-鄂东,6862,-1609.6647599999933
INTERTRAN鄂西北-鄂东,6863,-1360.0552500000013
INTERTRAN鄂西北-鄂东,6864,-181.87275000000045
INTERTRAN鄂西北-鄂东,6865,-863.2245000000008
INTERTRAN鄂西北-鄂东,6866,-1544.0950000000014
INTERTRAN鄂西北-鄂东,6867,237.97524999999908
INTERTRAN鄂西北-鄂东,6868,-1560.2311599999985
INTERTRAN鄂西北-鄂东,6869,-175.71964257141917
INTERTRAN鄂西北-鄂东,6870,-214.85625499999597
INTERTRAN鄂西北-鄂东,6871,-1665.3175850000014
INTERTRAN鄂西北-鄂东,6872,-1166.6424250000005
INTERTRAN鄂西北-鄂东,6873,-1567.3491599999998
INTERTRAN鄂西北-鄂东,6874,-2972.64899529369
INTERTRAN鄂西北-鄂东,6875,-3000.0
INTERTRAN鄂西北-鄂东,6876,-1193.7645407407417
INTERTRAN鄂西北-鄂东,6877,-3000.0
INTERTRAN鄂西北-鄂东,6878,-3000.0
INTERTRAN鄂西北-鄂东,6879,-3000.0
INTERTRAN鄂西北-鄂东,6880,-3000.0
INTERTRAN鄂西北-鄂东,6881,-3000.0
INTERTRAN鄂西北-鄂东,6882,-191.73104500000005
INTERTRAN鄂西北-鄂东,6883,-2190.2134049999995
INTERTRAN鄂西北-鄂东,6884,3000.0
INTERTRAN鄂西北-鄂东,6885,-2530.185837369543
INTERTRAN鄂西北-鄂东,6886,-1498.3392500000004
INTERTRAN鄂西北-鄂东,6887,-663.4137500000013
INTERTRAN鄂西北-鄂东,6888,-219.2885000000005
INTERTRAN鄂西北-鄂东,6889,2146.5169999999994
INTERTRAN鄂西北-鄂东,6890,-1769.1530000000002
INTERTRAN鄂西北-鄂东,6891,-560.5312599999988
INTERTRAN鄂西北-鄂东,6892,-730.914500000001
INTERTRAN鄂西北-鄂东,6893,2874.632249999999
INTERTRAN鄂西北-鄂东,6894,729.5420099999969
INTERTRAN鄂西北-鄂东,6895,-699.8135850000012
INTERTRAN鄂西北-鄂东,6896,3000.0
INTERTRAN鄂西北-鄂东,6897,-1051.1483549999966
INTERTRAN鄂西北-鄂东,6898,-3000.0
INTERTRAN鄂西北-鄂东,6899,-3000.0
INTERTRAN鄂西北-鄂东,6900,-3000.0
INTERTRAN鄂西北-鄂东,6901,-3000.0
INTERTRAN鄂西北-鄂东,6902,-3000.0
INTERTRAN鄂西北-鄂东,6903,-3000.0
INTERTRAN鄂西北-鄂东,6904,-3000.0
INTERTRAN鄂西北-鄂东,6905,-3000.0
INTERTRAN鄂西北-鄂东,6906,-3000.0
INTERTRAN鄂西北-鄂东,6907,91.72212999999874
INTERTRAN鄂西北-鄂东,6908,-1199.2551049999997
INTERTRAN鄂西北-鄂东,6909,485.3604999999993
INTERTRAN鄂西北-鄂东,6910,2921.4809500000065
INTERTRAN鄂西北-鄂东,6911,3000.0
INTERTRAN鄂西-鄂西北,6768,-2000.0
INTERTRAN鄂西-鄂西北,6769,-2000.0
INTERTRAN鄂西-鄂西北,6770,1092.9672310500084
INTERTRAN鄂西-鄂西北,6771,-1621.1604550000084
INTERTRAN鄂西-鄂西北,6772,-2000.0
INTERTRAN鄂西-鄂西北,6773,-2000.0
INTERTRAN鄂西-鄂西北,6774,-2000.0
INTERTRAN鄂西-鄂西北,6775,-2000.0
INTERTRAN鄂西-鄂西北,6776,-2000.0
INTERTRAN鄂西-鄂西北,6777,2000.0
INTERTRAN鄂西-鄂西北,6778,-2000.0
INTERTRAN鄂西-鄂西北,6779,-2000.0
INTERTRAN鄂西-鄂西北,6780,1361.322791305407
INTERTRAN鄂西-鄂西北,6781,2000.0
INTERTRAN鄂西-鄂西北,6782,1083.4084925599211
INTERTRAN鄂西-鄂西北,6783,-665.9871126458552
INTERTRAN鄂西-鄂西北,6784,-2000.0
INTERTRAN鄂西-鄂西北,6785,-1970.2695772548936
INTERTRAN鄂西-鄂西北,6786,1251.4280099999996
INTERTRAN鄂西-鄂西北,6787,-2000.0
INTERTRAN鄂西-鄂西北,6788,-2000.0
INTERTRAN鄂西-鄂西北,6789,-2000.0
INTERTRAN鄂西-鄂西北,6790,-2000.0
INTERTRAN鄂西-鄂西北,6791,-2000.0
INTERTRAN鄂西-鄂西北,6792,-2000.0
INTERTRAN鄂西-鄂西北,6793,-2000.0
INTERTRAN鄂西-鄂西北,6794,-933.7757499999989
INTERTRAN鄂西-鄂西北,6795,-2000.0
INTERTRAN鄂西-鄂西北,6796,-2000.0
INTERTRAN鄂西-鄂西北,6797,-2000.0
INTERTRAN鄂西-鄂西北,6798,-2000.0
INTERTRAN鄂西-鄂西北,6799,-2000.0
INTERTRAN鄂西-鄂西北,6800,-2000.0
INTERTRAN鄂西-鄂西北,6801,2000.0
INTERTRAN鄂西-鄂西北,6802,-2000.0
INTERTRAN鄂西-鄂西北,6803,-2000.0
INTERTRAN鄂西-鄂西北,6804,-1877.4668949999984
INTERTRAN鄂西-鄂西北,6805,-631.3538999999996
INTERTRAN鄂西-鄂西北,6806,1128.5464928431452
INTERTRAN鄂西-鄂西北,6807,773.8138856626542
INTERTRAN鄂西-鄂西北,6808,163.49735987654418
INTERTRAN鄂西-鄂西北,6809,-2000.0
INTERTRAN鄂西-鄂西北,6810,-2000.0
INTERTRAN鄂西-鄂西北,6811,-2000.0
INTERTRAN鄂西-鄂西北,6812,-224.49641999999994
INTERTRAN鄂西-鄂西北,6813,-2000.0
INTERTRAN鄂西-鄂西北,6814,-2000.0
INTERTRAN鄂西-鄂西北,6815,2000.0
INTERTRAN鄂西-鄂西北,6816,2000.0
INTERTRAN鄂西-鄂西北,6817,-2000.0
INTERTRAN鄂西-鄂西北,6818,-2000.0
INTERTRAN鄂西-鄂西北,6819,1946.689750000001
INTERTRAN鄂西-鄂西北,6820,-2000.0
INTERTRAN鄂西-鄂西北,6821,-2000.0
INTERTRAN鄂西-鄂西北,6822,-2000.0
INTERTRAN鄂西-鄂西北,6823,2000.0
INTERTRAN鄂西-鄂西北,6824,-2000.0
INTERTRAN鄂西-鄂西北,6825,-2000.0
INTERTRAN鄂西-鄂西北,6826,-2000.0
INTERTRAN鄂西-鄂西北,6827,1185.8943999671696
INTERTRAN鄂西-鄂西北,6828,-764.3926811764723
INTERTRAN鄂西-鄂西北,6829,-626.7231049999987
INTERTRAN鄂西-鄂西北,6830,2000.0
INTERTRAN鄂西-鄂西北,6831,1590.009665000001
INTERTRAN鄂西-鄂西北,6832,2000.0
INTERTRAN鄂西-鄂西北,6833,-2000.0
INTERTRAN鄂西-鄂西北,6834,-2000.0
INTERTRAN鄂西-鄂西北,6835,-2000.0
INTERTRAN鄂西-鄂西北,6836,1303.8382499999998
INTERTRAN鄂西-鄂西北,6837,-2000.0
INTERTRAN鄂西-鄂西北,6838,-2000.0
INTERTRAN鄂西-鄂西北,6839,-848.2921053000027
INTERTRAN鄂西-鄂西北,6840,-2000.0
INTERTRAN鄂西-鄂西北,6841,-2000.0
INTERTRAN鄂西-鄂西北,6842,-2000.0
INTERTRAN鄂西-鄂西北,6843,-2000.0
INTERTRAN鄂西-鄂西北,6844,2000.0
INTERTRAN鄂西-鄂西北,6845,-2000.0
INTERTRAN鄂西-鄂西北,6846,-2000.0
INTERTRAN鄂西-鄂西北,6847,1426.2029950000006
INTERTRAN鄂西-鄂西北,6848,-2000.0
INTERTRAN鄂西-鄂西北,6849,-2000.0
INTERTRAN鄂西-鄂西北,6850,-1600.5397700000003
INTERTRAN鄂西-鄂西北,6851,1685.0098699999999
INTERTRAN鄂西-鄂西北,6852,2000.0
INTERTRAN鄂西-鄂西北,6853,2000.0
INTERTRAN鄂西-鄂西北,6854,2000.0
INTERTRAN鄂西-鄂西北,6855,1015.9996188888904
INTERTRAN鄂西-鄂西北,6856,2000.0
INTERTRAN鄂西-鄂西北,6857,-1634.1570335185183
INTERTRAN鄂西-鄂西北,6858,-2000.0
INTERTRAN鄂西-鄂西北,6859,-2000.0
INTERTRAN鄂西-鄂西北,6860,-2000.0
INTERTRAN鄂西-鄂西北,6861,-2000.0
INTERTRAN鄂西-鄂西北,6862,-2000.0
INTERTRAN鄂西-鄂西北,6863,-2000.0
INTERTRAN鄂西-鄂西北,6864,-2000.0
INTERTRAN鄂西-鄂西北,6865,-2000.0
INTERTRAN鄂西-鄂西北,6866,-2000.0
INTERTRAN鄂西-鄂西北,6867,-2000.0
INTERTRAN鄂西-鄂西北,6868,-2000.0
INTERTRAN鄂西-鄂西北,6869,-2000.0
INTERTRAN鄂西-鄂西北,6870,-2000.0
INTERTRAN鄂西-鄂西北,6871,-2000.0
INTERTRAN鄂西-鄂西北,6872,-2000.0
INTERTRAN鄂西-鄂西北,6873,-2000.0
INTERTRAN鄂西-鄂西北,6874,-2000.0
INTERTRAN鄂西-鄂西北,6875,-2000.0
INTERTRAN鄂西-鄂西北,6876,2000.0
INTERTRAN鄂西-鄂西北,6877,2000.0
INTERTRAN鄂西-鄂西北,6878,75.33900000000176
INTERTRAN鄂西-鄂西北,6879,-482.630654999999
INTERTRAN鄂西-鄂西北,6880,-1675.6023888888883
INTERTRAN鄂西-鄂西北,6881,-1714.937370864197
INTERTRAN鄂西-鄂西北,6882,-2000.0
INTERTRAN鄂西-鄂西北,6883,-2000.0
INTERTRAN鄂西-鄂西北,6884,1771.0401000000002
INTERTRAN鄂西-鄂西北,6885,-2000.0
INTERTRAN鄂西-鄂西北,6886,-2000.0
INTERTRAN鄂西-鄂西北,6887,-2000.0
INTERTRAN鄂西-鄂西北,6888,-2000.0
INTERTRAN鄂西-鄂西北,6889,2000.0
INTERTRAN鄂西-鄂西北,6890,-2000.0
INTERTRAN鄂西-鄂西北,6891,-2000.0
INTERTRAN鄂西-鄂西北,6892,-2000.0
INTERTRAN鄂西-鄂西北,6893,2000.0
INTERTRAN鄂西-鄂西北,6894,-2000.0
INTERTRAN鄂西-鄂西北,6895,-2000.0
INTERTRAN鄂西-鄂西北,6896,910.1968500000007
INTERTRAN鄂西-鄂西北,6897,-2000.0
INTERTRAN鄂西-鄂西北,6898,-1500.799389725237
INTERTRAN鄂西-鄂西北,6899,291.0866600000004
INTERTRAN鄂西-鄂西北,6900,2000.0
INTERTRAN鄂西-鄂西北,6901,2000.0
INTERTRAN鄂西-鄂西北,6902,2000.0
INTERTRAN鄂西-鄂西北,6903,2000.0
INTERTRAN鄂西-鄂西北,6904,-1348.2140883333338
INTERTRAN鄂西-鄂西北,6905,2000.0
INTERTRAN鄂西-鄂西北,6906,-2000.0
INTERTRAN鄂西-鄂西北,6907,-2000.0
INTERTRAN鄂西-鄂西北,6908,-2000.0
INTERTRAN鄂西-鄂西北,6909,-2000.0
INTERTRAN鄂西-鄂西北,6910,2000.0
INTERTRAN鄂西-鄂西北,6911,1042.7490000000012
INTERTRAN鄂西-鄂东,6912,2041.1501205000022
INTERTRAN鄂西-鄂东,6913,3750.4167400000006
INTERTRAN鄂西-鄂东,6914,4719.747047058823
INTERTRAN鄂西-鄂东,6915,8641.91444
INTERTRAN鄂西-鄂东,6916,8085.062820319541
INTERTRAN鄂西-鄂东,6917,5794.177038825859
INTERTRAN鄂西-鄂东,6918,5044.8946
INTERTRAN鄂西-鄂东,6919,5016.664410000001
INTERTRAN鄂西-鄂东,6920,6186.69614
INTERTRAN鄂西-鄂东,6921,7607.908434999998
INTERTRAN鄂西-鄂东,6922,1008.3495999999996
INTERTRAN鄂西-鄂东,6923,5018.014900231599
INTERTRAN鄂西-鄂东,6924,6001.657636078431
INTERTRAN鄂西-鄂东,6925,3332.858165882353
INTERTRAN鄂西-鄂东,6926,5512.694704999998
INTERTRAN鄂西-鄂东,6927,2810.7855400000026
INTERTRAN鄂西-鄂东,6928,4704.5768400000015
INTERTRAN鄂西-鄂东,6929,8766.276537416677
INTERTRAN鄂西-鄂东,6930,9224.003850948528
INTERTRAN鄂西-鄂东,6931,7513.328462310619
INTERTRAN鄂西-鄂东,6932,8408.413029686708
INTERTRAN鄂西-鄂东,6933,6597.3433
INTERTRAN鄂西-鄂东,6934,2386.689750000003
INTERTRAN鄂西-鄂东,6935,4463.1289
INTERTRAN鄂西-鄂东,6936,6060.794099999999
INTERTRAN鄂西-鄂东,6937,8127.9852900000005
INTERTRAN鄂西-鄂东,6938,6677.87744
INTERTRAN鄂西-鄂东,6939,3073.721599999999
INTERTRAN鄂西-鄂东,6940,4738.975189999997
INTERTRAN鄂西-鄂东,6941,5688.773584411771
INTERTRAN鄂西-鄂东,6942,3825.0688310091646
INTERTRAN鄂西-鄂东,6943,9553.63670384941
INTERTRAN鄂西-鄂东,6944,8453.20048
INTERTRAN鄂西-鄂东,6945,10174.424357647058
INTERTRAN鄂西-鄂东,6946,5760.891084012343
INTERTRAN鄂西-鄂东,6947,6753.096551764709
INTERTRAN鄂西-鄂东,6948,5314.97437006158
INTERTRAN鄂西-鄂东,6949,-3073.4268209257843
INTERTRAN鄂西-鄂东,6950,-800.9928600000021
INTERTRAN鄂西-鄂东,6951,459.2244033986917
INTERTRAN鄂西-鄂东,6952,5504.7713341176495
INTERTRAN鄂西-鄂东,6953,8588.100817777777
INTERTRAN鄂西-鄂东,6954,7571.991167777778
INTERTRAN鄂西-鄂东,6955,6189.465099999998
INTERTRAN鄂西-鄂东,6956,5319.202240977847
INTERTRAN鄂西-鄂东,6957,3580.564836646099
INTERTRAN鄂西-鄂东,6958,6263.835399999996
INTERTRAN鄂西-鄂东,6959,8856.494346666666
INTERTRAN鄂西-鄂东,6960,5405.087457424859
INTERTRAN鄂西-鄂东,6961,6145.88264
INTERTRAN鄂西-鄂东,6962,2659.0510999999988
INTERTRAN鄂西-鄂东,6963,4949.6561900000015
INTERTRAN鄂西-鄂东,6964,2871.0729099999953
INTERTRAN鄂西-鄂东,6965,3294.1867999999995
INTERTRAN鄂西-鄂东,6966,8123.814240000003
INTERTRAN鄂西-鄂东,6967,3111.7570576470553
INTERTRAN鄂西-鄂东,6968,6201.041998938243
INTERTRAN鄂西-鄂东,6969,7175.51432072651
INTERTRAN鄂西-鄂东,6970,1818.2585074832314
INTERTRAN鄂西-鄂东,6971,3427.0828535947694
INTERTRAN鄂西-鄂东,6972,1581.9303333333246
INTERTRAN鄂西-鄂东,6973,5063.856699999997
INTERTRAN鄂西-鄂东,6974,6777.972458629858
INTERTRAN鄂西-鄂东,6975,1489.3182000000052
INTERTRAN鄂西-鄂东,6976,-3244.3581488888867
INTERTRAN鄂西-鄂东,6977,7966.173342222224
INTERTRAN鄂西-鄂东,6978,7274.337864999998
INTERTRAN鄂西-鄂东,6979,5784.891039999995
INTERTRAN鄂西-鄂东,6980,2815.1517180845603
INTERTRAN鄂西-鄂东,6981,6904.784599999999
INTERTRAN鄂西-鄂东,6982,4324.676499999998
INTERTRAN鄂西-鄂东,6983,3755.9506999999976
INTERTRAN鄂西-鄂东,6984,4131.670099999999
INTERTRAN鄂西-鄂东,6985,5818.361421622201
INTERTRAN鄂西-鄂东,6986,5110.865355139504
INTERTRAN鄂西-鄂东,6987,5169.327811915435
INTERTRAN鄂西-鄂东,6988,6833.093539999998
INTERTRAN鄂西-鄂东,6989,6340.004939999999
INTERTRAN鄂西-鄂东,6990,7430.929772062496
INTERTRAN鄂西-鄂东,6991,7021.485099999998
INTERTRAN鄂西-鄂东,6992,7975.979693084562
INTERTRAN鄂西-鄂东,6993,4609.292350294116
INTERTRAN鄂西-鄂东,6994,1020.9259574769058
INTERTRAN鄂西-鄂东,6995,1202.5056576470597
INTERTRAN鄂西-鄂东,6996,5943.408156339865
INTERTRAN鄂西-鄂东,6997,1086.8223232824257
INTERTRAN鄂西-鄂东,6998,3384.455657647057
INTERTRAN鄂西-鄂东,6999,767.4769999999953
INTERTRAN鄂西-鄂东,7000,290.8137110788193
INTERTRAN鄂西-鄂东,7001,2772.983957647062
INTERTRAN鄂西-鄂东,7002,5129.049639999997
INTERTRAN鄂西-鄂东,7003,9350.319039999998
INTERTRAN鄂西-鄂东,7004,-73.46956500000488
INTERTRAN鄂西-鄂东,7005,5483.363015566072
INTERTRAN鄂西-鄂东,7006,5503.98
INTERTRAN鄂西-鄂东,7007,4511.00779
INTERTRAN鄂西-鄂东,7008,2933.0224999999973
INTERTRAN鄂西-鄂东,7009,3518.855050000051
INTERTRAN鄂西-鄂东,7010,7183.509264509801
INTERTRAN鄂西-鄂东,7011,9198.3831
INTERTRAN鄂西-鄂东,7012,2727.4086855555597
INTERTRAN鄂西-鄂东,7013,8549.700190000003
INTERTRAN鄂西-鄂东,7014,4647.303499999998
INTERTRAN鄂西-鄂东,7015,5579.546409999995
INTERTRAN鄂西-鄂东,7016,5351.255185000002
INTERTRAN鄂西-鄂东,7017,6594.8339576470535
INTERTRAN鄂西-鄂东,7018,5387.038727647065
INTERTRAN鄂西-鄂东,7019,4579.58377578422
INTERTRAN鄂西-鄂东,7020,2104.342510588227
INTERTRAN鄂西-鄂东,7021,3202.810739999997
INTERTRAN鄂西-鄂东,7022,-248.89449333333505
INTERTRAN鄂西-鄂东,7023,3405.991411895422
INTERTRAN鄂西-鄂东,7024,1001.6297909803907
INTERTRAN鄂西-鄂东,7025,4635.364269999998
INTERTRAN鄂西-鄂东,7026,4212.019315000001
INTERTRAN鄂西-鄂东,7027,8566.787482006737
INTERTRAN鄂西-鄂东,7028,6354.957999999999
INTERTRAN鄂西-鄂东,7029,7896.034627758589
INTERTRAN鄂西-鄂东,7030,8800.355340000002
INTERTRAN鄂西-鄂东,7031,9395.776930881722
INTERTRAN鄂西-鄂东,7032,8204.496639999998
INTERTRAN鄂西-鄂东,7033,10509.770027174742
INTERTRAN鄂西-鄂东,7034,5001.015989999996
INTERTRAN鄂西-鄂东,7035,6464.832469118279
INTERTRAN鄂西-鄂东,7036,3386.8097287119963
INTERTRAN鄂西-鄂东,7037,6614.608339999999
INTERTRAN鄂西-鄂东,7038,9813.008270011756
INTERTRAN鄂西-鄂东,7039,8000.527963197499
INTERTRAN鄂西-鄂东,7040,9183.980172825257
INTERTRAN鄂西-鄂东,7041,9202.23764
INTERTRAN鄂西-鄂东,7042,6452.807540000002
INTERTRAN鄂西-鄂东,7043,8040.90698874076
INTERTRAN鄂西-鄂东,7044,1524.2646400000012
INTERTRAN鄂西-鄂东,7045,241.24852352940616
INTERTRAN鄂西-鄂东,7046,5336.739940000003
INTERTRAN鄂西-鄂东,7047,4156.953997327626
INTERTRAN鄂西-鄂东,7048,4430.304839999997
INTERTRAN鄂西-鄂东,7049,3715.4398987654313
INTERTRAN鄂西-鄂东,7050,12448.459729999995
INTERTRAN鄂西-鄂东,7051,4080.7849381084816
INTERTRAN鄂西-鄂东,7052,7143.965
INTERTRAN鄂西-鄂东,7053,7889.556586687493
INTERTRAN鄂西-鄂东,7054,8375.901655146488
INTERTRAN鄂西-鄂东,7055,5456.957245000001
INTERTRAN鄂西北-鄂东,6912,1304.0964194999997
INTERTRAN鄂西北-鄂东,6913,-1972.8260000000012
INTERTRAN鄂西北-鄂东,6914,2853.6059683315925
INTERTRAN鄂西北-鄂东,6915,-3000.0
INTERTRAN鄂西北-鄂东,6916,-2718.6872803195406
INTERTRAN鄂西北-鄂东,6917,-495.92025000000103
INTERTRAN鄂西北-鄂东,6918,-632.0277500000002
INTERTRAN鄂西北-鄂东,6919,1724.483229999999
INTERTRAN鄂西北-鄂东,6920,3000.0
INTERTRAN鄂西北-鄂东,6921,-1092.0597950000001
INTERTRAN鄂西北-鄂东,6922,1939.2011400000001
INTERTRAN鄂西北-鄂东,6923,-2723.914770231596
INTERTRAN鄂西北-鄂东,6924,-3000.0
INTERTRAN鄂西北-鄂东,6925,-3000.0
INTERTRAN鄂西北-鄂东,6926,-1858.019365000001
INTERTRAN鄂西北-鄂东,6927,-3000.0
INTERTRAN鄂西北-鄂东,6928,-3000.0
INTERTRAN鄂西北-鄂东,6929,-2672.6161599656243
INTERTRAN鄂西北-鄂东,6930,-1928.4795109485287
INTERTRAN鄂西北-鄂东,6931,-3000.0
INTERTRAN鄂西北-鄂东,6932,-2519.1591796514144
INTERTRAN鄂西北-鄂东,6933,-2743.8454762222236
INTERTRAN鄂西北-鄂东,6934,3000.0
INTERTRAN鄂西北-鄂东,6935,1209.5242400000016
INTERTRAN鄂西北-鄂东,6936,654.8592399999998
INTERTRAN鄂西北-鄂东,6937,-1889.0062500000006
INTERTRAN鄂西北-鄂东,6938,-508.8745000000008
INTERTRAN鄂西北-鄂东,6939,3000.0
INTERTRAN鄂西北-鄂东,6940,-1005.7867500000002
INTERTRAN鄂西北-鄂东,6941,-928.5187500000011
INTERTRAN鄂西北-鄂东,6942,3000.0
INTERTRAN鄂西北-鄂东,6943,-2635.972908529412
INTERTRAN鄂西北-鄂东,6944,-2613.894839999999
INTERTRAN鄂西北-鄂东,6945,-3000.0
INTERTRAN鄂西北-鄂东,6946,-3000.0
INTERTRAN鄂西北-鄂东,6947,-3000.0
INTERTRAN鄂西北-鄂东,6948,-3000.0
INTERTRAN鄂西北-鄂东,6949,-3000.0
INTERTRAN鄂西北-鄂东,6950,-3000.0
INTERTRAN鄂西北-鄂东,6951,-3000.0
INTERTRAN鄂西北-鄂东,6952,-3000.0
INTERTRAN鄂西北-鄂东,6953,-3000.0
INTERTRAN鄂西北-鄂东,6954,-3000.0
INTERTRAN鄂西北-鄂东,6955,-2403.7486599999975
INTERTRAN鄂西北-鄂东,6956,-1694.694700977845
INTERTRAN鄂西北-鄂东,6957,-3000.0
INTERTRAN鄂西北-鄂东,6958,-3000.0
INTERTRAN鄂西北-鄂东,6959,-3000.0
INTERTRAN鄂西北-鄂东,6960,-895.9357500000006
INTERTRAN鄂西北-鄂东,6961,-1724.9605000000008
INTERTRAN鄂西北-鄂东,6962,475.6229999999996
INTERTRAN鄂西北-鄂东,6963,-1578.950750000001
INTERTRAN鄂西北-鄂东,6964,2820.409830000006
INTERTRAN鄂西北-鄂东,6965,1898.3519999999999
INTERTRAN鄂西北-鄂东,6966,-957.0115000000005
INTERTRAN鄂西北-鄂东,6967,3000.0
INTERTRAN鄂西北-鄂东,6968,-295.30650500000047
INTERTRAN鄂西北-鄂东,6969,-2419.415468504285
INTERTRAN鄂西北-鄂东,6970,-3000.0
INTERTRAN鄂西北-鄂东,6971,-3000.0
INTERTRAN鄂西北-鄂东,6972,-3000.0
INTERTRAN鄂西北-鄂东,6973,-3000.0
INTERTRAN鄂西北-鄂东,6974,-3000.0
INTERTRAN鄂西北-鄂东,6975,-3000.0
INTERTRAN鄂西北-鄂东,6976,-3000.0
INTERTRAN鄂西北-鄂东,6977,-3000.0
INTERTRAN鄂西北-鄂东,6978,-3000.0
INTERTRAN鄂西北-鄂东,6979,-3000.0
INTERTRAN鄂西北-鄂东,6980,-3000.0
INTERTRAN鄂西北-鄂东,6981,-2726.955250000001
INTERTRAN鄂西北-鄂东,6982,-2828.3047500000007
INTERTRAN鄂西北-鄂东,6983,-3000.0
INTERTRAN鄂西北-鄂东,6984,1691.2957106205868
INTERTRAN鄂西北-鄂东,6985,1528.9400000000005
INTERTRAN鄂西北-鄂东,6986,-1274.9037151395023
INTERTRAN鄂西北-鄂东,6987,-1982.127750000001
INTERTRAN鄂西北-鄂东,6988,-1939.8990000000003
INTERTRAN鄂西北-鄂东,6989,-1979.5470000000007
INTERTRAN鄂西北-鄂东,6990,831.3436679375004
INTERTRAN鄂西北-鄂东,6991,-597.2716599999949
INTERTRAN鄂西北-鄂东,6992,-3000.0
INTERTRAN鄂西北-鄂东,6993,-3000.0
INTERTRAN鄂西北-鄂东,6994,-3000.0
INTERTRAN鄂西北-鄂东,6995,-3000.0
INTERTRAN鄂西北-鄂东,6996,-3000.0
INTERTRAN鄂西北-鄂东,6997,-3000.0
INTERTRAN鄂西北-鄂东,6998,-3000.0
INTERTRAN鄂西北-鄂东,6999,-3000.0
INTERTRAN鄂西北-鄂东,7000,-3000.0
INTERTRAN鄂西北-鄂东,7001,-3000.0
INTERTRAN鄂西北-鄂东,7002,-3000.0
INTERTRAN鄂西北-鄂东,7003,-3000.0
INTERTRAN鄂西北-鄂东,7004,2723.778735
INTERTRAN鄂西北-鄂东,7005,-2187.2680705660705
INTERTRAN鄂西北-鄂东,7006,-1674.4384194443455
INTERTRAN鄂西北-鄂东,7007,-1597.390750000001
INTERTRAN鄂西北-鄂东,7008,1604.989740000001
INTERTRAN鄂西北-鄂东,7009,-1766.150410000052
INTERTRAN鄂西北-鄂东,7010,-1005.89375
INTERTRAN鄂西北-鄂东,7011,-1303.7989519607945
INTERTRAN鄂西北-鄂东,7012,-898.2860455555624
INTERTRAN鄂西北-鄂东,7013,-2119.7707500000006
INTERTRAN鄂西北-鄂东,7014,-167.9967500000007
INTERTRAN鄂西北-鄂东,7015,-2112.8761749999994
INTERTRAN鄂西北-鄂东,7016,-2920.9683450000007
INTERTRAN鄂西北-鄂东,7017,-3000.0
INTERTRAN鄂西北-鄂东,7018,-3000.0
INTERTRAN鄂西北-鄂东,7019,-3000.0
INTERTRAN鄂西北-鄂东,7020,-3000.0
INTERTRAN鄂西北-鄂东,7021,-3000.0
INTERTRAN鄂西北-鄂东,7022,-3000.0
INTERTRAN鄂西北-鄂东,7023,-3000.0
INTERTRAN鄂西北-鄂东,7024,-3000.0
INTERTRAN鄂西北-鄂东,7025,-3000.0
INTERTRAN鄂西北-鄂东,7026,2329.322724999999
INTERTRAN鄂西北-鄂东,7027,-1285.4587420067405
INTERTRAN鄂西北-鄂东,7028,-2655.4403415815013
INTERTRAN鄂西北-鄂东,7029,-2812.0849999999996
INTERTRAN鄂西北-鄂东,7030,-2858.9850000000006
INTERTRAN鄂西北-鄂东,7031,-453.8859908817212
INTERTRAN鄂西北-鄂东,7032,-587.7714999999998
INTERTRAN鄂西北-鄂东,7033,-2918.448987174741
INTERTRAN鄂西北-鄂东,7034,-1428.4867500000003
INTERTRAN鄂西北-鄂东,7035,1226.8789801264702
INTERTRAN鄂西北-鄂东,7036,3000.0
INTERTRAN鄂西北-鄂东,7037,-476.07100000000037
INTERTRAN鄂西北-鄂东,7038,-3000.0
INTERTRAN鄂西北-鄂东,7039,-420.3686231975007
INTERTRAN鄂西北-鄂东,7040,-1334.455510000001
INTERTRAN鄂西北-鄂东,7041,-3000.0
INTERTRAN鄂西北-鄂东,7042,-3000.0
INTERTRAN鄂西北-鄂东,7043,-3000.0
INTERTRAN鄂西北-鄂东,7044,-3000.0
INTERTRAN鄂西北-鄂东,7045,289.1927399999995
INTERTRAN鄂西北-鄂东,7046,-3000.0
INTERTRAN鄂西北-鄂东,7047,-3000.0
INTERTRAN鄂西北-鄂东,7048,-3000.0
INTERTRAN鄂西北-鄂东,7049,1751.6927412345658
INTERTRAN鄂西北-鄂东,7050,-2767.8554900000004
INTERTRAN鄂西北-鄂东,7051,2960.356705
INTERTRAN鄂西北-鄂东,7052,19.892018769303377
INTERTRAN鄂西北-鄂东,7053,-583.9630466874942
INTERTRAN鄂西北-鄂东,7054,-1845.43275
INTERTRAN鄂西北-鄂东,7055,3000.0
INTERTRAN鄂西-鄂西北,6912,-2000.0
INTERTRAN鄂西-鄂西北,6913,-2000.0
INTERTRAN鄂西-鄂西北,6914,2000.0
INTERTRAN鄂西-鄂西北,6915,-1864.9307400000007
INTERTRAN鄂西-鄂西北,6916,-2000.0
INTERTRAN鄂西-鄂西北,6917,-2000.0
INTERTRAN鄂西-鄂西北,6918,-2000.0
INTERTRAN鄂西-鄂西北,6919,2000.0
INTERTRAN鄂西-鄂西北,6920,1215.462355000001
INTERTRAN鄂西-鄂西北,6921,-2000.0
INTERTRAN鄂西-鄂西北,6922,2000.0
INTERTRAN鄂西-鄂西北,6923,-2000.0
INTERTRAN鄂西-鄂西北,6924,-1855.3133360784313
INTERTRAN鄂西-鄂西北,6925,-1746.024159999999
INTERTRAN鄂西-鄂西北,6926,-2000.0
INTERTRAN鄂西-鄂西北,6927,-2000.0
INTERTRAN鄂西-鄂西北,6928,-1966.1096400000029
INTERTRAN鄂西-鄂西北,6929,-2000.0
INTERTRAN鄂西-鄂西北,6930,-2000.0
INTERTRAN鄂西-鄂西北,6931,-1715.159005000001
INTERTRAN鄂西-鄂西北,6932,-2000.0
INTERTRAN鄂西-鄂西北,6933,-2000.0
INTERTRAN鄂西-鄂西北,6934,-2000.0
INTERTRAN鄂西-鄂西北,6935,-2000.0
INTERTRAN鄂西-鄂西北,6936,-2000.0
INTERTRAN鄂西-鄂西北,6937,-2000.0
INTERTRAN鄂西-鄂西北,6938,-2000.0
INTERTRAN鄂西-鄂西北,6939,-2000.0
INTERTRAN鄂西-鄂西北,6940,-2000.0
INTERTRAN鄂西-鄂西北,6941,-2000.0
INTERTRAN鄂西-鄂西北,6942,197.09149000000116
INTERTRAN鄂西-鄂西北,6943,-2000.0
INTERTRAN鄂西-鄂西北,6944,-2000.0
INTERTRAN鄂西-鄂西北,6945,-1580.2564749999992
INTERTRAN鄂西-鄂西北,6946,-1181.7907840123453
INTERTRAN鄂西-鄂西北,6947,340.1627804575146
INTERTRAN鄂西-鄂西北,6948,2000.0
INTERTRAN鄂西-鄂西北,6949,2000.0
INTERTRAN鄂西-鄂西北,6950,2000.0
INTERTRAN鄂西-鄂西北,6951,2000.0
INTERTRAN鄂西-鄂西北,6952,152.7962550000011
INTERTRAN鄂西-鄂西北,6953,-1366.99935
INTERTRAN鄂西-鄂西北,6954,-1768.9353677777776
INTERTRAN鄂西-鄂西北,6955,-2000.0
INTERTRAN鄂西-鄂西北,6956,-2000.0
INTERTRAN鄂西-鄂西北,6957,-1778.2515366461005
INTERTRAN鄂西-鄂西北,6958,-2000.0
INTERTRAN鄂西-鄂西北,6959,-1811.4033466666706
INTERTRAN鄂西-鄂西北,6960,-2000.0
INTERTRAN鄂西-鄂西北,6961,-2000.0
INTERTRAN鄂西-鄂西北,6962,-2000.0
INTERTRAN鄂西-鄂西北,6963,-2000.0
INTERTRAN鄂西-鄂西北,6964,-2000.0
INTERTRAN鄂西-鄂西北,6965,-2000.0
INTERTRAN鄂西-鄂西北,6966,-2000.0
INTERTRAN鄂西-鄂西北,6967,1671.808902352946
INTERTRAN鄂西-鄂西北,6968,-2000.0
INTERTRAN鄂西-鄂西北,6969,-2000.0
INTERTRAN鄂西-鄂西北,6970,1012.5222750000003
INTERTRAN鄂西-鄂西北,6971,2000.0
INTERTRAN鄂西-鄂西北,6972,2000.0
INTERTRAN鄂西-鄂西北,6973,2000.0
INTERTRAN鄂西-鄂西北,6974,2000.0
INTERTRAN鄂西-鄂西北,6975,2000.0
INTERTRAN鄂西-鄂西北,6976,2000.0
INTERTRAN鄂西-鄂西北,6977,-277.09236000000055
INTERTRAN鄂西-鄂西北,6978,-1370.3710650000003
INTERTRAN鄂西-鄂西北,6979,-1069.5865399999975
INTERTRAN鄂西-鄂西北,6980,-1389.2454301470593
INTERTRAN鄂西-鄂西北,6981,-2000.0
INTERTRAN鄂西-鄂西北,6982,-2000.0
INTERTRAN鄂西-鄂西北,6983,-1914.233499999999
INTERTRAN鄂西-鄂西北,6984,2000.0
INTERTRAN鄂西-鄂西北,6985,-2000.0
INTERTRAN鄂西-鄂西北,6986,-2000.0
INTERTRAN鄂西-鄂西北,6987,-2000.0
INTERTRAN鄂西-鄂西北,6988,-2000.0
INTERTRAN鄂西-鄂西北,6989,-2000.0
INTERTRAN鄂西-鄂西北,6990,-2000.0
INTERTRAN鄂西-鄂西北,6991,-2000.0
INTERTRAN鄂西-鄂西北,6992,-1968.790905
INTERTRAN鄂西-鄂西北,6993,-1363.360517239109
INTERTRAN鄂西-鄂西北,6994,2000.0
INTERTRAN鄂西-鄂西北,6995,2000.0
INTERTRAN鄂西-鄂西北,6996,2000.0
INTERTRAN鄂西-鄂西北,6997,2000.0
INTERTRAN鄂西-鄂西北,6998,2000.0
INTERTRAN鄂西-鄂西北,6999,2000.0
INTERTRAN鄂西-鄂西北,7000,2000.0
INTERTRAN鄂西-鄂西北,7001,2000.0
INTERTRAN鄂西-鄂西北,7002,77.1866400000008
INTERTRAN鄂西-鄂西北,7003,-1895.7720749999999
INTERTRAN鄂西-鄂西北,7004,2000.0
INTERTRAN鄂西-鄂西北,7005,-2000.0
INTERTRAN鄂西-鄂西北,7006,-2000.0
INTERTRAN鄂西-鄂西北,7007,-2000.0
INTERTRAN鄂西-鄂西北,7008,-2000.0
INTERTRAN鄂西-鄂西北,7009,-2000.0
INTERTRAN鄂西-鄂西北,7010,-2000.0
INTERTRAN鄂西-鄂西北,7011,-2000.0
INTERTRAN鄂西-鄂西北,7012,-2000.0
INTERTRAN鄂西-鄂西北,7013,-2000.0
INTERTRAN鄂西-鄂西北,7014,-2000.0
INTERTRAN鄂西-鄂西北,7015,-2000.0
INTERTRAN鄂西-鄂西北,7016,-2000.0
INTERTRAN鄂西-鄂西北,7017,-1717.5316399999995
INTERTRAN鄂西-鄂西北,7018,15.554988039207501
INTERTRAN鄂西-鄂西北,7019,2000.0
INTERTRAN鄂西-鄂西北,7020,2000.0
INTERTRAN鄂西-鄂西北,7021,2000.0
INTERTRAN鄂西-鄂西北,7022,2000.0
INTERTRAN鄂西-鄂西北,7023,2000.0
INTERTRAN鄂西-鄂西北,7024,2000.0
INTERTRAN鄂西-鄂西北,7025,-1384.7873699999993
INTERTRAN鄂西-鄂西北,7026,2000.0
INTERTRAN鄂西-鄂西北,7027,-2000.0
INTERTRAN鄂西-鄂西北,7028,-2000.0
INTERTRAN鄂西-鄂西北,7029,-2000.0
INTERTRAN鄂西-鄂西北,7030,-2000.0
INTERTRAN鄂西-鄂西北,7031,-2000.0
INTERTRAN鄂西-鄂西北,7032,-2000.0
INTERTRAN鄂西-鄂西北,7033,-2000.0
INTERTRAN鄂西-鄂西北,7034,-2000.0
INTERTRAN鄂西-鄂西北,7035,-2000.0
INTERTRAN鄂西-鄂西北,7036,964.30825
INTERTRAN鄂西-鄂西北,7037,-2000.0
INTERTRAN鄂西-鄂西北,7038,-2000.0
INTERTRAN鄂西-鄂西北,7039,-2000.0
INTERTRAN鄂西-鄂西北,7040,-2000.0
INTERTRAN鄂西-鄂西北,7041,-2000.0
INTERTRAN鄂西-鄂西北,7042,-1749.8247750000003
INTERTRAN鄂西-鄂西北,7043,-1393.2623333950621
INTERTRAN鄂西-鄂西北,7044,2000.0
INTERTRAN鄂西-鄂西北,7045,2000.0
INTERTRAN鄂西-鄂西北,7046,2000.0
INTERTRAN鄂西-鄂西北,7047,1896.7832010270063
INTERTRAN鄂西-鄂西北,7048,-2000.0
INTERTRAN鄂西-鄂西北,7049,2000.0
INTERTRAN鄂西-鄂西北,7050,-2000.0
INTERTRAN鄂西-鄂西北,7051,2000.0
INTERTRAN鄂西-鄂西北,7052,-2000.0
INTERTRAN鄂西-鄂西北,7053,-2000.0
INTERTRAN鄂西-鄂西北,7054,-2000.0
INTERTRAN鄂西-鄂西北,7055,769.194750000001
INTERTRAN鄂西-鄂东,7056,6585.363470741671
INTERTRAN鄂西-鄂东,7057,3025.2391400000015
INTERTRAN鄂西-鄂东,7058,7833.166690000002
INTERTRAN鄂西-鄂东,7059,8118.903171953247
INTERTRAN鄂西-鄂东,7060,3145.2916368915176
INTERTRAN鄂西-鄂东,7061,3567.7780811764733
INTERTRAN鄂西-鄂东,7062,11571.533199999998
INTERTRAN鄂西-鄂东,7063,4160.777299999998
INTERTRAN鄂西-鄂东,7064,9115.426200000002
INTERTRAN鄂西-鄂东,7065,9048.948689411765
INTERTRAN鄂西-鄂东,7066,7689.70463
INTERTRAN鄂西-鄂东,7067,7181.372530246917
INTERTRAN鄂西-鄂东,7068,3868.8799807407413
INTERTRAN鄂西-鄂东,7069,4631.534480740742
INTERTRAN鄂西-鄂东,7070,4212.668099999999
INTERTRAN鄂西-鄂东,7071,6153.011840000003
INTERTRAN鄂西-鄂东,7072,8724.9322
INTERTRAN鄂西-鄂东,7073,9720.475789999997
INTERTRAN鄂西-鄂东,7074,10573.510449999998
INTERTRAN鄂西-鄂东,7075,7796.823831972342
INTERTRAN鄂西-鄂东,7076,4876.445729074076
INTERTRAN鄂西-鄂东,7077,6556.896700000001
INTERTRAN鄂西-鄂东,7078,8815.176940000001
INTERTRAN鄂西-鄂东,7079,5381.220298823529
INTERTRAN鄂西-鄂东,7080,3776.679339999999
INTERTRAN鄂西-鄂东,7081,4645.893889999999
INTERTRAN鄂西-鄂东,7082,5187.540699999998
INTERTRAN鄂西-鄂东,7083,9006.10447100705
INTERTRAN鄂西-鄂东,7084,2743.8863999999994
INTERTRAN鄂西-鄂东,7085,6305.522916961847
INTERTRAN鄂西-鄂东,7086,3152.567599999995
INTERTRAN鄂西-鄂东,7087,7170.289665000004
INTERTRAN鄂西-鄂东,7088,5718.375621234569
INTERTRAN鄂西-鄂东,7089,3327.521039999996
INTERTRAN鄂西-鄂东,7090,5323.876906666665
INTERTRAN鄂西-鄂东,7091,4084.5428622222244
INTERTRAN鄂西-鄂东,7092,-1595.7677520368943
INTERTRAN鄂西-鄂东,7093,-258.1207000000013
INTERTRAN鄂西-鄂东,7094,3126.826633872839
INTERTRAN鄂西-鄂东,7095,6824.512240000004
INTERTRAN鄂西-鄂东,7096,3745.592239999998
INTERTRAN鄂西-鄂东,7097,3174.598199999995
INTERTRAN鄂西-鄂东,7098,11221.680713583824
INTERTRAN鄂西-鄂东,7099,3598.060737647058
INTERTRAN鄂西-鄂东,7100,4404.370689814819
INTERTRAN鄂西-鄂东,7101,4018.250039999999
INTERTRAN鄂西-鄂东,7102,3180.275094599996
INTERTRAN鄂西-鄂东,7103,4373.723040000001
INTERTRAN鄂西-鄂东,7104,9057.19424
INTERTRAN鄂西-鄂东,7105,4137.667300000001
INTERTRAN鄂西-鄂东,7106,3180.0576900000015
INTERTRAN鄂西-鄂东,7107,5417.274773490219
INTERTRAN鄂西-鄂东,7108,5457.335589999999
INTERTRAN鄂西-鄂东,7109,3055.110923665812
INTERTRAN鄂西-鄂东,7110,6421.563199999997
INTERTRAN鄂西-鄂东,7111,6574.764185000004
INTERTRAN鄂西-鄂东,7112,-1357.3867599999994
INTERTRAN鄂西-鄂东,7113,4746.468847012598
INTERTRAN鄂西-鄂东,7114,2845.40620305407
INTERTRAN鄂西-鄂东,7115,4871.191811241828
INTERTRAN鄂西-鄂东,7116,-1677.8284581175321
INTERTRAN鄂西-鄂东,7117,8745.09474
INTERTRAN鄂西-鄂东,7118,-3428.0741532753327
INTERTRAN鄂西-鄂东,7119,2874.6341112418286
INTERTRAN鄂西-鄂东,7120,4601.324506666668
INTERTRAN鄂西-鄂东,7121,4225.746017777776
INTERTRAN鄂西-鄂东,7122,5049.057720631372
INTERTRAN鄂西-鄂东,7123,4342.727030000002
INTERTRAN鄂西-鄂东,7124,4108.9301169824175
INTERTRAN鄂西-鄂东,7125,4482.057571372548
INTERTRAN鄂西-鄂东,7126,5054.666539999998
INTERTRAN鄂西-鄂东,7127,12194.550600000002
INTERTRAN鄂西-鄂东,7128,8327.116990000002
INTERTRAN鄂西-鄂东,7129,8220.293564981846
INTERTRAN鄂西-鄂东,7130,4768.17948356572
INTERTRAN鄂西-鄂东,7131,5633.208339999997
INTERTRAN鄂西-鄂东,7132,5326.573288888889
INTERTRAN鄂西-鄂东,7133,12600.0
INTERTRAN鄂西-鄂东,7134,6666.203799999996
INTERTRAN鄂西-鄂东,7135,6981.679955588232
INTERTRAN鄂西-鄂东,7136,5527.649654922796
INTERTRAN鄂西-鄂东,7137,9288.801399999997
INTERTRAN鄂西-鄂东,7138,3983.2341449999985
INTERTRAN鄂西-鄂东,7139,-632.5026145824304
INTERTRAN鄂西-鄂东,7140,2727.2958411764703
INTERTRAN鄂西-鄂东,7141,1014.1580999999987
INTERTRAN鄂西-鄂东,7142,8047.290404705884
INTERTRAN鄂西-鄂东,7143,6046.400665000001
INTERTRAN鄂西-鄂东,7144,8601.315139999999
INTERTRAN鄂西-鄂东,7145,10392.08254572353
INTERTRAN鄂西-鄂东,7146,5435.35224
INTERTRAN鄂西-鄂东,7147,5239.152703090305
INTERTRAN鄂西-鄂东,7148,375.0149532000014
INTERTRAN鄂西-鄂东,7149,4811.955439999998
INTERTRAN鄂西-鄂东,7150,8286.293628213942
INTERTRAN鄂西-鄂东,7151,8228.601588888887
INTERTRAN鄂西-鄂东,7152,9787.684559135807
INTERTRAN鄂西-鄂东,7153,4560.4827399999995
INTERTRAN鄂西-鄂东,7154,10143.131012106027
INTERTRAN鄂西-鄂东,7155,4993.7360899999985
INTERTRAN鄂西-鄂东,7156,8794.814828268929
INTERTRAN鄂西-鄂东,7157,2786.4665399999994
INTERTRAN鄂西-鄂东,7158,6233.8951400000005
INTERTRAN鄂西-鄂东,7159,8343.903385000001
INTERTRAN鄂西-鄂东,7160,9687.370814117647
INTERTRAN鄂西-鄂东,7161,2357.211299999999
INTERTRAN鄂西-鄂东,7162,3829.1056380392183
INTERTRAN鄂西-鄂东,7163,7395.299040000002
INTERTRAN鄂西-鄂东,7164,7364.529685098038
INTERTRAN鄂西-鄂东,7165,6368.334979578791
INTERTRAN鄂西-鄂东,7166,6330.987139999997
INTERTRAN鄂西-鄂东,7167,3695.7101399999992
INTERTRAN鄂西-鄂东,7168,3998.9784
INTERTRAN鄂西-鄂东,7169,6545.894939999998
INTERTRAN鄂西-鄂东,7170,4447.539891850003
INTERTRAN鄂西-鄂东,7171,4249.222839215683
INTERTRAN鄂西-鄂东,7172,8882.243699999999
INTERTRAN鄂西-鄂东,7173,4761.445298148148
INTERTRAN鄂西-鄂东,7174,7363.123890000003
INTERTRAN鄂西-鄂东,7175,7497.956039999997
INTERTRAN鄂西-鄂东,7176,8917.182675308643
INTERTRAN鄂西-鄂东,7177,5799.067940000001
INTERTRAN鄂西-鄂东,7178,9142.774039999997
INTERTRAN鄂西-鄂东,7179,7399.15324
INTERTRAN鄂西-鄂东,7180,8524.51973440024
INTERTRAN鄂西-鄂东,7181,6915.377558235297
INTERTRAN鄂西-鄂东,7182,6335.387139999999
INTERTRAN鄂西-鄂东,7183,9418.478504556362
INTERTRAN鄂西-鄂东,7184,10429.008219999996
INTERTRAN鄂西-鄂东,7185,10203.556521568626
INTERTRAN鄂西-鄂东,7186,8398.637439999999
INTERTRAN鄂西-鄂东,7187,5838.94155
INTERTRAN鄂西-鄂东,7188,1765.979639999996
INTERTRAN鄂西-鄂东,7189,4916.64852888996
INTERTRAN鄂西-鄂东,7190,3602.1312
INTERTRAN鄂西-鄂东,7191,1945.7313800000047
INTERTRAN鄂西-鄂东,7192,3787.2888399999974
INTERTRAN鄂西-鄂东,7193,8632.46014
INTERTRAN鄂西-鄂东,7194,10032.22294
INTERTRAN鄂西-鄂东,7195,7966.618900000001
INTERTRAN鄂西-鄂东,7196,9976.5056453693
INTERTRAN鄂西-鄂东,7197,6787.4792949019575
INTERTRAN鄂西-鄂东,7198,6853.168777037037
INTERTRAN鄂西-鄂东,7199,9287.63059
INTERTRAN鄂西北-鄂东,7056,-3000.0
INTERTRAN鄂西北-鄂东,7057,3000.0
INTERTRAN鄂西北-鄂东,7058,-2226.734250000001
INTERTRAN鄂西北-鄂东,7059,939.0797680467513
INTERTRAN鄂西北-鄂东,7060,3000.0
INTERTRAN鄂西北-鄂东,7061,2561.508999999999
INTERTRAN鄂西北-鄂东,7062,-1286.9037599999992
INTERTRAN鄂西北-鄂东,7063,978.3984400000018
INTERTRAN鄂西北-鄂东,7064,-759.954760000006
INTERTRAN鄂西北-鄂东,7065,2011.7292505882333
INTERTRAN鄂西北-鄂东,7066,-2882.461090000001
INTERTRAN鄂西北-鄂东,7067,-2319.0072902469146
INTERTRAN鄂西北-鄂东,7068,-3000.0
INTERTRAN鄂西北-鄂东,7069,-1865.1548000000016
INTERTRAN鄂西北-鄂东,7070,-23.231559999999263
INTERTRAN鄂西北-鄂东,7071,-3000.0
INTERTRAN鄂西北-鄂东,7072,-2474.9229050000004
INTERTRAN鄂西北-鄂东,7073,-2365.7973500000003
INTERTRAN鄂西北-鄂东,7074,-2113.5027099999998
INTERTRAN鄂西北-鄂东,7075,-421.7317919723437
INTERTRAN鄂西北-鄂东,7076,2268.9128109259254
INTERTRAN鄂西北-鄂东,7077,-252.6931229629663
INTERTRAN鄂西北-鄂东,7078,-3000.0
INTERTRAN鄂西北-鄂东,7079,2916.495499999999
INTERTRAN鄂西北-鄂东,7080,3000.0
INTERTRAN鄂西北-鄂东,7081,2069.7387499999995
INTERTRAN鄂西北-鄂东,7082,-2889.390750000001
INTERTRAN鄂西北-鄂东,7083,-532.088531007048
INTERTRAN鄂西北-鄂东,7084,922.8009999999986
INTERTRAN鄂西北-鄂东,7085,-168.07737696184722
INTERTRAN鄂西北-鄂东,7086,677.6673400000045
INTERTRAN鄂西北-鄂东,7087,1060.6179749999983
INTERTRAN鄂西北-鄂东,7088,-465.3870812345667
INTERTRAN鄂西北-鄂东,7089,3000.0
INTERTRAN鄂西北-鄂东,7090,-3000.0
INTERTRAN鄂西北-鄂东,7091,-3000.0
INTERTRAN鄂西北-鄂东,7092,-3000.0
INTERTRAN鄂西北-鄂东,7093,-3000.0
INTERTRAN鄂西北-鄂东,7094,-2878.317332144441
INTERTRAN鄂西北-鄂东,7095,-3000.0
INTERTRAN鄂西北-鄂东,7096,-3000.0
INTERTRAN鄂西北-鄂东,7097,-3000.0
INTERTRAN鄂西北-鄂东,7098,-3000.0
INTERTRAN鄂西北-鄂东,7099,1042.707702352941
INTERTRAN鄂西北-鄂东,7100,-2380.970435000001
INTERTRAN鄂西北-鄂东,7101,3000.0
INTERTRAN鄂西北-鄂东,7102,3000.0
INTERTRAN鄂西北-鄂东,7103,3000.0
INTERTRAN鄂西北-鄂东,7104,-2820.631500000001
INTERTRAN鄂西北-鄂东,7105,2841.8327499999987
INTERTRAN鄂西北-鄂东,7106,2615.0767499999993
INTERTRAN鄂西北-鄂东,7107,-273.83993349021966
INTERTRAN鄂西北-鄂东,7108,1847.455249999999
INTERTRAN鄂西北-鄂东,7109,2031.5987669514743
INTERTRAN鄂西北-鄂东,7110,546.3992399999997
INTERTRAN鄂西北-鄂东,7111,2107.000154999999
INTERTRAN鄂西北-鄂东,7112,3000.0
INTERTRAN鄂西北-鄂东,7113,-863.7866636125991
INTERTRAN鄂西北-鄂东,7114,-2910.0391630540685
INTERTRAN鄂西北-鄂东,7115,-3000.0
INTERTRAN鄂西北-鄂东,7116,-2910.1410744314912
INTERTRAN鄂西北-鄂东,7117,-3000.0
INTERTRAN鄂西北-鄂东,7118,-3000.0
INTERTRAN鄂西北-鄂东,7119,-3000.0
INTERTRAN鄂西北-鄂东,7120,-3000.0
INTERTRAN鄂西北-鄂东,7121,-3000.0
INTERTRAN鄂西北-鄂东,7122,3000.0
INTERTRAN鄂西北-鄂东,7123,1300.0359100000005
INTERTRAN鄂西北-鄂东,7124,1969.6219230175793
INTERTRAN鄂西北-鄂东,7125,3000.0
INTERTRAN鄂西北-鄂东,7126,3000.0
INTERTRAN鄂西北-鄂东,7127,-1280.420250000001
INTERTRAN鄂西北-鄂东,7128,345.99224999999933
INTERTRAN鄂西北-鄂东,7129,3000.0
INTERTRAN鄂西北-鄂东,7130,2714.4189289833002
INTERTRAN鄂西北-鄂东,7131,3000.0
INTERTRAN鄂西北-鄂东,7132,3000.0
INTERTRAN鄂西北-鄂东,7133,-2980.0594600000004
INTERTRAN鄂西北-鄂东,7134,-2195.075659999998
INTERTRAN鄂西北-鄂东,7135,2001.0861844117644
INTERTRAN鄂西北-鄂东,7136,1096.9307850772075
INTERTRAN鄂西北-鄂东,7137,1078.2516400000022
INTERTRAN鄂西北-鄂东,7138,2997.7855949999994
INTERTRAN鄂西北-鄂东,7139,-237.93560500000012
INTERTRAN鄂西北-鄂东,7140,1138.2409449999996
INTERTRAN鄂西北-鄂东,7141,-432.0751799999998
INTERTRAN鄂西北-鄂东,7142,-3000.0
INTERTRAN鄂西北-鄂东,7143,-3000.0
INTERTRAN鄂西北-鄂东,7144,-3000.0
INTERTRAN鄂西北-鄂东,7145,-1815.57214882353
INTERTRAN鄂西北-鄂东,7146,3000.0
INTERTRAN鄂西北-鄂东,7147,3000.0
INTERTRAN鄂西北-鄂东,7148,-2112.2913550000003
INTERTRAN鄂西北-鄂东,7149,3000.0
INTERTRAN鄂西北-鄂东,7150,-814.7622500000007
INTERTRAN鄂西北-鄂东,7151,984.0243511111112
INTERTRAN鄂西北-鄂东,7152,-1175.5147191358033
INTERTRAN鄂西北-鄂东,7153,3000.0
INTERTRAN鄂西北-鄂东,7154,-1678.527572106028
INTERTRAN鄂西北-鄂东,7155,2444.9297499999993
INTERTRAN鄂西北-鄂东,7156,-692.1764722222229
INTERTRAN鄂西北-鄂东,7157,3000.0
INTERTRAN鄂西北-鄂东,7158,3000.0
INTERTRAN鄂西北-鄂东,7159,-177.3828450000001
INTERTRAN鄂西北-鄂东,7160,-97.71218000000044
INTERTRAN鄂西北-鄂东,7161,3000.0
INTERTRAN鄂西北-鄂东,7162,1541.3108549019598
INTERTRAN鄂西北-鄂东,7163,-3000.0
INTERTRAN鄂西北-鄂东,7164,-3000.0
INTERTRAN鄂西北-鄂东,7165,-3000.0
INTERTRAN鄂西北-鄂东,7166,-3000.0
INTERTRAN鄂西北-鄂东,7167,-3000.0
INTERTRAN鄂西北-鄂东,7168,-492.81905999999935
INTERTRAN鄂西北-鄂东,7169,3000.0
INTERTRAN鄂西北-鄂东,7170,974.2577481499989
INTERTRAN鄂西北-鄂东,7171,2961.881900784316
INTERTRAN鄂西北-鄂东,7172,-1147.3090078803075
INTERTRAN鄂西北-鄂东,7173,3000.0
INTERTRAN鄂西北-鄂东,7174,-469.2032500000014
INTERTRAN鄂西北-鄂东,7175,-750.2895000000003
INTERTRAN鄂西北-鄂东,7176,-980.9273334497216
INTERTRAN鄂西北-鄂东,7177,3000.0
INTERTRAN鄂西北-鄂东,7178,-3000.0
INTERTRAN鄂西北-鄂东,7179,-3000.0
INTERTRAN鄂西北-鄂东,7180,-1505.1545190915995
INTERTRAN鄂西北-鄂东,7181,-2495.0395241176493
INTERTRAN鄂西北-鄂东,7182,3000.0
INTERTRAN鄂西北-鄂东,7183,-1554.1739561111117
INTERTRAN鄂西北-鄂东,7184,-1572.0776799999999
INTERTRAN鄂西北-鄂东,7185,-2741.068371764706
INTERTRAN鄂西北-鄂东,7186,-3000.0
INTERTRAN鄂西北-鄂东,7187,-3000.0
INTERTRAN鄂西北-鄂东,7188,-3000.0
INTERTRAN鄂西北-鄂东,7189,-3000.0
INTERTRAN鄂西北-鄂东,7190,-2979.936215555559
INTERTRAN鄂西北-鄂东,7191,1454.1715599999989
INTERTRAN鄂西北-鄂东,7192,-3000.0
INTERTRAN鄂西北-鄂东,7193,-3000.0
INTERTRAN鄂西北-鄂东,7194,-3000.0
INTERTRAN鄂西北-鄂东,7195,-2316.930349074074
INTERTRAN鄂西北-鄂东,7196,-1944.612935
INTERTRAN鄂西北-鄂东,7197,3000.0
INTERTRAN鄂西北-鄂东,7198,-3000.0
INTERTRAN鄂西北-鄂东,7199,-247.13775000000078
INTERTRAN鄂西-鄂西北,7056,-810.1783021444412
INTERTRAN鄂西-鄂西北,7057,2000.0
INTERTRAN鄂西-鄂西北,7058,-2000.0
INTERTRAN鄂西-鄂西北,7059,-2000.0
INTERTRAN鄂西-鄂西北,7060,1239.0876631084816
INTERTRAN鄂西-鄂西北,7061,2000.0
INTERTRAN鄂西-鄂西北,7062,-2000.0
INTERTRAN鄂西-鄂西北,7063,2000.0
INTERTRAN鄂西-鄂西北,7064,-2000.0
INTERTRAN鄂西-鄂西北,7065,-2000.0
INTERTRAN鄂西-鄂西北,7066,-2000.0
INTERTRAN鄂西-鄂西北,7067,-2000.0
INTERTRAN鄂西-鄂西北,7068,-493.2817649999997
INTERTRAN鄂西-鄂西北,7069,-2000.0
INTERTRAN鄂西-鄂西北,7070,2000.0
INTERTRAN鄂西-鄂西北,7071,-1043.2800599999991
INTERTRAN鄂西-鄂西北,7072,-2000.0
INTERTRAN鄂西-鄂西北,7073,-2000.0
INTERTRAN鄂西-鄂西北,7074,-2000.0
INTERTRAN鄂西-鄂西北,7075,-2000.0
INTERTRAN鄂西-鄂西北,7076,2000.0
INTERTRAN鄂西-鄂西北,7077,-2000.0
INTERTRAN鄂西-鄂西北,7078,-1911.5964999999992
INTERTRAN鄂西-鄂西北,7079,2000.0
INTERTRAN鄂西-鄂西北,7080,1799.5972599999986
INTERTRAN鄂西-鄂西北,7081,-2000.0
INTERTRAN鄂西-鄂西北,7082,-2000.0
INTERTRAN鄂西-鄂西北,7083,-2000.0
INTERTRAN鄂西-鄂西北,7084,2000.0
INTERTRAN鄂西-鄂西北,7085,-2000.0
INTERTRAN鄂西-鄂西北,7086,2000.0
INTERTRAN鄂西-鄂西北,7087,-2000.0
INTERTRAN鄂西-鄂西北,7088,-2000.0
INTERTRAN鄂西-鄂西北,7089,1779.5898499999994
INTERTRAN鄂西-鄂西北,7090,-1971.1354288888883
INTERTRAN鄂西-鄂西北,7091,2000.0
INTERTRAN鄂西-鄂西北,7092,2000.0
INTERTRAN鄂西-鄂西北,7093,2000.0
INTERTRAN鄂西-鄂西北,7094,2000.0
INTERTRAN鄂西-鄂西北,7095,2000.0
INTERTRAN鄂西-鄂西北,7096,2000.0
INTERTRAN鄂西-鄂西北,7097,2000.0
INTERTRAN鄂西-鄂西北,7098,-1399.5300859259262
INTERTRAN鄂西-鄂西北,7099,2000.0
INTERTRAN鄂西-鄂西北,7100,-2000.0
INTERTRAN鄂西-鄂西北,7101,1788.8058464791343
INTERTRAN鄂西-鄂西北,7102,1452.8422500000006
INTERTRAN鄂西-鄂西北,7103,2000.0
INTERTRAN鄂西-鄂西北,7104,-2000.0
INTERTRAN鄂西-鄂西北,7105,2000.0
INTERTRAN鄂西-鄂西北,7106,2000.0
INTERTRAN鄂西-鄂西北,7107,-2000.0
INTERTRAN鄂西-鄂西北,7108,2000.0
INTERTRAN鄂西-鄂西北,7109,2000.0
INTERTRAN鄂西-鄂西北,7110,2000.0
INTERTRAN鄂西-鄂西北,7111,2000.0
INTERTRAN鄂西-鄂西北,7112,-1809.9740700000002
INTERTRAN鄂西-鄂西北,7113,-2000.0
INTERTRAN鄂西-鄂西北,7114,2000.0
INTERTRAN鄂西-鄂西北,7115,2000.0
INTERTRAN鄂西-鄂西北,7116,2000.0
INTERTRAN鄂西-鄂西北,7117,2000.0
INTERTRAN鄂西-鄂西北,7118,2000.0
INTERTRAN鄂西-鄂西北,7119,2000.0
INTERTRAN鄂西-鄂西北,7120,2000.0
INTERTRAN鄂西-鄂西北,7121,2000.0
INTERTRAN鄂西-鄂西北,7122,1998.6182299999996
INTERTRAN鄂西-鄂西北,7123,2000.0
INTERTRAN鄂西-鄂西北,7124,2000.0
INTERTRAN鄂西-鄂西北,7125,1768.817000000001
INTERTRAN鄂西-鄂西北,7126,1359.7401599999976
INTERTRAN鄂西-鄂西北,7127,-2000.0
INTERTRAN鄂西-鄂西北,7128,-2000.0
INTERTRAN鄂西-鄂西北,7129,1915.4645000000005
INTERTRAN鄂西-鄂西北,7130,2000.0
INTERTRAN鄂西-鄂西北,7131,707.0015000000003
INTERTRAN鄂西-鄂西北,7132,-2000.0
INTERTRAN鄂西-鄂西北,7133,-1916.1936999999998
INTERTRAN鄂西-鄂西北,7134,-2000.0
INTERTRAN鄂西-鄂西北,7135,2000.0
INTERTRAN鄂西-鄂西北,7136,-2000.0
INTERTRAN鄂西-鄂西北,7137,-2000.0
INTERTRAN鄂西-鄂西北,7138,2000.0
INTERTRAN鄂西-鄂西北,7139,2000.0
INTERTRAN鄂西-鄂西北,7140,2000.0
INTERTRAN鄂西-鄂西北,7141,2000.0
INTERTRAN鄂西-鄂西北,7142,-1346.8560466267236
INTERTRAN鄂西-鄂西北,7143,-498.07716500000015
INTERTRAN鄂西-鄂西北,7144,-1818.268140000002
INTERTRAN鄂西-鄂西北,7145,-2000.0
INTERTRAN鄂西-鄂西北,7146,407.56538500000306
INTERTRAN鄂西-鄂西北,7147,1429.895896909692
INTERTRAN鄂西-鄂西北,7148,-2000.0
INTERTRAN鄂西-鄂西北,7149,808.6377600000023
INTERTRAN鄂西-鄂西北,7150,-2000.0
INTERTRAN鄂西-鄂西北,7151,2000.0
INTERTRAN鄂西-鄂西北,7152,-2000.0
INTERTRAN鄂西-鄂西北,7153,2000.0
INTERTRAN鄂西-鄂西北,7154,-2000.0
INTERTRAN鄂西-鄂西北,7155,2000.0
INTERTRAN鄂西-鄂西北,7156,-2000.0
INTERTRAN鄂西-鄂西北,7157,1402.5242154145044
INTERTRAN鄂西-鄂西北,7158,1179.0480000000007
INTERTRAN鄂西-鄂西北,7159,-2000.0
INTERTRAN鄂西-鄂西北,7160,-2000.0
INTERTRAN鄂西-鄂西北,7161,2000.0
INTERTRAN鄂西-鄂西北,7162,2000.0
INTERTRAN鄂西-鄂西北,7163,-1132.8610400000025
INTERTRAN鄂西-鄂西北,7164,1331.0961750000006
INTERTRAN鄂西-鄂西北,7165,2000.0
INTERTRAN鄂西-鄂西北,7166,2000.0
INTERTRAN鄂西-鄂西北,7167,-267.0990750000001
INTERTRAN鄂西-鄂西北,7168,2000.0
INTERTRAN鄂西-鄂西北,7169,-2000.0
INTERTRAN鄂西-鄂西北,7170,2000.0
INTERTRAN鄂西-鄂西北,7171,2000.0
INTERTRAN鄂西-鄂西北,7172,-2000.0
INTERTRAN鄂西-鄂西北,7173,-360.0332499999995
INTERTRAN鄂西-鄂西北,7174,-2000.0
INTERTRAN鄂西-鄂西北,7175,-2000.0
INTERTRAN鄂西-鄂西北,7176,-2000.0
INTERTRAN鄂西-鄂西北,7177,-2000.0
INTERTRAN鄂西-鄂西北,7178,-2000.0
INTERTRAN鄂西-鄂西北,7179,-67.09524999999894
INTERTRAN鄂西-鄂西北,7180,-2000.0
INTERTRAN鄂西-鄂西北,7181,-2000.0
INTERTRAN鄂西-鄂西北,7182,155.25232487647327
INTERTRAN鄂西-鄂西北,7183,-2000.0
INTERTRAN鄂西-鄂西北,7184,-2000.0
INTERTRAN鄂西-鄂西北,7185,-2000.0
INTERTRAN鄂西-鄂西北,7186,-2000.0
INTERTRAN鄂西-鄂西北,7187,-774.6862499999997
INTERTRAN鄂西-鄂西北,7188,2000.0
INTERTRAN鄂西-鄂西北,7189,2000.0
INTERTRAN鄂西-鄂西北,7190,2000.0
INTERTRAN鄂西-鄂西北,7191,2000.0
INTERTRAN鄂西-鄂西北,7192,2000.0
INTERTRAN鄂西-鄂西北,7193,1618.7059218500035
INTERTRAN鄂西-鄂西北,7194,-328.25536999999895
INTERTRAN鄂西-鄂西北,7195,-2000.0
INTERTRAN鄂西-鄂西北,7196,-2000.0
INTERTRAN鄂西-鄂西北,7197,-506.4507499999995
INTERTRAN鄂西-鄂西北,7198,-1517.1329999999998
INTERTRAN鄂西-鄂西北,7199,-2000.0
INTERTRAN鄂西-鄂东,7200,12095.302249277149
INTERTRAN鄂西-鄂东,7201,8130.301200000002
INTERTRAN鄂西-鄂东,7202,5265.082679074068
INTERTRAN鄂西-鄂东,7203,4214.552
INTERTRAN鄂西-鄂东,7204,6002.837433817927
INTERTRAN鄂西-鄂东,7205,3517.0357999999997
INTERTRAN鄂西-鄂东,7206,6973.678125294118
INTERTRAN鄂西-鄂东,7207,10818.661759553077
INTERTRAN鄂西-鄂东,7208,7849.818959999997
INTERTRAN鄂西-鄂东,7209,4561.895839999997
INTERTRAN鄂西-鄂东,7210,5516.587031633986
INTERTRAN鄂西-鄂东,7211,3915.802244444443
INTERTRAN鄂西-鄂东,7212,1922.2988449999993
INTERTRAN鄂西-鄂东,7213,4538.537866666666
INTERTRAN鄂西-鄂东,7214,6312.207811111111
INTERTRAN鄂西-鄂东,7215,2936.399933333334
INTERTRAN鄂西-鄂东,7216,2940.326895555554
INTERTRAN鄂西-鄂东,7217,5409.771539999998
INTERTRAN鄂西-鄂东,7218,6889.33478235294
INTERTRAN鄂西-鄂东,7219,2997.815286182078
INTERTRAN鄂西-鄂东,7220,9086.204379999996
INTERTRAN鄂西-鄂东,7221,7292.8530981649965
INTERTRAN鄂西-鄂东,7222,5522.723139999998
INTERTRAN鄂西-鄂东,7223,4365.348699999999
INTERTRAN鄂西-鄂东,7224,8251.785
INTERTRAN鄂西-鄂东,7225,7799.155039999998
INTERTRAN鄂西-鄂东,7226,8002.2134399999995
INTERTRAN鄂西-鄂东,7227,5670.655139999999
INTERTRAN鄂西-鄂东,7228,4141.969590000001
INTERTRAN鄂西-鄂东,7229,5344.365031988244
INTERTRAN鄂西-鄂东,7230,6771.3295
INTERTRAN鄂西-鄂东,7231,8062.756099999999
INTERTRAN鄂西-鄂东,7232,8110.459828629861
INTERTRAN鄂西-鄂东,7233,6130.619404999998
INTERTRAN鄂西-鄂东,7234,2786.201140000001
INTERTRAN鄂西-鄂东,7235,1221.760567915766
INTERTRAN鄂西-鄂东,7236,653.2660142618188
INTERTRAN鄂西-鄂东,7237,224.11918888888795
INTERTRAN鄂西-鄂东,7238,36.625499999994645
INTERTRAN鄂西-鄂东,7239,5303.367928816253
INTERTRAN鄂西-鄂东,7240,3453.557363660135
INTERTRAN鄂西-鄂东,7241,5528.109549803921
INTERTRAN鄂西-鄂东,7242,6449.15939235294
INTERTRAN鄂西-鄂东,7243,5319.732800000002
INTERTRAN鄂西-鄂东,7244,6266.013357654876
INTERTRAN鄂西-鄂东,7245,5404.7628
INTERTRAN鄂西-鄂东,7246,7274.953139999998
INTERTRAN鄂西-鄂东,7247,6008.0183
INTERTRAN鄂西-鄂东,7248,9765.384933765432
INTERTRAN鄂西-鄂东,7249,4180.066699999999
INTERTRAN鄂西-鄂东,7250,2657.909489999998
INTERTRAN鄂西-鄂东,7251,4202.940566234567
INTERTRAN鄂西-鄂东,7252,4329.566340000001
INTERTRAN鄂西-鄂东,7253,5369.399552028946
INTERTRAN鄂西-鄂东,7254,7388.95319
INTERTRAN鄂西-鄂东,7255,3905.443364999999
INTERTRAN鄂西-鄂东,7256,11072.250350000002
INTERTRAN鄂西-鄂东,7257,7599.1422550000025
INTERTRAN鄂西-鄂东,7258,1898.026840000004
INTERTRAN鄂西-鄂东,7259,1902.0818352941078
INTERTRAN鄂西-鄂东,7260,-1386.037497647063
INTERTRAN鄂西-鄂东,7261,3624.01257803927
INTERTRAN鄂西-鄂东,7262,3155.68977333333
INTERTRAN鄂西-鄂东,7263,2554.9094779801235
INTERTRAN鄂西-鄂东,7264,1873.1861804512519
INTERTRAN鄂西-鄂东,7265,3447.6986399999987
INTERTRAN鄂西-鄂东,7266,7282.205439999998
INTERTRAN鄂西-鄂东,7267,6178.446899999999
INTERTRAN鄂西-鄂东,7268,6078.168298529414
INTERTRAN鄂西-鄂东,7269,5461.048999999999
INTERTRAN鄂西-鄂东,7270,8531.181285300288
INTERTRAN鄂西-鄂东,7271,6183.277139999998
INTERTRAN鄂西-鄂东,7272,4663.4692
INTERTRAN鄂西-鄂东,7273,4449.819519999997
INTERTRAN鄂西-鄂东,7274,7176.895799999998
INTERTRAN鄂西-鄂东,7275,3264.8894
INTERTRAN鄂西-鄂东,7276,6578.048440000002
INTERTRAN鄂西-鄂东,7277,3522.4170236535792
INTERTRAN鄂西-鄂东,7278,5529.423637480297
INTERTRAN鄂西-鄂东,7279,4418.656799999997
INTERTRAN鄂西-鄂东,7280,5945.438199999997
INTERTRAN鄂西-鄂东,7281,7642.913934999997
INTERTRAN鄂西-鄂东,7282,3519.6333289217237
INTERTRAN鄂西-鄂东,7283,2597.0496207213637
INTERTRAN鄂西-鄂东,7284,5856.192584444441
INTERTRAN鄂西-鄂东,7285,1602.7395713774022
INTERTRAN鄂西-鄂东,7286,2730.7934474074045
INTERTRAN鄂西-鄂东,7287,-743.7875573422261
INTERTRAN鄂西-鄂东,7288,2771.8829164705894
INTERTRAN鄂西-鄂东,7289,5260.0319920848415
INTERTRAN鄂西-鄂东,7290,10202.1489
INTERTRAN鄂西-鄂东,7291,8202.058232659998
INTERTRAN鄂西-鄂东,7292,9172.220500000003
INTERTRAN鄂西-鄂东,7293,8989.010100000047
INTERTRAN鄂西-鄂东,7294,5723.84014
INTERTRAN鄂西-鄂东,7295,6241.157159999999
INTERTRAN鄂西-鄂东,7296,6009.744030000002
INTERTRAN鄂西-鄂东,7297,12600.0
INTERTRAN鄂西-鄂东,7298,8652.653879999998
INTERTRAN鄂西-鄂东,7299,8289.012419999985
INTERTRAN鄂西-鄂东,7300,5290.829099999995
INTERTRAN鄂西-鄂东,7301,9510.362764700232
INTERTRAN鄂西-鄂东,7302,8122.4738
INTERTRAN鄂西-鄂东,7303,6533.43951
INTERTRAN鄂西-鄂东,7304,10949.669815000001
INTERTRAN鄂西-鄂东,7305,5595.499665326468
INTERTRAN鄂西-鄂东,7306,3256.7029999999922
INTERTRAN鄂西-鄂东,7307,5653.4126999999935
INTERTRAN鄂西-鄂东,7308,3983.836599999995
INTERTRAN鄂西-鄂东,7309,4882.145264705872
INTERTRAN鄂西-鄂东,7310,633.8695617283829
INTERTRAN鄂西-鄂东,7311,3753.509466666663
INTERTRAN鄂西-鄂东,7312,5017.959146034904
INTERTRAN鄂西-鄂东,7313,9317.54761253086
INTERTRAN鄂西-鄂东,7314,12600.0
INTERTRAN鄂西-鄂东,7315,9909.745599999991
INTERTRAN鄂西-鄂东,7316,10314.353910000002
INTERTRAN鄂西-鄂东,7317,8456.095999999998
INTERTRAN鄂西-鄂东,7318,6858.189729999998
INTERTRAN鄂西-鄂东,7319,8548.860277600004
INTERTRAN鄂西-鄂东,7320,8606.231999999996
INTERTRAN鄂西-鄂东,7321,5712.679127450014
INTERTRAN鄂西-鄂东,7322,6087.979599999988
INTERTRAN鄂西-鄂东,7323,10247.095023137255
INTERTRAN鄂西-鄂东,7324,9720.08928
INTERTRAN鄂西-鄂东,7325,11077.537419111799
INTERTRAN鄂西-鄂东,7326,12600.0
INTERTRAN鄂西-鄂东,7327,9996.020400000009
INTERTRAN鄂西-鄂东,7328,6687.357624999997
INTERTRAN鄂西-鄂东,7329,9760.917299999997
INTERTRAN鄂西-鄂东,7330,5364.327579999997
INTERTRAN鄂西-鄂东,7331,3795.891210936821
INTERTRAN鄂西-鄂东,7332,2154.485971678838
INTERTRAN鄂西-鄂东,7333,7037.71298449162
INTERTRAN鄂西-鄂东,7334,5806.082093254921
INTERTRAN鄂西-鄂东,7335,5382.279817690636
INTERTRAN鄂西-鄂东,7336,5905.299980000003
INTERTRAN鄂西-鄂东,7337,11582.09648
INTERTRAN鄂西-鄂东,7338,8042.126349999999
INTERTRAN鄂西-鄂东,7339,8559.054739999996
INTERTRAN鄂西-鄂东,7340,7256.393999999997
INTERTRAN鄂西-鄂东,7341,5980.152429999998
INTERTRAN鄂西-鄂东,7342,9314.637780403733
INTERTRAN鄂西-鄂东,7343,7327.615180000001
INTERTRAN鄂西北-鄂东,7200,-2915.3505594732287
INTERTRAN鄂西北-鄂东,7201,-1841.2702500000005
INTERTRAN鄂西北-鄂东,7202,-57.131250000000364
INTERTRAN鄂西北-鄂东,7203,-1022.6821599999994
INTERTRAN鄂西北-鄂东,7204,198.4991061820724
INTERTRAN鄂西北-鄂东,7205,1340.7667499999989
INTERTRAN鄂西北-鄂东,7206,-515.92085
INTERTRAN鄂西北-鄂东,7207,-1892.2536195530774
INTERTRAN鄂西北-鄂东,7208,-107.04442999999992
INTERTRAN鄂西北-鄂东,7209,3000.0
INTERTRAN鄂西北-鄂东,7210,-3000.0
INTERTRAN鄂西北-鄂东,7211,-3000.0
INTERTRAN鄂西北-鄂东,7212,-2983.455205
INTERTRAN鄂西北-鄂东,7213,-3000.0
INTERTRAN鄂西北-鄂东,7214,-3000.0
INTERTRAN鄂西北-鄂东,7215,-3000.0
INTERTRAN鄂西北-鄂东,7216,-3000.0
INTERTRAN鄂西北-鄂东,7217,-3000.0
INTERTRAN鄂西北-鄂东,7218,-645.4230249999991
INTERTRAN鄂西北-鄂东,7219,1078.1042538179236
INTERTRAN鄂西北-鄂东,7220,-2152.1053399999996
INTERTRAN鄂西北-鄂东,7221,-2336.517499999999
INTERTRAN鄂西北-鄂东,7222,-2615.242
INTERTRAN鄂西北-鄂东,7223,-745.9085443137265
INTERTRAN鄂西北-鄂东,7224,424.78174999999965
INTERTRAN鄂西北-鄂东,7225,-1001.4305000000011
INTERTRAN鄂西北-鄂东,7226,462.32249999999885
INTERTRAN鄂西北-鄂东,7227,704.4609999999998
INTERTRAN鄂西北-鄂东,7228,-287.4557500000001
INTERTRAN鄂西北-鄂东,7229,-1222.0862500000012
INTERTRAN鄂西北-鄂东,7230,186.26484000000255
INTERTRAN鄂西北-鄂东,7231,-423.80307392397845
INTERTRAN鄂西北-鄂东,7232,-84.15334500000063
INTERTRAN鄂西北-鄂东,7233,-345.5522649999998
INTERTRAN鄂西北-鄂东,7234,-3000.0
INTERTRAN鄂西北-鄂东,7235,-3000.0
INTERTRAN鄂西北-鄂东,7236,-3000.0
INTERTRAN鄂西北-鄂东,7237,-3000.0
INTERTRAN鄂西北-鄂东,7238,-3000.0
INTERTRAN鄂西北-鄂东,7239,-3000.0
INTERTRAN鄂西北-鄂东,7240,-3000.0
INTERTRAN鄂西北-鄂东,7241,-3000.0
INTERTRAN鄂西北-鄂东,7242,-3000.0
INTERTRAN鄂西北-鄂东,7243,-2682.42731
INTERTRAN鄂西北-鄂东,7244,-1133.18561000782
INTERTRAN鄂西北-鄂东,7245,-2464.68975
INTERTRAN鄂西北-鄂东,7246,-3000.0
INTERTRAN鄂西北-鄂东,7247,-2485.973500000001
INTERTRAN鄂西北-鄂东,7248,-1735.0815000000002
INTERTRAN鄂西北-鄂东,7249,2140.319239999998
INTERTRAN鄂西北-鄂东,7250,481.73074999999926
INTERTRAN鄂西北-鄂东,7251,1124.8363861111102
INTERTRAN鄂西北-鄂东,7252,-1399.8410000000013
INTERTRAN鄂西北-鄂东,7253,-669.2961120289474
INTERTRAN鄂西北-鄂东,7254,-535.5637500000003
INTERTRAN鄂西北-鄂东,7255,-177.2543250000008
INTERTRAN鄂西北-鄂东,7256,-2620.3084100000005
INTERTRAN鄂西北-鄂东,7257,-1417.3893150000006
INTERTRAN鄂西北-鄂东,7258,-3000.0
INTERTRAN鄂西北-鄂东,7259,-3000.0
INTERTRAN鄂西北-鄂东,7260,-3000.0
INTERTRAN鄂西北-鄂东,7261,-3000.0
INTERTRAN鄂西北-鄂东,7262,-3000.0
INTERTRAN鄂西北-鄂东,7263,-3000.0
INTERTRAN鄂西北-鄂东,7264,-3000.0
INTERTRAN鄂西北-鄂东,7265,-3000.0
INTERTRAN鄂西北-鄂东,7266,-3000.0
INTERTRAN鄂西北-鄂东,7267,-2836.975942916365
INTERTRAN鄂西北-鄂东,7268,-2298.996835000001
INTERTRAN鄂西北-鄂东,7269,-756.4820051333354
INTERTRAN鄂西北-鄂东,7270,-1312.861445300289
INTERTRAN鄂西北-鄂东,7271,-2169.764000000001
INTERTRAN鄂西北-鄂东,7272,-207.48800000000028
INTERTRAN鄂西北-鄂东,7273,-1925.9247500000006
INTERTRAN鄂西北-鄂东,7274,-895.5667500000004
INTERTRAN鄂西北-鄂东,7275,-1737.1907500000002
INTERTRAN鄂西北-鄂东,7276,-1625.9415000000008
INTERTRAN鄂西北-鄂东,7277,-1858.0304715675352
INTERTRAN鄂西北-鄂东,7278,-946.4518981764722
INTERTRAN鄂西北-鄂东,7279,-1775.9782600000008
INTERTRAN鄂西北-鄂东,7280,-2056.64866
INTERTRAN鄂西北-鄂东,7281,-2672.986095
INTERTRAN鄂西北-鄂东,7282,-3000.0
INTERTRAN鄂西北-鄂东,7283,-3000.0
INTERTRAN鄂西北-鄂东,7284,-3000.0
INTERTRAN鄂西北-鄂东,7285,-3000.0
INTERTRAN鄂西北-鄂东,7286,-3000.0
INTERTRAN鄂西北-鄂东,7287,-3000.0
INTERTRAN鄂西北-鄂东,7288,-3000.0
INTERTRAN鄂西北-鄂东,7289,-3000.0
INTERTRAN鄂西北-鄂东,7290,-3000.0
INTERTRAN鄂西北-鄂东,7291,-1596.2679900000005
INTERTRAN鄂西北-鄂东,7292,-1560.19492
INTERTRAN鄂西北-鄂东,7293,-3000.0
INTERTRAN鄂西北-鄂东,7294,-1484.6480000000006
INTERTRAN鄂西北-鄂东,7295,-1614.9242500000005
INTERTRAN鄂西北-鄂东,7296,-2742.59275
INTERTRAN鄂西北-鄂东,7297,-1478.817750000001
INTERTRAN鄂西北-鄂东,7298,-2787.6124999999997
INTERTRAN鄂西北-鄂东,7299,-779.9607499999997
INTERTRAN鄂西北-鄂东,7300,1069.5086800000072
INTERTRAN鄂西北-鄂东,7301,584.6273152997655
INTERTRAN鄂西北-鄂东,7302,1449.8431800000053
INTERTRAN鄂西北-鄂东,7303,1119.0091699999994
INTERTRAN鄂西北-鄂东,7304,-1523.595335
INTERTRAN鄂西北-鄂东,7305,2583.3471146735337
INTERTRAN鄂西北-鄂东,7306,-1925.351643905871
INTERTRAN鄂西北-鄂东,7307,-3000.0
INTERTRAN鄂西北-鄂东,7308,-3000.0
INTERTRAN鄂西北-鄂东,7309,-3000.0
INTERTRAN鄂西北-鄂东,7310,-3000.0
INTERTRAN鄂西北-鄂东,7311,-3000.0
INTERTRAN鄂西北-鄂东,7312,-3000.0
INTERTRAN鄂西北-鄂东,7313,-3000.0
INTERTRAN鄂西北-鄂东,7314,-2288.07303999999
INTERTRAN鄂西北-鄂东,7315,-632.9316050000002
INTERTRAN鄂西北-鄂东,7316,-1910.53025
INTERTRAN鄂西北-鄂东,7317,-1635.3772500000002
INTERTRAN鄂西北-鄂东,7318,-581.8112499999997
INTERTRAN鄂西北-鄂东,7319,-1340.1962500000002
INTERTRAN鄂西北-鄂东,7320,-160.30991999999605
INTERTRAN鄂西北-鄂东,7321,1547.366352549987
INTERTRAN鄂西北-鄂东,7322,1349.4650800000118
INTERTRAN鄂西北-鄂东,7323,-1545.6998431372542
INTERTRAN鄂西北-鄂东,7324,-1525.3054999999995
INTERTRAN鄂西北-鄂东,7325,-2096.494216052919
INTERTRAN鄂西北-鄂东,7326,-1336.0745000000002
INTERTRAN鄂西北-鄂东,7327,1091.4978416999998
INTERTRAN鄂西北-鄂东,7328,-222.53024499999992
INTERTRAN鄂西北-鄂东,7329,-757.7864249999993
INTERTRAN鄂西北-鄂东,7330,-3000.0
INTERTRAN鄂西北-鄂东,7331,-3000.0
INTERTRAN鄂西北-鄂东,7332,-3000.0
INTERTRAN鄂西北-鄂东,7333,-3000.0
INTERTRAN鄂西北-鄂东,7334,-3000.0
INTERTRAN鄂西北-鄂东,7335,-3000.0
INTERTRAN鄂西北-鄂东,7336,-3000.0
INTERTRAN鄂西北-鄂东,7337,-3000.0
INTERTRAN鄂西北-鄂东,7338,2774.4228299999995
INTERTRAN鄂西北-鄂东,7339,198.72614000000067
INTERTRAN鄂西北-鄂东,7340,-2376.134
INTERTRAN鄂西北-鄂东,7341,-2336.32975
INTERTRAN鄂西北-鄂东,7342,466.78999959626344
INTERTRAN鄂西北-鄂东,7343,3000.0
INTERTRAN鄂西-鄂西北,7200,-2000.0
INTERTRAN鄂西-鄂西北,7201,-2000.0
INTERTRAN鄂西-鄂西北,7202,-2000.0
INTERTRAN鄂西-鄂西北,7203,-2000.0
INTERTRAN鄂西-鄂西北,7204,-2000.0
INTERTRAN鄂西-鄂西北,7205,-2000.0
INTERTRAN鄂西-鄂西北,7206,-2000.0
INTERTRAN鄂西-鄂西北,7207,-2000.0
INTERTRAN鄂西-鄂西北,7208,-2000.0
INTERTRAN鄂西-鄂西北,7209,-2000.0
INTERTRAN鄂西-鄂西北,7210,-1807.5823316339856
INTERTRAN鄂西-鄂西北,7211,-2000.0
INTERTRAN鄂西-鄂西北,7212,2000.0
INTERTRAN鄂西-鄂西北,7213,2000.0
INTERTRAN鄂西-鄂西北,7214,2000.0
INTERTRAN鄂西-鄂西北,7215,2000.0
INTERTRAN鄂西-鄂西北,7216,2000.0
INTERTRAN鄂西-鄂西北,7217,1845.9925400000002
INTERTRAN鄂西-鄂西北,7218,-2000.0
INTERTRAN鄂西-鄂西北,7219,-2000.0
INTERTRAN鄂西-鄂西北,7220,-2000.0
INTERTRAN鄂西-鄂西北,7221,-2000.0
INTERTRAN鄂西-鄂西北,7222,-2000.0
INTERTRAN鄂西-鄂西北,7223,-2000.0
INTERTRAN鄂西-鄂西北,7224,-2000.0
INTERTRAN鄂西-鄂西北,7225,-2000.0
INTERTRAN鄂西-鄂西北,7226,-2000.0
INTERTRAN鄂西-鄂西北,7227,-2000.0
INTERTRAN鄂西-鄂西北,7228,-2000.0
INTERTRAN鄂西-鄂西北,7229,-2000.0
INTERTRAN鄂西-鄂西北,7230,-2000.0
INTERTRAN鄂西-鄂西北,7231,-2000.0
INTERTRAN鄂西-鄂西北,7232,-2000.0
INTERTRAN鄂西-鄂西北,7233,-2000.0
INTERTRAN鄂西-鄂西北,7234,2000.0
INTERTRAN鄂西-鄂西北,7235,2000.0
INTERTRAN鄂西-鄂西北,7236,2000.0
INTERTRAN鄂西-鄂西北,7237,2000.0
INTERTRAN鄂西-鄂西北,7238,2000.0
INTERTRAN鄂西-鄂西北,7239,2000.0
INTERTRAN鄂西-鄂西北,7240,2000.0
INTERTRAN鄂西-鄂西北,7241,2000.0
INTERTRAN鄂西-鄂西北,7242,-1933.9441499999998
INTERTRAN鄂西-鄂西北,7243,-2000.0
INTERTRAN鄂西-鄂西北,7244,-2000.0
INTERTRAN鄂西-鄂西北,7245,-2000.0
INTERTRAN鄂西-鄂西北,7246,-2000.0
INTERTRAN鄂西-鄂西北,7247,-2000.0
INTERTRAN鄂西-鄂西北,7248,-2000.0
INTERTRAN鄂西-鄂西北,7249,-2000.0
INTERTRAN鄂西-鄂西北,7250,-2000.0
INTERTRAN鄂西-鄂西北,7251,-2000.0
INTERTRAN鄂西-鄂西北,7252,-2000.0
INTERTRAN鄂西-鄂西北,7253,-2000.0
INTERTRAN鄂西-鄂西北,7254,-2000.0
INTERTRAN鄂西-鄂西北,7255,-2000.0
INTERTRAN鄂西-鄂西北,7256,-2000.0
INTERTRAN鄂西-鄂西北,7257,-2000.0
INTERTRAN鄂西-鄂西北,7258,2000.0
INTERTRAN鄂西-鄂西北,7259,2000.0
INTERTRAN鄂西-鄂西北,7260,2000.0
INTERTRAN鄂西-鄂西北,7261,2000.0
INTERTRAN鄂西-鄂西北,7262,2000.0
INTERTRAN鄂西-鄂西北,7263,2000.0
INTERTRAN鄂西-鄂西北,7264,2000.0
INTERTRAN鄂西-鄂西北,7265,2000.0
INTERTRAN鄂西-鄂西北,7266,-2000.0
INTERTRAN鄂西-鄂西北,7267,-2000.0
INTERTRAN鄂西-鄂西北,7268,-2000.0
INTERTRAN鄂西-鄂西北,7269,-2000.0
INTERTRAN鄂西-鄂西北,7270,-2000.0
INTERTRAN鄂西-鄂西北,7271,-2000.0
INTERTRAN鄂西-鄂西北,7272,-2000.0
INTERTRAN鄂西-鄂西北,7273,-2000.0
INTERTRAN鄂西-鄂西北,7274,-2000.0
INTERTRAN鄂西-鄂西北,7275,-2000.0
INTERTRAN鄂西-鄂西北,7276,-2000.0
INTERTRAN鄂西-鄂西北,7277,-2000.0
INTERTRAN鄂西-鄂西北,7278,-2000.0
INTERTRAN鄂西-鄂西北,7279,-2000.0
INTERTRAN鄂西-鄂西北,7280,-2000.0
INTERTRAN鄂西-鄂西北,7281,-2000.0
INTERTRAN鄂西-鄂西北,7282,1965.682135
INTERTRAN鄂西-鄂西北,7283,2000.0
INTERTRAN鄂西-鄂西北,7284,2000.0
INTERTRAN鄂西-鄂西北,7285,2000.0
INTERTRAN鄂西-鄂西北,7286,2000.0
INTERTRAN鄂西-鄂西北,7287,2000.0
INTERTRAN鄂西-鄂西北,7288,2000.0
INTERTRAN鄂西-鄂西北,7289,-610.661720843013
INTERTRAN鄂西-鄂西北,7290,-2000.0
INTERTRAN鄂西-鄂西北,7291,-2000.0
INTERTRAN鄂西-鄂西北,7292,-2000.0
INTERTRAN鄂西-鄂西北,7293,-2000.0
INTERTRAN鄂西-鄂西北,7294,-2000.0
INTERTRAN鄂西-鄂西北,7295,-2000.0
INTERTRAN鄂西-鄂西北,7296,-2000.0
INTERTRAN鄂西-鄂西北,7297,-2000.0
INTERTRAN鄂西-鄂西北,7298,-2000.0
INTERTRAN鄂西-鄂西北,7299,-2000.0
INTERTRAN鄂西-鄂西北,7300,-2000.0
INTERTRAN鄂西-鄂西北,7301,-2000.0
INTERTRAN鄂西-鄂西北,7302,-2000.0
INTERTRAN鄂西-鄂西北,7303,-2000.0
INTERTRAN鄂西-鄂西北,7304,-2000.0
INTERTRAN鄂西-鄂西北,7305,-2000.0
INTERTRAN鄂西-鄂西北,7306,-2000.0
INTERTRAN鄂西-鄂西北,7307,-2000.0
INTERTRAN鄂西-鄂西北,7308,2000.0
INTERTRAN鄂西-鄂西北,7309,2000.0
INTERTRAN鄂西-鄂西北,7310,2000.0
INTERTRAN鄂西-鄂西北,7311,2000.0
INTERTRAN鄂西-鄂西北,7312,-581.2295550000003
INTERTRAN鄂西-鄂西北,7313,-1660.6441125308638
INTERTRAN鄂西-鄂西北,7314,-2000.0
INTERTRAN鄂西-鄂西北,7315,-2000.0
INTERTRAN鄂西-鄂西北,7316,-2000.0
INTERTRAN鄂西-鄂西北,7317,-2000.0
INTERTRAN鄂西-鄂西北,7318,-2000.0
INTERTRAN鄂西-鄂西北,7319,-2000.0
INTERTRAN鄂西-鄂西北,7320,-2000.0
INTERTRAN鄂西-鄂西北,7321,-2000.0
INTERTRAN鄂西-鄂西北,7322,-2000.0
INTERTRAN鄂西-鄂西北,7323,-2000.0
INTERTRAN鄂西-鄂西北,7324,-2000.0
INTERTRAN鄂西-鄂西北,7325,-2000.0
INTERTRAN鄂西-鄂西北,7326,-2000.0
INTERTRAN鄂西-鄂西北,7327,-2000.0
INTERTRAN鄂西-鄂西北,7328,-2000.0
INTERTRAN鄂西-鄂西北,7329,-2000.0
INTERTRAN鄂西-鄂西北,7330,-2000.0
INTERTRAN鄂西-鄂西北,7331,2000.0
INTERTRAN鄂西-鄂西北,7332,1027.5911000000006
INTERTRAN鄂西-鄂西北,7333,481.82439617284126
INTERTRAN鄂西-鄂西北,7334,-141.81870333333268
INTERTRAN鄂西-鄂西北,7335,-1957.8128649999996
INTERTRAN鄂西-鄂西北,7336,-2000.0
INTERTRAN鄂西-鄂西北,7337,-2000.0
INTERTRAN鄂西-鄂西北,7338,-2000.0
INTERTRAN鄂西-鄂西北,7339,-2000.0
INTERTRAN鄂西-鄂西北,7340,-2000.0
INTERTRAN鄂西-鄂西北,7341,-2000.0
INTERTRAN鄂西-鄂西北,7342,-2000.0
INTERTRAN鄂西-鄂西北,7343,-2000.0
INTERTRAN鄂西-鄂东,7344,12600.0
INTERTRAN鄂西-鄂东,7345,7784.954639302527
INTERTRAN鄂西-鄂东,7346,5806.187567643337
INTERTRAN鄂西-鄂东,7347,5567.618580000002
INTERTRAN鄂西-鄂东,7348,9272.144680000001
INTERTRAN鄂西-鄂东,7349,8952.062599999997
INTERTRAN鄂西-鄂东,7350,6455.920679999999
INTERTRAN鄂西-鄂东,7351,8471.636439999998
INTERTRAN鄂西-鄂东,7352,10788.917499999996
INTERTRAN鄂西-鄂东,7353,7199.835780000001
INTERTRAN鄂西-鄂东,7354,5370.165079999999
INTERTRAN鄂西-鄂东,7355,4520.1629926797505
INTERTRAN鄂西-鄂东,7356,5512.055406171268
INTERTRAN鄂西-鄂东,7357,2707.0393033333203
INTERTRAN鄂西-鄂东,7358,-1746.077012255635
INTERTRAN鄂西-鄂东,7359,1919.024686274497
INTERTRAN鄂西-鄂东,7360,5003.907222222213
INTERTRAN鄂西-鄂东,7361,7382.370099999993
INTERTRAN鄂西-鄂东,7362,8158.611799999999
INTERTRAN鄂西-鄂东,7363,12509.524212777775
INTERTRAN鄂西-鄂东,7364,6675.731814999999
INTERTRAN鄂西-鄂东,7365,3124.578180000004
INTERTRAN鄂西-鄂东,7366,3722.7338800000016
INTERTRAN鄂西-鄂东,7367,5215.65208
INTERTRAN鄂西-鄂东,7368,9144.592399999994
INTERTRAN鄂西-鄂东,7369,2926.9373100000084
INTERTRAN鄂西-鄂东,7370,8488.223279999998
INTERTRAN鄂西-鄂东,7371,8902.703433333329
INTERTRAN鄂西-鄂东,7372,9086.790299999993
INTERTRAN鄂西-鄂东,7373,8824.179299999996
INTERTRAN鄂西-鄂东,7374,4736.299279999999
INTERTRAN鄂西-鄂东,7375,8115.123899999999
INTERTRAN鄂西-鄂东,7376,6047.762080000004
INTERTRAN鄂西-鄂东,7377,11149.190725
INTERTRAN鄂西-鄂东,7378,1908.7193100000059
INTERTRAN鄂西-鄂东,7379,5885.598356470589
INTERTRAN鄂西-鄂东,7380,2772.5387855970584
INTERTRAN鄂西-鄂东,7381,153.2989999999918
INTERTRAN鄂西-鄂东,7382,11965.399333333324
INTERTRAN鄂西-鄂东,7383,5593.796733376908
INTERTRAN鄂西-鄂东,7384,6602.97228156864
INTERTRAN鄂西-鄂东,7385,11301.684105490196
INTERTRAN鄂西-鄂东,7386,5257.637590000002
INTERTRAN鄂西-鄂东,7387,6575.017399999997
INTERTRAN鄂西-鄂东,7388,3716.391899999997
INTERTRAN鄂西-鄂东,7389,9067.33973
INTERTRAN鄂西-鄂东,7390,5342.604699999996
INTERTRAN鄂西-鄂东,7391,4987.958979999999
INTERTRAN鄂西-鄂东,7392,7410.591560000008
INTERTRAN鄂西-鄂东,7393,1430.485779999999
INTERTRAN鄂西-鄂东,7394,6355.383379999999
INTERTRAN鄂西-鄂东,7395,6175.780811100012
INTERTRAN鄂西-鄂东,7396,9705.46957691358
INTERTRAN鄂西-鄂东,7397,3921.76628
INTERTRAN鄂西-鄂东,7398,9753.268668957779
INTERTRAN鄂西-鄂东,7399,7531.855779999998
INTERTRAN鄂西-鄂东,7400,9289.792199999996
INTERTRAN鄂西-鄂东,7401,6984.54348
INTERTRAN鄂西-鄂东,7402,5768.757999999994
INTERTRAN鄂西-鄂东,7403,4917.592460392156
INTERTRAN鄂西-鄂东,7404,1522.7329199999913
INTERTRAN鄂西-鄂东,7405,10397.520180000007
INTERTRAN鄂西-鄂东,7406,6745.313247973856
INTERTRAN鄂西-鄂东,7407,623.5224555555433
INTERTRAN鄂西-鄂东,7408,6981.855681960784
INTERTRAN鄂西-鄂东,7409,11737.709315294116
INTERTRAN鄂西-鄂东,7410,8041.813255000001
INTERTRAN鄂西-鄂东,7411,10142.237099999998
INTERTRAN鄂西-鄂东,7412,7760.306499999995
INTERTRAN鄂西-鄂东,7413,8076.744899999998
INTERTRAN鄂西-鄂东,7414,4297.982479999999
INTERTRAN鄂西-鄂东,7415,5693.421979999999
INTERTRAN鄂西-鄂东,7416,5993.769601625005
INTERTRAN鄂西-鄂东,7417,4048.285979999997
INTERTRAN鄂西-鄂东,7418,6739.905470185589
INTERTRAN鄂西-鄂东,7419,8196.707599999994
INTERTRAN鄂西-鄂东,7420,4720.0887299999995
INTERTRAN鄂西-鄂东,7421,9567.948799999998
INTERTRAN鄂西-鄂东,7422,8988.682199999996
INTERTRAN鄂西-鄂东,7423,7291.542975
INTERTRAN鄂西-鄂东,7424,8368.953699999998
INTERTRAN鄂西-鄂东,7425,6655.617619999986
INTERTRAN鄂西-鄂东,7426,8655.508995836775
INTERTRAN鄂西-鄂东,7427,8121.4934577777785
INTERTRAN鄂西-鄂东,7428,10652.688868888887
INTERTRAN鄂西-鄂东,7429,9591.321402222224
INTERTRAN鄂西-鄂东,7430,5105.884209556316
INTERTRAN鄂西-鄂东,7431,10967.624725000001
INTERTRAN鄂西-鄂东,7432,5300.039124691346
INTERTRAN鄂西-鄂东,7433,6534.360579999997
INTERTRAN鄂西-鄂东,7434,5897.556910299998
INTERTRAN鄂西-鄂东,7435,6149.740005
INTERTRAN鄂西-鄂东,7436,9315.171235000002
INTERTRAN鄂西-鄂东,7437,9677.5392
INTERTRAN鄂西-鄂东,7438,9525.48275066803
INTERTRAN鄂西-鄂东,7439,6045.895463586425
INTERTRAN鄂西-鄂东,7440,6478.143649999998
INTERTRAN鄂西-鄂东,7441,10455.223299999998
INTERTRAN鄂西-鄂东,7442,5588.57128
INTERTRAN鄂西-鄂东,7443,5426.260079999996
INTERTRAN鄂西-鄂东,7444,4210.682280000001
INTERTRAN鄂西-鄂东,7445,4968.224979999999
INTERTRAN鄂西-鄂东,7446,7347.611680000002
INTERTRAN鄂西-鄂东,7447,12600.0
INTERTRAN鄂西-鄂东,7448,5998.860321699998
INTERTRAN鄂西-鄂东,7449,10183.215980000004
INTERTRAN鄂西-鄂东,7450,6704.512899999994
INTERTRAN鄂西-鄂东,7451,7428.758704771251
INTERTRAN鄂西-鄂东,7452,5411.225695686273
INTERTRAN鄂西-鄂东,7453,4394.093380000002
INTERTRAN鄂西-鄂东,7454,8775.793080000003
INTERTRAN鄂西-鄂东,7455,5639.556668235295
INTERTRAN鄂西-鄂东,7456,3684.8837799999983
INTERTRAN鄂西-鄂东,7457,12388.677887407404
INTERTRAN鄂西-鄂东,7458,11520.085944999999
INTERTRAN鄂西-鄂东,7459,3759.161699999997
INTERTRAN鄂西-鄂东,7460,6399.133299999994
INTERTRAN鄂西-鄂东,7461,2489.733180000003
INTERTRAN鄂西-鄂东,7462,1229.4256800000003
INTERTRAN鄂西-鄂东,7463,11378.983080000002
INTERTRAN鄂西-鄂东,7464,8066.953399135808
INTERTRAN鄂西-鄂东,7465,7178.455229444688
INTERTRAN鄂西-鄂东,7466,11734.35453
INTERTRAN鄂西-鄂东,7467,7196.759660555312
INTERTRAN鄂西-鄂东,7468,8855.130730000004
INTERTRAN鄂西-鄂东,7469,8160.643660416674
INTERTRAN鄂西-鄂东,7470,8270.2336
INTERTRAN鄂西-鄂东,7471,7025.471880000005
INTERTRAN鄂西-鄂东,7472,7995.844079999999
INTERTRAN鄂西-鄂东,7473,11814.295180000001
INTERTRAN鄂西-鄂东,7474,6337.50907
INTERTRAN鄂西-鄂东,7475,4741.978174117648
INTERTRAN鄂西-鄂东,7476,4420.1141705882255
INTERTRAN鄂西-鄂东,7477,3603.7675299346593
INTERTRAN鄂西-鄂东,7478,5830.046880000002
INTERTRAN鄂西-鄂东,7479,3461.7253911111093
INTERTRAN鄂西-鄂东,7480,10063.43218
INTERTRAN鄂西-鄂东,7481,7206.67400499999
INTERTRAN鄂西-鄂东,7482,11123.645510000002
INTERTRAN鄂西-鄂东,7483,7829.5658199999925
INTERTRAN鄂西-鄂东,7484,6359.60108
INTERTRAN鄂西-鄂东,7485,6500.197799999998
INTERTRAN鄂西-鄂东,7486,11524.875479999999
INTERTRAN鄂西-鄂东,7487,11400.049600000002
INTERTRAN鄂西北-鄂东,7344,3000.0
INTERTRAN鄂西北-鄂东,7345,3000.0
INTERTRAN鄂西北-鄂东,7346,1737.252212356665
INTERTRAN鄂西北-鄂东,7347,3000.0
INTERTRAN鄂西北-鄂东,7348,-3000.0
INTERTRAN鄂西北-鄂东,7349,880.2678800000035
INTERTRAN鄂西北-鄂东,7350,3000.0
INTERTRAN鄂西北-鄂东,7351,1629.6081699999995
INTERTRAN鄂西北-鄂东,7352,1723.5259631243025
INTERTRAN鄂西北-鄂东,7353,3000.0
INTERTRAN鄂西北-鄂东,7354,-3000.0
INTERTRAN鄂西北-鄂东,7355,-3000.0
INTERTRAN鄂西北-鄂东,7356,-3000.0
INTERTRAN鄂西北-鄂东,7357,-3000.0
INTERTRAN鄂西北-鄂东,7358,-3000.0
INTERTRAN鄂西北-鄂东,7359,-3000.0
INTERTRAN鄂西北-鄂东,7360,-3000.0
INTERTRAN鄂西北-鄂东,7361,132.43222500000138
INTERTRAN鄂西北-鄂东,7362,-184.52014000000008
INTERTRAN鄂西北-鄂东,7363,-2811.0099327777766
INTERTRAN鄂西北-鄂东,7364,1703.783664999999
INTERTRAN鄂西北-鄂东,7365,3000.0
INTERTRAN鄂西北-鄂东,7366,3000.0
INTERTRAN鄂西北-鄂东,7367,3000.0
INTERTRAN鄂西北-鄂东,7368,-2998.9593600000103
INTERTRAN鄂西北-鄂东,7369,2915.68825
INTERTRAN鄂西北-鄂东,7370,-1157.3855
INTERTRAN鄂西北-鄂东,7371,-1537.5032533333278
INTERTRAN鄂西北-鄂东,7372,229.4011800000062
INTERTRAN鄂西北-鄂东,7373,-457.649319999995
INTERTRAN鄂西北-鄂东,7374,3000.0
INTERTRAN鄂西北-鄂东,7375,-73.88076000000046
INTERTRAN鄂西北-鄂东,7376,3000.0
INTERTRAN鄂西北-鄂东,7377,1534.859555
INTERTRAN鄂西北-鄂东,7378,2343.294269999995
INTERTRAN鄂西北-鄂东,7379,-3000.0
INTERTRAN鄂西北-鄂东,7380,-1969.7914879500004
INTERTRAN鄂西北-鄂东,7381,-3000.0
INTERTRAN鄂西北-鄂东,7382,-3000.0
INTERTRAN鄂西北-鄂东,7383,-3000.0
INTERTRAN鄂西北-鄂东,7384,-3000.0
INTERTRAN鄂西北-鄂东,7385,-3000.0
INTERTRAN鄂西北-鄂东,7386,2010.1160899999995
INTERTRAN鄂西北-鄂东,7387,3000.0
INTERTRAN鄂西北-鄂东,7388,3000.0
INTERTRAN鄂西北-鄂东,7389,-691.5372499999999
INTERTRAN鄂西北-鄂东,7390,2975.8296552941174
INTERTRAN鄂西北-鄂东,7391,3000.0
INTERTRAN鄂西北-鄂东,7392,-2762.2710000000006
INTERTRAN鄂西北-鄂东,7393,3000.0
INTERTRAN鄂西北-鄂东,7394,3000.0
INTERTRAN鄂西北-鄂东,7395,1147.9468688999877
INTERTRAN鄂西北-鄂东,7396,575.5097500000002
INTERTRAN鄂西北-鄂东,7397,3000.0
INTERTRAN鄂西北-鄂东,7398,3000.0
INTERTRAN鄂西北-鄂东,7399,3000.0
INTERTRAN鄂西北-鄂东,7400,873.7088800000038
INTERTRAN鄂西北-鄂东,7401,3000.0
INTERTRAN鄂西北-鄂东,7402,-3000.0
INTERTRAN鄂西北-鄂东,7403,-3000.0
INTERTRAN鄂西北-鄂东,7404,-3000.0
INTERTRAN鄂西北-鄂东,7405,-3000.0
INTERTRAN鄂西北-鄂东,7406,-3000.0
INTERTRAN鄂西北-鄂东,7407,-3000.0
INTERTRAN鄂西北-鄂东,7408,-3000.0
INTERTRAN鄂西北-鄂东,7409,-3000.0
INTERTRAN鄂西北-鄂东,7410,1781.7610249999998
INTERTRAN鄂西北-鄂东,7411,-926.24883
INTERTRAN鄂西北-鄂东,7412,741.9793047000094
INTERTRAN鄂西北-鄂东,7413,80.26250000000027
INTERTRAN鄂西北-鄂东,7414,3000.0
INTERTRAN鄂西北-鄂东,7415,3000.0
INTERTRAN鄂西北-鄂东,7416,2350.3729999999996
INTERTRAN鄂西北-鄂东,7417,3000.0
INTERTRAN鄂西北-鄂东,7418,3000.0
INTERTRAN鄂西北-鄂东,7419,-1022.284319999997
INTERTRAN鄂西北-鄂东,7420,-839.12525
INTERTRAN鄂西北-鄂东,7421,-483.66191999999864
INTERTRAN鄂西北-鄂东,7422,-588.0433199999952
INTERTRAN鄂西北-鄂东,7423,1455.6576049999994
INTERTRAN鄂西北-鄂东,7424,-561.7675602521267
INTERTRAN鄂西北-鄂东,7425,1967.396360000017
INTERTRAN鄂西北-鄂东,7426,-2259.599015836776
INTERTRAN鄂西北-鄂东,7427,-3000.0
INTERTRAN鄂西北-鄂东,7428,-3000.0
INTERTRAN鄂西北-鄂东,7429,-3000.0
INTERTRAN鄂西北-鄂东,7430,-1480.4162367981362
INTERTRAN鄂西北-鄂东,7431,-1584.3922450000002
INTERTRAN鄂西北-鄂东,7432,-2899.410339191336
INTERTRAN鄂西北-鄂东,7433,3000.0
INTERTRAN鄂西北-鄂东,7434,3000.0
INTERTRAN鄂西北-鄂东,7435,3000.0
INTERTRAN鄂西北-鄂东,7436,-2913.894155000001
INTERTRAN鄂西北-鄂东,7437,-711.3940000000002
INTERTRAN鄂西北-鄂东,7438,-669.175770668031
INTERTRAN鄂西北-鄂东,7439,939.3846164135766
INTERTRAN鄂西北-鄂东,7440,3000.0
INTERTRAN鄂西北-鄂东,7441,478.27974999999924
INTERTRAN鄂西北-鄂东,7442,3000.0
INTERTRAN鄂西北-鄂东,7443,3000.0
INTERTRAN鄂西北-鄂东,7444,3000.0
INTERTRAN鄂西北-鄂东,7445,3000.0
INTERTRAN鄂西北-鄂东,7446,3000.0
INTERTRAN鄂西北-鄂东,7447,-652.0391199999995
INTERTRAN鄂西北-鄂东,7448,3000.0
INTERTRAN鄂西北-鄂东,7449,3000.0
INTERTRAN鄂西北-鄂东,7450,-1900.5114499999995
INTERTRAN鄂西北-鄂东,7451,-3000.0
INTERTRAN鄂西北-鄂东,7452,-3000.0
INTERTRAN鄂西北-鄂东,7453,-3000.0
INTERTRAN鄂西北-鄂东,7454,-3000.0
INTERTRAN鄂西北-鄂东,7455,-3000.0
INTERTRAN鄂西北-鄂东,7456,-3000.0
INTERTRAN鄂西北-鄂东,7457,-3000.0
INTERTRAN鄂西北-鄂东,7458,-1554.5582650000003
INTERTRAN鄂西北-鄂东,7459,3000.0
INTERTRAN鄂西北-鄂东,7460,3000.0
INTERTRAN鄂西北-鄂东,7461,3000.0
INTERTRAN鄂西北-鄂东,7462,3000.0
INTERTRAN鄂西北-鄂东,7463,-1168.6055000000008
INTERTRAN鄂西北-鄂东,7464,2580.0747499999998
INTERTRAN鄂西北-鄂东,7465,3000.0
INTERTRAN鄂西北-鄂东,7466,-1288.6182500000002
INTERTRAN鄂西北-鄂东,7467,-600.1882499999992
INTERTRAN鄂西北-鄂东,7468,-627.6002500000004
INTERTRAN鄂西北-鄂东,7469,-396.3478804166757
INTERTRAN鄂西北-鄂东,7470,755.1636800000033
INTERTRAN鄂西北-鄂东,7471,3000.0
INTERTRAN鄂西北-鄂东,7472,3000.0
INTERTRAN鄂西北-鄂东,7473,-260.5615000000007
INTERTRAN鄂西北-鄂东,7474,1039.3242100000002
INTERTRAN鄂西北-鄂东,7475,-3000.0
INTERTRAN鄂西北-鄂东,7476,-3000.0
INTERTRAN鄂西北-鄂东,7477,-3000.0
INTERTRAN鄂西北-鄂东,7478,-3000.0
INTERTRAN鄂西北-鄂东,7479,-3000.0
INTERTRAN鄂西北-鄂东,7480,-3000.0
INTERTRAN鄂西北-鄂东,7481,-3000.0
INTERTRAN鄂西北-鄂东,7482,-463.05753000000095
INTERTRAN鄂西北-鄂东,7483,1571.0576600000059
INTERTRAN鄂西北-鄂东,7484,3000.0
INTERTRAN鄂西北-鄂东,7485,3000.0
INTERTRAN鄂西北-鄂东,7486,-900.3655000000003
INTERTRAN鄂西北-鄂东,7487,-1477.2422500000002
INTERTRAN鄂西-鄂西北,7344,-266.99350000000027
INTERTRAN鄂西-鄂西北,7345,16.48932695000599
INTERTRAN鄂西-鄂西北,7346,2000.0
INTERTRAN鄂西-鄂西北,7347,-735.5099999999993
INTERTRAN鄂西-鄂西北,7348,-2000.0
INTERTRAN鄂西-鄂西北,7349,-2000.0
INTERTRAN鄂西-鄂西北,7350,-2000.0
INTERTRAN鄂西-鄂西北,7351,-2000.0
INTERTRAN鄂西-鄂西北,7352,-2000.0
INTERTRAN鄂西-鄂西北,7353,2000.0
INTERTRAN鄂西-鄂西北,7354,1754.7540550000003
INTERTRAN鄂西-鄂西北,7355,2000.0
INTERTRAN鄂西-鄂西北,7356,-77.97673994999968
INTERTRAN鄂西-鄂西北,7357,857.1182966666665
INTERTRAN鄂西-鄂西北,7358,2000.0
INTERTRAN鄂西-鄂西北,7359,2000.0
INTERTRAN鄂西-鄂西北,7360,2000.0
INTERTRAN鄂西-鄂西北,7361,2000.0
INTERTRAN鄂西-鄂西北,7362,2000.0
INTERTRAN鄂西-鄂西北,7363,-2000.0
INTERTRAN鄂西-鄂西北,7364,2000.0
INTERTRAN鄂西-鄂西北,7365,2000.0
INTERTRAN鄂西-鄂西北,7366,946.1563199999928
INTERTRAN鄂西-鄂西北,7367,1593.3631043319415
INTERTRAN鄂西-鄂西北,7368,-2000.0
INTERTRAN鄂西-鄂西北,7369,2000.0
INTERTRAN鄂西-鄂西北,7370,-2000.0
INTERTRAN鄂西-鄂西北,7371,-2000.0
INTERTRAN鄂西-鄂西北,7372,-2000.0
INTERTRAN鄂西-鄂西北,7373,-2000.0
INTERTRAN鄂西-鄂西北,7374,1537.2183199999981
INTERTRAN鄂西-鄂西北,7375,-2000.0
INTERTRAN鄂西-鄂西北,7376,1112.112819999993
INTERTRAN鄂西-鄂西北,7377,2000.0
INTERTRAN鄂西-鄂西北,7378,2000.0
INTERTRAN鄂西-鄂西北,7379,-703.4291599999844
INTERTRAN鄂西-鄂西北,7380,2000.0
INTERTRAN鄂西-鄂西北,7381,2000.0
INTERTRAN鄂西-鄂西北,7382,2000.0
INTERTRAN鄂西-鄂西北,7383,2000.0
INTERTRAN鄂西-鄂西北,7384,2000.0
INTERTRAN鄂西-鄂西北,7385,-2000.0
INTERTRAN鄂西-鄂西北,7386,2000.0
INTERTRAN鄂西-鄂西北,7387,2000.0
INTERTRAN鄂西-鄂西北,7388,2000.0
INTERTRAN鄂西-鄂西北,7389,-2000.0
INTERTRAN鄂西-鄂西北,7390,2000.0
INTERTRAN鄂西-鄂西北,7391,1536.4685
INTERTRAN鄂西-鄂西北,7392,-2000.0
INTERTRAN鄂西-鄂西北,7393,2000.0
INTERTRAN鄂西-鄂西北,7394,670.0678199999975
INTERTRAN鄂西-鄂西北,7395,-2000.0
INTERTRAN鄂西-鄂西北,7396,-2000.0
INTERTRAN鄂西-鄂西北,7397,-319.06924999999956
INTERTRAN鄂西-鄂西北,7398,378.0489315769164
INTERTRAN鄂西-鄂西北,7399,-601.2739800000036
INTERTRAN鄂西-鄂西北,7400,-2000.0
INTERTRAN鄂西-鄂西北,7401,-1856.334480000005
INTERTRAN鄂西-鄂西北,7402,2000.0
INTERTRAN鄂西-鄂西北,7403,2000.0
INTERTRAN鄂西-鄂西北,7404,1936.8650799999996
INTERTRAN鄂西-鄂西北,7405,2000.0
INTERTRAN鄂西-鄂西北,7406,1054.1986520261362
INTERTRAN鄂西-鄂西北,7407,2000.0
INTERTRAN鄂西-鄂西北,7408,2000.0
INTERTRAN鄂西-鄂西北,7409,-2000.0
INTERTRAN鄂西-鄂西北,7410,2000.0
INTERTRAN鄂西-鄂西北,7411,-2000.0
INTERTRAN鄂西-鄂西北,7412,-2000.0
INTERTRAN鄂西-鄂西北,7413,-2000.0
INTERTRAN鄂西-鄂西北,7414,1856.549319999991
INTERTRAN鄂西-鄂西北,7415,669.3779199999963
INTERTRAN鄂西-鄂西北,7416,-2000.0
INTERTRAN鄂西-鄂西北,7417,1785.731999999999
INTERTRAN鄂西-鄂西北,7418,-569.3350103970524
INTERTRAN鄂西-鄂西北,7419,-2000.0
INTERTRAN鄂西-鄂西北,7420,-2000.0
INTERTRAN鄂西-鄂西北,7421,-2000.0
INTERTRAN鄂西-鄂西北,7422,-2000.0
INTERTRAN鄂西-鄂西北,7423,2000.0
INTERTRAN鄂西-鄂西北,7424,-2000.0
INTERTRAN鄂西-鄂西北,7425,-2000.0
INTERTRAN鄂西-鄂西北,7426,-2000.0
INTERTRAN鄂西-鄂西北,7427,-1328.5846699999988
INTERTRAN鄂西-鄂西北,7428,1339.8206449999998
INTERTRAN鄂西-鄂西北,7429,626.4487800000002
INTERTRAN鄂西-鄂西北,7430,2000.0
INTERTRAN鄂西-鄂西北,7431,-2000.0
INTERTRAN鄂西-鄂西北,7432,-2000.0
INTERTRAN鄂西-鄂西北,7433,-1577.007485
INTERTRAN鄂西-鄂西北,7434,1960.2694649999999
INTERTRAN鄂西-鄂西北,7435,1907.3224949999994
INTERTRAN鄂西-鄂西北,7436,-2000.0
INTERTRAN鄂西-鄂西北,7437,-2000.0
INTERTRAN鄂西-鄂西北,7438,-2000.0
INTERTRAN鄂西-鄂西北,7439,-2000.0
INTERTRAN鄂西-鄂西北,7440,-1834.5932499999985
INTERTRAN鄂西-鄂西北,7441,-2000.0
INTERTRAN鄂西-鄂西北,7442,1056.3457500000004
INTERTRAN鄂西-鄂西北,7443,575.7966550000001
INTERTRAN鄂西-鄂西北,7444,2000.0
INTERTRAN鄂西-鄂西北,7445,1929.6595000000011
INTERTRAN鄂西-鄂西北,7446,2000.0
INTERTRAN鄂西-鄂西北,7447,-2000.0
INTERTRAN鄂西-鄂西北,7448,2000.0
INTERTRAN鄂西-鄂西北,7449,2000.0
INTERTRAN鄂西-鄂西北,7450,-2000.0
INTERTRAN鄂西-鄂西北,7451,-321.9166328484598
INTERTRAN鄂西-鄂西北,7452,1992.146987554342
INTERTRAN鄂西-鄂西北,7453,2000.0
INTERTRAN鄂西-鄂西北,7454,210.29807555554362
INTERTRAN鄂西-鄂西北,7455,-651.2169038888883
INTERTRAN鄂西-鄂西北,7456,-1358.6371949999989
INTERTRAN鄂西-鄂西北,7457,-502.8741299999997
INTERTRAN鄂西-鄂西北,7458,-2000.0
INTERTRAN鄂西-鄂西北,7459,2000.0
INTERTRAN鄂西-鄂西北,7460,1944.9104000000007
INTERTRAN鄂西-鄂西北,7461,2000.0
INTERTRAN鄂西-鄂西北,7462,589.6769199999962
INTERTRAN鄂西-鄂西北,7463,-2000.0
INTERTRAN鄂西-鄂西北,7464,2000.0
INTERTRAN鄂西-鄂西北,7465,1626.7217500000002
INTERTRAN鄂西-鄂西北,7466,-2000.0
INTERTRAN鄂西-鄂西北,7467,-2000.0
INTERTRAN鄂西-鄂西北,7468,-2000.0
INTERTRAN鄂西-鄂西北,7469,-2000.0
INTERTRAN鄂西-鄂西北,7470,-2000.0
INTERTRAN鄂西-鄂西北,7471,903.3134750000013
INTERTRAN鄂西-鄂西北,7472,1497.6844749999996
INTERTRAN鄂西-鄂西北,7473,-2000.0
INTERTRAN鄂西-鄂西北,7474,2000.0
INTERTRAN鄂西-鄂西北,7475,-2000.0
INTERTRAN鄂西-鄂西北,7476,2000.0
INTERTRAN鄂西-鄂西北,7477,2000.0
INTERTRAN鄂西-鄂西北,7478,2000.0
INTERTRAN鄂西-鄂西北,7479,725.4016449999995
INTERTRAN鄂西-鄂西北,7480,2000.0
INTERTRAN鄂西-鄂西北,7481,-1490.4305050000007
INTERTRAN鄂西-鄂西北,7482,-2000.0
INTERTRAN鄂西-鄂西北,7483,-2000.0
INTERTRAN鄂西-鄂西北,7484,1063.1924799999997
INTERTRAN鄂西-鄂西北,7485,1396.7895000000003
INTERTRAN鄂西-鄂西北,7486,-2000.0
INTERTRAN鄂西-鄂西北,7487,-2000.0
INTERTRAN鄂西-鄂东,7488,3979.165217058817
INTERTRAN鄂西-鄂东,7489,9314.083439345333
INTERTRAN鄂西-鄂东,7490,9499.763477000233
INTERTRAN鄂西-鄂东,7491,9354.842871554742
INTERTRAN鄂西-鄂东,7492,10134.901580000002
INTERTRAN鄂西-鄂东,7493,7816.937899999997
INTERTRAN鄂西-鄂东,7494,9565.275099999995
INTERTRAN鄂西-鄂东,7495,12446.696199999998
INTERTRAN鄂西-鄂东,7496,8247.745099999996
INTERTRAN鄂西-鄂东,7497,9233.950165294118
INTERTRAN鄂西-鄂东,7498,5927.543051654677
INTERTRAN鄂西-鄂东,7499,2636.1364956862726
INTERTRAN鄂西-鄂东,7500,2018.7885737397137
INTERTRAN鄂西-鄂东,7501,-346.24472222223267
INTERTRAN鄂西-鄂东,7502,4016.04459999999
INTERTRAN鄂西-鄂东,7503,5077.3492678724615
INTERTRAN鄂西-鄂东,7504,2813.5460917647106
INTERTRAN鄂西-鄂东,7505,6310.9648799999995
INTERTRAN鄂西-鄂东,7506,10662.579749999997
INTERTRAN鄂西-鄂东,7507,6005.229054999996
INTERTRAN鄂西-鄂东,7508,6361.6953099999955
INTERTRAN鄂西-鄂东,7509,12600.0
INTERTRAN鄂西-鄂东,7510,2246.3834600000027
INTERTRAN鄂西-鄂东,7511,7206.887399999996
INTERTRAN鄂西-鄂东,7512,9219.42371999998
INTERTRAN鄂西-鄂东,7513,12600.0
INTERTRAN鄂西-鄂东,7514,4308.847979999999
INTERTRAN鄂西-鄂东,7515,8514.26000791767
INTERTRAN鄂西-鄂东,7516,6591.67413529411
INTERTRAN鄂西-鄂东,7517,6271.9893349999875
INTERTRAN鄂西-鄂东,7518,4579.563479999997
INTERTRAN鄂西-鄂东,7519,10633.124875000005
INTERTRAN鄂西-鄂东,7520,8606.727165
INTERTRAN鄂西-鄂东,7521,10660.165658529404
INTERTRAN鄂西-鄂东,7522,3336.092871241821
INTERTRAN鄂西-鄂东,7523,507.19507411765153
INTERTRAN鄂西-鄂东,7524,5745.675384367241
INTERTRAN鄂西-鄂东,7525,5145.247617777448
INTERTRAN鄂西-鄂东,7526,486.846040784314
INTERTRAN鄂西-鄂东,7527,-537.7915555555664
INTERTRAN鄂西-鄂东,7528,4891.377457124188
INTERTRAN鄂西-鄂东,7529,9640.959054999992
INTERTRAN鄂西-鄂东,7530,11524.908559999996
INTERTRAN鄂西-鄂东,7531,8231.965855588256
INTERTRAN鄂西-鄂东,7532,7444.527114999986
INTERTRAN鄂西-鄂东,7533,5422.10628
INTERTRAN鄂西-鄂东,7534,2684.032509999979
INTERTRAN鄂西-鄂东,7535,9309.785630000006
INTERTRAN鄂西-鄂东,7536,7546.757999999994
INTERTRAN鄂西-鄂东,7537,8172.713029999999
INTERTRAN鄂西-鄂东,7538,6257.057180000003
INTERTRAN鄂西-鄂东,7539,9481.673599999998
INTERTRAN鄂西-鄂东,7540,9384.07039999999
INTERTRAN鄂西-鄂东,7541,6737.79229999999
INTERTRAN鄂西-鄂东,7542,4070.840980000001
INTERTRAN鄂西-鄂东,7543,6896.477029999998
INTERTRAN鄂西-鄂东,7544,11413.284485
INTERTRAN鄂西-鄂东,7545,9902.925540317607
INTERTRAN鄂西-鄂东,7546,6343.219665548295
INTERTRAN鄂西-鄂东,7547,1998.8951006681345
INTERTRAN鄂西-鄂东,7548,4190.133950739208
INTERTRAN鄂西-鄂东,7549,3045.4994518518415
INTERTRAN鄂西-鄂东,7550,2012.8260800000025
INTERTRAN鄂西-鄂东,7551,5633.06768
INTERTRAN鄂西-鄂东,7552,1808.4902108641963
INTERTRAN鄂西-鄂东,7553,11639.573361481482
INTERTRAN鄂西-鄂东,7554,8930.126655
INTERTRAN鄂西-鄂东,7555,11226.460799999997
INTERTRAN鄂西-鄂东,7556,3908.698080000002
INTERTRAN鄂西-鄂东,7557,9648.948198750011
INTERTRAN鄂西-鄂东,7558,5768.160680000001
INTERTRAN鄂西-鄂东,7559,7851.32847221478
INTERTRAN鄂西-鄂东,7560,11339.878699999994
INTERTRAN鄂西-鄂东,7561,6289.494380000004
INTERTRAN鄂西-鄂东,7562,6730.631319999771
INTERTRAN鄂西-鄂东,7563,5350.507770000004
INTERTRAN鄂西-鄂东,7564,6141.983849999997
INTERTRAN鄂西-鄂东,7565,6174.505680000002
INTERTRAN鄂西-鄂东,7566,8943.572299999993
INTERTRAN鄂西-鄂东,7567,7050.415899999993
INTERTRAN鄂西-鄂东,7568,10554.285899999999
INTERTRAN鄂西-鄂东,7569,7816.940580000002
INTERTRAN鄂西-鄂东,7570,6721.956619941178
INTERTRAN鄂西-鄂东,7571,6424.33298784314
INTERTRAN鄂西-鄂东,7572,2123.1745355555577
INTERTRAN鄂西-鄂东,7573,2061.9435246623125
INTERTRAN鄂西-鄂东,7574,5702.747617037039
INTERTRAN鄂西-鄂东,7575,8693.623805925927
INTERTRAN鄂西-鄂东,7576,5320.322787913858
INTERTRAN鄂西-鄂东,7577,11831.905425
INTERTRAN鄂西-鄂东,7578,6362.970880000001
INTERTRAN鄂西-鄂东,7579,5078.058979999998
INTERTRAN鄂西-鄂东,7580,9647.909199999998
INTERTRAN鄂西-鄂东,7581,6807.363280000001
INTERTRAN鄂西-鄂东,7582,10855.788499999995
INTERTRAN鄂西-鄂东,7583,7352.782979999953
INTERTRAN鄂西-鄂东,7584,11511.700099999995
INTERTRAN鄂西-鄂东,7585,7363.836779999998
INTERTRAN鄂西-鄂东,7586,5765.845180000004
INTERTRAN鄂西-鄂东,7587,5735.669180000001
INTERTRAN鄂西-鄂东,7588,9022.778130000002
INTERTRAN鄂西-鄂东,7589,10375.580030000001
INTERTRAN鄂西-鄂东,7590,10823.198099999998
INTERTRAN鄂西-鄂东,7591,10455.002799999995
INTERTRAN鄂西-鄂东,7592,10534.99436
INTERTRAN鄂西-鄂东,7593,7525.073380000002
INTERTRAN鄂西-鄂东,7594,9306.791675
INTERTRAN鄂西-鄂东,7595,9317.480254786315
INTERTRAN鄂西-鄂东,7596,3215.3346269135836
INTERTRAN鄂西-鄂东,7597,5507.874404629623
INTERTRAN鄂西-鄂东,7598,2187.703209876534
INTERTRAN鄂西-鄂东,7599,5721.78144401234
INTERTRAN鄂西-鄂东,7600,5401.115279999998
INTERTRAN鄂西-鄂东,7601,12591.688969999988
INTERTRAN鄂西-鄂东,7602,6215.500036474306
INTERTRAN鄂西-鄂东,7603,6336.28374766872
INTERTRAN鄂西-鄂东,7604,8635.908650540667
INTERTRAN鄂西-鄂东,7605,5865.757599999997
INTERTRAN鄂西-鄂东,7606,6164.3717999999535
INTERTRAN鄂西-鄂东,7607,9550.282330000002
INTERTRAN鄂西-鄂东,7608,9449.813199999997
INTERTRAN鄂西-鄂东,7609,6056.417960000006
INTERTRAN鄂西-鄂东,7610,10273.52293
INTERTRAN鄂西-鄂东,7611,9934.675930000001
INTERTRAN鄂西-鄂东,7612,5829.569457208832
INTERTRAN鄂西-鄂东,7613,9697.18699220405
INTERTRAN鄂西-鄂东,7614,9368.742599999998
INTERTRAN鄂西-鄂东,7615,9930.503599999996
INTERTRAN鄂西-鄂东,7616,5763.340717795956
INTERTRAN鄂西-鄂东,7617,12128.945564999995
INTERTRAN鄂西-鄂东,7618,4559.694546666666
INTERTRAN鄂西-鄂东,7619,4074.765325326789
INTERTRAN鄂西-鄂东,7620,771.9248999999945
INTERTRAN鄂西-鄂东,7621,2663.9093619607847
INTERTRAN鄂西-鄂东,7622,3828.944035555556
INTERTRAN鄂西-鄂东,7623,-331.48841999999786
INTERTRAN鄂西-鄂东,7624,4095.666256111115
INTERTRAN鄂西-鄂东,7625,7770.9100800000015
INTERTRAN鄂西-鄂东,7626,12008.230799999998
INTERTRAN鄂西-鄂东,7627,7359.280699999996
INTERTRAN鄂西-鄂东,7628,10841.111279999997
INTERTRAN鄂西-鄂东,7629,10424.731509999998
INTERTRAN鄂西-鄂东,7630,11127.095819999999
INTERTRAN鄂西-鄂东,7631,10298.672599999998
INTERTRAN鄂西北-鄂东,7488,1472.7777217647135
INTERTRAN鄂西北-鄂东,7489,243.06794399999717
INTERTRAN鄂西北-鄂东,7490,1397.2202329997654
INTERTRAN鄂西北-鄂东,7491,1982.3384999999998
INTERTRAN鄂西北-鄂东,7492,655.1870000000004
INTERTRAN鄂西北-鄂东,7493,2674.211680000004
INTERTRAN鄂西北-鄂东,7494,-846.8855368756977
INTERTRAN鄂西北-鄂东,7495,-1028.0391480504654
INTERTRAN鄂西北-鄂东,7496,3000.0
INTERTRAN鄂西北-鄂东,7497,-326.05505000000085
INTERTRAN鄂西北-鄂东,7498,-3000.0
INTERTRAN鄂西北-鄂东,7499,-3000.0
INTERTRAN鄂西北-鄂东,7500,-3000.0
INTERTRAN鄂西北-鄂东,7501,-3000.0
INTERTRAN鄂西北-鄂东,7502,-3000.0
INTERTRAN鄂西北-鄂东,7503,-3000.0
INTERTRAN鄂西北-鄂东,7504,-3000.0
INTERTRAN鄂西北-鄂东,7505,-3000.0
INTERTRAN鄂西北-鄂东,7506,-2737.51307
INTERTRAN鄂西北-鄂东,7507,1718.392925
INTERTRAN鄂西北-鄂东,7508,2077.332270000001
INTERTRAN鄂西北-鄂东,7509,-2834.178431664714
INTERTRAN鄂西北-鄂东,7510,3000.0
INTERTRAN鄂西北-鄂东,7511,2356.8075
INTERTRAN鄂西北-鄂东,7512,-994.9062500000005
INTERTRAN鄂西北-鄂东,7513,-3000.0
INTERTRAN鄂西北-鄂东,7514,3000.0
INTERTRAN鄂西北-鄂东,7515,-1214.3671279176724
INTERTRAN鄂西北-鄂东,7516,493.25884470589426
INTERTRAN鄂西北-鄂东,7517,-1953.2566220823287
INTERTRAN鄂西北-鄂东,7518,1805.4035000000003
INTERTRAN鄂西北-鄂东,7519,-1976.2268950000007
INTERTRAN鄂西北-鄂东,7520,-1556.8424849999997
INTERTRAN鄂西北-鄂东,7521,-700.5949432352863
INTERTRAN鄂西北-鄂东,7522,-3000.0
INTERTRAN鄂西北-鄂东,7523,-3000.0
INTERTRAN鄂西北-鄂东,7524,-3000.0
INTERTRAN鄂西北-鄂东,7525,-3000.0
INTERTRAN鄂西北-鄂东,7526,-3000.0
INTERTRAN鄂西北-鄂东,7527,-3000.0
INTERTRAN鄂西北-鄂东,7528,-3000.0
INTERTRAN鄂西北-鄂东,7529,-3000.0
INTERTRAN鄂西北-鄂东,7530,-2826.42058
INTERTRAN鄂西北-鄂东,7531,-1858.5045949999994
INTERTRAN鄂西北-鄂东,7532,1031.76116500001
INTERTRAN鄂西北-鄂东,7533,2573.1955
INTERTRAN鄂西北-鄂东,7534,-2046.2087949457984
INTERTRAN鄂西北-鄂东,7535,-512.1007500000014
INTERTRAN鄂西北-鄂东,7536,704.8362499999994
INTERTRAN鄂西北-鄂东,7537,-1151.073750000001
INTERTRAN鄂西北-鄂东,7538,3000.0
INTERTRAN鄂西北-鄂东,7539,-1346.6534199999987
INTERTRAN鄂西北-鄂东,7540,-1512.918403935354
INTERTRAN鄂西北-鄂东,7541,1624.378499999999
INTERTRAN鄂西北-鄂东,7542,2067.0879999999997
INTERTRAN鄂西北-鄂东,7543,2580.5738499999998
INTERTRAN鄂西北-鄂东,7544,-1789.219905
INTERTRAN鄂西北-鄂东,7545,-2259.771797684112
INTERTRAN鄂西北-鄂东,7546,-3000.0
INTERTRAN鄂西北-鄂东,7547,-3000.0
INTERTRAN鄂西北-鄂东,7548,-3000.0
INTERTRAN鄂西北-鄂东,7549,-3000.0
INTERTRAN鄂西北-鄂东,7550,-3000.0
INTERTRAN鄂西北-鄂东,7551,-3000.0
INTERTRAN鄂西北-鄂东,7552,-3000.0
INTERTRAN鄂西北-鄂东,7553,-3000.0
INTERTRAN鄂西北-鄂东,7554,2278.668925
INTERTRAN鄂西北-鄂东,7555,-279.69181999999455
INTERTRAN鄂西北-鄂东,7556,3000.0
INTERTRAN鄂西北-鄂东,7557,-1365.3735000000001
INTERTRAN鄂西北-鄂东,7558,2608.187499999999
INTERTRAN鄂西北-鄂东,7559,3000.0
INTERTRAN鄂西北-鄂东,7560,-1843.089250000001
INTERTRAN鄂西北-鄂东,7561,3000.0
INTERTRAN鄂西北-鄂东,7562,-1431.8796399997696
INTERTRAN鄂西北-鄂东,7563,2870.8606099999943
INTERTRAN鄂西北-鄂东,7564,3000.0
INTERTRAN鄂西北-鄂东,7565,3000.0
INTERTRAN鄂西北-鄂东,7566,-465.3045000000002
INTERTRAN鄂西北-鄂东,7567,2223.829080000005
INTERTRAN鄂西北-鄂东,7568,-1250.011419999997
INTERTRAN鄂西北-鄂东,7569,3000.0
INTERTRAN鄂西北-鄂东,7570,-264.48873994117685
INTERTRAN鄂西北-鄂东,7571,-3000.0
INTERTRAN鄂西北-鄂东,7572,-3000.0
INTERTRAN鄂西北-鄂东,7573,-3000.0
INTERTRAN鄂西北-鄂东,7574,-3000.0
INTERTRAN鄂西北-鄂东,7575,-3000.0
INTERTRAN鄂西北-鄂东,7576,-3000.0
INTERTRAN鄂西北-鄂东,7577,-1668.6093450000005
INTERTRAN鄂西北-鄂东,7578,3000.0
INTERTRAN鄂西北-鄂东,7579,3000.0
INTERTRAN鄂西北-鄂东,7580,847.9819212500001
INTERTRAN鄂西北-鄂东,7581,-847.7515000000012
INTERTRAN鄂西北-鄂东,7582,-1718.9348199999954
INTERTRAN鄂西北-鄂东,7583,1570.7990000000482
INTERTRAN鄂西北-鄂东,7584,-308.9153199999946
INTERTRAN鄂西北-鄂东,7585,3000.0
INTERTRAN鄂西北-鄂东,7586,3000.0
INTERTRAN鄂西北-鄂东,7587,3000.0
INTERTRAN鄂西北-鄂东,7588,-332.06025
INTERTRAN鄂西北-鄂东,7589,-935.4767500000003
INTERTRAN鄂西北-鄂东,7590,-875.7468199999967
INTERTRAN鄂西北-鄂东,7591,-1174.5883950000004
INTERTRAN鄂西北-鄂东,7592,-1277.6984800000002
INTERTRAN鄂西北-鄂东,7593,3000.0
INTERTRAN鄂西北-鄂东,7594,-2610.149295
INTERTRAN鄂西北-鄂东,7595,-3000.0
INTERTRAN鄂西北-鄂东,7596,-3000.0
INTERTRAN鄂西北-鄂东,7597,-3000.0
INTERTRAN鄂西北-鄂东,7598,-2195.9811656790125
INTERTRAN鄂西北-鄂东,7599,-3000.0
INTERTRAN鄂西北-鄂东,7600,-3000.0
INTERTRAN鄂西北-鄂东,7601,-2580.6749899999904
INTERTRAN鄂西北-鄂东,7602,2636.873976875696
INTERTRAN鄂西北-鄂东,7603,2661.4741723312854
INTERTRAN鄂西北-鄂东,7604,2299.3415349999814
INTERTRAN鄂西北-鄂东,7605,3000.0
INTERTRAN鄂西北-鄂东,7606,-358.58801999995376
INTERTRAN鄂西北-鄂东,7607,1156.2077499999996
INTERTRAN鄂西北-鄂东,7608,1564.0436800000052
INTERTRAN鄂西北-鄂东,7609,2295.3097499999994
INTERTRAN鄂西北-鄂东,7610,127.08074999999963
INTERTRAN鄂西北-鄂东,7611,-873.3792500000009
INTERTRAN鄂西北-鄂东,7612,3000.0
INTERTRAN鄂西北-鄂东,7613,-1013.3337500000007
INTERTRAN鄂西北-鄂东,7614,728.0461800000012
INTERTRAN鄂西北-鄂东,7615,-162.89456000000064
INTERTRAN鄂西北-鄂东,7616,3000.0
INTERTRAN鄂西北-鄂东,7617,-1400.7115849999996
INTERTRAN鄂西北-鄂东,7618,-3000.0
INTERTRAN鄂西北-鄂东,7619,-3000.0
INTERTRAN鄂西北-鄂东,7620,-3000.0
INTERTRAN鄂西北-鄂东,7621,-3000.0
INTERTRAN鄂西北-鄂东,7622,-3000.0
INTERTRAN鄂西北-鄂东,7623,-3000.0
INTERTRAN鄂西北-鄂东,7624,-3000.0
INTERTRAN鄂西北-鄂东,7625,-3000.0
INTERTRAN鄂西北-鄂东,7626,571.827580000001
INTERTRAN鄂西北-鄂东,7627,848.5915533441048
INTERTRAN鄂西北-鄂东,7628,-2545.104240000008
INTERTRAN鄂西北-鄂东,7629,-507.2072500000004
INTERTRAN鄂西北-鄂东,7630,-559.7429400000001
INTERTRAN鄂西北-鄂东,7631,1730.6821800000016
INTERTRAN鄂西-鄂西北,7488,2000.0
INTERTRAN鄂西-鄂西北,7489,-2000.0
INTERTRAN鄂西-鄂西北,7490,-2000.0
INTERTRAN鄂西-鄂西北,7491,-2000.0
INTERTRAN鄂西-鄂西北,7492,-2000.0
INTERTRAN鄂西-鄂西北,7493,-2000.0
INTERTRAN鄂西-鄂西北,7494,-2000.0
INTERTRAN鄂西-鄂西北,7495,-2000.0
INTERTRAN鄂西-鄂西北,7496,-2000.0
INTERTRAN鄂西-鄂西北,7497,-2000.0
INTERTRAN鄂西-鄂西北,7498,-1803.6083516546878
INTERTRAN鄂西-鄂西北,7499,2000.0
INTERTRAN鄂西-鄂西北,7500,2000.0
INTERTRAN鄂西-鄂西北,7501,2000.0
INTERTRAN鄂西-鄂西北,7502,2000.0
INTERTRAN鄂西-鄂西北,7503,2000.0
INTERTRAN鄂西-鄂西北,7504,2000.0
INTERTRAN鄂西-鄂西北,7505,401.6705899999997
INTERTRAN鄂西-鄂西北,7506,-2000.0
INTERTRAN鄂西-鄂西北,7507,2000.0
INTERTRAN鄂西-鄂西北,7508,2000.0
INTERTRAN鄂西-鄂西北,7509,-2000.0
INTERTRAN鄂西-鄂西北,7510,1782.986500000001
INTERTRAN鄂西-鄂西北,7511,2000.0
INTERTRAN鄂西-鄂西北,7512,-2000.0
INTERTRAN鄂西-鄂西北,7513,-1261.47475
INTERTRAN鄂西-鄂西北,7514,1611.6034400482667
INTERTRAN鄂西-鄂西北,7515,-2000.0
INTERTRAN鄂西-鄂西北,7516,-2000.0
INTERTRAN鄂西-鄂西北,7517,-2000.0
INTERTRAN鄂西-鄂西北,7518,2000.0
INTERTRAN鄂西-鄂西北,7519,-2000.0
INTERTRAN鄂西-鄂西北,7520,-2000.0
INTERTRAN鄂西-鄂西北,7521,-2000.0
INTERTRAN鄂西-鄂西北,7522,2000.0
INTERTRAN鄂西-鄂西北,7523,2000.0
INTERTRAN鄂西-鄂西北,7524,2000.0
INTERTRAN鄂西-鄂西北,7525,2000.0
INTERTRAN鄂西-鄂西北,7526,2000.0
INTERTRAN鄂西-鄂西北,7527,2000.0
INTERTRAN鄂西-鄂西北,7528,2000.0
INTERTRAN鄂西-鄂西北,7529,82.34314500000028
INTERTRAN鄂西-鄂西北,7530,-2000.0
INTERTRAN鄂西-鄂西北,7531,-2000.0
INTERTRAN鄂西-鄂西北,7532,-2000.0
INTERTRAN鄂西-鄂西北,7533,2000.0
INTERTRAN鄂西-鄂西北,7534,-2000.0
INTERTRAN鄂西-鄂西北,7535,-2000.0
INTERTRAN鄂西-鄂西北,7536,-2000.0
INTERTRAN鄂西-鄂西北,7537,-2000.0
INTERTRAN鄂西-鄂西北,7538,1515.2915000000003
INTERTRAN鄂西-鄂西北,7539,-2000.0
INTERTRAN鄂西-鄂西北,7540,-2000.0
INTERTRAN鄂西-鄂西北,7541,-2000.0
INTERTRAN鄂西-鄂西北,7542,2000.0
INTERTRAN鄂西-鄂西北,7543,-2000.0
INTERTRAN鄂西-鄂西北,7544,-2000.0
INTERTRAN鄂西-鄂西北,7545,-2000.0
INTERTRAN鄂西-鄂西北,7546,-173.74823613653462
INTERTRAN鄂西-鄂西北,7547,2000.0
INTERTRAN鄂西-鄂西北,7548,2000.0
INTERTRAN鄂西-鄂西北,7549,2000.0
INTERTRAN鄂西-鄂西北,7550,1964.7013367262575
INTERTRAN鄂西-鄂西北,7551,2000.0
INTERTRAN鄂西-鄂西北,7552,2000.0
INTERTRAN鄂西-鄂西北,7553,-1509.4831614814848
INTERTRAN鄂西-鄂西北,7554,-2000.0
INTERTRAN鄂西-鄂西北,7555,-2000.0
INTERTRAN鄂西-鄂西北,7556,1983.6466550000032
INTERTRAN鄂西-鄂西北,7557,-2000.0
INTERTRAN鄂西-鄂西北,7558,2000.0
INTERTRAN鄂西-鄂西北,7559,952.1107500000007
INTERTRAN鄂西-鄂西北,7560,-2000.0
INTERTRAN鄂西-鄂西北,7561,1791.1910000000007
INTERTRAN鄂西-鄂西北,7562,-2000.0
INTERTRAN鄂西-鄂西北,7563,2000.0
INTERTRAN鄂西-鄂西北,7564,1431.96425
INTERTRAN鄂西-鄂西北,7565,-268.21028499998397
INTERTRAN鄂西-鄂西北,7566,-2000.0
INTERTRAN鄂西-鄂西北,7567,-2000.0
INTERTRAN鄂西-鄂西北,7568,-2000.0
INTERTRAN鄂西-鄂西北,7569,930.1292700000008
INTERTRAN鄂西-鄂西北,7570,-2000.0
INTERTRAN鄂西-鄂西北,7571,-2000.0
INTERTRAN鄂西-鄂西北,7572,1891.797001263612
INTERTRAN鄂西-鄂西北,7573,2000.0
INTERTRAN鄂西-鄂西北,7574,-179.72856499999943
INTERTRAN鄂西-鄂西北,7575,-1021.8996059259334
INTERTRAN鄂西-鄂西北,7576,1146.38598
INTERTRAN鄂西-鄂西北,7577,-2000.0
INTERTRAN鄂西-鄂西北,7578,1728.6079549999927
INTERTRAN鄂西-鄂西北,7579,-63.211529705883095
INTERTRAN鄂西-鄂西北,7580,-2000.0
INTERTRAN鄂西-鄂西北,7581,-2000.0
INTERTRAN鄂西-鄂西北,7582,-2000.0
INTERTRAN鄂西-鄂西北,7583,-2000.0
INTERTRAN鄂西-鄂西北,7584,-2000.0
INTERTRAN鄂西-鄂西北,7585,300.8580000000002
INTERTRAN鄂西-鄂西北,7586,-1471.821680000011
INTERTRAN鄂西-鄂西北,7587,1678.7859999999996
INTERTRAN鄂西-鄂西北,7588,-2000.0
INTERTRAN鄂西-鄂西北,7589,-2000.0
INTERTRAN鄂西-鄂西北,7590,-2000.0
INTERTRAN鄂西-鄂西北,7591,-2000.0
INTERTRAN鄂西-鄂西北,7592,-2000.0
INTERTRAN鄂西-鄂西北,7593,377.9282558974501
INTERTRAN鄂西-鄂西北,7594,-2000.0
INTERTRAN鄂西-鄂西北,7595,-1807.8801547863204
INTERTRAN鄂西-鄂西北,7596,2000.0
INTERTRAN鄂西-鄂西北,7597,1947.3409249999995
INTERTRAN鄂西-鄂西北,7598,2000.0
INTERTRAN鄂西-鄂西北,7599,384.7835559876539
INTERTRAN鄂西-鄂西北,7600,-1272.235721764706
INTERTRAN鄂西-鄂西北,7601,-2000.0
INTERTRAN鄂西-鄂西北,7602,2000.0
INTERTRAN鄂西-鄂西北,7603,-2000.0
INTERTRAN鄂西-鄂西北,7604,2000.0
INTERTRAN鄂西-鄂西北,7605,734.3440000000014
INTERTRAN鄂西-鄂西北,7606,-2000.0
INTERTRAN鄂西-鄂西北,7607,-2000.0
INTERTRAN鄂西-鄂西北,7608,-2000.0
INTERTRAN鄂西-鄂西北,7609,2000.0
INTERTRAN鄂西-鄂西北,7610,-2000.0
INTERTRAN鄂西-鄂西北,7611,-2000.0
INTERTRAN鄂西-鄂西北,7612,1884.0882230812954
INTERTRAN鄂西-鄂西北,7613,-2000.0
INTERTRAN鄂西-鄂西北,7614,-2000.0
INTERTRAN鄂西-鄂西北,7615,-2000.0
INTERTRAN鄂西-鄂西北,7616,-1927.766794595968
INTERTRAN鄂西-鄂西北,7617,-2000.0
INTERTRAN鄂西-鄂西北,7618,2000.0
INTERTRAN鄂西-鄂西北,7619,2000.0
INTERTRAN鄂西-鄂西北,7620,2000.0
INTERTRAN鄂西-鄂西北,7621,2000.0
INTERTRAN鄂西-鄂西北,7622,2000.0
INTERTRAN鄂西-鄂西北,7623,2000.0
INTERTRAN鄂西-鄂西北,7624,2000.0
INTERTRAN鄂西-鄂西北,7625,-1264.9545750000002
INTERTRAN鄂西-鄂西北,7626,-2000.0
INTERTRAN鄂西-鄂西北,7627,-2000.0
INTERTRAN鄂西-鄂西北,7628,-2000.0
INTERTRAN鄂西-鄂西北,7629,-2000.0
INTERTRAN鄂西-鄂西北,7630,-2000.0
INTERTRAN鄂西-鄂西北,7631,-2000.0
INTERTRAN鄂西-鄂东,7632,5813.470793317315
INTERTRAN鄂西-鄂东,7633,4488.156599999993
INTERTRAN鄂西-鄂东,7634,9627.093822150002
INTERTRAN鄂西-鄂东,7635,7362.225879999998
INTERTRAN鄂西-鄂东,7636,7334.642699999993
INTERTRAN鄂西-鄂东,7637,4961.855760000025
INTERTRAN鄂西-鄂东,7638,7530.870099844113
INTERTRAN鄂西-鄂东,7639,10963.020255000001
INTERTRAN鄂西-鄂东,7640,12346.111269199986
INTERTRAN鄂西-鄂东,7641,6513.602899999996
INTERTRAN鄂西-鄂东,7642,4548.601380000004
INTERTRAN鄂西-鄂东,7643,2887.142899999988
INTERTRAN鄂西-鄂东,7644,2352.497124444475
INTERTRAN鄂西-鄂东,7645,4449.661624444443
INTERTRAN鄂西-鄂东,7646,8398.480813333335
INTERTRAN鄂西-鄂东,7647,2361.8919857043356
INTERTRAN鄂西-鄂东,7648,3547.1035999999885
INTERTRAN鄂西-鄂东,7649,9217.83888
INTERTRAN鄂西-鄂东,7650,8000.546999999996
INTERTRAN鄂西-鄂东,7651,10306.665899999993
INTERTRAN鄂西-鄂东,7652,9885.194499999998
INTERTRAN鄂西-鄂东,7653,9581.061099999999
INTERTRAN鄂西-鄂东,7654,7761.524299999997
INTERTRAN鄂西-鄂东,7655,10820.666299999997
INTERTRAN鄂西-鄂东,7656,8640.633330000002
INTERTRAN鄂西-鄂东,7657,7585.683899999996
INTERTRAN鄂西-鄂东,7658,8576.360599999993
INTERTRAN鄂西-鄂东,7659,9330.639699999994
INTERTRAN鄂西-鄂东,7660,7019.379999999995
INTERTRAN鄂西-鄂东,7661,6000.213879999999
INTERTRAN鄂西-鄂东,7662,8937.119599999995
INTERTRAN鄂西-鄂东,7663,8377.216499999999
INTERTRAN鄂西-鄂东,7664,11801.065599999996
INTERTRAN鄂西-鄂东,7665,12600.0
INTERTRAN鄂西-鄂东,7666,5778.067199999989
INTERTRAN鄂西-鄂东,7667,3781.454655555547
INTERTRAN鄂西-鄂东,7668,6736.535033333325
INTERTRAN鄂西-鄂东,7669,5863.0710160493745
INTERTRAN鄂西-鄂东,7670,5082.466850617258
INTERTRAN鄂西-鄂东,7671,2717.580793827149
INTERTRAN鄂西-鄂东,7672,3285.8917999999903
INTERTRAN鄂西-鄂东,7673,12516.809099999999
INTERTRAN鄂西-鄂东,7674,12600.0
INTERTRAN鄂西-鄂东,7675,10010.824599999994
INTERTRAN鄂西-鄂东,7676,8994.779999999999
INTERTRAN鄂西-鄂东,7677,7570.364765000003
INTERTRAN鄂西-鄂东,7678,9444.332466103866
INTERTRAN鄂西-鄂东,7679,11213.54323
INTERTRAN鄂西-鄂东,7680,9473.087899999999
INTERTRAN鄂西-鄂东,7681,9094.867200000037
INTERTRAN鄂西-鄂东,7682,9018.609699999995
INTERTRAN鄂西-鄂东,7683,7157.6740800000025
INTERTRAN鄂西-鄂东,7684,7553.01268
INTERTRAN鄂西-鄂东,7685,8481.262799999997
INTERTRAN鄂西-鄂东,7686,9648.622999999998
INTERTRAN鄂西-鄂东,7687,11800.918499999996
INTERTRAN鄂西-鄂东,7688,8953.84648
INTERTRAN鄂西-鄂东,7689,9268.224850000004
INTERTRAN鄂西-鄂东,7690,11217.77634
INTERTRAN鄂西-鄂东,7691,9057.120799999997
INTERTRAN鄂西-鄂东,7692,6884.47179999999
INTERTRAN鄂西-鄂东,7693,6581.128399999998
INTERTRAN鄂西-鄂东,7694,5683.230199999993
INTERTRAN鄂西-鄂东,7695,7032.516299999992
INTERTRAN鄂西-鄂东,7696,10245.879869999997
INTERTRAN鄂西-鄂东,7697,12600.0
INTERTRAN鄂西-鄂东,7698,12536.139380000002
INTERTRAN鄂西-鄂东,7699,10452.36860499999
INTERTRAN鄂西-鄂东,7700,9118.963879999998
INTERTRAN鄂西-鄂东,7701,9774.261999999997
INTERTRAN鄂西-鄂东,7702,10348.264079999995
INTERTRAN鄂西-鄂东,7703,10294.205730000005
INTERTRAN鄂西-鄂东,7704,8432.523999999998
INTERTRAN鄂西-鄂东,7705,10874.707078030096
INTERTRAN鄂西-鄂东,7706,7410.312479999999
INTERTRAN鄂西-鄂东,7707,11355.211399999997
INTERTRAN鄂西-鄂东,7708,8253.296899999998
INTERTRAN鄂西-鄂东,7709,11020.015799999997
INTERTRAN鄂西-鄂东,7710,9164.247909999982
INTERTRAN鄂西-鄂东,7711,12600.0
INTERTRAN鄂西-鄂东,7712,8131.543389996199
INTERTRAN鄂西-鄂东,7713,9569.1505591
INTERTRAN鄂西-鄂东,7714,8157.825659996182
INTERTRAN鄂西-鄂东,7715,6476.284379999999
INTERTRAN鄂西-鄂东,7716,6644.414846666669
INTERTRAN鄂西-鄂东,7717,4452.053982469136
INTERTRAN鄂西-鄂东,7718,3932.982558271585
INTERTRAN鄂西-鄂东,7719,4472.817199999992
INTERTRAN鄂西-鄂东,7720,4172.8002022222245
INTERTRAN鄂西-鄂东,7721,9274.480389999988
INTERTRAN鄂西-鄂东,7722,8928.642099999997
INTERTRAN鄂西-鄂东,7723,8242.572574999976
INTERTRAN鄂西-鄂东,7724,8865.539599999996
INTERTRAN鄂西-鄂东,7725,7499.642899999999
INTERTRAN鄂西-鄂东,7726,7677.3060999999925
INTERTRAN鄂西-鄂东,7727,7672.034639900002
INTERTRAN鄂西-鄂东,7728,9565.6257
INTERTRAN鄂西-鄂东,7729,8983.599699999999
INTERTRAN鄂西-鄂东,7730,8610.065530000003
INTERTRAN鄂西-鄂东,7731,9613.233569199985
INTERTRAN鄂西-鄂东,7732,6083.903616850003
INTERTRAN鄂西-鄂东,7733,8160.110519999987
INTERTRAN鄂西-鄂东,7734,9996.836779999998
INTERTRAN鄂西-鄂东,7735,9856.360095000002
INTERTRAN鄂西-鄂东,7736,6447.452294996195
INTERTRAN鄂西-鄂东,7737,11297.007909999998
INTERTRAN鄂西-鄂东,7738,4444.2683799999995
INTERTRAN鄂西-鄂东,7739,5861.599572549011
INTERTRAN鄂西-鄂东,7740,4403.130699999987
INTERTRAN鄂西-鄂东,7741,6297.11058797383
INTERTRAN鄂西-鄂东,7742,3947.548175080115
INTERTRAN鄂西-鄂东,7743,2423.122777777768
INTERTRAN鄂西-鄂东,7744,4937.510824444449
INTERTRAN鄂西-鄂东,7745,10330.019214999997
INTERTRAN鄂西-鄂东,7746,10892.090328650007
INTERTRAN鄂西-鄂东,7747,6382.8866799961925
INTERTRAN鄂西-鄂东,7748,4943.490599999994
INTERTRAN鄂西-鄂东,7749,7607.56088
INTERTRAN鄂西-鄂东,7750,8885.940825000003
INTERTRAN鄂西-鄂东,7751,12600.0
INTERTRAN鄂西-鄂东,7752,11546.99098
INTERTRAN鄂西-鄂东,7753,7968.072032969753
INTERTRAN鄂西-鄂东,7754,6957.100399999998
INTERTRAN鄂西-鄂东,7755,12337.768080000002
INTERTRAN鄂西-鄂东,7756,7303.926480000002
INTERTRAN鄂西-鄂东,7757,7192.764280000001
INTERTRAN鄂西-鄂东,7758,8140.0481999999965
INTERTRAN鄂西-鄂东,7759,9530.219699999992
INTERTRAN鄂西-鄂东,7760,8867.072699999997
INTERTRAN鄂西-鄂东,7761,5551.506999999998
INTERTRAN鄂西-鄂东,7762,7165.302999999986
INTERTRAN鄂西-鄂东,7763,3615.635693071895
INTERTRAN鄂西-鄂东,7764,5173.446188888876
INTERTRAN鄂西-鄂东,7765,4707.335743398656
INTERTRAN鄂西-鄂东,7766,4749.549159999993
INTERTRAN鄂西-鄂东,7767,3272.856977777787
INTERTRAN鄂西-鄂东,7768,2873.30041267974
INTERTRAN鄂西-鄂东,7769,4975.55039999999
INTERTRAN鄂西-鄂东,7770,7639.531599999995
INTERTRAN鄂西-鄂东,7771,7960.410188949986
INTERTRAN鄂西-鄂东,7772,8906.821199999998
INTERTRAN鄂西-鄂东,7773,6582.400499999996
INTERTRAN鄂西-鄂东,7774,4960.465099999995
INTERTRAN鄂西-鄂东,7775,8695.694599999995
INTERTRAN鄂西北-鄂东,7632,3000.0
INTERTRAN鄂西北-鄂东,7633,-1668.2227500000004
INTERTRAN鄂西北-鄂东,7634,-353.55414215000053
INTERTRAN鄂西北-鄂东,7635,-1364.6295
INTERTRAN鄂西北-鄂东,7636,-1264.7540000000001
INTERTRAN鄂西北-鄂东,7637,1219.6434399999735
INTERTRAN鄂西北-鄂东,7638,2189.741080155887
INTERTRAN鄂西北-鄂东,7639,2096.7590249999994
INTERTRAN鄂西北-鄂东,7640,-1777.7292249999998
INTERTRAN鄂西北-鄂东,7641,-353.3269184459466
INTERTRAN鄂西北-鄂东,7642,-3000.0
INTERTRAN鄂西北-鄂东,7643,-3000.0
INTERTRAN鄂西北-鄂东,7644,-3000.0
INTERTRAN鄂西北-鄂东,7645,-3000.0
INTERTRAN鄂西北-鄂东,7646,-3000.0
INTERTRAN鄂西北-鄂东,7647,-3000.0
INTERTRAN鄂西北-鄂东,7648,-3000.0
INTERTRAN鄂西北-鄂东,7649,-3000.0
INTERTRAN鄂西北-鄂东,7650,-1876.9234099999996
INTERTRAN鄂西北-鄂东,7651,-471.2904800000001
INTERTRAN鄂西北-鄂东,7652,-2228.7973
INTERTRAN鄂西北-鄂东,7653,-1677.0212500000002
INTERTRAN鄂西北-鄂东,7654,-1458.1955000000007
INTERTRAN鄂西北-鄂东,7655,-1274.6496467000266
INTERTRAN鄂西北-鄂东,7656,243.0697499999992
INTERTRAN鄂西北-鄂东,7657,-613.7345000000006
INTERTRAN鄂西北-鄂东,7658,-825.1220000000005
INTERTRAN鄂西北-鄂东,7659,-577.5463199999958
INTERTRAN鄂西北-鄂东,7660,-1058.75175
INTERTRAN鄂西北-鄂东,7661,-770.1085000000005
INTERTRAN鄂西北-鄂东,7662,-1746.3957500000004
INTERTRAN鄂西北-鄂东,7663,-812.9825450000008
INTERTRAN鄂西北-鄂东,7664,-1825.8017099999997
INTERTRAN鄂西北-鄂东,7665,-1877.5209999999997
INTERTRAN鄂西北-鄂东,7666,-3000.0
INTERTRAN鄂西北-鄂东,7667,72.81263499999977
INTERTRAN鄂西北-鄂东,7668,-3000.0
INTERTRAN鄂西北-鄂东,7669,-3000.0
INTERTRAN鄂西北-鄂东,7670,-219.39775209873284
INTERTRAN鄂西北-鄂东,7671,-1109.7998606172855
INTERTRAN鄂西北-鄂东,7672,961.1670199999996
INTERTRAN鄂西北-鄂东,7673,-2192.4676599999993
INTERTRAN鄂西北-鄂东,7674,-1238.4810150000005
INTERTRAN鄂西北-鄂东,7675,-1498.4393850000004
INTERTRAN鄂西北-鄂东,7676,536.9677849999991
INTERTRAN鄂西北-鄂东,7677,-1811.84875
INTERTRAN鄂西北-鄂东,7678,-1366.4470000000001
INTERTRAN鄂西北-鄂东,7679,-1221.83975
INTERTRAN鄂西北-鄂东,7680,-1062.8302500000004
INTERTRAN鄂西北-鄂东,7681,-1522.808
INTERTRAN鄂西北-鄂东,7682,-1001.2970000000009
INTERTRAN鄂西北-鄂东,7683,-915.337500000001
INTERTRAN鄂西北-鄂东,7684,-1508.5275000000006
INTERTRAN鄂西北-鄂东,7685,-1546.5462500000008
INTERTRAN鄂西北-鄂东,7686,-1499.4315
INTERTRAN鄂西北-鄂东,7687,-1370.8338200000157
INTERTRAN鄂西北-鄂东,7688,3000.0
INTERTRAN鄂西北-鄂东,7689,-1270.4399900000005
INTERTRAN鄂西北-鄂东,7690,-1380.7397599999986
INTERTRAN鄂西北-鄂东,7691,-2395.8356999999996
INTERTRAN鄂西北-鄂东,7692,-2413.415015
INTERTRAN鄂西北-鄂东,7693,-1790.3730099999998
INTERTRAN鄂西北-鄂东,7694,-1988.5626300000004
INTERTRAN鄂西北-鄂东,7695,-2555.9915699999997
INTERTRAN鄂西北-鄂东,7696,-2051.2863899999993
INTERTRAN鄂西北-鄂东,7697,-1374.7453150000047
INTERTRAN鄂西北-鄂东,7698,3000.0
INTERTRAN鄂西北-鄂东,7699,-1801.8152999999998
INTERTRAN鄂西北-鄂东,7700,3000.0
INTERTRAN鄂西北-鄂东,7701,-1957.191
INTERTRAN鄂西北-鄂东,7702,432.9615000000027
INTERTRAN鄂西北-鄂东,7703,-632.7092500000009
INTERTRAN鄂西北-鄂东,7704,-1170.496
INTERTRAN鄂西北-鄂东,7705,-1081.8049999999996
INTERTRAN鄂西北-鄂东,7706,1217.9544999999998
INTERTRAN鄂西北-鄂东,7707,-951.2465000000007
INTERTRAN鄂西北-鄂东,7708,-935.5382500000001
INTERTRAN鄂西北-鄂东,7709,-1416.790219999998
INTERTRAN鄂西北-鄂东,7710,-1087.0459349999794
INTERTRAN鄂西北-鄂东,7711,-1573.2354599999996
INTERTRAN鄂西北-鄂东,7712,-222.3682100000002
INTERTRAN鄂西北-鄂东,7713,1363.9366208999995
INTERTRAN鄂西北-鄂东,7714,-2338.0780799999993
INTERTRAN鄂西北-鄂东,7715,-3000.0
INTERTRAN鄂西北-鄂东,7716,-3000.0
INTERTRAN鄂西北-鄂东,7717,-3000.0
INTERTRAN鄂西北-鄂东,7718,-1661.6026899999988
INTERTRAN鄂西北-鄂东,7719,-3000.0
INTERTRAN鄂西北-鄂东,7720,-3000.0
INTERTRAN鄂西北-鄂东,7721,-3000.0
INTERTRAN鄂西北-鄂东,7722,-2312.9882299999995
INTERTRAN鄂西北-鄂东,7723,-2356.4563949999797
INTERTRAN鄂西北-鄂东,7724,-2350.5092249999993
INTERTRAN鄂西北-鄂东,7725,887.4820000000002
INTERTRAN鄂西北-鄂东,7726,-1051.8060000000005
INTERTRAN鄂西北-鄂东,7727,-786.7694599000016
INTERTRAN鄂西北-鄂东,7728,-1610.1107500000007
INTERTRAN鄂西北-鄂东,7729,-1282.9964999999997
INTERTRAN鄂西北-鄂东,7730,-2002.1662500000011
INTERTRAN鄂西北-鄂东,7731,-1061.3490000000008
INTERTRAN鄂西北-鄂东,7732,281.6607631499994
INTERTRAN鄂西北-鄂东,7733,-1847.91325
INTERTRAN鄂西北-鄂东,7734,-813.8020000000004
INTERTRAN鄂西北-鄂东,7735,-1086.7397150000002
INTERTRAN鄂西北-鄂东,7736,-224.92071499999997
INTERTRAN鄂西北-鄂东,7737,241.64756999999952
INTERTRAN鄂西北-鄂东,7738,-3000.0
INTERTRAN鄂西北-鄂东,7739,-3000.0
INTERTRAN鄂西北-鄂东,7740,-3000.0
INTERTRAN鄂西北-鄂东,7741,-3000.0
INTERTRAN鄂西北-鄂东,7742,-3000.0
INTERTRAN鄂西北-鄂东,7743,-3000.0
INTERTRAN鄂西北-鄂东,7744,-3000.0
INTERTRAN鄂西北-鄂东,7745,-2922.227835
INTERTRAN鄂西北-鄂东,7746,-2429.6728649999995
INTERTRAN鄂西北-鄂东,7747,3000.0
INTERTRAN鄂西北-鄂东,7748,1829.0079249999994
INTERTRAN鄂西北-鄂东,7749,-2347.093500000001
INTERTRAN鄂西北-鄂东,7750,1486.0930549999962
INTERTRAN鄂西北-鄂东,7751,-1465.4134199999985
INTERTRAN鄂西北-鄂东,7752,-2175.5869999999995
INTERTRAN鄂西北-鄂东,7753,-1323.4544529697541
INTERTRAN鄂西北-鄂东,7754,-900.5949825552152
INTERTRAN鄂西北-鄂东,7755,-917.405500000001
INTERTRAN鄂西北-鄂东,7756,-16.71050000000048
INTERTRAN鄂西北-鄂东,7757,-1339.5495000000005
INTERTRAN鄂西北-鄂东,7758,-676.2684036500037
INTERTRAN鄂西北-鄂东,7759,-1191.3031500000009
INTERTRAN鄂西北-鄂东,7760,1521.796764999999
INTERTRAN鄂西北-鄂东,7761,1813.145215
INTERTRAN鄂西北-鄂东,7762,-2397.501855000001
INTERTRAN鄂西北-鄂东,7763,-3000.0
INTERTRAN鄂西北-鄂东,7764,-3000.0
INTERTRAN鄂西北-鄂东,7765,-3000.0
INTERTRAN鄂西北-鄂东,7766,-3000.0
INTERTRAN鄂西北-鄂东,7767,-3000.0
INTERTRAN鄂西北-鄂东,7768,-3000.0
INTERTRAN鄂西北-鄂东,7769,278.64088000001266
INTERTRAN鄂西北-鄂东,7770,172.82481499999244
INTERTRAN鄂西北-鄂东,7771,-994.2379849999995
INTERTRAN鄂西北-鄂东,7772,-1732.8258200000005
INTERTRAN鄂西北-鄂东,7773,215.81349999999964
INTERTRAN鄂西北-鄂东,7774,-1161.5955000000004
INTERTRAN鄂西北-鄂东,7775,-1115.0937500000002
INTERTRAN鄂西-鄂西北,7632,-2000.0
INTERTRAN鄂西-鄂西北,7633,-2000.0
INTERTRAN鄂西-鄂西北,7634,-2000.0
INTERTRAN鄂西-鄂西北,7635,-2000.0
INTERTRAN鄂西-鄂西北,7636,-2000.0
INTERTRAN鄂西-鄂西北,7637,-2000.0
INTERTRAN鄂西-鄂西北,7638,-2000.0
INTERTRAN鄂西-鄂西北,7639,-2000.0
INTERTRAN鄂西-鄂西北,7640,-2000.0
INTERTRAN鄂西-鄂西北,7641,-2000.0
INTERTRAN鄂西-鄂西北,7642,2000.0
INTERTRAN鄂西-鄂西北,7643,2000.0
INTERTRAN鄂西-鄂西北,7644,2000.0
INTERTRAN鄂西-鄂西北,7645,2000.0
INTERTRAN鄂西-鄂西北,7646,2000.0
INTERTRAN鄂西-鄂西北,7647,2000.0
INTERTRAN鄂西-鄂西北,7648,2000.0
INTERTRAN鄂西-鄂西北,7649,-1963.4723500000002
INTERTRAN鄂西-鄂西北,7650,-2000.0
INTERTRAN鄂西-鄂西北,7651,-2000.0
INTERTRAN鄂西-鄂西北,7652,-2000.0
INTERTRAN鄂西-鄂西北,7653,-2000.0
INTERTRAN鄂西-鄂西北,7654,-2000.0
INTERTRAN鄂西-鄂西北,7655,-2000.0
INTERTRAN鄂西-鄂西北,7656,-2000.0
INTERTRAN鄂西-鄂西北,7657,-2000.0
INTERTRAN鄂西-鄂西北,7658,-2000.0
INTERTRAN鄂西-鄂西北,7659,-2000.0
INTERTRAN鄂西-鄂西北,7660,-2000.0
INTERTRAN鄂西-鄂西北,7661,-2000.0
INTERTRAN鄂西-鄂西北,7662,-2000.0
INTERTRAN鄂西-鄂西北,7663,-2000.0
INTERTRAN鄂西-鄂西北,7664,-2000.0
INTERTRAN鄂西-鄂西北,7665,-2000.0
INTERTRAN鄂西-鄂西北,7666,-2000.0
INTERTRAN鄂西-鄂西北,7667,2000.0
INTERTRAN鄂西-鄂西北,7668,2000.0
INTERTRAN鄂西-鄂西北,7669,2000.0
INTERTRAN鄂西-鄂西北,7670,2000.0
INTERTRAN鄂西-鄂西北,7671,2000.0
INTERTRAN鄂西-鄂西北,7672,2000.0
INTERTRAN鄂西-鄂西北,7673,-2000.0
INTERTRAN鄂西-鄂西北,7674,-2000.0
INTERTRAN鄂西-鄂西北,7675,-2000.0
INTERTRAN鄂西-鄂西北,7676,-2000.0
INTERTRAN鄂西-鄂西北,7677,-2000.0
INTERTRAN鄂西-鄂西北,7678,-2000.0
INTERTRAN鄂西-鄂西北,7679,-2000.0
INTERTRAN鄂西-鄂西北,7680,-2000.0
INTERTRAN鄂西-鄂西北,7681,-2000.0
INTERTRAN鄂西-鄂西北,7682,-2000.0
INTERTRAN鄂西-鄂西北,7683,-2000.0
INTERTRAN鄂西-鄂西北,7684,-2000.0
INTERTRAN鄂西-鄂西北,7685,-2000.0
INTERTRAN鄂西-鄂西北,7686,-2000.0
INTERTRAN鄂西-鄂西北,7687,-2000.0
INTERTRAN鄂西-鄂西北,7688,-1601.126180000003
INTERTRAN鄂西-鄂西北,7689,-2000.0
INTERTRAN鄂西-鄂西北,7690,-2000.0
INTERTRAN鄂西-鄂西北,7691,-2000.0
INTERTRAN鄂西-鄂西北,7692,-2000.0
INTERTRAN鄂西-鄂西北,7693,-2000.0
INTERTRAN鄂西-鄂西北,7694,-2000.0
INTERTRAN鄂西-鄂西北,7695,-2000.0
INTERTRAN鄂西-鄂西北,7696,-2000.0
INTERTRAN鄂西-鄂西北,7697,-2000.0
INTERTRAN鄂西-鄂西北,7698,-2000.0
INTERTRAN鄂西-鄂西北,7699,-2000.0
INTERTRAN鄂西-鄂西北,7700,-2000.0
INTERTRAN鄂西-鄂西北,7701,-2000.0
INTERTRAN鄂西-鄂西北,7702,-2000.0
INTERTRAN鄂西-鄂西北,7703,-2000.0
INTERTRAN鄂西-鄂西北,7704,-2000.0
INTERTRAN鄂西-鄂西北,7705,-2000.0
INTERTRAN鄂西-鄂西北,7706,-2000.0
INTERTRAN鄂西-鄂西北,7707,-2000.0
INTERTRAN鄂西-鄂西北,7708,-2000.0
INTERTRAN鄂西-鄂西北,7709,-2000.0
INTERTRAN鄂西-鄂西北,7710,-2000.0
INTERTRAN鄂西-鄂西北,7711,-2000.0
INTERTRAN鄂西-鄂西北,7712,-2000.0
INTERTRAN鄂西-鄂西北,7713,-2000.0
INTERTRAN鄂西-鄂西北,7714,-2000.0
INTERTRAN鄂西-鄂西北,7715,-1630.7058800000086
INTERTRAN鄂西-鄂西北,7716,2000.0
INTERTRAN鄂西-鄂西北,7717,2000.0
INTERTRAN鄂西-鄂西北,7718,2000.0
INTERTRAN鄂西-鄂西北,7719,2000.0
INTERTRAN鄂西-鄂西北,7720,2000.0
INTERTRAN鄂西-鄂西北,7721,-1646.1126900000002
INTERTRAN鄂西-鄂西北,7722,-2000.0
INTERTRAN鄂西-鄂西北,7723,-2000.0
INTERTRAN鄂西-鄂西北,7724,-2000.0
INTERTRAN鄂西-鄂西北,7725,-2000.0
INTERTRAN鄂西-鄂西北,7726,-2000.0
INTERTRAN鄂西-鄂西北,7727,-2000.0
INTERTRAN鄂西-鄂西北,7728,-2000.0
INTERTRAN鄂西-鄂西北,7729,-2000.0
INTERTRAN鄂西-鄂西北,7730,-2000.0
INTERTRAN鄂西-鄂西北,7731,-2000.0
INTERTRAN鄂西-鄂西北,7732,-2000.0
INTERTRAN鄂西-鄂西北,7733,-2000.0
INTERTRAN鄂西-鄂西北,7734,-2000.0
INTERTRAN鄂西-鄂西北,7735,-2000.0
INTERTRAN鄂西-鄂西北,7736,-2000.0
INTERTRAN鄂西-鄂西北,7737,-2000.0
INTERTRAN鄂西-鄂西北,7738,2000.0
INTERTRAN鄂西-鄂西北,7739,2000.0
INTERTRAN鄂西-鄂西北,7740,2000.0
INTERTRAN鄂西-鄂西北,7741,2000.0
INTERTRAN鄂西-鄂西北,7742,2000.0
INTERTRAN鄂西-鄂西北,7743,2000.0
INTERTRAN鄂西-鄂西北,7744,2000.0
INTERTRAN鄂西-鄂西北,7745,-2000.0
INTERTRAN鄂西-鄂西北,7746,-2000.0
INTERTRAN鄂西-鄂西北,7747,-2000.0
INTERTRAN鄂西-鄂西北,7748,-2000.0
INTERTRAN鄂西-鄂西北,7749,-2000.0
INTERTRAN鄂西-鄂西北,7750,-2000.0
INTERTRAN鄂西-鄂西北,7751,-1780.9338487499974
INTERTRAN鄂西-鄂西北,7752,-2000.0
INTERTRAN鄂西-鄂西北,7753,-2000.0
INTERTRAN鄂西-鄂西北,7754,-2000.0
INTERTRAN鄂西-鄂西北,7755,-2000.0
INTERTRAN鄂西-鄂西北,7756,-2000.0
INTERTRAN鄂西-鄂西北,7757,-2000.0
INTERTRAN鄂西-鄂西北,7758,-2000.0
INTERTRAN鄂西-鄂西北,7759,-2000.0
INTERTRAN鄂西-鄂西北,7760,-2000.0
INTERTRAN鄂西-鄂西北,7761,-2000.0
INTERTRAN鄂西-鄂西北,7762,-2000.0
INTERTRAN鄂西-鄂西北,7763,2000.0
INTERTRAN鄂西-鄂西北,7764,2000.0
INTERTRAN鄂西-鄂西北,7765,2000.0
INTERTRAN鄂西-鄂西北,7766,2000.0
INTERTRAN鄂西-鄂西北,7767,2000.0
INTERTRAN鄂西-鄂西北,7768,2000.0
INTERTRAN鄂西-鄂西北,7769,2000.0
INTERTRAN鄂西-鄂西北,7770,-2000.0
INTERTRAN鄂西-鄂西北,7771,-2000.0
INTERTRAN鄂西-鄂西北,7772,-2000.0
INTERTRAN鄂西-鄂西北,7773,-2000.0
INTERTRAN鄂西-鄂西北,7774,-2000.0
INTERTRAN鄂西-鄂西北,7775,-2000.0
INTERTRAN鄂西-鄂东,7776,6379.033007174941
INTERTRAN鄂西-鄂东,7777,3286.25629999999
INTERTRAN鄂西-鄂东,7778,5281.04451634999
INTERTRAN鄂西-鄂东,7779,7603.203299999994
INTERTRAN鄂西-鄂东,7780,3149.017399999995
INTERTRAN鄂西-鄂东,7781,3271.2989799999978
INTERTRAN鄂西-鄂东,7782,7369.09859999999
INTERTRAN鄂西-鄂东,7783,10070.417338750169
INTERTRAN鄂西-鄂东,7784,10940.920773249978
INTERTRAN鄂西-鄂东,7785,9703.400109999318
INTERTRAN鄂西-鄂东,7786,2260.663599999989
INTERTRAN鄂西-鄂东,7787,3042.2017086419655
INTERTRAN鄂西-鄂东,7788,2177.0352975308524
INTERTRAN鄂西-鄂东,7789,5841.2286283950525
INTERTRAN鄂西-鄂东,7790,2621.7429108642245
INTERTRAN鄂西-鄂东,7791,7984.835299999992
INTERTRAN鄂西-鄂东,7792,6502.670766666655
INTERTRAN鄂西-鄂东,7793,11769.552560000004
INTERTRAN鄂西-鄂东,7794,5664.103499999997
INTERTRAN鄂西-鄂东,7795,9224.244099999996
INTERTRAN鄂西-鄂东,7796,9156.976499999997
INTERTRAN鄂西-鄂东,7797,7373.412
INTERTRAN鄂西-鄂东,7798,7651.8667999999925
INTERTRAN鄂西-鄂东,7799,7089.034799999996
INTERTRAN鄂西-鄂东,7800,4368.095469999995
INTERTRAN鄂西-鄂东,7801,5296.242389999996
INTERTRAN鄂西-鄂东,7802,2972.8737999999958
INTERTRAN鄂西-鄂东,7803,3903.1765799999994
INTERTRAN鄂西-鄂东,7804,6356.036970000809
INTERTRAN鄂西-鄂东,7805,5306.493399999996
INTERTRAN鄂西-鄂东,7806,6918.598699999995
INTERTRAN鄂西-鄂东,7807,8617.526999999998
INTERTRAN鄂西-鄂东,7808,8299.896604999776
INTERTRAN鄂西-鄂东,7809,11080.045299999994
INTERTRAN鄂西-鄂东,7810,7014.609945000004
INTERTRAN鄂西-鄂东,7811,3670.982822875807
INTERTRAN鄂西-鄂东,7812,3638.1566620926733
INTERTRAN鄂西-鄂东,7813,5939.760151011451
INTERTRAN鄂西-鄂东,7814,4812.099494117632
INTERTRAN鄂西-鄂东,7815,2703.1133882352806
INTERTRAN鄂西-鄂东,7816,2424.8986673207546
INTERTRAN鄂西-鄂东,7817,8458.029409999992
INTERTRAN鄂西-鄂东,7818,10502.337999999996
INTERTRAN鄂西-鄂东,7819,9094.852726199726
INTERTRAN鄂西-鄂东,7820,5379.516137826595
INTERTRAN鄂西-鄂东,7821,8408.8782
INTERTRAN鄂西-鄂东,7822,9261.866299999998
INTERTRAN鄂西-鄂东,7823,7962.145699999997
INTERTRAN鄂西-鄂东,7824,10537.158599999995
INTERTRAN鄂西-鄂东,7825,10316.7278621734
INTERTRAN鄂西-鄂东,7826,9584.448199999999
INTERTRAN鄂西-鄂东,7827,8268.918429999998
INTERTRAN鄂西-鄂东,7828,7763.567899999991
INTERTRAN鄂西-鄂东,7829,7200.92989999999
INTERTRAN鄂西-鄂东,7830,7665.735599999993
INTERTRAN鄂西-鄂东,7831,8132.429920000002
INTERTRAN鄂西-鄂东,7832,9696.950999999994
INTERTRAN鄂西-鄂东,7833,8846.918645000002
INTERTRAN鄂西-鄂东,7834,7546.906745
INTERTRAN鄂西-鄂东,7835,3967.381655555546
INTERTRAN鄂西-鄂东,7836,3191.7966098765355
INTERTRAN鄂西-鄂东,7837,2220.3969333333207
INTERTRAN鄂西-鄂东,7838,6931.294960493815
INTERTRAN鄂西-鄂东,7839,4452.161179999999
INTERTRAN鄂西-鄂东,7840,1993.4434999999903
INTERTRAN鄂西-鄂东,7841,9218.479599999995
INTERTRAN鄂西-鄂东,7842,8336.465799999998
INTERTRAN鄂西-鄂东,7843,6729.754599999997
INTERTRAN鄂西-鄂东,7844,8052.546100000003
INTERTRAN鄂西-鄂东,7845,5512.731799999998
INTERTRAN鄂西-鄂东,7846,6276.6167799999985
INTERTRAN鄂西-鄂东,7847,4989.862199999996
INTERTRAN鄂西-鄂东,7848,4824.270699999997
INTERTRAN鄂西-鄂东,7849,5404.731499999993
INTERTRAN鄂西-鄂东,7850,3921.9379999999946
INTERTRAN鄂西-鄂东,7851,3120.306549999994
INTERTRAN鄂西-鄂东,7852,4222.559349999994
INTERTRAN鄂西-鄂东,7853,3443.084399999996
INTERTRAN鄂西-鄂东,7854,4422.5282999999945
INTERTRAN鄂西-鄂东,7855,5406.9050000000025
INTERTRAN鄂西-鄂东,7856,7351.444199999998
INTERTRAN鄂西-鄂东,7857,7467.327399999998
INTERTRAN鄂西-鄂东,7858,2606.331699999995
INTERTRAN鄂西-鄂东,7859,2359.202399999991
INTERTRAN鄂西-鄂东,7860,6541.993295001374
INTERTRAN鄂西-鄂东,7861,7309.212374999999
INTERTRAN鄂西-鄂东,7862,7569.590529999623
INTERTRAN鄂西-鄂东,7863,1381.5761999996685
INTERTRAN鄂西-鄂东,7864,3250.7607999999927
INTERTRAN鄂西-鄂东,7865,10160.14669559963
INTERTRAN鄂西-鄂东,7866,7906.218999999652
INTERTRAN鄂西-鄂东,7867,6904.0216999999975
INTERTRAN鄂西-鄂东,7868,5410.090125000004
INTERTRAN鄂西-鄂东,7869,4577.995799999999
INTERTRAN鄂西-鄂东,7870,3144.0007999999925
INTERTRAN鄂西-鄂东,7871,5101.819344999985
INTERTRAN鄂西-鄂东,7872,4227.691099999996
INTERTRAN鄂西-鄂东,7873,3565.0443999999916
INTERTRAN鄂西-鄂东,7874,3097.59399999999
INTERTRAN鄂西-鄂东,7875,2943.6116499999953
INTERTRAN鄂西-鄂东,7876,6628.785780000002
INTERTRAN鄂西-鄂东,7877,5460.145999999993
INTERTRAN鄂西-鄂东,7878,5169.9060999999965
INTERTRAN鄂西-鄂东,7879,6902.137099999998
INTERTRAN鄂西-鄂东,7880,6430.009499999669
INTERTRAN鄂西-鄂东,7881,7759.20979500001
INTERTRAN鄂西-鄂东,7882,4333.565799999997
INTERTRAN鄂西-鄂东,7883,4811.022099999998
INTERTRAN鄂西-鄂东,7884,6940.36564625008
INTERTRAN鄂西-鄂东,7885,2258.4323999999906
INTERTRAN鄂西-鄂东,7886,6833.3203150000045
INTERTRAN鄂西-鄂东,7887,3587.034172839496
INTERTRAN鄂西-鄂东,7888,1814.5925999999909
INTERTRAN鄂西-鄂东,7889,5731.225835599467
INTERTRAN鄂西-鄂东,7890,7136.244199999994
INTERTRAN鄂西-鄂东,7891,7108.360809999998
INTERTRAN鄂西-鄂东,7892,5742.179899999999
INTERTRAN鄂西-鄂东,7893,5943.381999999958
INTERTRAN鄂西-鄂东,7894,4416.771699999994
INTERTRAN鄂西-鄂东,7895,5898.297980000001
INTERTRAN鄂西-鄂东,7896,10095.688999999998
INTERTRAN鄂西-鄂东,7897,5955.081899999997
INTERTRAN鄂西-鄂东,7898,4807.989699999995
INTERTRAN鄂西-鄂东,7899,5107.0077
INTERTRAN鄂西-鄂东,7900,5730.348699999999
INTERTRAN鄂西-鄂东,7901,4622.819399999997
INTERTRAN鄂西-鄂东,7902,5930.1626
INTERTRAN鄂西-鄂东,7903,6250.964899999999
INTERTRAN鄂西-鄂东,7904,6245.061588949986
INTERTRAN鄂西-鄂东,7905,7723.939225000002
INTERTRAN鄂西-鄂东,7906,3986.612499999994
INTERTRAN鄂西-鄂东,7907,4472.639299999999
INTERTRAN鄂西-鄂东,7908,2183.3780999999944
INTERTRAN鄂西-鄂东,7909,5008.5680250000005
INTERTRAN鄂西-鄂东,7910,2716.636399999996
INTERTRAN鄂西-鄂东,7911,2019.5362999999925
INTERTRAN鄂西-鄂东,7912,2586.975999999995
INTERTRAN鄂西-鄂东,7913,7031.037779980532
INTERTRAN鄂西-鄂东,7914,7426.150864399715
INTERTRAN鄂西-鄂东,7915,6424.948999999997
INTERTRAN鄂西-鄂东,7916,6151.587199999998
INTERTRAN鄂西-鄂东,7917,4874.447299999996
INTERTRAN鄂西-鄂东,7918,3155.6189999999915
INTERTRAN鄂西-鄂东,7919,4865.151599999996
INTERTRAN鄂西北-鄂东,7776,3000.0
INTERTRAN鄂西北-鄂东,7777,3000.0
INTERTRAN鄂西北-鄂东,7778,3000.0
INTERTRAN鄂西北-鄂东,7779,-475.7555000000011
INTERTRAN鄂西北-鄂东,7780,3000.0
INTERTRAN鄂西北-鄂东,7781,3000.0
INTERTRAN鄂西北-鄂东,7782,-1583.045250000001
INTERTRAN鄂西北-鄂东,7783,-462.46055499999966
INTERTRAN鄂西北-鄂东,7784,-1967.1938050000008
INTERTRAN鄂西北-鄂东,7785,1073.14927
INTERTRAN鄂西北-鄂东,7786,2456.623618599988
INTERTRAN鄂西北-鄂东,7787,341.1946200000002
INTERTRAN鄂西北-鄂东,7788,-856.1107101234447
INTERTRAN鄂西北-鄂东,7789,-3000.0
INTERTRAN鄂西北-鄂东,7790,-3000.0
INTERTRAN鄂西北-鄂东,7791,-3000.0
INTERTRAN鄂西北-鄂东,7792,-1607.6965644444263
INTERTRAN鄂西北-鄂东,7793,-2957.7789800000064
INTERTRAN鄂西北-鄂东,7794,1942.3923949999999
INTERTRAN鄂西北-鄂东,7795,-2553.968085
INTERTRAN鄂西北-鄂东,7796,-1453.4359050000003
INTERTRAN鄂西北-鄂东,7797,-1902.7872499999999
INTERTRAN鄂西北-鄂东,7798,-926.4827500000001
INTERTRAN鄂西北-鄂东,7799,-744.16445230001
INTERTRAN鄂西北-鄂东,7800,3000.0
INTERTRAN鄂西北-鄂东,7801,3000.0
INTERTRAN鄂西北-鄂东,7802,2995.43225
INTERTRAN鄂西北-鄂东,7803,3000.0
INTERTRAN鄂西北-鄂东,7804,-441.55575000000044
INTERTRAN鄂西北-鄂东,7805,3000.0
INTERTRAN鄂西北-鄂东,7806,-1430.130500000001
INTERTRAN鄂西北-鄂东,7807,-2693.90248
INTERTRAN鄂西北-鄂东,7808,724.5144750002255
INTERTRAN鄂西北-鄂东,7809,-830.9184749999995
INTERTRAN鄂西北-鄂东,7810,-2959.240765
INTERTRAN鄂西北-鄂东,7811,-3000.0
INTERTRAN鄂西北-鄂东,7812,-3000.0
INTERTRAN鄂西北-鄂东,7813,-3000.0
INTERTRAN鄂西北-鄂东,7814,-3000.0
INTERTRAN鄂西北-鄂东,7815,-3000.0
INTERTRAN鄂西北-鄂东,7816,-3000.0
INTERTRAN鄂西北-鄂东,7817,-3000.0
INTERTRAN鄂西北-鄂东,7818,-2657.59014
INTERTRAN鄂西北-鄂东,7819,315.71151999999984
INTERTRAN鄂西北-鄂东,7820,2995.5044449999987
INTERTRAN鄂西北-鄂东,7821,-1385.2558199940459
INTERTRAN鄂西北-鄂东,7822,-1899.8962500000002
INTERTRAN鄂西北-鄂东,7823,-1381.8535000000006
INTERTRAN鄂西北-鄂东,7824,370.00499999999965
INTERTRAN鄂西北-鄂东,7825,2221.64675
INTERTRAN鄂西北-鄂东,7826,-195.7057780500063
INTERTRAN鄂西北-鄂东,7827,-1372.92775
INTERTRAN鄂西北-鄂东,7828,-1200.2530000000006
INTERTRAN鄂西北-鄂东,7829,-1403.9523199999903
INTERTRAN鄂西北-鄂东,7830,-1000.4962500000008
INTERTRAN鄂西北-鄂东,7831,-1503.7335400000006
INTERTRAN鄂西北-鄂东,7832,-1685.4336249999992
INTERTRAN鄂西北-鄂东,7833,-2277.187465000001
INTERTRAN鄂西北-鄂东,7834,-2772.0824849999995
INTERTRAN鄂西北-鄂东,7835,-644.2699199999915
INTERTRAN鄂西北-鄂东,7836,-1153.1919411802025
INTERTRAN鄂西北-鄂东,7837,-2160.437825000001
INTERTRAN鄂西北-鄂东,7838,-3000.0
INTERTRAN鄂西北-鄂东,7839,-3000.0
INTERTRAN鄂西北-鄂东,7840,-3000.0
INTERTRAN鄂西北-鄂东,7841,-2807.648119999999
INTERTRAN鄂西北-鄂东,7842,1919.921805
INTERTRAN鄂西北-鄂东,7843,1921.26678
INTERTRAN鄂西北-鄂东,7844,2750.686247826551
INTERTRAN鄂西北-鄂东,7845,2210.1577500000003
INTERTRAN鄂西北-鄂东,7846,2966.313
INTERTRAN鄂西北-鄂东,7847,2891.96325
INTERTRAN鄂西北-鄂东,7848,2516.7880000000005
INTERTRAN鄂西北-鄂东,7849,2693.6645
INTERTRAN鄂西北-鄂东,7850,2593.633749999999
INTERTRAN鄂西北-鄂东,7851,3000.0
INTERTRAN鄂西北-鄂东,7852,3000.0
INTERTRAN鄂西北-鄂东,7853,2735.77325
INTERTRAN鄂西北-鄂东,7854,2523.8599999999997
INTERTRAN鄂西北-鄂东,7855,2012.260879999999
INTERTRAN鄂西北-鄂东,7856,2488.3454599999986
INTERTRAN鄂西北-鄂东,7857,2683.0072600000003
INTERTRAN鄂西北-鄂东,7858,1720.7929750000003
INTERTRAN鄂西北-鄂东,7859,1080.957620000001
INTERTRAN鄂西北-鄂东,7860,-2251.5860150013723
INTERTRAN鄂西北-鄂东,7861,-2448.2037949999994
INTERTRAN鄂西北-鄂东,7862,-2538.99755
INTERTRAN鄂西北-鄂东,7863,2380.8534249999993
INTERTRAN鄂西北-鄂东,7864,2037.5671750000001
INTERTRAN鄂西北-鄂东,7865,3000.0
INTERTRAN鄂西北-鄂东,7866,2045.072255
INTERTRAN鄂西北-鄂东,7867,2170.8240399999995
INTERTRAN鄂西北-鄂东,7868,1663.8274549999996
INTERTRAN鄂西北-鄂东,7869,2265.95975
INTERTRAN鄂西北-鄂东,7870,2648.3687499999996
INTERTRAN鄂西北-鄂东,7871,2543.583935000017
INTERTRAN鄂西北-鄂东,7872,2854.235044999771
INTERTRAN鄂西北-鄂东,7873,2928.097749999999
INTERTRAN鄂西北-鄂东,7874,3000.0
INTERTRAN鄂西北-鄂东,7875,3000.0
INTERTRAN鄂西北-鄂东,7876,3000.0
INTERTRAN鄂西北-鄂东,7877,2514.937
INTERTRAN鄂西北-鄂东,7878,2779.652
INTERTRAN鄂西北-鄂东,7879,2770.177715
INTERTRAN鄂西北-鄂东,7880,2873.35188
INTERTRAN鄂西北-鄂东,7881,2957.4487849999996
INTERTRAN鄂西北-鄂东,7882,2126.7679799999987
INTERTRAN鄂西北-鄂东,7883,1684.4352599999993
INTERTRAN鄂西北-鄂东,7884,-2661.3932349999995
INTERTRAN鄂西北-鄂东,7885,1503.647605
INTERTRAN鄂西北-鄂东,7886,-2586.367735000001
INTERTRAN鄂西北-鄂东,7887,-1736.3633224691248
INTERTRAN鄂西北-鄂东,7888,1446.6372549999996
INTERTRAN鄂西北-鄂东,7889,2013.0262199999997
INTERTRAN鄂西北-鄂东,7890,2008.094004999999
INTERTRAN鄂西北-鄂东,7891,2074.697945
INTERTRAN鄂西北-鄂东,7892,2225.277529999865
INTERTRAN鄂西北-鄂东,7893,2389.240999999999
INTERTRAN鄂西北-鄂东,7894,2410.080749999999
INTERTRAN鄂西北-鄂东,7895,2783.4809999999998
INTERTRAN鄂西北-鄂东,7896,-1037.6284999999996
INTERTRAN鄂西北-鄂东,7897,3000.0
INTERTRAN鄂西北-鄂东,7898,2586.549749999999
INTERTRAN鄂西北-鄂东,7899,2554.3222499999993
INTERTRAN鄂西北-鄂东,7900,2696.8757499999992
INTERTRAN鄂西北-鄂东,7901,3000.0
INTERTRAN鄂西北-鄂东,7902,3000.0
INTERTRAN鄂西北-鄂东,7903,2945.9252049999996
INTERTRAN鄂西北-鄂东,7904,3000.0
INTERTRAN鄂西北-鄂东,7905,2282.932854999999
INTERTRAN鄂西北-鄂东,7906,2245.3309149999986
INTERTRAN鄂西北-鄂东,7907,1996.0684700000002
INTERTRAN鄂西北-鄂东,7908,2218.2609899999998
INTERTRAN鄂西北-鄂东,7909,1515.2585549999994
INTERTRAN鄂西北-鄂东,7910,1754.951905
INTERTRAN鄂西北-鄂东,7911,2194.652295
INTERTRAN鄂西北-鄂东,7912,2237.2875249999997
INTERTRAN鄂西北-鄂东,7913,3000.0
INTERTRAN鄂西北-鄂东,7914,3000.0
INTERTRAN鄂西北-鄂东,7915,2154.0807800000002
INTERTRAN鄂西北-鄂东,7916,1515.7816149999999
INTERTRAN鄂西北-鄂东,7917,2352.066999999999
INTERTRAN鄂西北-鄂东,7918,2236.8859999999995
INTERTRAN鄂西北-鄂东,7919,3000.0
INTERTRAN鄂西-鄂西北,7776,-502.4697071749506
INTERTRAN鄂西-鄂西北,7777,2000.0
INTERTRAN鄂西-鄂西北,7778,-895.7599163499963
INTERTRAN鄂西-鄂西北,7779,-2000.0
INTERTRAN鄂西-鄂西北,7780,813.0565000000006
INTERTRAN鄂西-鄂西北,7781,927.1639199999963
INTERTRAN鄂西-鄂西北,7782,-2000.0
INTERTRAN鄂西-鄂西北,7783,-2000.0
INTERTRAN鄂西-鄂西北,7784,-2000.0
INTERTRAN鄂西-鄂西北,7785,-2000.0
INTERTRAN鄂西-鄂西北,7786,2000.0
INTERTRAN鄂西-鄂西北,7787,2000.0
INTERTRAN鄂西-鄂西北,7788,2000.0
INTERTRAN鄂西-鄂西北,7789,2000.0
INTERTRAN鄂西-鄂西北,7790,2000.0
INTERTRAN鄂西-鄂西北,7791,2000.0
INTERTRAN鄂西-鄂西北,7792,2000.0
INTERTRAN鄂西-鄂西北,7793,-2000.0
INTERTRAN鄂西-鄂西北,7794,2000.0
INTERTRAN鄂西-鄂西北,7795,-2000.0
INTERTRAN鄂西-鄂西北,7796,-2000.0
INTERTRAN鄂西-鄂西北,7797,-2000.0
INTERTRAN鄂西-鄂西北,7798,-2000.0
INTERTRAN鄂西-鄂西北,7799,-2000.0
INTERTRAN鄂西-鄂西北,7800,1834.4898300000036
INTERTRAN鄂西-鄂西北,7801,483.8945000000008
INTERTRAN鄂西-鄂西北,7802,2000.0
INTERTRAN鄂西-鄂西北,7803,1560.5309199999965
INTERTRAN鄂西-鄂西北,7804,-2000.0
INTERTRAN鄂西-鄂西北,7805,-23.06150000000025
INTERTRAN鄂西-鄂西北,7806,-2000.0
INTERTRAN鄂西-鄂西北,7807,-2000.0
INTERTRAN鄂西-鄂西北,7808,-2000.0
INTERTRAN鄂西-鄂西北,7809,-2000.0
INTERTRAN鄂西-鄂西北,7810,-2000.0
INTERTRAN鄂西-鄂西北,7811,2000.0
INTERTRAN鄂西-鄂西北,7812,2000.0
INTERTRAN鄂西-鄂西北,7813,2000.0
INTERTRAN鄂西-鄂西北,7814,2000.0
INTERTRAN鄂西-鄂西北,7815,2000.0
INTERTRAN鄂西-鄂西北,7816,2000.0
INTERTRAN鄂西-鄂西北,7817,-1873.8808100000006
INTERTRAN鄂西-鄂西北,7818,-2000.0
INTERTRAN鄂西-鄂西北,7819,-2000.0
INTERTRAN鄂西-鄂西北,7820,2000.0
INTERTRAN鄂西-鄂西北,7821,-2000.0
INTERTRAN鄂西-鄂西北,7822,-2000.0
INTERTRAN鄂西-鄂西北,7823,-2000.0
INTERTRAN鄂西-鄂西北,7824,-2000.0
INTERTRAN鄂西-鄂西北,7825,-2000.0
INTERTRAN鄂西-鄂西北,7826,-2000.0
INTERTRAN鄂西-鄂西北,7827,-2000.0
INTERTRAN鄂西-鄂西北,7828,-2000.0
INTERTRAN鄂西-鄂西北,7829,-2000.0
INTERTRAN鄂西-鄂西北,7830,-2000.0
INTERTRAN鄂西-鄂西北,7831,-2000.0
INTERTRAN鄂西-鄂西北,7832,-2000.0
INTERTRAN鄂西-鄂西北,7833,-2000.0
INTERTRAN鄂西-鄂西北,7834,-2000.0
INTERTRAN鄂西-鄂西北,7835,2000.0
INTERTRAN鄂西-鄂西北,7836,2000.0
INTERTRAN鄂西-鄂西北,7837,2000.0
INTERTRAN鄂西-鄂西北,7838,2000.0
INTERTRAN鄂西-鄂西北,7839,2000.0
INTERTRAN鄂西-鄂西北,7840,2000.0
INTERTRAN鄂西-鄂西北,7841,-2000.0
INTERTRAN鄂西-鄂西北,7842,2000.0
INTERTRAN鄂西-鄂西北,7843,2000.0
INTERTRAN鄂西-鄂西北,7844,2000.0
INTERTRAN鄂西-鄂西北,7845,2000.0
INTERTRAN鄂西-鄂西北,7846,2000.0
INTERTRAN鄂西-鄂西北,7847,2000.0
INTERTRAN鄂西-鄂西北,7848,2000.0
INTERTRAN鄂西-鄂西北,7849,2000.0
INTERTRAN鄂西-鄂西北,7850,2000.0
INTERTRAN鄂西-鄂西北,7851,1749.00425
INTERTRAN鄂西-鄂西北,7852,1666.55325
INTERTRAN鄂西-鄂西北,7853,2000.0
INTERTRAN鄂西-鄂西北,7854,2000.0
INTERTRAN鄂西-鄂西北,7855,2000.0
INTERTRAN鄂西-鄂西北,7856,2000.0
INTERTRAN鄂西-鄂西北,7857,2000.0
INTERTRAN鄂西-鄂西北,7858,2000.0
INTERTRAN鄂西-鄂西北,7859,2000.0
INTERTRAN鄂西-鄂西北,7860,-2000.0
INTERTRAN鄂西-鄂西北,7861,-2000.0
INTERTRAN鄂西-鄂西北,7862,-2000.0
INTERTRAN鄂西-鄂西北,7863,2000.0
INTERTRAN鄂西-鄂西北,7864,2000.0
INTERTRAN鄂西-鄂西北,7865,-49.694295599990255
INTERTRAN鄂西-鄂西北,7866,2000.0
INTERTRAN鄂西-鄂西北,7867,2000.0
INTERTRAN鄂西-鄂西北,7868,2000.0
INTERTRAN鄂西-鄂西北,7869,2000.0
INTERTRAN鄂西-鄂西北,7870,2000.0
INTERTRAN鄂西-鄂西北,7871,2000.0
INTERTRAN鄂西-鄂西北,7872,2000.0
INTERTRAN鄂西-鄂西北,7873,2000.0
INTERTRAN鄂西-鄂西北,7874,1918.8385000000007
INTERTRAN鄂西-鄂西北,7875,1879.2047499999999
INTERTRAN鄂西-鄂西北,7876,2000.0
INTERTRAN鄂西-鄂西北,7877,2000.0
INTERTRAN鄂西-鄂西北,7878,2000.0
INTERTRAN鄂西-鄂西北,7879,2000.0
INTERTRAN鄂西-鄂西北,7880,2000.0
INTERTRAN鄂西-鄂西北,7881,2000.0
INTERTRAN鄂西-鄂西北,7882,2000.0
INTERTRAN鄂西-鄂西北,7883,2000.0
INTERTRAN鄂西-鄂西北,7884,-2000.0
INTERTRAN鄂西-鄂西北,7885,2000.0
INTERTRAN鄂西-鄂西北,7886,-2000.0
INTERTRAN鄂西-鄂西北,7887,2000.0
INTERTRAN鄂西-鄂西北,7888,2000.0
INTERTRAN鄂西-鄂西北,7889,2000.0
INTERTRAN鄂西-鄂西北,7890,2000.0
INTERTRAN鄂西-鄂西北,7891,2000.0
INTERTRAN鄂西-鄂西北,7892,2000.0
INTERTRAN鄂西-鄂西北,7893,2000.0
INTERTRAN鄂西-鄂西北,7894,2000.0
INTERTRAN鄂西-鄂西北,7895,2000.0
INTERTRAN鄂西-鄂西北,7896,-2000.0
INTERTRAN鄂西-鄂西北,7897,2000.0
INTERTRAN鄂西-鄂西北,7898,2000.0
INTERTRAN鄂西-鄂西北,7899,2000.0
INTERTRAN鄂西-鄂西北,7900,2000.0
INTERTRAN鄂西-鄂西北,7901,2000.0
INTERTRAN鄂西-鄂西北,7902,2000.0
INTERTRAN鄂西-鄂西北,7903,2000.0
INTERTRAN鄂西-鄂西北,7904,2000.0
INTERTRAN鄂西-鄂西北,7905,2000.0
INTERTRAN鄂西-鄂西北,7906,2000.0
INTERTRAN鄂西-鄂西北,7907,2000.0
INTERTRAN鄂西-鄂西北,7908,2000.0
INTERTRAN鄂西-鄂西北,7909,2000.0
INTERTRAN鄂西-鄂西北,7910,2000.0
INTERTRAN鄂西-鄂西北,7911,2000.0
INTERTRAN鄂西-鄂西北,7912,2000.0
INTERTRAN鄂西-鄂西北,7913,2000.0
INTERTRAN鄂西-鄂西北,7914,2000.0
INTERTRAN鄂西-鄂西北,7915,2000.0
INTERTRAN鄂西-鄂西北,7916,2000.0
INTERTRAN鄂西-鄂西北,7917,2000.0
INTERTRAN鄂西-鄂西北,7918,2000.0
INTERTRAN鄂西-鄂西北,7919,1949.6815000000006
INTERTRAN鄂西-鄂东,7920,4774.243279999997
INTERTRAN鄂西-鄂东,7921,8705.510205000013
INTERTRAN鄂西-鄂东,7922,5892.85049999999
INTERTRAN鄂西-鄂东,7923,7425.427930000002
INTERTRAN鄂西-鄂东,7924,5444.6568999999945
INTERTRAN鄂西-鄂东,7925,9794.936199999993
INTERTRAN鄂西-鄂东,7926,9291.900830000002
INTERTRAN鄂西-鄂东,7927,8046.594444999999
INTERTRAN鄂西-鄂东,7928,7964.5543450000005
INTERTRAN鄂西-鄂东,7929,12600.0
INTERTRAN鄂西-鄂东,7930,10314.882099999999
INTERTRAN鄂西-鄂东,7931,11163.136045000021
INTERTRAN鄂西-鄂东,7932,6787.2041999999965
INTERTRAN鄂西-鄂东,7933,6614.575855000003
INTERTRAN鄂西-鄂东,7934,3703.1207999999897
INTERTRAN鄂西-鄂东,7935,3774.933240000002
INTERTRAN鄂西-鄂东,7936,8595.250010000003
INTERTRAN鄂西-鄂东,7937,6272.051589999999
INTERTRAN鄂西-鄂东,7938,9232.240479999997
INTERTRAN鄂西-鄂东,7939,10635.615715925083
INTERTRAN鄂西-鄂东,7940,11337.688199999997
INTERTRAN鄂西-鄂东,7941,7465.179975000043
INTERTRAN鄂西-鄂东,7942,5735.311799999992
INTERTRAN鄂西-鄂东,7943,4782.042029999997
INTERTRAN鄂西-鄂东,7944,8542.753899999992
INTERTRAN鄂西-鄂东,7945,9161.535480000002
INTERTRAN鄂西-鄂东,7946,7532.668099999995
INTERTRAN鄂西-鄂东,7947,8664.024480000002
INTERTRAN鄂西-鄂东,7948,6392.25028
INTERTRAN鄂西-鄂东,7949,5350.961620262555
INTERTRAN鄂西-鄂东,7950,9162.88333
INTERTRAN鄂西-鄂东,7951,8371.24349
INTERTRAN鄂西-鄂东,7952,8647.580090000003
INTERTRAN鄂西-鄂东,7953,10817.595316150062
INTERTRAN鄂西-鄂东,7954,8196.482399999994
INTERTRAN鄂西-鄂东,7955,5962.13439999999
INTERTRAN鄂西-鄂东,7956,4949.247280000003
INTERTRAN鄂西-鄂东,7957,2434.5122733333483
INTERTRAN鄂西-鄂东,7958,3074.259139999991
INTERTRAN鄂西-鄂东,7959,4296.489697283952
INTERTRAN鄂西-鄂东,7960,7090.022779999999
INTERTRAN鄂西-鄂东,7961,11555.97232
INTERTRAN鄂西-鄂东,7962,12303.072299999996
INTERTRAN鄂西-鄂东,7963,11278.914699999998
INTERTRAN鄂西-鄂东,7964,8700.564185
INTERTRAN鄂西-鄂东,7965,9518.167280000001
INTERTRAN鄂西-鄂东,7966,5094.360079999999
INTERTRAN鄂西-鄂东,7967,8594.097930000004
INTERTRAN鄂西-鄂东,7968,8539.660199999998
INTERTRAN鄂西-鄂东,7969,8432.480299999996
INTERTRAN鄂西-鄂东,7970,7780.758129999998
INTERTRAN鄂西-鄂东,7971,7530.239730000001
INTERTRAN鄂西-鄂东,7972,4997.171530000001
INTERTRAN鄂西-鄂东,7973,8989.705099999992
INTERTRAN鄂西-鄂东,7974,7786.121579999999
INTERTRAN鄂西-鄂东,7975,9084.62659
INTERTRAN鄂西-鄂东,7976,11816.209225000002
INTERTRAN鄂西-鄂东,7977,8838.268194999997
INTERTRAN鄂西-鄂东,7978,6584.681299999989
INTERTRAN鄂西-鄂东,7979,7483.552199999991
INTERTRAN鄂西-鄂东,7980,4994.31188740741
INTERTRAN鄂西-鄂东,7981,6808.890379999997
INTERTRAN鄂西-鄂东,7982,5822.280130617284
INTERTRAN鄂西-鄂东,7983,6144.360601975273
INTERTRAN鄂西-鄂东,7984,6963.860799999991
INTERTRAN鄂西-鄂东,7985,5528.341090000002
INTERTRAN鄂西-鄂东,7986,12600.0
INTERTRAN鄂西-鄂东,7987,8311.028885
INTERTRAN鄂西-鄂东,7988,12600.0
INTERTRAN鄂西-鄂东,7989,6748.842479999999
INTERTRAN鄂西-鄂东,7990,8606.368129999999
INTERTRAN鄂西-鄂东,7991,9764.230049737474
INTERTRAN鄂西-鄂东,7992,9724.134699999995
INTERTRAN鄂西-鄂东,7993,6790.977379999998
INTERTRAN鄂西-鄂东,7994,9526.205479999997
INTERTRAN鄂西-鄂东,7995,7272.339799999987
INTERTRAN鄂西-鄂东,7996,5822.15239999999
INTERTRAN鄂西-鄂东,7997,9596.53948
INTERTRAN鄂西-鄂东,7998,8624.171329999997
INTERTRAN鄂西-鄂东,7999,9641.635030000001
INTERTRAN鄂西-鄂东,8000,10729.059230000003
INTERTRAN鄂西-鄂东,8001,10916.823164999998
INTERTRAN鄂西-鄂东,8002,10499.378537924844
INTERTRAN鄂西-鄂东,8003,7064.993899999998
INTERTRAN鄂西-鄂东,8004,9935.425399999996
INTERTRAN鄂西-鄂东,8005,4048.599599999996
INTERTRAN鄂西-鄂东,8006,9493.076775000001
INTERTRAN鄂西-鄂东,8007,8425.452910000004
INTERTRAN鄂西-鄂东,8008,9970.032899999998
INTERTRAN鄂西-鄂东,8009,7995.56427954169
INTERTRAN鄂西-鄂东,8010,6540.429859999989
INTERTRAN鄂西-鄂东,8011,12600.0
INTERTRAN鄂西-鄂东,8012,10446.858699999997
INTERTRAN鄂西-鄂东,8013,10643.2978
INTERTRAN鄂西-鄂东,8014,6402.287179999996
INTERTRAN鄂西-鄂东,8015,10513.9525
INTERTRAN鄂西-鄂东,8016,5044.318490000567
INTERTRAN鄂西-鄂东,8017,4107.225390000001
INTERTRAN鄂西-鄂东,8018,3278.7399399999977
INTERTRAN鄂西-鄂东,8019,4506.90255111375
INTERTRAN鄂西-鄂东,8020,4248.440700000219
INTERTRAN鄂西-鄂东,8021,4209.752499999995
INTERTRAN鄂西-鄂东,8022,3565.020450850021
INTERTRAN鄂西-鄂东,8023,3236.000100000001
INTERTRAN鄂西-鄂东,8024,9273.416799999999
INTERTRAN鄂西-鄂东,8025,7811.8371949999855
INTERTRAN鄂西-鄂东,8026,4746.869500000001
INTERTRAN鄂西-鄂东,8027,7718.411599999999
INTERTRAN鄂西-鄂东,8028,2463.694299999981
INTERTRAN鄂西-鄂东,8029,3869.0979641975136
INTERTRAN鄂西-鄂东,8030,2368.3708296296136
INTERTRAN鄂西-鄂东,8031,3601.9237925925772
INTERTRAN鄂西-鄂东,8032,2929.5070197530695
INTERTRAN鄂西-鄂东,8033,8248.59074
INTERTRAN鄂西-鄂东,8034,7245.459839999996
INTERTRAN鄂西-鄂东,8035,6148.750540000001
INTERTRAN鄂西-鄂东,8036,4938.682000000001
INTERTRAN鄂西-鄂东,8037,5243.941739999995
INTERTRAN鄂西-鄂东,8038,6088.486974964268
INTERTRAN鄂西-鄂东,8039,9980.235439999997
INTERTRAN鄂西-鄂东,8040,6138.356899999997
INTERTRAN鄂西-鄂东,8041,3302.1454400000002
INTERTRAN鄂西-鄂东,8042,3045.3086399999993
INTERTRAN鄂西-鄂东,8043,2545.627739999998
INTERTRAN鄂西-鄂东,8044,4626.034875035706
INTERTRAN鄂西-鄂东,8045,4354.70434
INTERTRAN鄂西-鄂东,8046,4455.960839999998
INTERTRAN鄂西-鄂东,8047,4731.410040000001
INTERTRAN鄂西-鄂东,8048,4826.180039999999
INTERTRAN鄂西-鄂东,8049,8132.030039999998
INTERTRAN鄂西-鄂东,8050,5150.160399999986
INTERTRAN鄂西-鄂东,8051,4380.670299999983
INTERTRAN鄂西-鄂东,8052,7072.849606666667
INTERTRAN鄂西-鄂东,8053,4439.524239999999
INTERTRAN鄂西-鄂东,8054,1910.19159999958
INTERTRAN鄂西-鄂东,8055,5418.064117777776
INTERTRAN鄂西-鄂东,8056,2788.3015950331064
INTERTRAN鄂西-鄂东,8057,4622.1147400000045
INTERTRAN鄂西-鄂东,8058,6949.6682999999975
INTERTRAN鄂西-鄂东,8059,10651.253360000002
INTERTRAN鄂西-鄂东,8060,9368.329039999997
INTERTRAN鄂西-鄂东,8061,6705.80774
INTERTRAN鄂西-鄂东,8062,6036.62816
INTERTRAN鄂西-鄂东,8063,8221.945339999998
INTERTRAN鄂西北-鄂东,7920,3000.0
INTERTRAN鄂西北-鄂东,7921,-1532.717825000015
INTERTRAN鄂西北-鄂东,7922,-1605.9979199999889
INTERTRAN鄂西北-鄂东,7923,-1106.58925
INTERTRAN鄂西北-鄂东,7924,-1684.8520000000008
INTERTRAN鄂西北-鄂东,7925,-1359.639250000001
INTERTRAN鄂西北-鄂东,7926,-1279.1367500000006
INTERTRAN鄂西北-鄂东,7927,-1889.9499650000002
INTERTRAN鄂西北-鄂东,7928,-1504.8524649999993
INTERTRAN鄂西北-鄂东,7929,245.07188000000315
INTERTRAN鄂西北-鄂东,7930,-2350.920385000006
INTERTRAN鄂西北-鄂东,7931,-1872.8933650000188
INTERTRAN鄂西北-鄂东,7932,-2093.488919999996
INTERTRAN鄂西北-鄂东,7933,-1465.2064750000006
INTERTRAN鄂西北-鄂东,7934,-2455.7284600000003
INTERTRAN鄂西北-鄂东,7935,-1892.0144600000006
INTERTRAN鄂西北-鄂东,7936,-1556.3262300000001
INTERTRAN鄂西北-鄂东,7937,2265.1305900000007
INTERTRAN鄂西北-鄂东,7938,-330.42260000000033
INTERTRAN鄂西北-鄂东,7939,161.7819640749144
INTERTRAN鄂西北-鄂东,7940,-1775.3618199999964
INTERTRAN鄂西北-鄂东,7941,-2214.7316368125666
INTERTRAN鄂西北-鄂东,7942,-1404.2171199999912
INTERTRAN鄂西北-鄂东,7943,2268.1932499999994
INTERTRAN鄂西北-鄂东,7944,-1111.815250000001
INTERTRAN鄂西北-鄂东,7945,-619.1315000000009
INTERTRAN鄂西北-鄂东,7946,-1493.9015000000004
INTERTRAN鄂西北-鄂东,7947,-769.5485000000006
INTERTRAN鄂西北-鄂东,7948,2799.5675
INTERTRAN鄂西北-鄂东,7949,-1517.5464402625562
INTERTRAN鄂西北-鄂东,7950,-1189.5582500000005
INTERTRAN鄂西北-鄂东,7951,-1947.77571
INTERTRAN鄂西北-鄂东,7952,-1126.9837100000004
INTERTRAN鄂西北-鄂东,7953,-653.4737384500436
INTERTRAN鄂西北-鄂东,7954,-2608.1981950000004
INTERTRAN鄂西北-鄂东,7955,-2897.5845200000003
INTERTRAN鄂西北-鄂东,7956,-3000.0
INTERTRAN鄂西北-鄂东,7957,-1491.9242933333444
INTERTRAN鄂西北-鄂东,7958,-3000.0
INTERTRAN鄂西北-鄂东,7959,-3000.0
INTERTRAN鄂西北-鄂东,7960,-3000.0
INTERTRAN鄂西北-鄂东,7961,-2060.80984
INTERTRAN鄂西北-鄂东,7962,-1483.0955200000008
INTERTRAN鄂西北-鄂东,7963,-1160.0403283638245
INTERTRAN鄂西北-鄂东,7964,-2842.006305000001
INTERTRAN鄂西北-鄂东,7965,-1580.0365000000002
INTERTRAN鄂西北-鄂东,7966,-2072.7185
INTERTRAN鄂西北-鄂东,7967,-1971.9702499999996
INTERTRAN鄂西北-鄂东,7968,-1134.0457500000007
INTERTRAN鄂西北-鄂东,7969,-1865.1323199999988
INTERTRAN鄂西北-鄂东,7970,-1670.7632500000002
INTERTRAN鄂西北-鄂东,7971,-1702.5962500000003
INTERTRAN鄂西北-鄂东,7972,-993.7312500000003
INTERTRAN鄂西北-鄂东,7973,-809.7594999999974
INTERTRAN鄂西北-鄂东,7974,-501.1790000000001
INTERTRAN鄂西北-鄂东,7975,-1328.9872100000002
INTERTRAN鄂西北-鄂东,7976,-2100.403045
INTERTRAN鄂西北-鄂东,7977,-1525.3463150000005
INTERTRAN鄂西北-鄂东,7978,-2820.483654999999
INTERTRAN鄂西北-鄂东,7979,-2834.05235
INTERTRAN鄂西北-鄂东,7980,-3000.0
INTERTRAN鄂西北-鄂东,7981,-3000.0
INTERTRAN鄂西北-鄂东,7982,-3000.0
INTERTRAN鄂西北-鄂东,7983,-2832.3299219752744
INTERTRAN鄂西北-鄂东,7984,-2872.111685
INTERTRAN鄂西北-鄂东,7985,1975.6103899999998
INTERTRAN鄂西北-鄂东,7986,-910.434119999989
INTERTRAN鄂西北-鄂东,7987,-1960.2538050000007
INTERTRAN鄂西北-鄂东,7988,-1720.0433200000007
INTERTRAN鄂西北-鄂东,7989,-1587.3365
INTERTRAN鄂西北-鄂东,7990,-2147.53125
INTERTRAN鄂西北-鄂东,7991,-2267.833000000001
INTERTRAN鄂西北-鄂东,7992,-1714.6365000000005
INTERTRAN鄂西北-鄂东,7993,-2034.109
INTERTRAN鄂西北-鄂东,7994,-1294.6354999999999
INTERTRAN鄂西北-鄂东,7995,-1783.8212500000009
INTERTRAN鄂西北-鄂东,7996,-1806.9407500000004
INTERTRAN鄂西北-鄂东,7997,-1262.7215
INTERTRAN鄂西北-鄂东,7998,-2134.7072499999995
INTERTRAN鄂西北-鄂东,7999,-1293.339050000001
INTERTRAN鄂西北-鄂东,8000,-2474.8020500000002
INTERTRAN鄂西北-鄂东,8001,-2392.7043850000005
INTERTRAN鄂西北-鄂东,8002,-2675.8002579248423
INTERTRAN鄂西北-鄂东,8003,2842.6575800000037
INTERTRAN鄂西北-鄂东,8004,-2946.1206699999993
INTERTRAN鄂西北-鄂东,8005,1173.1147700000001
INTERTRAN鄂西北-鄂东,8006,-3000.0
INTERTRAN鄂西北-鄂东,8007,-2797.025130000001
INTERTRAN鄂西北-鄂东,8008,-2559.6423100000015
INTERTRAN鄂西北-鄂东,8009,3000.0
INTERTRAN鄂西北-鄂东,8010,718.7955200000097
INTERTRAN鄂西北-鄂东,8011,-2248.930719541694
INTERTRAN鄂西北-鄂东,8012,-776.274304999276
INTERTRAN鄂西北-鄂东,8013,46.43298000000323
INTERTRAN鄂西北-鄂东,8014,3000.0
INTERTRAN鄂西北-鄂东,8015,22.450749998547053
INTERTRAN鄂西北-鄂东,8016,2815.828749999435
INTERTRAN鄂西北-鄂东,8017,2569.1052499999996
INTERTRAN鄂西北-鄂东,8018,3000.0
INTERTRAN鄂西北-鄂东,8019,1585.411188886249
INTERTRAN鄂西北-鄂东,8020,1675.9512911137465
INTERTRAN鄂西北-鄂东,8021,1566.164340000003
INTERTRAN鄂西北-鄂东,8022,2403.0276891499784
INTERTRAN鄂西北-鄂东,8023,2256.7541550000005
INTERTRAN鄂西北-鄂东,8024,1952.4248399999997
INTERTRAN鄂西北-鄂东,8025,1333.2972450000143
INTERTRAN鄂西北-鄂东,8026,1085.219575
INTERTRAN鄂西北-鄂东,8027,100.24793999999838
INTERTRAN鄂西北-鄂东,8028,2477.7513549999994
INTERTRAN鄂西北-鄂东,8029,1698.7614069752908
INTERTRAN鄂西北-鄂东,8030,2640.979613765432
INTERTRAN鄂西北-鄂东,8031,1406.4777481043557
INTERTRAN鄂西北-鄂东,8032,1114.8259869135973
INTERTRAN鄂西北-鄂东,8033,3000.0
INTERTRAN鄂西北-鄂东,8034,3000.0
INTERTRAN鄂西北-鄂东,8035,3000.0
INTERTRAN鄂西北-鄂东,8036,3000.0
INTERTRAN鄂西北-鄂东,8037,2075.519000000001
INTERTRAN鄂西北-鄂东,8038,921.4399300357345
INTERTRAN鄂西北-鄂东,8039,3000.0
INTERTRAN鄂西北-鄂东,8040,1754.8645608500187
INTERTRAN鄂西北-鄂东,8041,3000.0
INTERTRAN鄂西北-鄂东,8042,3000.0
INTERTRAN鄂西北-鄂东,8043,3000.0
INTERTRAN鄂西北-鄂东,8044,2075.2029649642964
INTERTRAN鄂西北-鄂东,8045,2465.7619999999997
INTERTRAN鄂西北-鄂东,8046,3000.0
INTERTRAN鄂西北-鄂东,8047,3000.0
INTERTRAN鄂西北-鄂东,8048,3000.0
INTERTRAN鄂西北-鄂东,8049,3000.0
INTERTRAN鄂西北-鄂东,8050,-534.4821750000001
INTERTRAN鄂西北-鄂东,8051,-2310.000059999985
INTERTRAN鄂西北-鄂东,8052,-3000.0
INTERTRAN鄂西北-鄂东,8053,-3000.0
INTERTRAN鄂西北-鄂东,8054,-3000.0
INTERTRAN鄂西北-鄂东,8055,-3000.0
INTERTRAN鄂西北-鄂东,8056,-3000.0
INTERTRAN鄂西北-鄂东,8057,3000.0
INTERTRAN鄂西北-鄂东,8058,3000.0
INTERTRAN鄂西北-鄂东,8059,3000.0
INTERTRAN鄂西北-鄂东,8060,3000.0
INTERTRAN鄂西北-鄂东,8061,3000.0
INTERTRAN鄂西北-鄂东,8062,3000.0
INTERTRAN鄂西北-鄂东,8063,3000.0
INTERTRAN鄂西-鄂西北,7920,1842.6819199999918
INTERTRAN鄂西-鄂西北,7921,-2000.0
INTERTRAN鄂西-鄂西北,7922,-2000.0
INTERTRAN鄂西-鄂西北,7923,-2000.0
INTERTRAN鄂西-鄂西北,7924,-2000.0
INTERTRAN鄂西-鄂西北,7925,-2000.0
INTERTRAN鄂西-鄂西北,7926,-2000.0
INTERTRAN鄂西-鄂西北,7927,-2000.0
INTERTRAN鄂西-鄂西北,7928,-2000.0
INTERTRAN鄂西-鄂西北,7929,-850.1880889499912
INTERTRAN鄂西-鄂西北,7930,-2000.0
INTERTRAN鄂西-鄂西北,7931,-2000.0
INTERTRAN鄂西-鄂西北,7932,-2000.0
INTERTRAN鄂西-鄂西北,7933,-2000.0
INTERTRAN鄂西-鄂西北,7934,-2000.0
INTERTRAN鄂西-鄂西北,7935,-2000.0
INTERTRAN鄂西-鄂西北,7936,-2000.0
INTERTRAN鄂西-鄂西北,7937,2000.0
INTERTRAN鄂西-鄂西北,7938,-2000.0
INTERTRAN鄂西-鄂西北,7939,-2000.0
INTERTRAN鄂西-鄂西北,7940,-2000.0
INTERTRAN鄂西-鄂西北,7941,-2000.0
INTERTRAN鄂西-鄂西北,7942,-2000.0
INTERTRAN鄂西-鄂西北,7943,2000.0
INTERTRAN鄂西-鄂西北,7944,-2000.0
INTERTRAN鄂西-鄂西北,7945,-2000.0
INTERTRAN鄂西-鄂西北,7946,-2000.0
INTERTRAN鄂西-鄂西北,7947,-2000.0
INTERTRAN鄂西-鄂西北,7948,2000.0
INTERTRAN鄂西-鄂西北,7949,-2000.0
INTERTRAN鄂西-鄂西北,7950,-2000.0
INTERTRAN鄂西-鄂西北,7951,-2000.0
INTERTRAN鄂西-鄂西北,7952,-2000.0
INTERTRAN鄂西-鄂西北,7953,-2000.0
INTERTRAN鄂西-鄂西北,7954,-2000.0
INTERTRAN鄂西-鄂西北,7955,-2000.0
INTERTRAN鄂西-鄂西北,7956,-612.7070699999995
INTERTRAN鄂西-鄂西北,7957,2000.0
INTERTRAN鄂西-鄂西北,7958,-657.4767399999992
INTERTRAN鄂西-鄂西北,7959,1724.7323976542743
INTERTRAN鄂西-鄂西北,7960,-1823.3895450000005
INTERTRAN鄂西-鄂西北,7961,-2000.0
INTERTRAN鄂西-鄂西北,7962,-2000.0
INTERTRAN鄂西-鄂西北,7963,-2000.0
INTERTRAN鄂西-鄂西北,7964,-2000.0
INTERTRAN鄂西-鄂西北,7965,-2000.0
INTERTRAN鄂西-鄂西北,7966,-2000.0
INTERTRAN鄂西-鄂西北,7967,-2000.0
INTERTRAN鄂西-鄂西北,7968,-2000.0
INTERTRAN鄂西-鄂西北,7969,-2000.0
INTERTRAN鄂西-鄂西北,7970,-2000.0
INTERTRAN鄂西-鄂西北,7971,-2000.0
INTERTRAN鄂西-鄂西北,7972,-2000.0
INTERTRAN鄂西-鄂西北,7973,-2000.0
INTERTRAN鄂西-鄂西北,7974,-2000.0
INTERTRAN鄂西-鄂西北,7975,-2000.0
INTERTRAN鄂西-鄂西北,7976,-2000.0
INTERTRAN鄂西-鄂西北,7977,-2000.0
INTERTRAN鄂西-鄂西北,7978,-2000.0
INTERTRAN鄂西-鄂西北,7979,-2000.0
INTERTRAN鄂西-鄂西北,7980,-411.73456888889905
INTERTRAN鄂西-鄂西北,7981,-480.242820740752
INTERTRAN鄂西-鄂西北,7982,97.52347635800425
INTERTRAN鄂西-鄂西北,7983,-2000.0
INTERTRAN鄂西-鄂西北,7984,-2000.0
INTERTRAN鄂西-鄂西北,7985,2000.0
INTERTRAN鄂西-鄂西北,7986,-1224.1691000000028
INTERTRAN鄂西-鄂西北,7987,-2000.0
INTERTRAN鄂西-鄂西北,7988,-1970.9041450000007
INTERTRAN鄂西-鄂西北,7989,-2000.0
INTERTRAN鄂西-鄂西北,7990,-2000.0
INTERTRAN鄂西-鄂西北,7991,-2000.0
INTERTRAN鄂西-鄂西北,7992,-2000.0
INTERTRAN鄂西-鄂西北,7993,-2000.0
INTERTRAN鄂西-鄂西北,7994,-2000.0
INTERTRAN鄂西-鄂西北,7995,-2000.0
INTERTRAN鄂西-鄂西北,7996,-2000.0
INTERTRAN鄂西-鄂西北,7997,-2000.0
INTERTRAN鄂西-鄂西北,7998,-2000.0
INTERTRAN鄂西-鄂西北,7999,-2000.0
INTERTRAN鄂西-鄂西北,8000,-2000.0
INTERTRAN鄂西-鄂西北,8001,-2000.0
INTERTRAN鄂西-鄂西北,8002,-2000.0
INTERTRAN鄂西-鄂西北,8003,2000.0
INTERTRAN鄂西-鄂西北,8004,-2000.0
INTERTRAN鄂西-鄂西北,8005,2000.0
INTERTRAN鄂西-鄂西北,8006,-1665.2712750000003
INTERTRAN鄂西-鄂西北,8007,-2000.0
INTERTRAN鄂西-鄂西北,8008,-2000.0
INTERTRAN鄂西-鄂西北,8009,-2000.0
INTERTRAN鄂西-鄂西北,8010,-2000.0
INTERTRAN鄂西-鄂西北,8011,-2000.0
INTERTRAN鄂西-鄂西北,8012,-2000.0
INTERTRAN鄂西-鄂西北,8013,-2000.0
INTERTRAN鄂西-鄂西北,8014,321.7128200000034
INTERTRAN鄂西-鄂西北,8015,-2000.0
INTERTRAN鄂西-鄂西北,8016,-2000.0
INTERTRAN鄂西-鄂西北,8017,-2000.0
INTERTRAN鄂西-鄂西北,8018,-612.1731399999962
INTERTRAN鄂西-鄂西北,8019,-2000.0
INTERTRAN鄂西-鄂西北,8020,-2000.0
INTERTRAN鄂西-鄂西北,8021,-2000.0
INTERTRAN鄂西-鄂西北,8022,-2000.0
INTERTRAN鄂西-鄂西北,8023,-2000.0
INTERTRAN鄂西-鄂西北,8024,-2000.0
INTERTRAN鄂西-鄂西北,8025,-2000.0
INTERTRAN鄂西-鄂西北,8026,-2000.0
INTERTRAN鄂西-鄂西北,8027,-2000.0
INTERTRAN鄂西-鄂西北,8028,2000.0
INTERTRAN鄂西-鄂西北,8029,2000.0
INTERTRAN鄂西-鄂西北,8030,2000.0
INTERTRAN鄂西-鄂西北,8031,2000.0
INTERTRAN鄂西-鄂西北,8032,2000.0
INTERTRAN鄂西-鄂西北,8033,617.5466350000002
INTERTRAN鄂西-鄂西北,8034,-1808.6846049999995
INTERTRAN鄂西-鄂西北,8035,-2000.0
INTERTRAN鄂西-鄂西北,8036,-2000.0
INTERTRAN鄂西-鄂西北,8037,-2000.0
INTERTRAN鄂西-鄂西北,8038,-2000.0
INTERTRAN鄂西-鄂西北,8039,-1293.705750000743
INTERTRAN鄂西-鄂西北,8040,-2000.0
INTERTRAN鄂西-鄂西北,8041,-778.9097499999998
INTERTRAN鄂西-鄂西北,8042,-652.8562499999998
INTERTRAN鄂西-鄂西北,8043,-1438.058000000002
INTERTRAN鄂西-鄂西北,8044,-2000.0
INTERTRAN鄂西-鄂西北,8045,-2000.0
INTERTRAN鄂西-鄂西北,8046,-933.2467500000002
INTERTRAN鄂西-鄂西北,8047,-1165.4227099999998
INTERTRAN鄂西-鄂西北,8048,-2000.0
INTERTRAN鄂西-鄂西北,8049,-2000.0
INTERTRAN鄂西-鄂西北,8050,-2000.0
INTERTRAN鄂西-鄂西北,8051,2000.0
INTERTRAN鄂西-鄂西北,8052,2000.0
INTERTRAN鄂西-鄂西北,8053,2000.0
INTERTRAN鄂西-鄂西北,8054,2000.0
INTERTRAN鄂西-鄂西北,8055,2000.0
INTERTRAN鄂西-鄂西北,8056,2000.0
INTERTRAN鄂西-鄂西北,8057,1654.4060600000012
INTERTRAN鄂西-鄂西北,8058,-2000.0
INTERTRAN鄂西-鄂西北,8059,-2000.0
INTERTRAN鄂西-鄂西北,8060,-2000.0
INTERTRAN鄂西-鄂西北,8061,-2000.0
INTERTRAN鄂西-鄂西北,8062,-2000.0
INTERTRAN鄂西-鄂西北,8063,-2000.0
INTERTRAN鄂西-鄂东,8064,8052.022839999998
INTERTRAN鄂西-鄂东,8065,5154.332899999998
INTERTRAN鄂西-鄂东,8066,8116.2659399999975
INTERTRAN鄂西-鄂东,8067,7934.46284
INTERTRAN鄂西-鄂东,8068,8717.994440000002
INTERTRAN鄂西-鄂东,8069,7299.683540000002
INTERTRAN鄂西-鄂东,8070,6958.041739999997
INTERTRAN鄂西-鄂东,8071,7363.17760637543
INTERTRAN鄂西-鄂东,8072,4919.721460000008
INTERTRAN鄂西-鄂东,8073,9497.620324675452
INTERTRAN鄂西-鄂东,8074,4187.406999999996
INTERTRAN鄂西-鄂东,8075,4644.342169967305
INTERTRAN鄂西-鄂东,8076,7132.202575899384
INTERTRAN鄂西-鄂东,8077,8235.662266666644
INTERTRAN鄂西-鄂东,8078,5708.370199999979
INTERTRAN鄂西-鄂东,8079,1653.2299066666073
INTERTRAN鄂西-鄂东,8080,3239.096571111135
INTERTRAN鄂西-鄂东,8081,7199.775099999981
INTERTRAN鄂西-鄂东,8082,8824.136579999999
INTERTRAN鄂西-鄂东,8083,5240.90294
INTERTRAN鄂西-鄂东,8084,5825.45529578397
INTERTRAN鄂西-鄂东,8085,9248.7051
INTERTRAN鄂西-鄂东,8086,6458.773739999997
INTERTRAN鄂西-鄂东,8087,5822.432359999995
INTERTRAN鄂西-鄂东,8088,5507.114920000004
INTERTRAN鄂西-鄂东,8089,4695.3483400000005
INTERTRAN鄂西-鄂东,8090,6676.810999999998
INTERTRAN鄂西-鄂东,8091,6378.422340000001
INTERTRAN鄂西-鄂东,8092,5597.93864
INTERTRAN鄂西-鄂东,8093,6538.54089220001
INTERTRAN鄂西-鄂东,8094,6072.298600000002
INTERTRAN鄂西-鄂东,8095,4824.990439999998
INTERTRAN鄂西-鄂东,8096,7331.89284
INTERTRAN鄂西-鄂东,8097,9460.446739999996
INTERTRAN鄂西-鄂东,8098,5631.306800000762
INTERTRAN鄂西-鄂东,8099,7811.940103985951
INTERTRAN鄂西-鄂东,8100,2353.8542355551326
INTERTRAN鄂西-鄂东,8101,9207.843172353445
INTERTRAN鄂西-鄂东,8102,5419.785133333757
INTERTRAN鄂西-鄂东,8103,2206.9913111116057
INTERTRAN鄂西-鄂东,8104,1456.1373999999814
INTERTRAN鄂西-鄂东,8105,8745.912999999982
INTERTRAN鄂西-鄂东,8106,3070.1244399999996
INTERTRAN鄂西-鄂东,8107,7480.689799540578
INTERTRAN鄂西-鄂东,8108,9282.609039999996
INTERTRAN鄂西-鄂东,8109,7682.61174
INTERTRAN鄂西-鄂东,8110,6675.253140000001
INTERTRAN鄂西-鄂东,8111,9847.575939999999
INTERTRAN鄂西-鄂东,8112,9616.68504
INTERTRAN鄂西-鄂东,8113,5942.276240000003
INTERTRAN鄂西-鄂东,8114,6404.381440000001
INTERTRAN鄂西-鄂东,8115,5313.884440000002
INTERTRAN鄂西-鄂东,8116,6642.281540000004
INTERTRAN鄂西-鄂东,8117,7287.727439999999
INTERTRAN鄂西-鄂东,8118,7877.4006400000035
INTERTRAN鄂西-鄂东,8119,8017.939339999997
INTERTRAN鄂西-鄂东,8120,5585.521339999999
INTERTRAN鄂西-鄂东,8121,10398.172139999999
INTERTRAN鄂西-鄂东,8122,7800.506454999999
INTERTRAN鄂西-鄂东,8123,5095.694956666754
INTERTRAN鄂西-鄂东,8124,6981.712199999987
INTERTRAN鄂西-鄂东,8125,2380.624439999996
INTERTRAN鄂西-鄂东,8126,6513.321604444416
INTERTRAN鄂西-鄂东,8127,3732.105288888868
INTERTRAN鄂西-鄂东,8128,7731.88063888887
INTERTRAN鄂西-鄂东,8129,7003.88954
INTERTRAN鄂西-鄂东,8130,5622.878340000003
INTERTRAN鄂西-鄂东,8131,6723.545539999999
INTERTRAN鄂西-鄂东,8132,8400.82544
INTERTRAN鄂西-鄂东,8133,7941.412700000001
INTERTRAN鄂西-鄂东,8134,7200.744940000004
INTERTRAN鄂西-鄂东,8135,7414.721839999998
INTERTRAN鄂西-鄂东,8136,9052.85774
INTERTRAN鄂西-鄂东,8137,5131.779600000002
INTERTRAN鄂西-鄂东,8138,7939.507839999998
INTERTRAN鄂西-鄂东,8139,6565.943039999998
INTERTRAN鄂西-鄂东,8140,8022.215940000002
INTERTRAN鄂西-鄂东,8141,4828.0408400000015
INTERTRAN鄂西-鄂东,8142,8103.283940000001
INTERTRAN鄂西-鄂东,8143,2247.492099999996
INTERTRAN鄂西-鄂东,8144,8143.53024
INTERTRAN鄂西-鄂东,8145,9133.382579999998
INTERTRAN鄂西-鄂东,8146,6982.039405000003
INTERTRAN鄂西-鄂东,8147,6827.4547370370165
INTERTRAN鄂西-鄂东,8148,6216.338384444443
INTERTRAN鄂西-鄂东,8149,4468.880362222222
INTERTRAN鄂西-鄂东,8150,3598.666635308662
INTERTRAN鄂西-鄂东,8151,6274.834154258271
INTERTRAN鄂西-鄂东,8152,7595.925940000001
INTERTRAN鄂西-鄂东,8153,8327.292440000001
INTERTRAN鄂西-鄂东,8154,5678.618139999999
INTERTRAN鄂西-鄂东,8155,8684.751199999999
INTERTRAN鄂西-鄂东,8156,4254.627639999999
INTERTRAN鄂西-鄂东,8157,7258.797839999999
INTERTRAN鄂西-鄂东,8158,8164.110180000003
INTERTRAN鄂西-鄂东,8159,8517.799939999997
INTERTRAN鄂西-鄂东,8160,5428.5075
INTERTRAN鄂西-鄂东,8161,8273.733139999997
INTERTRAN鄂西-鄂东,8162,6339.306139999997
INTERTRAN鄂西-鄂东,8163,7093.273740000004
INTERTRAN鄂西-鄂东,8164,6695.474279999995
INTERTRAN鄂西-鄂东,8165,6554.1860400000005
INTERTRAN鄂西-鄂东,8166,6671.0826400000005
INTERTRAN鄂西-鄂东,8167,7446.207040000001
INTERTRAN鄂西-鄂东,8168,9364.41864
INTERTRAN鄂西-鄂东,8169,10421.918240000003
INTERTRAN鄂西-鄂东,8170,6217.85254
INTERTRAN鄂西-鄂东,8171,6178.813006666667
INTERTRAN鄂西-鄂东,8172,1953.2880633334316
INTERTRAN鄂西-鄂东,8173,5234.030066666652
INTERTRAN鄂西-鄂东,8174,6078.409140555537
INTERTRAN鄂西-鄂东,8175,6217.121499999979
INTERTRAN鄂西-鄂东,8176,6018.788499999984
INTERTRAN鄂西-鄂东,8177,9015.45469999998
INTERTRAN鄂西-鄂东,8178,6103.603640000005
INTERTRAN鄂西-鄂东,8179,4294.450139999997
INTERTRAN鄂西-鄂东,8180,7655.497300000003
INTERTRAN鄂西-鄂东,8181,5748.909100000001
INTERTRAN鄂西-鄂东,8182,6865.63364
INTERTRAN鄂西-鄂东,8183,9381.003739999996
INTERTRAN鄂西-鄂东,8184,7781.58224
INTERTRAN鄂西-鄂东,8185,6134.085640000001
INTERTRAN鄂西-鄂东,8186,8415.475199999983
INTERTRAN鄂西-鄂东,8187,6550.542740000004
INTERTRAN鄂西-鄂东,8188,6252.709439999999
INTERTRAN鄂西-鄂东,8189,6262.293539999999
INTERTRAN鄂西-鄂东,8190,7371.9974
INTERTRAN鄂西-鄂东,8191,5064.61091546675
INTERTRAN鄂西-鄂东,8192,10331.789921278767
INTERTRAN鄂西-鄂东,8193,9304.382140000002
INTERTRAN鄂西-鄂东,8194,5176.059239999999
INTERTRAN鄂西-鄂东,8195,3014.811288888781
INTERTRAN鄂西-鄂东,8196,3168.2155333333158
INTERTRAN鄂西-鄂东,8197,7502.808233333315
INTERTRAN鄂西-鄂东,8198,8331.890733888868
INTERTRAN鄂西-鄂东,8199,3011.7029488889384
INTERTRAN鄂西-鄂东,8200,2380.97537333334
INTERTRAN鄂西-鄂东,8201,7155.608599999996
INTERTRAN鄂西-鄂东,8202,6668.357483023159
INTERTRAN鄂西-鄂东,8203,7914.566940000001
INTERTRAN鄂西-鄂东,8204,5578.45694
INTERTRAN鄂西-鄂东,8205,8926.651339999997
INTERTRAN鄂西-鄂东,8206,7566.615539999999
INTERTRAN鄂西-鄂东,8207,10737.937379999996
INTERTRAN鄂西北-鄂东,8064,3000.0
INTERTRAN鄂西北-鄂东,8065,3000.0
INTERTRAN鄂西北-鄂东,8066,3000.0
INTERTRAN鄂西北-鄂东,8067,3000.0
INTERTRAN鄂西北-鄂东,8068,3000.0
INTERTRAN鄂西北-鄂东,8069,3000.0
INTERTRAN鄂西北-鄂东,8070,3000.0
INTERTRAN鄂西北-鄂东,8071,3000.0
INTERTRAN鄂西北-鄂东,8072,3000.0
INTERTRAN鄂西北-鄂东,8073,3000.0
INTERTRAN鄂西北-鄂东,8074,2833.351940000006
INTERTRAN鄂西北-鄂东,8075,-3000.0
INTERTRAN鄂西北-鄂东,8076,-3000.0
INTERTRAN鄂西北-鄂东,8077,-3000.0
INTERTRAN鄂西北-鄂东,8078,-3000.0
INTERTRAN鄂西北-鄂东,8079,-3000.0
INTERTRAN鄂西北-鄂东,8080,-2639.2835800000003
INTERTRAN鄂西北-鄂东,8081,1818.1123400000206
INTERTRAN鄂西北-鄂东,8082,3000.0
INTERTRAN鄂西北-鄂东,8083,3000.0
INTERTRAN鄂西北-鄂东,8084,3000.0
INTERTRAN鄂西北-鄂东,8085,3000.0
INTERTRAN鄂西北-鄂东,8086,3000.0
INTERTRAN鄂西北-鄂东,8087,3000.0
INTERTRAN鄂西北-鄂东,8088,3000.0
INTERTRAN鄂西北-鄂东,8089,3000.0
INTERTRAN鄂西北-鄂东,8090,3000.0
INTERTRAN鄂西北-鄂东,8091,3000.0
INTERTRAN鄂西北-鄂东,8092,3000.0
INTERTRAN鄂西北-鄂东,8093,3000.0
INTERTRAN鄂西北-鄂东,8094,3000.0
INTERTRAN鄂西北-鄂东,8095,3000.0
INTERTRAN鄂西北-鄂东,8096,3000.0
INTERTRAN鄂西北-鄂东,8097,3000.0
INTERTRAN鄂西北-鄂东,8098,-29.508260000764494
INTERTRAN鄂西北-鄂东,8099,-3000.0
INTERTRAN鄂西北-鄂东,8100,-3000.0
INTERTRAN鄂西北-鄂东,8101,-3000.0
INTERTRAN鄂西北-鄂东,8102,-3000.0
INTERTRAN鄂西北-鄂东,8103,-3000.0
INTERTRAN鄂西北-鄂东,8104,-3000.0
INTERTRAN鄂西北-鄂东,8105,-855.4198250000009
INTERTRAN鄂西北-鄂东,8106,3000.0
INTERTRAN鄂西北-鄂东,8107,3000.0
INTERTRAN鄂西北-鄂东,8108,3000.0
INTERTRAN鄂西北-鄂东,8109,3000.0
INTERTRAN鄂西北-鄂东,8110,3000.0
INTERTRAN鄂西北-鄂东,8111,3000.0
INTERTRAN鄂西北-鄂东,8112,3000.0
INTERTRAN鄂西北-鄂东,8113,3000.0
INTERTRAN鄂西北-鄂东,8114,3000.0
INTERTRAN鄂西北-鄂东,8115,3000.0
INTERTRAN鄂西北-鄂东,8116,3000.0
INTERTRAN鄂西北-鄂东,8117,3000.0
INTERTRAN鄂西北-鄂东,8118,3000.0
INTERTRAN鄂西北-鄂东,8119,3000.0
INTERTRAN鄂西北-鄂东,8120,3000.0
INTERTRAN鄂西北-鄂东,8121,3000.0
INTERTRAN鄂西北-鄂东,8122,769.3758850000004
INTERTRAN鄂西北-鄂东,8123,-3000.0
INTERTRAN鄂西北-鄂东,8124,-3000.0
INTERTRAN鄂西北-鄂东,8125,-3000.0
INTERTRAN鄂西北-鄂东,8126,-3000.0
INTERTRAN鄂西北-鄂东,8127,-3000.0
INTERTRAN鄂西北-鄂东,8128,-3000.0
INTERTRAN鄂西北-鄂东,8129,3000.0
INTERTRAN鄂西北-鄂东,8130,3000.0
INTERTRAN鄂西北-鄂东,8131,3000.0
INTERTRAN鄂西北-鄂东,8132,3000.0
INTERTRAN鄂西北-鄂东,8133,3000.0
INTERTRAN鄂西北-鄂东,8134,3000.0
INTERTRAN鄂西北-鄂东,8135,3000.0
INTERTRAN鄂西北-鄂东,8136,3000.0
INTERTRAN鄂西北-鄂东,8137,3000.0
INTERTRAN鄂西北-鄂东,8138,3000.0
INTERTRAN鄂西北-鄂东,8139,3000.0
INTERTRAN鄂西北-鄂东,8140,3000.0
INTERTRAN鄂西北-鄂东,8141,3000.0
INTERTRAN鄂西北-鄂东,8142,3000.0
INTERTRAN鄂西北-鄂东,8143,1604.0211400000062
INTERTRAN鄂西北-鄂东,8144,3000.0
INTERTRAN鄂西北-鄂东,8145,3000.0
INTERTRAN鄂西北-鄂东,8146,2658.7416349999994
INTERTRAN鄂西北-鄂东,8147,-1959.3913156790138
INTERTRAN鄂西北-鄂东,8148,-3000.0
INTERTRAN鄂西北-鄂东,8149,-3000.0
INTERTRAN鄂西北-鄂东,8150,-2052.960110000001
INTERTRAN鄂西北-鄂东,8151,883.7027857417288
INTERTRAN鄂西北-鄂东,8152,-3000.0
INTERTRAN鄂西北-鄂东,8153,3000.0
INTERTRAN鄂西北-鄂东,8154,3000.0
INTERTRAN鄂西北-鄂东,8155,3000.0
INTERTRAN鄂西北-鄂东,8156,3000.0
INTERTRAN鄂西北-鄂东,8157,3000.0
INTERTRAN鄂西北-鄂东,8158,3000.0
INTERTRAN鄂西北-鄂东,8159,3000.0
INTERTRAN鄂西北-鄂东,8160,3000.0
INTERTRAN鄂西北-鄂东,8161,3000.0
INTERTRAN鄂西北-鄂东,8162,3000.0
INTERTRAN鄂西北-鄂东,8163,3000.0
INTERTRAN鄂西北-鄂东,8164,3000.0
INTERTRAN鄂西北-鄂东,8165,3000.0
INTERTRAN鄂西北-鄂东,8166,3000.0
INTERTRAN鄂西北-鄂东,8167,3000.0
INTERTRAN鄂西北-鄂东,8168,3000.0
INTERTRAN鄂西北-鄂东,8169,3000.0
INTERTRAN鄂西北-鄂东,8170,3000.0
INTERTRAN鄂西北-鄂东,8171,-3000.0
INTERTRAN鄂西北-鄂东,8172,-3000.0
INTERTRAN鄂西北-鄂东,8173,-2091.30416777778
INTERTRAN鄂西北-鄂东,8174,-3000.0
INTERTRAN鄂西北-鄂东,8175,-3000.0
INTERTRAN鄂西北-鄂东,8176,-3000.0
INTERTRAN鄂西北-鄂东,8177,-500.8240850000011
INTERTRAN鄂西北-鄂东,8178,3000.0
INTERTRAN鄂西北-鄂东,8179,3000.0
INTERTRAN鄂西北-鄂东,8180,3000.0
INTERTRAN鄂西北-鄂东,8181,3000.0
INTERTRAN鄂西北-鄂东,8182,3000.0
INTERTRAN鄂西北-鄂东,8183,3000.0
INTERTRAN鄂西北-鄂东,8184,3000.0
INTERTRAN鄂西北-鄂东,8185,3000.0
INTERTRAN鄂西北-鄂东,8186,1845.9313400000174
INTERTRAN鄂西北-鄂东,8187,3000.0
INTERTRAN鄂西北-鄂东,8188,3000.0
INTERTRAN鄂西北-鄂东,8189,3000.0
INTERTRAN鄂西北-鄂东,8190,3000.0
INTERTRAN鄂西北-鄂东,8191,3000.0
INTERTRAN鄂西北-鄂东,8192,3000.0
INTERTRAN鄂西北-鄂东,8193,3000.0
INTERTRAN鄂西北-鄂东,8194,3000.0
INTERTRAN鄂西北-鄂东,8195,-466.2653250000012
INTERTRAN鄂西北-鄂东,8196,-3000.0
INTERTRAN鄂西北-鄂东,8197,-2919.129951111113
INTERTRAN鄂西北-鄂东,8198,-3000.0
INTERTRAN鄂西北-鄂东,8199,-3000.0
INTERTRAN鄂西北-鄂东,8200,-3000.0
INTERTRAN鄂西北-鄂东,8201,2223.9041400000015
INTERTRAN鄂西北-鄂东,8202,3000.0
INTERTRAN鄂西北-鄂东,8203,3000.0
INTERTRAN鄂西北-鄂东,8204,3000.0
INTERTRAN鄂西北-鄂东,8205,3000.0
INTERTRAN鄂西北-鄂东,8206,3000.0
INTERTRAN鄂西北-鄂东,8207,3000.0
INTERTRAN鄂西-鄂西北,8064,-2000.0
INTERTRAN鄂西-鄂西北,8065,-2000.0
INTERTRAN鄂西-鄂西北,8066,-2000.0
INTERTRAN鄂西-鄂西北,8067,-2000.0
INTERTRAN鄂西-鄂西北,8068,-2000.0
INTERTRAN鄂西-鄂西北,8069,-2000.0
INTERTRAN鄂西-鄂西北,8070,-2000.0
INTERTRAN鄂西-鄂西北,8071,-2000.0
INTERTRAN鄂西-鄂西北,8072,-2000.0
INTERTRAN鄂西-鄂西北,8073,-2000.0
INTERTRAN鄂西-鄂西北,8074,-2000.0
INTERTRAN鄂西-鄂西北,8075,1190.2412927777782
INTERTRAN鄂西-鄂西北,8076,1931.2823334651475
INTERTRAN鄂西-鄂西北,8077,2000.0
INTERTRAN鄂西-鄂西北,8078,2000.0
INTERTRAN鄂西-鄂西北,8079,2000.0
INTERTRAN鄂西-鄂西北,8080,2000.0
INTERTRAN鄂西-鄂西北,8081,-2000.0
INTERTRAN鄂西-鄂西北,8082,-2000.0
INTERTRAN鄂西-鄂西北,8083,-2000.0
INTERTRAN鄂西-鄂西北,8084,-2000.0
INTERTRAN鄂西-鄂西北,8085,-2000.0
INTERTRAN鄂西-鄂西北,8086,-2000.0
INTERTRAN鄂西-鄂西北,8087,-2000.0
INTERTRAN鄂西-鄂西北,8088,-2000.0
INTERTRAN鄂西-鄂西北,8089,-2000.0
INTERTRAN鄂西-鄂西北,8090,-2000.0
INTERTRAN鄂西-鄂西北,8091,-2000.0
INTERTRAN鄂西-鄂西北,8092,-2000.0
INTERTRAN鄂西-鄂西北,8093,-2000.0
INTERTRAN鄂西-鄂西北,8094,-2000.0
INTERTRAN鄂西-鄂西北,8095,-2000.0
INTERTRAN鄂西-鄂西北,8096,-2000.0
INTERTRAN鄂西-鄂西北,8097,-2000.0
INTERTRAN鄂西-鄂西北,8098,-2000.0
INTERTRAN鄂西-鄂西北,8099,1794.2513515695882
INTERTRAN鄂西-鄂西北,8100,2000.0
INTERTRAN鄂西-鄂西北,8101,2000.0
INTERTRAN鄂西-鄂西北,8102,2000.0
INTERTRAN鄂西-鄂西北,8103,2000.0
INTERTRAN鄂西-鄂西北,8104,2000.0
INTERTRAN鄂西-鄂西北,8105,-2000.0
INTERTRAN鄂西-鄂西北,8106,-2000.0
INTERTRAN鄂西-鄂西北,8107,-2000.0
INTERTRAN鄂西-鄂西北,8108,-2000.0
INTERTRAN鄂西-鄂西北,8109,-2000.0
INTERTRAN鄂西-鄂西北,8110,-2000.0
INTERTRAN鄂西-鄂西北,8111,-2000.0
INTERTRAN鄂西-鄂西北,8112,-2000.0
INTERTRAN鄂西-鄂西北,8113,-2000.0
INTERTRAN鄂西-鄂西北,8114,-2000.0
INTERTRAN鄂西-鄂西北,8115,-2000.0
INTERTRAN鄂西-鄂西北,8116,-2000.0
INTERTRAN鄂西-鄂西北,8117,-2000.0
INTERTRAN鄂西-鄂西北,8118,-2000.0
INTERTRAN鄂西-鄂西北,8119,-1616.1770399999996
INTERTRAN鄂西-鄂西北,8120,-2000.0
INTERTRAN鄂西-鄂西北,8121,-1396.9284426464442
INTERTRAN鄂西-鄂西北,8122,-2000.0
INTERTRAN鄂西-鄂西北,8123,-28.50332333343431
INTERTRAN鄂西-鄂西北,8124,2000.0
INTERTRAN鄂西-鄂西北,8125,2000.0
INTERTRAN鄂西-鄂西北,8126,2000.0
INTERTRAN鄂西-鄂西北,8127,2000.0
INTERTRAN鄂西-鄂西北,8128,-223.49680555555324
INTERTRAN鄂西-鄂西北,8129,-519.0557718756993
INTERTRAN鄂西-鄂西北,8130,-2000.0
INTERTRAN鄂西-鄂西北,8131,-2000.0
INTERTRAN鄂西-鄂西北,8132,-1623.9067400000058
INTERTRAN鄂西-鄂西北,8133,-2000.0
INTERTRAN鄂西-鄂西北,8134,-1675.6154400000069
INTERTRAN鄂西-鄂西北,8135,-2000.0
INTERTRAN鄂西-鄂西北,8136,-2000.0
INTERTRAN鄂西-鄂西北,8137,-2000.0
INTERTRAN鄂西-鄂西北,8138,-2000.0
INTERTRAN鄂西-鄂西北,8139,-2000.0
INTERTRAN鄂西-鄂西北,8140,-2000.0
INTERTRAN鄂西-鄂西北,8141,-2000.0
INTERTRAN鄂西-鄂西北,8142,-2000.0
INTERTRAN鄂西-鄂西北,8143,-2000.0
INTERTRAN鄂西-鄂西北,8144,-2000.0
INTERTRAN鄂西-鄂西北,8145,-2000.0
INTERTRAN鄂西-鄂西北,8146,-2000.0
INTERTRAN鄂西-鄂西北,8147,-2000.0
INTERTRAN鄂西-鄂西北,8148,-190.89995376543197
INTERTRAN鄂西-鄂西北,8149,1211.6030841358197
INTERTRAN鄂西-鄂西北,8150,2000.0
INTERTRAN鄂西-鄂西北,8151,2000.0
INTERTRAN鄂西-鄂西北,8152,109.41013500000099
INTERTRAN鄂西-鄂西北,8153,-2000.0
INTERTRAN鄂西-鄂西北,8154,-2000.0
INTERTRAN鄂西-鄂西北,8155,-2000.0
INTERTRAN鄂西-鄂西北,8156,-2000.0
INTERTRAN鄂西-鄂西北,8157,-2000.0
INTERTRAN鄂西-鄂西北,8158,-2000.0
INTERTRAN鄂西-鄂西北,8159,-2000.0
INTERTRAN鄂西-鄂西北,8160,-2000.0
INTERTRAN鄂西-鄂西北,8161,-2000.0
INTERTRAN鄂西-鄂西北,8162,-2000.0
INTERTRAN鄂西-鄂西北,8163,-2000.0
INTERTRAN鄂西-鄂西北,8164,-2000.0
INTERTRAN鄂西-鄂西北,8165,-2000.0
INTERTRAN鄂西-鄂西北,8166,-2000.0
INTERTRAN鄂西-鄂西北,8167,-2000.0
INTERTRAN鄂西-鄂西北,8168,-2000.0
INTERTRAN鄂西-鄂西北,8169,-2000.0
INTERTRAN鄂西-鄂西北,8170,-2000.0
INTERTRAN鄂西-鄂西北,8171,95.20634833345139
INTERTRAN鄂西-鄂西北,8172,1687.6128588887705
INTERTRAN鄂西-鄂西北,8173,2000.0
INTERTRAN鄂西-鄂西北,8174,1889.8525150000005
INTERTRAN鄂西-鄂西北,8175,2000.0
INTERTRAN鄂西-鄂西北,8176,2000.0
INTERTRAN鄂西-鄂西北,8177,-2000.0
INTERTRAN鄂西-鄂西北,8178,-2000.0
INTERTRAN鄂西-鄂西北,8179,-2000.0
INTERTRAN鄂西-鄂西北,8180,-2000.0
INTERTRAN鄂西-鄂西北,8181,-2000.0
INTERTRAN鄂西-鄂西北,8182,-2000.0
INTERTRAN鄂西-鄂西北,8183,-2000.0
INTERTRAN鄂西-鄂西北,8184,-2000.0
INTERTRAN鄂西-鄂西北,8185,-2000.0
INTERTRAN鄂西-鄂西北,8186,-2000.0
INTERTRAN鄂西-鄂西北,8187,-2000.0
INTERTRAN鄂西-鄂西北,8188,-2000.0
INTERTRAN鄂西-鄂西北,8189,-2000.0
INTERTRAN鄂西-鄂西北,8190,-2000.0
INTERTRAN鄂西-鄂西北,8191,-2000.0
INTERTRAN鄂西-鄂西北,8192,-2000.0
INTERTRAN鄂西-鄂西北,8193,-2000.0
INTERTRAN鄂西-鄂西北,8194,-2000.0
INTERTRAN鄂西-鄂西北,8195,2000.0
INTERTRAN鄂西-鄂西北,8196,2000.0
INTERTRAN鄂西-鄂西北,8197,2000.0
INTERTRAN鄂西-鄂西北,8198,1769.5732661111124
INTERTRAN鄂西-鄂西北,8199,2000.0
INTERTRAN鄂西-鄂西北,8200,2000.0
INTERTRAN鄂西-鄂西北,8201,-2000.0
INTERTRAN鄂西-鄂西北,8202,-2000.0
INTERTRAN鄂西-鄂西北,8203,-2000.0
INTERTRAN鄂西-鄂西北,8204,-2000.0
INTERTRAN鄂西-鄂西北,8205,-2000.0
INTERTRAN鄂西-鄂西北,8206,-2000.0
INTERTRAN鄂西-鄂西北,8207,-2000.0
INTERTRAN鄂西-鄂东,8208,7034.0985
INTERTRAN鄂西-鄂东,8209,7785.754639999999
INTERTRAN鄂西-鄂东,8210,6184.665400000002
INTERTRAN鄂西-鄂东,8211,5659.412539999999
INTERTRAN鄂西-鄂东,8212,5585.2877
INTERTRAN鄂西-鄂东,8213,6238.6782
INTERTRAN鄂西-鄂东,8214,7728.748999999999
INTERTRAN鄂西-鄂东,8215,7143.87104
INTERTRAN鄂西-鄂东,8216,8581.4379
INTERTRAN鄂西-鄂东,8217,9856.215039999997
INTERTRAN鄂西-鄂东,8218,4774.161689083324
INTERTRAN鄂西-鄂东,8219,5687.133402129296
INTERTRAN鄂西-鄂东,8220,7067.209333333316
INTERTRAN鄂西-鄂东,8221,3401.153322222204
INTERTRAN鄂西-鄂东,8222,2182.762699999983
INTERTRAN鄂西-鄂东,8223,5417.3519444444255
INTERTRAN鄂西-鄂东,8224,4431.059857777758
INTERTRAN鄂西-鄂东,8225,6425.6808999999985
INTERTRAN鄂西-鄂东,8226,5236.885853000031
INTERTRAN鄂西-鄂东,8227,6632.180640000004
INTERTRAN鄂西-鄂东,8228,6003.973539999997
INTERTRAN鄂西-鄂东,8229,7321.392701124678
INTERTRAN鄂西-鄂东,8230,7272.1047999999855
INTERTRAN鄂西-鄂东,8231,9058.74214
INTERTRAN鄂西-鄂东,8232,8436.650017444781
INTERTRAN鄂西-鄂东,8233,5886.875939999998
INTERTRAN鄂西-鄂东,8234,6954.583839999999
INTERTRAN鄂西-鄂东,8235,5819.79204
INTERTRAN鄂西-鄂东,8236,5768.768899999999
INTERTRAN鄂西-鄂东,8237,6299.579839999998
INTERTRAN鄂西-鄂东,8238,6238.42484
INTERTRAN鄂西-鄂东,8239,6458.513838875322
INTERTRAN鄂西-鄂东,8240,7078.3914
INTERTRAN鄂西-鄂东,8241,7987.393642555221
INTERTRAN鄂西-鄂东,8242,6457.1755104574995
INTERTRAN鄂西-鄂东,8243,4496.72290684465
INTERTRAN鄂西-鄂东,8244,7367.914422875805
INTERTRAN鄂西-鄂东,8245,7102.965706666665
INTERTRAN鄂西-鄂东,8246,2577.1261915867312
INTERTRAN鄂西-鄂东,8247,2781.422049477142
INTERTRAN鄂西-鄂东,8248,4403.10384
INTERTRAN鄂西-鄂东,8249,8881.06269999998
INTERTRAN鄂西-鄂东,8250,5462.127199999996
INTERTRAN鄂西-鄂东,8251,2011.1139999999941
INTERTRAN鄂西-鄂东,8252,7764.97311500001
INTERTRAN鄂西-鄂东,8253,6727.923140000001
INTERTRAN鄂西-鄂东,8254,5253.676240000001
INTERTRAN鄂西-鄂东,8255,5035.608339999999
INTERTRAN鄂西-鄂东,8256,7542.65854
INTERTRAN鄂西-鄂东,8257,5860.450539999998
INTERTRAN鄂西-鄂东,8258,5984.749040000002
INTERTRAN鄂西-鄂东,8259,5420.841139999999
INTERTRAN鄂西-鄂东,8260,5432.2008399999995
INTERTRAN鄂西-鄂东,8261,5118.0151399999995
INTERTRAN鄂西-鄂东,8262,6456.071919999988
INTERTRAN鄂西-鄂东,8263,6813.202591874807
INTERTRAN鄂西-鄂东,8264,7105.09114
INTERTRAN鄂西-鄂东,8265,7023.479213126144
INTERTRAN鄂西-鄂东,8266,5639.042499999982
INTERTRAN鄂西-鄂东,8267,4743.607941960776
INTERTRAN鄂西-鄂东,8268,7561.032240392127
INTERTRAN鄂西-鄂东,8269,4815.213834248299
INTERTRAN鄂西-鄂东,8270,6464.635040000001
INTERTRAN鄂西-鄂东,8271,3357.5017598693066
INTERTRAN鄂西-鄂东,8272,2299.5519479412014
INTERTRAN鄂西-鄂东,8273,8322.460599999982
INTERTRAN鄂西-鄂东,8274,9075.78024
INTERTRAN鄂西-鄂东,8275,5249.290895299084
INTERTRAN鄂西-鄂东,8276,5625.192678800361
INTERTRAN鄂西-鄂东,8277,7894.930895299083
INTERTRAN鄂西-鄂东,8278,5769.253395299085
INTERTRAN鄂西-鄂东,8279,6386.230216498721
INTERTRAN鄂西-鄂东,8280,6188.972195299089
INTERTRAN鄂西-鄂东,8281,6947.623095299083
INTERTRAN鄂西-鄂东,8282,5712.011916498721
INTERTRAN鄂西-鄂东,8283,5565.745216498723
INTERTRAN鄂西-鄂东,8284,5581.202616498722
INTERTRAN鄂西-鄂东,8285,4218.5639
INTERTRAN鄂西-鄂东,8286,4788.839099999999
INTERTRAN鄂西-鄂东,8287,8540.317257748711
INTERTRAN鄂西-鄂东,8288,10759.64661880036
INTERTRAN鄂西-鄂东,8289,6012.574816498722
INTERTRAN鄂西-鄂东,8290,6255.9532991999895
INTERTRAN鄂西-鄂东,8291,6165.434055555538
INTERTRAN鄂西-鄂东,8292,3231.7822733333314
INTERTRAN鄂西-鄂东,8293,6089.577695555553
INTERTRAN鄂西-鄂东,8294,9195.34389999998
INTERTRAN鄂西-鄂东,8295,3069.1546888888715
INTERTRAN鄂西-鄂东,8296,2909.665599999982
INTERTRAN鄂西-鄂东,8297,8337.703800000001
INTERTRAN鄂西-鄂东,8298,7344.80479529956
INTERTRAN鄂西-鄂东,8299,4941.05639529956
INTERTRAN鄂西-鄂东,8300,11796.652141898496
INTERTRAN鄂西-鄂东,8301,7152.4718926006335
INTERTRAN鄂西-鄂东,8302,4507.447416498246
INTERTRAN鄂西-鄂东,8303,7122.207795299084
INTERTRAN鄂西-鄂东,8304,7601.503495299086
INTERTRAN鄂西-鄂东,8305,7399.54928090131
INTERTRAN鄂西-鄂东,8306,5545.639095299086
INTERTRAN鄂西-鄂东,8307,5527.374195299086
INTERTRAN鄂西-鄂东,8308,6431.057695299558
INTERTRAN鄂西-鄂东,8309,4999.686416498724
INTERTRAN鄂西-鄂东,8310,7732.39379529956
INTERTRAN鄂西-鄂东,8311,7994.678895299081
INTERTRAN鄂西-鄂东,8312,5243.160545750462
INTERTRAN鄂西-鄂东,8313,8280.493751400023
INTERTRAN鄂西-鄂东,8314,5484.9978582000385
INTERTRAN鄂西-鄂东,8315,5653.416315555512
INTERTRAN鄂西-鄂东,8316,6304.243711111091
INTERTRAN鄂西-鄂东,8317,4856.24031358023
INTERTRAN鄂西-鄂东,8318,4599.054140000004
INTERTRAN鄂西-鄂东,8319,6368.091284444446
INTERTRAN鄂西-鄂东,8320,4143.6858138888865
INTERTRAN鄂西-鄂东,8321,7766.251497290612
INTERTRAN鄂西-鄂东,8322,8989.546795299557
INTERTRAN鄂西-鄂东,8323,8554.429295299087
INTERTRAN鄂西-鄂东,8324,8118.93449529956
INTERTRAN鄂西-鄂东,8325,8527.587495299089
INTERTRAN鄂西-鄂东,8326,5341.691145299557
INTERTRAN鄂西-鄂东,8327,7528.395295299084
INTERTRAN鄂西-鄂东,8328,6582.290078800839
INTERTRAN鄂西-鄂东,8329,7883.325995299559
INTERTRAN鄂西-鄂东,8330,8063.0562164987205
INTERTRAN鄂西-鄂东,8331,5923.734699999999
INTERTRAN鄂西-鄂东,8332,6885.96851649872
INTERTRAN鄂西-鄂东,8333,7055.380216498719
INTERTRAN鄂西-鄂东,8334,6609.691578800839
INTERTRAN鄂西-鄂东,8335,6489.026445299556
INTERTRAN鄂西-鄂东,8336,9509.28039529956
INTERTRAN鄂西-鄂东,8337,9017.263547569966
INTERTRAN鄂西-鄂东,8338,6756.9219952995445
INTERTRAN鄂西-鄂东,8339,6387.7052428495435
INTERTRAN鄂西-鄂东,8340,5343.467799999983
INTERTRAN鄂西-鄂东,8341,5069.97570018632
INTERTRAN鄂西-鄂东,8342,6252.48409497434
INTERTRAN鄂西-鄂东,8343,6339.181799999982
INTERTRAN鄂西-鄂东,8344,6234.943644444427
INTERTRAN鄂西-鄂东,8345,8219.26299529956
INTERTRAN鄂西-鄂东,8346,5132.072739999909
INTERTRAN鄂西-鄂东,8347,9102.465495299086
INTERTRAN鄂西-鄂东,8348,7990.243695299084
INTERTRAN鄂西-鄂东,8349,8444.706770298995
INTERTRAN鄂西-鄂东,8350,6729.799295299088
INTERTRAN鄂西-鄂东,8351,7935.413795299084
INTERTRAN鄂西北-鄂东,8208,3000.0
INTERTRAN鄂西北-鄂东,8209,3000.0
INTERTRAN鄂西北-鄂东,8210,3000.0
INTERTRAN鄂西北-鄂东,8211,3000.0
INTERTRAN鄂西北-鄂东,8212,3000.0
INTERTRAN鄂西北-鄂东,8213,3000.0
INTERTRAN鄂西北-鄂东,8214,3000.0
INTERTRAN鄂西北-鄂东,8215,3000.0
INTERTRAN鄂西北-鄂东,8216,3000.0
INTERTRAN鄂西北-鄂东,8217,3000.0
INTERTRAN鄂西北-鄂东,8218,2768.785250916677
INTERTRAN鄂西北-鄂东,8219,-3000.0
INTERTRAN鄂西北-鄂东,8220,-3000.0
INTERTRAN鄂西北-鄂东,8221,-3000.0
INTERTRAN鄂西北-鄂东,8222,-3000.0
INTERTRAN鄂西北-鄂东,8223,-3000.0
INTERTRAN鄂西北-鄂东,8224,-3000.0
INTERTRAN鄂西北-鄂东,8225,3000.0
INTERTRAN鄂西北-鄂东,8226,3000.0
INTERTRAN鄂西北-鄂东,8227,3000.0
INTERTRAN鄂西北-鄂东,8228,3000.0
INTERTRAN鄂西北-鄂东,8229,3000.0
INTERTRAN鄂西北-鄂东,8230,3000.0
INTERTRAN鄂西北-鄂东,8231,3000.0
INTERTRAN鄂西北-鄂东,8232,3000.0
INTERTRAN鄂西北-鄂东,8233,3000.0
INTERTRAN鄂西北-鄂东,8234,3000.0
INTERTRAN鄂西北-鄂东,8235,3000.0
INTERTRAN鄂西北-鄂东,8236,3000.0
INTERTRAN鄂西北-鄂东,8237,2424.5644999999995
INTERTRAN鄂西北-鄂东,8238,3000.0
INTERTRAN鄂西北-鄂东,8239,3000.0
INTERTRAN鄂西北-鄂东,8240,3000.0
INTERTRAN鄂西北-鄂东,8241,3000.0
INTERTRAN鄂西北-鄂东,8242,-1446.8681354901978
INTERTRAN鄂西北-鄂东,8243,-3000.0
INTERTRAN鄂西北-鄂东,8244,-3000.0
INTERTRAN鄂西北-鄂东,8245,-3000.0
INTERTRAN鄂西北-鄂东,8246,-3000.0
INTERTRAN鄂西北-鄂东,8247,-3000.0
INTERTRAN鄂西北-鄂东,8248,-3000.0
INTERTRAN鄂西北-鄂东,8249,-1782.8704129411544
INTERTRAN鄂西北-鄂东,8250,3000.0
INTERTRAN鄂西北-鄂东,8251,3000.0
INTERTRAN鄂西北-鄂东,8252,696.5702049999995
INTERTRAN鄂西北-鄂东,8253,3000.0
INTERTRAN鄂西北-鄂东,8254,3000.0
INTERTRAN鄂西北-鄂东,8255,3000.0
INTERTRAN鄂西北-鄂东,8256,3000.0
INTERTRAN鄂西北-鄂东,8257,3000.0
INTERTRAN鄂西北-鄂东,8258,3000.0
INTERTRAN鄂西北-鄂东,8259,3000.0
INTERTRAN鄂西北-鄂东,8260,3000.0
INTERTRAN鄂西北-鄂东,8261,3000.0
INTERTRAN鄂西北-鄂东,8262,3000.0
INTERTRAN鄂西北-鄂东,8263,3000.0
INTERTRAN鄂西北-鄂东,8264,3000.0
INTERTRAN鄂西北-鄂东,8265,3000.0
INTERTRAN鄂西北-鄂东,8266,100.70961999999963
INTERTRAN鄂西北-鄂东,8267,-3000.0
INTERTRAN鄂西北-鄂东,8268,-3000.0
INTERTRAN鄂西北-鄂东,8269,-3000.0
INTERTRAN鄂西北-鄂东,8270,-3000.0
INTERTRAN鄂西北-鄂东,8271,-3000.0
INTERTRAN鄂西北-鄂东,8272,-3000.0
INTERTRAN鄂西北-鄂东,8273,-586.4227150000006
INTERTRAN鄂西北-鄂东,8274,3000.0
INTERTRAN鄂西北-鄂东,8275,3000.0
INTERTRAN鄂西北-鄂东,8276,3000.0
INTERTRAN鄂西北-鄂东,8277,3000.0
INTERTRAN鄂西北-鄂东,8278,3000.0
INTERTRAN鄂西北-鄂东,8279,3000.0
INTERTRAN鄂西北-鄂东,8280,3000.0
INTERTRAN鄂西北-鄂东,8281,1658.922000000001
INTERTRAN鄂西北-鄂东,8282,3000.0
INTERTRAN鄂西北-鄂东,8283,3000.0
INTERTRAN鄂西北-鄂东,8284,3000.0
INTERTRAN鄂西北-鄂东,8285,3000.0
INTERTRAN鄂西北-鄂东,8286,3000.0
INTERTRAN鄂西北-鄂东,8287,3000.0
INTERTRAN鄂西北-鄂东,8288,3000.0
INTERTRAN鄂西北-鄂东,8289,3000.0
INTERTRAN鄂西北-鄂东,8290,3000.0
INTERTRAN鄂西北-鄂东,8291,-1836.6876155555412
INTERTRAN鄂西北-鄂东,8292,-3000.0
INTERTRAN鄂西北-鄂东,8293,-3000.0
INTERTRAN鄂西北-鄂东,8294,-3000.0
INTERTRAN鄂西北-鄂东,8295,-2152.216371851817
INTERTRAN鄂西北-鄂东,8296,-3000.0
INTERTRAN鄂西北-鄂东,8297,1923.4831399999985
INTERTRAN鄂西北-鄂东,8298,3000.0
INTERTRAN鄂西北-鄂东,8299,2758.028836800133
INTERTRAN鄂西北-鄂东,8300,-300.367120000001
INTERTRAN鄂西北-鄂东,8301,3000.0
INTERTRAN鄂西北-鄂东,8302,3000.0
INTERTRAN鄂西北-鄂东,8303,3000.0
INTERTRAN鄂西北-鄂东,8304,3000.0
INTERTRAN鄂西北-鄂东,8305,1636.2012500000005
INTERTRAN鄂西北-鄂东,8306,3000.0
INTERTRAN鄂西北-鄂东,8307,3000.0
INTERTRAN鄂西北-鄂东,8308,2253.3935
INTERTRAN鄂西北-鄂东,8309,2330.950249999999
INTERTRAN鄂西北-鄂东,8310,3000.0
INTERTRAN鄂西北-鄂东,8311,3000.0
INTERTRAN鄂西北-鄂东,8312,3000.0
INTERTRAN鄂西北-鄂东,8313,3000.0
INTERTRAN鄂西北-鄂东,8314,3000.0
INTERTRAN鄂西北-鄂东,8315,-720.3772659259275
INTERTRAN鄂西北-鄂东,8316,-3000.0
INTERTRAN鄂西北-鄂东,8317,-3000.0
INTERTRAN鄂西北-鄂东,8318,-3000.0
INTERTRAN鄂西北-鄂东,8319,-3000.0
INTERTRAN鄂西北-鄂东,8320,-1296.3749072222222
INTERTRAN鄂西北-鄂东,8321,3000.0
INTERTRAN鄂西北-鄂东,8322,2057.4076999995305
INTERTRAN鄂西北-鄂东,8323,3000.0
INTERTRAN鄂西北-鄂东,8324,1690.9986334486152
INTERTRAN鄂西北-鄂东,8325,1147.9539999999993
INTERTRAN鄂西北-鄂东,8326,3000.0
INTERTRAN鄂西北-鄂东,8327,3000.0
INTERTRAN鄂西北-鄂东,8328,2299.37075
INTERTRAN鄂西北-鄂东,8329,2009.68075
INTERTRAN鄂西北-鄂东,8330,2310.441999999999
INTERTRAN鄂西北-鄂东,8331,3000.0
INTERTRAN鄂西北-鄂东,8332,2463.3689999999997
INTERTRAN鄂西北-鄂东,8333,2465.7797499999997
INTERTRAN鄂西北-鄂东,8334,2554.914999999999
INTERTRAN鄂西北-鄂东,8335,3000.0
INTERTRAN鄂西北-鄂东,8336,1606.636099999525
INTERTRAN鄂西北-鄂东,8337,2089.886489999999
INTERTRAN鄂西北-鄂东,8338,850.5051749999989
INTERTRAN鄂西北-鄂东,8339,1104.8905849999996
INTERTRAN鄂西北-鄂东,8340,290.4083699999992
INTERTRAN鄂西北-鄂东,8341,-106.4720899999993
INTERTRAN鄂西北-鄂东,8342,-1128.3325944805122
INTERTRAN鄂西北-鄂东,8343,-515.47282
INTERTRAN鄂西北-鄂东,8344,-1072.892190678433
INTERTRAN鄂西北-鄂东,8345,611.2884749999998
INTERTRAN鄂西北-鄂东,8346,3000.0
INTERTRAN鄂西北-鄂东,8347,3000.0
INTERTRAN鄂西北-鄂东,8348,3000.0
INTERTRAN鄂西北-鄂东,8349,1099.461925000087
INTERTRAN鄂西北-鄂东,8350,3000.0
INTERTRAN鄂西北-鄂东,8351,3000.0
INTERTRAN鄂西-鄂西北,8208,-2000.0
INTERTRAN鄂西-鄂西北,8209,-2000.0
INTERTRAN鄂西-鄂西北,8210,-2000.0
INTERTRAN鄂西-鄂西北,8211,-2000.0
INTERTRAN鄂西-鄂西北,8212,-2000.0
INTERTRAN鄂西-鄂西北,8213,-2000.0
INTERTRAN鄂西-鄂西北,8214,-2000.0
INTERTRAN鄂西-鄂西北,8215,-2000.0
INTERTRAN鄂西-鄂西北,8216,-2000.0
INTERTRAN鄂西-鄂西北,8217,-2000.0
INTERTRAN鄂西-鄂西北,8218,-2000.0
INTERTRAN鄂西-鄂西北,8219,-1521.6115021293172
INTERTRAN鄂西-鄂西北,8220,2000.0
INTERTRAN鄂西-鄂西北,8221,2000.0
INTERTRAN鄂西-鄂西北,8222,2000.0
INTERTRAN鄂西-鄂西北,8223,2000.0
INTERTRAN鄂西-鄂西北,8224,656.51062
INTERTRAN鄂西-鄂西北,8225,-2000.0
INTERTRAN鄂西-鄂西北,8226,-2000.0
INTERTRAN鄂西-鄂西北,8227,-2000.0
INTERTRAN鄂西-鄂西北,8228,-2000.0
INTERTRAN鄂西-鄂西北,8229,-2000.0
INTERTRAN鄂西-鄂西北,8230,-2000.0
INTERTRAN鄂西-鄂西北,8231,-2000.0
INTERTRAN鄂西-鄂西北,8232,-2000.0
INTERTRAN鄂西-鄂西北,8233,-2000.0
INTERTRAN鄂西-鄂西北,8234,-2000.0
INTERTRAN鄂西-鄂西北,8235,-2000.0
INTERTRAN鄂西-鄂西北,8236,-2000.0
INTERTRAN鄂西-鄂西北,8237,-2000.0
INTERTRAN鄂西-鄂西北,8238,-2000.0
INTERTRAN鄂西-鄂西北,8239,-2000.0
INTERTRAN鄂西-鄂西北,8240,-2000.0
INTERTRAN鄂西-鄂西北,8241,-2000.0
INTERTRAN鄂西-鄂西北,8242,-2000.0
INTERTRAN鄂西-鄂西北,8243,2000.0
INTERTRAN鄂西-鄂西北,8244,2000.0
INTERTRAN鄂西-鄂西北,8245,2000.0
INTERTRAN鄂西-鄂西北,8246,2000.0
INTERTRAN鄂西-鄂西北,8247,-53.47386660135771
INTERTRAN鄂西-鄂西北,8248,2000.0
INTERTRAN鄂西-鄂西北,8249,-2000.0
INTERTRAN鄂西-鄂西北,8250,-2000.0
INTERTRAN鄂西-鄂西北,8251,-2000.0
INTERTRAN鄂西-鄂西北,8252,-2000.0
INTERTRAN鄂西-鄂西北,8253,-2000.0
INTERTRAN鄂西-鄂西北,8254,-2000.0
INTERTRAN鄂西-鄂西北,8255,-2000.0
INTERTRAN鄂西-鄂西北,8256,-2000.0
INTERTRAN鄂西-鄂西北,8257,-2000.0
INTERTRAN鄂西-鄂西北,8258,-2000.0
INTERTRAN鄂西-鄂西北,8259,-2000.0
INTERTRAN鄂西-鄂西北,8260,-2000.0
INTERTRAN鄂西-鄂西北,8261,-2000.0
INTERTRAN鄂西-鄂西北,8262,-2000.0
INTERTRAN鄂西-鄂西北,8263,-2000.0
INTERTRAN鄂西-鄂西北,8264,-2000.0
INTERTRAN鄂西-鄂西北,8265,-2000.0
INTERTRAN鄂西-鄂西北,8266,-2000.0
INTERTRAN鄂西-鄂西北,8267,2000.0
INTERTRAN鄂西-鄂西北,8268,2000.0
INTERTRAN鄂西-鄂西北,8269,2000.0
INTERTRAN鄂西-鄂西北,8270,2000.0
INTERTRAN鄂西-鄂西北,8271,2000.0
INTERTRAN鄂西-鄂西北,8272,1027.1785727310655
INTERTRAN鄂西-鄂西北,8273,-2000.0
INTERTRAN鄂西-鄂西北,8274,-2000.0
INTERTRAN鄂西-鄂西北,8275,-2000.0
INTERTRAN鄂西-鄂西北,8276,-2000.0
INTERTRAN鄂西-鄂西北,8277,-2000.0
INTERTRAN鄂西-鄂西北,8278,-2000.0
INTERTRAN鄂西-鄂西北,8279,-2000.0
INTERTRAN鄂西-鄂西北,8280,-2000.0
INTERTRAN鄂西-鄂西北,8281,-2000.0
INTERTRAN鄂西-鄂西北,8282,-2000.0
INTERTRAN鄂西-鄂西北,8283,-2000.0
INTERTRAN鄂西-鄂西北,8284,-2000.0
INTERTRAN鄂西-鄂西北,8285,-2000.0
INTERTRAN鄂西-鄂西北,8286,-2000.0
INTERTRAN鄂西-鄂西北,8287,-2000.0
INTERTRAN鄂西-鄂西北,8288,-2000.0
INTERTRAN鄂西-鄂西北,8289,-2000.0
INTERTRAN鄂西-鄂西北,8290,-1356.7863991999886
INTERTRAN鄂西-鄂西北,8291,-2000.0
INTERTRAN鄂西-鄂西北,8292,2000.0
INTERTRAN鄂西-鄂西北,8293,-1330.332371172839
INTERTRAN鄂西-鄂西北,8294,-2000.0
INTERTRAN鄂西-鄂西北,8295,2000.0
INTERTRAN鄂西-鄂西北,8296,2000.0
INTERTRAN鄂西-鄂西北,8297,-2000.0
INTERTRAN鄂西-鄂西北,8298,-2000.0
INTERTRAN鄂西-鄂西北,8299,-2000.0
INTERTRAN鄂西-鄂西北,8300,-2000.0
INTERTRAN鄂西-鄂西北,8301,-2000.0
INTERTRAN鄂西-鄂西北,8302,-2000.0
INTERTRAN鄂西-鄂西北,8303,-2000.0
INTERTRAN鄂西-鄂西北,8304,-2000.0
INTERTRAN鄂西-鄂西北,8305,-2000.0
INTERTRAN鄂西-鄂西北,8306,-2000.0
INTERTRAN鄂西-鄂西北,8307,-2000.0
INTERTRAN鄂西-鄂西北,8308,-2000.0
INTERTRAN鄂西-鄂西北,8309,-2000.0
INTERTRAN鄂西-鄂西北,8310,-2000.0
INTERTRAN鄂西-鄂西北,8311,-2000.0
INTERTRAN鄂西-鄂西北,8312,-2000.0
INTERTRAN鄂西-鄂西北,8313,-2000.0
INTERTRAN鄂西-鄂西北,8314,871.0026950000015
INTERTRAN鄂西-鄂西北,8315,-2000.0
INTERTRAN鄂西-鄂西北,8316,2000.0
INTERTRAN鄂西-鄂西北,8317,2000.0
INTERTRAN鄂西-鄂西北,8318,2000.0
INTERTRAN鄂西-鄂西北,8319,-1163.053522716069
INTERTRAN鄂西-鄂西北,8320,-2000.0
INTERTRAN鄂西-鄂西北,8321,-68.89360199105218
INTERTRAN鄂西-鄂西北,8322,-2000.0
INTERTRAN鄂西-鄂西北,8323,-1726.1414999995286
INTERTRAN鄂西-鄂西北,8324,-2000.0
INTERTRAN鄂西-鄂西北,8325,-2000.0
INTERTRAN鄂西-鄂西北,8326,-554.2532499999993
INTERTRAN鄂西-鄂西北,8327,-1191.0959999999995
INTERTRAN鄂西-鄂西北,8328,-2000.0
INTERTRAN鄂西-鄂西北,8329,-2000.0
INTERTRAN鄂西-鄂西北,8330,-2000.0
INTERTRAN鄂西-鄂西北,8331,-2000.0
INTERTRAN鄂西-鄂西北,8332,-2000.0
INTERTRAN鄂西-鄂西北,8333,-2000.0
INTERTRAN鄂西-鄂西北,8334,-2000.0
INTERTRAN鄂西-鄂西北,8335,-942.0907499999971
INTERTRAN鄂西-鄂西北,8336,-2000.0
INTERTRAN鄂西-鄂西北,8337,-2000.0
INTERTRAN鄂西-鄂西北,8338,-2000.0
INTERTRAN鄂西-鄂西北,8339,-2000.0
INTERTRAN鄂西-鄂西北,8340,-2000.0
INTERTRAN鄂西-鄂西北,8341,-2000.0
INTERTRAN鄂西-鄂西北,8342,-2000.0
INTERTRAN鄂西-鄂西北,8343,-2000.0
INTERTRAN鄂西-鄂西北,8344,-2000.0
INTERTRAN鄂西-鄂西北,8345,-2000.0
INTERTRAN鄂西-鄂西北,8346,-313.5196850000046
INTERTRAN鄂西-鄂西北,8347,-2000.0
INTERTRAN鄂西-鄂西北,8348,-2000.0
INTERTRAN鄂西-鄂西北,8349,-2000.0
INTERTRAN鄂西-鄂西北,8350,-508.4674999999984
INTERTRAN鄂西-鄂西北,8351,-831.75875
INTERTRAN鄂西-鄂东,8352,4443.942099999973
INTERTRAN鄂西-鄂东,8353,3652.3664400000016
INTERTRAN鄂西-鄂东,8354,3535.777939999998
INTERTRAN鄂西-鄂东,8355,3833.668740000001
INTERTRAN鄂西-鄂东,8356,5722.1982
INTERTRAN鄂西-鄂东,8357,6084.61254
INTERTRAN鄂西-鄂东,8358,4429.717699999999
INTERTRAN鄂西-鄂东,8359,5758.569975
INTERTRAN鄂西-鄂东,8360,7008.682555000001
INTERTRAN鄂西-鄂东,8361,10742.438494999999
INTERTRAN鄂西-鄂东,8362,2520.1961399999973
INTERTRAN鄂西-鄂东,8363,899.0954999999817
INTERTRAN鄂西-鄂东,8364,3350.3662399999994
INTERTRAN鄂西-鄂东,8365,855.4944493827002
INTERTRAN鄂西-鄂东,8366,2691.249765925344
INTERTRAN鄂西-鄂东,8367,1579.0267400000012
INTERTRAN鄂西-鄂东,8368,4306.4584399999985
INTERTRAN鄂西-鄂东,8369,7450.962045000004
INTERTRAN鄂西-鄂东,8370,9674.89044
INTERTRAN鄂西-鄂东,8371,7909.293740000005
INTERTRAN鄂西-鄂东,8372,6816.86844
INTERTRAN鄂西-鄂东,8373,5987.42484
INTERTRAN鄂西-鄂东,8374,2619.1801399999977
INTERTRAN鄂西-鄂东,8375,3935.6453399999973
INTERTRAN鄂西-鄂东,8376,3968.713105000203
INTERTRAN鄂西-鄂东,8377,3638.8559999999825
INTERTRAN鄂西-鄂东,8378,3206.8010999999815
INTERTRAN鄂西-鄂东,8379,6467.0264400000015
INTERTRAN鄂西-鄂东,8380,3848.6919999999805
INTERTRAN鄂西-鄂东,8381,2798.1691499999815
INTERTRAN鄂西-鄂东,8382,4784.182899999995
INTERTRAN鄂西-鄂东,8383,6618.6578
INTERTRAN鄂西-鄂东,8384,5997.156140000001
INTERTRAN鄂西-鄂东,8385,9706.5663
INTERTRAN鄂西-鄂东,8386,7482.854839999998
INTERTRAN鄂西-鄂东,8387,6937.645875
INTERTRAN鄂西-鄂东,8388,3222.796159999999
INTERTRAN鄂西-鄂东,8389,2323.166299999998
INTERTRAN鄂西-鄂东,8390,2256.3829349999596
INTERTRAN鄂西-鄂东,8391,3631.81754
INTERTRAN鄂西-鄂东,8392,6982.8771400000005
INTERTRAN鄂西-鄂东,8393,10149.242113399538
INTERTRAN鄂西-鄂东,8394,8392.914934999997
INTERTRAN鄂西-鄂东,8395,5810.0346400000035
INTERTRAN鄂西-鄂东,8396,7508.984339999995
INTERTRAN鄂西-鄂东,8397,7950.264940000001
INTERTRAN鄂西-鄂东,8398,6146.883890000001
INTERTRAN鄂西-鄂东,8399,6717.137639999995
INTERTRAN鄂西-鄂东,8400,5563.915999999997
INTERTRAN鄂西-鄂东,8401,4365.240340000002
INTERTRAN鄂西-鄂东,8402,5562.134249999994
INTERTRAN鄂西-鄂东,8403,4627.173799999996
INTERTRAN鄂西-鄂东,8404,6813.673840000003
INTERTRAN鄂西-鄂东,8405,5621.006399999998
INTERTRAN鄂西-鄂东,8406,6757.371239999997
INTERTRAN鄂西-鄂东,8407,4609.423199999984
INTERTRAN鄂西-鄂东,8408,7490.440549999999
INTERTRAN鄂西-鄂东,8409,8756.967824999996
INTERTRAN鄂西-鄂东,8410,4531.652940000002
INTERTRAN鄂西-鄂东,8411,5313.535544999999
INTERTRAN鄂西-鄂东,8412,4723.205239999999
INTERTRAN鄂西-鄂东,8413,4642.7485
INTERTRAN鄂西-鄂东,8414,1789.9286799999923
INTERTRAN鄂西-鄂东,8415,4420.806899999997
INTERTRAN鄂西-鄂东,8416,3815.899579999982
INTERTRAN鄂西-鄂东,8417,9095.194300000001
INTERTRAN鄂西-鄂东,8418,11767.665080000083
INTERTRAN鄂西-鄂东,8419,8800.46607160046
INTERTRAN鄂西-鄂东,8420,8757.8572
INTERTRAN鄂西-鄂东,8421,7971.32044480128
INTERTRAN鄂西-鄂东,8422,5260.1393400000015
INTERTRAN鄂西-鄂东,8423,6074.194704999982
INTERTRAN鄂西-鄂东,8424,6524.452499999998
INTERTRAN鄂西-鄂东,8425,5346.5602
INTERTRAN鄂西-鄂东,8426,6790.293639999998
INTERTRAN鄂西-鄂东,8427,6465.45794
INTERTRAN鄂西-鄂东,8428,4912.632399999982
INTERTRAN鄂西-鄂东,8429,5870.9196999999995
INTERTRAN鄂西-鄂东,8430,5542.7503
INTERTRAN鄂西-鄂东,8431,6746.510639999997
INTERTRAN鄂西-鄂东,8432,6870.07454
INTERTRAN鄂西-鄂东,8433,8205.128179999998
INTERTRAN鄂西-鄂东,8434,4162.463295
INTERTRAN鄂西-鄂东,8435,5565.287300000001
INTERTRAN鄂西-鄂东,8436,2566.0920049999954
INTERTRAN鄂西-鄂东,8437,2503.7323550000015
INTERTRAN鄂西-鄂东,8438,4256.417839999998
INTERTRAN鄂西-鄂东,8439,4402.920504999983
INTERTRAN鄂西-鄂东,8440,160.26514000000316
INTERTRAN鄂西-鄂东,8441,8313.71534
INTERTRAN鄂西-鄂东,8442,10152.365140000002
INTERTRAN鄂西-鄂东,8443,7044.151899999999
INTERTRAN鄂西-鄂东,8444,8650.377740000473
INTERTRAN鄂西-鄂东,8445,6991.266440000003
INTERTRAN鄂西-鄂东,8446,5219.968839999998
INTERTRAN鄂西-鄂东,8447,5826.2518599999985
INTERTRAN鄂西-鄂东,8448,6282.497499999999
INTERTRAN鄂西-鄂东,8449,4679.937400000001
INTERTRAN鄂西-鄂东,8450,6503.788499999998
INTERTRAN鄂西-鄂东,8451,6609.946400000002
INTERTRAN鄂西-鄂东,8452,6298.790540000002
INTERTRAN鄂西-鄂东,8453,6532.98034
INTERTRAN鄂西-鄂东,8454,3745.542239999999
INTERTRAN鄂西-鄂东,8455,6440.8193
INTERTRAN鄂西-鄂东,8456,7974.460539999998
INTERTRAN鄂西-鄂东,8457,9089.561339999997
INTERTRAN鄂西-鄂东,8458,5835.8163
INTERTRAN鄂西-鄂东,8459,2967.6319399999984
INTERTRAN鄂西-鄂东,8460,1393.8260972222038
INTERTRAN鄂西-鄂东,8461,1819.3413999999848
INTERTRAN鄂西-鄂东,8462,5607.054069135787
INTERTRAN鄂西-鄂东,8463,1091.5610061115476
INTERTRAN鄂西-鄂东,8464,2810.6932638888898
INTERTRAN鄂西-鄂东,8465,8439.818935000001
INTERTRAN鄂西-鄂东,8466,7947.9285
INTERTRAN鄂西-鄂东,8467,7589.493517149944
INTERTRAN鄂西-鄂东,8468,7736.5235
INTERTRAN鄂西-鄂东,8469,6079.531099999999
INTERTRAN鄂西-鄂东,8470,5610.532740000001
INTERTRAN鄂西-鄂东,8471,6781.837839999998
INTERTRAN鄂西-鄂东,8472,6975.103599999999
INTERTRAN鄂西-鄂东,8473,7396.486940000001
INTERTRAN鄂西-鄂东,8474,5739.915739999999
INTERTRAN鄂西-鄂东,8475,4081.908440000001
INTERTRAN鄂西-鄂东,8476,6553.068940000003
INTERTRAN鄂西-鄂东,8477,5126.223
INTERTRAN鄂西-鄂东,8478,6173.75114
INTERTRAN鄂西-鄂东,8479,8428.2768
INTERTRAN鄂西-鄂东,8480,6496.5344000000005
INTERTRAN鄂西-鄂东,8481,8254.44594
INTERTRAN鄂西-鄂东,8482,5398.662309999998
INTERTRAN鄂西-鄂东,8483,5924.387839999999
INTERTRAN鄂西-鄂东,8484,2950.4679399999995
INTERTRAN鄂西-鄂东,8485,1721.4396399999814
INTERTRAN鄂西-鄂东,8486,1429.2174638888919
INTERTRAN鄂西-鄂东,8487,3745.686600000001
INTERTRAN鄂西-鄂东,8488,2711.4154400000007
INTERTRAN鄂西-鄂东,8489,7181.07784
INTERTRAN鄂西-鄂东,8490,6646.240999999999
INTERTRAN鄂西-鄂东,8491,6236.293846300014
INTERTRAN鄂西-鄂东,8492,6372.221000000001
INTERTRAN鄂西-鄂东,8493,5961.277549999988
INTERTRAN鄂西-鄂东,8494,4816.462749999996
INTERTRAN鄂西-鄂东,8495,6889.7494
INTERTRAN鄂西北-鄂东,8352,3000.0
INTERTRAN鄂西北-鄂东,8353,3000.0
INTERTRAN鄂西北-鄂东,8354,3000.0
INTERTRAN鄂西北-鄂东,8355,2508.624
INTERTRAN鄂西北-鄂东,8356,2571.365
INTERTRAN鄂西北-鄂东,8357,3000.0
INTERTRAN鄂西北-鄂东,8358,3000.0
INTERTRAN鄂西北-鄂东,8359,3000.0
INTERTRAN鄂西北-鄂东,8360,3000.0
INTERTRAN鄂西北-鄂东,8361,1680.169445
INTERTRAN鄂西北-鄂东,8362,3000.0
INTERTRAN鄂西北-鄂东,8363,3000.0
INTERTRAN鄂西北-鄂东,8364,3000.0
INTERTRAN鄂西北-鄂东,8365,2201.089890617301
INTERTRAN鄂西北-鄂东,8366,3000.0
INTERTRAN鄂西北-鄂东,8367,3000.0
INTERTRAN鄂西北-鄂东,8368,3000.0
INTERTRAN鄂西北-鄂东,8369,2561.333595
INTERTRAN鄂西北-鄂东,8370,3000.0
INTERTRAN鄂西北-鄂东,8371,3000.0
INTERTRAN鄂西北-鄂东,8372,3000.0
INTERTRAN鄂西北-鄂东,8373,3000.0
INTERTRAN鄂西北-鄂东,8374,3000.0
INTERTRAN鄂西北-鄂东,8375,3000.0
INTERTRAN鄂西北-鄂东,8376,3000.0
INTERTRAN鄂西北-鄂东,8377,3000.0
INTERTRAN鄂西北-鄂东,8378,3000.0
INTERTRAN鄂西北-鄂东,8379,3000.0
INTERTRAN鄂西北-鄂东,8380,3000.0
INTERTRAN鄂西北-鄂东,8381,3000.0
INTERTRAN鄂西北-鄂东,8382,3000.0
INTERTRAN鄂西北-鄂东,8383,3000.0
INTERTRAN鄂西北-鄂东,8384,3000.0
INTERTRAN鄂西北-鄂东,8385,2482.319444999999
INTERTRAN鄂西北-鄂东,8386,1655.6974000000005
INTERTRAN鄂西北-鄂东,8387,2196.0227649999997
INTERTRAN鄂西北-鄂东,8388,3000.0
INTERTRAN鄂西北-鄂东,8389,2271.764140000001
INTERTRAN鄂西北-鄂东,8390,3000.0
INTERTRAN鄂西北-鄂东,8391,3000.0
INTERTRAN鄂西北-鄂东,8392,3000.0
INTERTRAN鄂西北-鄂东,8393,258.6516266004602
INTERTRAN鄂西北-鄂东,8394,3000.0
INTERTRAN鄂西北-鄂东,8395,3000.0
INTERTRAN鄂西北-鄂东,8396,3000.0
INTERTRAN鄂西北-鄂东,8397,3000.0
INTERTRAN鄂西北-鄂东,8398,3000.0
INTERTRAN鄂西北-鄂东,8399,3000.0
INTERTRAN鄂西北-鄂东,8400,3000.0
INTERTRAN鄂西北-鄂东,8401,3000.0
INTERTRAN鄂西北-鄂东,8402,3000.0
INTERTRAN鄂西北-鄂东,8403,3000.0
INTERTRAN鄂西北-鄂东,8404,3000.0
INTERTRAN鄂西北-鄂东,8405,3000.0
INTERTRAN鄂西北-鄂东,8406,3000.0
INTERTRAN鄂西北-鄂东,8407,3000.0
INTERTRAN鄂西北-鄂东,8408,3000.0
INTERTRAN鄂西北-鄂东,8409,3000.0
INTERTRAN鄂西北-鄂东,8410,3000.0
INTERTRAN鄂西北-鄂东,8411,3000.0
INTERTRAN鄂西北-鄂东,8412,3000.0
INTERTRAN鄂西北-鄂东,8413,3000.0
INTERTRAN鄂西北-鄂东,8414,3000.0
INTERTRAN鄂西北-鄂东,8415,3000.0
INTERTRAN鄂西北-鄂东,8416,3000.0
INTERTRAN鄂西北-鄂东,8417,3000.0
INTERTRAN鄂西北-鄂东,8418,3000.0
INTERTRAN鄂西北-鄂东,8419,2155.0500683995397
INTERTRAN鄂西北-鄂东,8420,2880.5228399999996
INTERTRAN鄂西北-鄂东,8421,3000.0
INTERTRAN鄂西北-鄂东,8422,3000.0
INTERTRAN鄂西北-鄂东,8423,3000.0
INTERTRAN鄂西北-鄂东,8424,3000.0
INTERTRAN鄂西北-鄂东,8425,3000.0
INTERTRAN鄂西北-鄂东,8426,3000.0
INTERTRAN鄂西北-鄂东,8427,3000.0
INTERTRAN鄂西北-鄂东,8428,3000.0
INTERTRAN鄂西北-鄂东,8429,3000.0
INTERTRAN鄂西北-鄂东,8430,3000.0
INTERTRAN鄂西北-鄂东,8431,3000.0
INTERTRAN鄂西北-鄂东,8432,3000.0
INTERTRAN鄂西北-鄂东,8433,3000.0
INTERTRAN鄂西北-鄂东,8434,3000.0
INTERTRAN鄂西北-鄂东,8435,3000.0
INTERTRAN鄂西北-鄂东,8436,3000.0
INTERTRAN鄂西北-鄂东,8437,74.00948499999959
INTERTRAN鄂西北-鄂东,8438,3000.0
INTERTRAN鄂西北-鄂东,8439,3000.0
INTERTRAN鄂西北-鄂东,8440,3000.0
INTERTRAN鄂西北-鄂东,8441,3000.0
INTERTRAN鄂西北-鄂东,8442,3000.0
INTERTRAN鄂西北-鄂东,8443,3000.0
INTERTRAN鄂西北-鄂东,8444,1839.010314999999
INTERTRAN鄂西北-鄂东,8445,3000.0
INTERTRAN鄂西北-鄂东,8446,3000.0
INTERTRAN鄂西北-鄂东,8447,2827.541749999999
INTERTRAN鄂西北-鄂东,8448,3000.0
INTERTRAN鄂西北-鄂东,8449,3000.0
INTERTRAN鄂西北-鄂东,8450,3000.0
INTERTRAN鄂西北-鄂东,8451,3000.0
INTERTRAN鄂西北-鄂东,8452,3000.0
INTERTRAN鄂西北-鄂东,8453,3000.0
INTERTRAN鄂西北-鄂东,8454,3000.0
INTERTRAN鄂西北-鄂东,8455,3000.0
INTERTRAN鄂西北-鄂东,8456,3000.0
INTERTRAN鄂西北-鄂东,8457,3000.0
INTERTRAN鄂西北-鄂东,8458,2456.6777850000003
INTERTRAN鄂西北-鄂东,8459,3000.0
INTERTRAN鄂西北-鄂东,8460,3000.0
INTERTRAN鄂西北-鄂东,8461,-1236.1317703709515
INTERTRAN鄂西北-鄂东,8462,-2375.528185000001
INTERTRAN鄂西北-鄂东,8463,-1389.0679950000008
INTERTRAN鄂西北-鄂东,8464,33.130309444443
INTERTRAN鄂西北-鄂东,8465,-331.0438950000007
INTERTRAN鄂西北-鄂东,8466,2949.9380400000027
INTERTRAN鄂西北-鄂东,8467,3000.0
INTERTRAN鄂西北-鄂东,8468,3000.0
INTERTRAN鄂西北-鄂东,8469,3000.0
INTERTRAN鄂西北-鄂东,8470,3000.0
INTERTRAN鄂西北-鄂东,8471,3000.0
INTERTRAN鄂西北-鄂东,8472,3000.0
INTERTRAN鄂西北-鄂东,8473,3000.0
INTERTRAN鄂西北-鄂东,8474,3000.0
INTERTRAN鄂西北-鄂东,8475,3000.0
INTERTRAN鄂西北-鄂东,8476,3000.0
INTERTRAN鄂西北-鄂东,8477,2626.8839999999996
INTERTRAN鄂西北-鄂东,8478,3000.0
INTERTRAN鄂西北-鄂东,8479,2634.614740000001
INTERTRAN鄂西北-鄂东,8480,3000.0
INTERTRAN鄂西北-鄂东,8481,3000.0
INTERTRAN鄂西北-鄂东,8482,3000.0
INTERTRAN鄂西北-鄂东,8483,3000.0
INTERTRAN鄂西北-鄂东,8484,3000.0
INTERTRAN鄂西北-鄂东,8485,3000.0
INTERTRAN鄂西北-鄂东,8486,729.2025761111108
INTERTRAN鄂西北-鄂东,8487,1580.679039999999
INTERTRAN鄂西北-鄂东,8488,2085.646199999999
INTERTRAN鄂西北-鄂东,8489,3000.0
INTERTRAN鄂西北-鄂东,8490,3000.0
INTERTRAN鄂西北-鄂东,8491,3000.0
INTERTRAN鄂西北-鄂东,8492,1703.54695
INTERTRAN鄂西北-鄂东,8493,3000.0
INTERTRAN鄂西北-鄂东,8494,3000.0
INTERTRAN鄂西北-鄂东,8495,3000.0
INTERTRAN鄂西-鄂西北,8352,-812.6784999999982
INTERTRAN鄂西-鄂西北,8353,-563.1777499999989
INTERTRAN鄂西-鄂西北,8354,-1430.624499999999
INTERTRAN鄂西-鄂西北,8355,-2000.0
INTERTRAN鄂西-鄂西北,8356,-2000.0
INTERTRAN鄂西-鄂西北,8357,-694.0174999999995
INTERTRAN鄂西-鄂西北,8358,-397.682499999999
INTERTRAN鄂西-鄂西北,8359,-981.4048750000006
INTERTRAN鄂西-鄂西北,8360,-1426.3014550000016
INTERTRAN鄂西-鄂西北,8361,-2000.0
INTERTRAN鄂西-鄂西北,8362,502.3661850000003
INTERTRAN鄂西-鄂西北,8363,954.1858000000002
INTERTRAN鄂西-鄂西北,8364,388.2070600000002
INTERTRAN鄂西-鄂西北,8365,2000.0
INTERTRAN鄂西-鄂西北,8366,2000.0
INTERTRAN鄂西-鄂西北,8367,1685.1772044444456
INTERTRAN鄂西-鄂西北,8368,1491.2602350000002
INTERTRAN鄂西-鄂西北,8369,-2000.0
INTERTRAN鄂西-鄂西北,8370,-1263.6900399999995
INTERTRAN鄂西-鄂西北,8371,-2000.0
INTERTRAN鄂西-鄂西北,8372,-1706.607221950452
INTERTRAN鄂西-鄂西北,8373,-1993.3877500000003
INTERTRAN鄂西-鄂西北,8374,-276.10134000000016
INTERTRAN鄂西-鄂西北,8375,-533.0774999999999
INTERTRAN鄂西-鄂西北,8376,-487.11699999999973
INTERTRAN鄂西-鄂西北,8377,-863.9989999999993
INTERTRAN鄂西-鄂西北,8378,-585.7074999999986
INTERTRAN鄂西-鄂西北,8379,-2000.0
INTERTRAN鄂西-鄂西北,8380,-1006.6349999999989
INTERTRAN鄂西-鄂西北,8381,-9.146249999999782
INTERTRAN鄂西-鄂西北,8382,-1940.8504999999996
INTERTRAN鄂西-鄂西北,8383,-2000.0
INTERTRAN鄂西-鄂西北,8384,-1677.8853899999995
INTERTRAN鄂西-鄂西北,8385,-2000.0
INTERTRAN鄂西-鄂西北,8386,-2000.0
INTERTRAN鄂西-鄂西北,8387,-2000.0
INTERTRAN鄂西-鄂西北,8388,-109.60046000000011
INTERTRAN鄂西-鄂西北,8389,-2000.0
INTERTRAN鄂西-鄂西北,8390,-1611.948934999974
INTERTRAN鄂西-鄂西北,8391,-1705.765554999999
INTERTRAN鄂西-鄂西北,8392,-1400.4732099999987
INTERTRAN鄂西-鄂西北,8393,-2000.0
INTERTRAN鄂西-鄂西北,8394,-2000.0
INTERTRAN鄂西-鄂西北,8395,-527.4556400000029
INTERTRAN鄂西-鄂西北,8396,-2000.0
INTERTRAN鄂西-鄂西北,8397,-2000.0
INTERTRAN鄂西-鄂西北,8398,-2000.0
INTERTRAN鄂西-鄂西北,8399,-2000.0
INTERTRAN鄂西-鄂西北,8400,-2000.0
INTERTRAN鄂西-鄂西北,8401,-2000.0
INTERTRAN鄂西-鄂西北,8402,-1735.2827499999994
INTERTRAN鄂西-鄂西北,8403,-2000.0
INTERTRAN鄂西-鄂西北,8404,-2000.0
INTERTRAN鄂西-鄂西北,8405,-2000.0
INTERTRAN鄂西-鄂西北,8406,-2000.0
INTERTRAN鄂西-鄂西北,8407,-2000.0
INTERTRAN鄂西-鄂西北,8408,-2000.0
INTERTRAN鄂西-鄂西北,8409,-2000.0
INTERTRAN鄂西-鄂西北,8410,-1868.4056799999994
INTERTRAN鄂西-鄂西北,8411,-1595.0266449999995
INTERTRAN鄂西-鄂西北,8412,-1715.7025399999993
INTERTRAN鄂西-鄂西北,8413,-2000.0
INTERTRAN鄂西-鄂西北,8414,-1109.938679999998
INTERTRAN鄂西-鄂西北,8415,-2000.0
INTERTRAN鄂西-鄂西北,8416,-613.2562799999996
INTERTRAN鄂西-鄂西北,8417,-2000.0
INTERTRAN鄂西-鄂西北,8418,-2000.0
INTERTRAN鄂西-鄂西北,8419,-2000.0
INTERTRAN鄂西-鄂西北,8420,-2000.0
INTERTRAN鄂西-鄂西北,8421,-1846.190544801279
INTERTRAN鄂西-鄂西北,8422,-1890.7014999999988
INTERTRAN鄂西-鄂西北,8423,-2000.0
INTERTRAN鄂西-鄂西北,8424,-2000.0
INTERTRAN鄂西-鄂西北,8425,-2000.0
INTERTRAN鄂西-鄂西北,8426,-2000.0
INTERTRAN鄂西-鄂西北,8427,-2000.0
INTERTRAN鄂西-鄂西北,8428,-2000.0
INTERTRAN鄂西-鄂西北,8429,-2000.0
INTERTRAN鄂西-鄂西北,8430,-2000.0
INTERTRAN鄂西-鄂西北,8431,-2000.0
INTERTRAN鄂西-鄂西北,8432,-2000.0
INTERTRAN鄂西-鄂西北,8433,-2000.0
INTERTRAN鄂西-鄂西北,8434,-1377.3895949999996
INTERTRAN鄂西-鄂西北,8435,-2000.0
INTERTRAN鄂西-鄂西北,8436,-301.107305
INTERTRAN鄂西-鄂西北,8437,-2000.0
INTERTRAN鄂西-鄂西北,8438,-1402.71454
INTERTRAN鄂西-鄂西北,8439,-1248.3485049999995
INTERTRAN鄂西-鄂西北,8440,1173.606895000001
INTERTRAN鄂西-鄂西北,8441,-1743.6122850000006
INTERTRAN鄂西-鄂西北,8442,-2000.0
INTERTRAN鄂西-鄂西北,8443,-2000.0
INTERTRAN鄂西-鄂西北,8444,-2000.0
INTERTRAN鄂西-鄂西北,8445,-1954.4633530500143
INTERTRAN鄂西-鄂西北,8446,-2000.0
INTERTRAN鄂西-鄂西北,8447,-2000.0
INTERTRAN鄂西-鄂西北,8448,-2000.0
INTERTRAN鄂西-鄂西北,8449,-1806.4280000000003
INTERTRAN鄂西-鄂西北,8450,-2000.0
INTERTRAN鄂西-鄂西北,8451,-2000.0
INTERTRAN鄂西-鄂西北,8452,-2000.0
INTERTRAN鄂西-鄂西北,8453,-2000.0
INTERTRAN鄂西-鄂西北,8454,-2000.0
INTERTRAN鄂西-鄂西北,8455,-2000.0
INTERTRAN鄂西-鄂西北,8456,-2000.0
INTERTRAN鄂西-鄂西北,8457,-2000.0
INTERTRAN鄂西-鄂西北,8458,-2000.0
INTERTRAN鄂西-鄂西北,8459,-547.5407399999981
INTERTRAN鄂西-鄂西北,8460,1950.5032361111123
INTERTRAN鄂西-鄂西北,8461,2000.0
INTERTRAN鄂西-鄂西北,8462,2000.0
INTERTRAN鄂西-鄂西北,8463,2000.0
INTERTRAN鄂西-鄂西北,8464,2000.0
INTERTRAN鄂西-鄂西北,8465,-2000.0
INTERTRAN鄂西-鄂西北,8466,-2000.0
INTERTRAN鄂西-鄂西北,8467,-2000.0
INTERTRAN鄂西-鄂西北,8468,-2000.0
INTERTRAN鄂西-鄂西北,8469,-2000.0
INTERTRAN鄂西-鄂西北,8470,-1444.6394999999993
INTERTRAN鄂西-鄂西北,8471,-2000.0
INTERTRAN鄂西-鄂西北,8472,-2000.0
INTERTRAN鄂西-鄂西北,8473,-2000.0
INTERTRAN鄂西-鄂西北,8474,-2000.0
INTERTRAN鄂西-鄂西北,8475,-1937.1123400000192
INTERTRAN鄂西-鄂西北,8476,-2000.0
INTERTRAN鄂西-鄂西北,8477,-2000.0
INTERTRAN鄂西-鄂西北,8478,-2000.0
INTERTRAN鄂西-鄂西北,8479,-2000.0
INTERTRAN鄂西-鄂西北,8480,-2000.0
INTERTRAN鄂西-鄂西北,8481,-2000.0
INTERTRAN鄂西-鄂西北,8482,-1508.2320099999993
INTERTRAN鄂西-鄂西北,8483,-1301.5569400000004
INTERTRAN鄂西-鄂西北,8484,-442.8073599999999
INTERTRAN鄂西-鄂西北,8485,1882.0707599999996
INTERTRAN鄂西-鄂西北,8486,2000.0
INTERTRAN鄂西-鄂西北,8487,2000.0
INTERTRAN鄂西-鄂西北,8488,2000.0
INTERTRAN鄂西-鄂西北,8489,-29.27834000000439
INTERTRAN鄂西-鄂西北,8490,-2000.0
INTERTRAN鄂西-鄂西北,8491,-2000.0
INTERTRAN鄂西-鄂西北,8492,-2000.0
INTERTRAN鄂西-鄂西北,8493,-1847.0522499999997
INTERTRAN鄂西-鄂西北,8494,-1445.678249999999
INTERTRAN鄂西-鄂西北,8495,-2000.0
INTERTRAN鄂西-鄂东,8496,7382.305157400482
INTERTRAN鄂西-鄂东,8497,4221.101040000001
INTERTRAN鄂西-鄂东,8498,4241.5344000000005
INTERTRAN鄂西-鄂东,8499,4507.4896
INTERTRAN鄂西-鄂东,8500,5470.353680000015
INTERTRAN鄂西-鄂东,8501,3929.497099999995
INTERTRAN鄂西-鄂东,8502,4270.6355
INTERTRAN鄂西-鄂东,8503,7659.938639999997
INTERTRAN鄂西-鄂东,8504,7755.267699999986
INTERTRAN鄂西-鄂东,8505,8361.199039999998
INTERTRAN鄂西-鄂东,8506,5136.208921350034
INTERTRAN鄂西-鄂东,8507,2654.3378799999964
INTERTRAN鄂西-鄂东,8508,1000.688299999983
INTERTRAN鄂西-鄂东,8509,2267.239666666649
INTERTRAN鄂西-鄂东,8510,346.46712962961226
INTERTRAN鄂西-鄂东,8511,2053.2970949999803
INTERTRAN鄂西-鄂东,8512,3614.3731199999847
INTERTRAN鄂西-鄂东,8513,7892.521266350033
INTERTRAN鄂西-鄂东,8514,8183.044173649964
INTERTRAN鄂西-鄂东,8515,7999.727540000001
INTERTRAN鄂西-鄂东,8516,6897.857339999999
INTERTRAN鄂西-鄂东,8517,4138.0638
INTERTRAN鄂西-鄂东,8518,3122.726299999987
INTERTRAN鄂西-鄂东,8519,7234.412639999999
INTERTRAN鄂西-鄂东,8520,6214.816939999999
INTERTRAN鄂西-鄂东,8521,5204.278466350033
INTERTRAN鄂西-鄂东,8522,5661.4161399999975
INTERTRAN鄂西-鄂东,8523,7963.652039999999
INTERTRAN鄂西-鄂东,8524,7272.609966350032
INTERTRAN鄂西-鄂东,8525,7810.073839999999
INTERTRAN鄂西-鄂东,8526,5703.426539999999
INTERTRAN鄂西-鄂东,8527,5403.883039999999
INTERTRAN鄂西-鄂东,8528,7406.739692700068
INTERTRAN鄂西-鄂东,8529,6704.7360872999325
INTERTRAN鄂西-鄂东,8530,2774.4292400000013
INTERTRAN鄂西-鄂东,8531,3957.4243399999996
INTERTRAN鄂西-鄂东,8532,1547.4010288888887
INTERTRAN鄂西-鄂东,8533,1789.865211111093
INTERTRAN鄂西-鄂东,8534,3627.275611111092
INTERTRAN鄂西-鄂东,8535,4045.982097469663
INTERTRAN鄂西-鄂东,8536,2899.2925559872215
INTERTRAN鄂西-鄂东,8537,4198.39344
INTERTRAN鄂西-鄂东,8538,6743.9318399999975
INTERTRAN鄂西-鄂东,8539,5852.673739999998
INTERTRAN鄂西-鄂东,8540,8354.203440000001
INTERTRAN鄂西-鄂东,8541,5894.203250000005
INTERTRAN鄂西-鄂东,8542,4267.526299999998
INTERTRAN鄂西-鄂东,8543,4915.5083
INTERTRAN鄂西-鄂东,8544,6838.9642213502175
INTERTRAN鄂西-鄂东,8545,7233.789466350035
INTERTRAN鄂西-鄂东,8546,7388.269540000001
INTERTRAN鄂西-鄂东,8547,7010.888340000001
INTERTRAN鄂西-鄂东,8548,6466.065766350033
INTERTRAN鄂西-鄂东,8549,7181.8374399999975
INTERTRAN鄂西-鄂东,8550,6314.536240000003
INTERTRAN鄂西-鄂东,8551,7014.3113663500335
INTERTRAN鄂西-鄂东,8552,7862.929740000001
INTERTRAN鄂西-鄂东,8553,7872.268339999988
INTERTRAN鄂西-鄂东,8554,4127.254540000002
INTERTRAN鄂西-鄂东,8555,4858.97784
INTERTRAN鄂西-鄂东,8556,2405.6724400000003
INTERTRAN鄂西-鄂东,8557,4537.80774
INTERTRAN鄂西-鄂东,8558,4716.4877400000005
INTERTRAN鄂西-鄂东,8559,5398.345840000002
INTERTRAN鄂西-鄂东,8560,4494.44174
INTERTRAN鄂西-鄂东,8561,9216.410840000002
INTERTRAN鄂西-鄂东,8562,6598.592349999999
INTERTRAN鄂西-鄂东,8563,6781.367839999999
INTERTRAN鄂西-鄂东,8564,8311.41144
INTERTRAN鄂西-鄂东,8565,6300.480540000002
INTERTRAN鄂西-鄂东,8566,4838.021799999999
INTERTRAN鄂西-鄂东,8567,5405.1909
INTERTRAN鄂西-鄂东,8568,4923.0985
INTERTRAN鄂西-鄂东,8569,6031.95124
INTERTRAN鄂西-鄂东,8570,6954.691039999996
INTERTRAN鄂西-鄂东,8571,6256.908240000001
INTERTRAN鄂西-鄂东,8572,5539.304039999996
INTERTRAN鄂西-鄂东,8573,7525.242240000001
INTERTRAN鄂西-鄂东,8574,8123.316439999999
INTERTRAN鄂西-鄂东,8575,6200.097039999999
INTERTRAN鄂西-鄂东,8576,7590.650839999998
INTERTRAN鄂西-鄂东,8577,7990.301640000252
INTERTRAN鄂西-鄂东,8578,4673.8959099999865
INTERTRAN鄂西-鄂东,8579,4642.994340000001
INTERTRAN鄂西-鄂东,8580,3826.17444
INTERTRAN鄂西-鄂东,8581,4786.945095000001
INTERTRAN鄂西-鄂东,8582,4556.536895000001
INTERTRAN鄂西-鄂东,8583,4381.212477777741
INTERTRAN鄂西-鄂东,8584,3353.8954399999975
INTERTRAN鄂西-鄂东,8585,6647.696705951323
INTERTRAN鄂西-鄂东,8586,9183.520040000001
INTERTRAN鄂西-鄂东,8587,8086.218171349993
INTERTRAN鄂西-鄂东,8588,6861.658819999986
INTERTRAN鄂西-鄂东,8589,7766.4382399999995
INTERTRAN鄂西-鄂东,8590,5925.065440000002
INTERTRAN鄂西-鄂东,8591,7244.88284
INTERTRAN鄂西-鄂东,8592,6369.021140000001
INTERTRAN鄂西-鄂东,8593,8249.929439999998
INTERTRAN鄂西-鄂东,8594,5028.01064
INTERTRAN鄂西-鄂东,8595,5520.8609400000005
INTERTRAN鄂西-鄂东,8596,4492.591339999999
INTERTRAN鄂西-鄂东,8597,7048.3182400000005
INTERTRAN鄂西-鄂东,8598,7959.68354
INTERTRAN鄂西-鄂东,8599,5860.39632889992
INTERTRAN鄂西-鄂东,8600,6196.067463899912
INTERTRAN鄂西-鄂东,8601,6980.320765000006
INTERTRAN鄂西-鄂东,8602,4097.030899999996
INTERTRAN鄂西-鄂东,8603,4216.622973899916
INTERTRAN鄂西-鄂东,8604,5157.972128899924
INTERTRAN鄂西-鄂东,8605,4650.667428899924
INTERTRAN鄂西-鄂东,8606,4962.228453899917
INTERTRAN鄂西-鄂东,8607,1264.9805099999935
INTERTRAN鄂西-鄂东,8608,6303.797428899925
INTERTRAN鄂西-鄂东,8609,11663.371263899913
INTERTRAN鄂西-鄂东,8610,10659.141563899915
INTERTRAN鄂西-鄂东,8611,7937.53642889992
INTERTRAN鄂西-鄂东,8612,6065.464947949795
INTERTRAN鄂西-鄂东,8613,5077.058599999999
INTERTRAN鄂西-鄂东,8614,5228.505728899923
INTERTRAN鄂西-鄂东,8615,6943.995263899913
INTERTRAN鄂西-鄂东,8616,5957.112728899923
INTERTRAN鄂西-鄂东,8617,4345.499045124878
INTERTRAN鄂西-鄂东,8618,4742.348
INTERTRAN鄂西-鄂东,8619,4500.3785
INTERTRAN鄂西-鄂东,8620,4027.7355451248786
INTERTRAN鄂西-鄂东,8621,5189.2962
INTERTRAN鄂西-鄂东,8622,7237.4027399999995
INTERTRAN鄂西-鄂东,8623,5482.153573899899
INTERTRAN鄂西-鄂东,8624,7298.8525537750265
INTERTRAN鄂西-鄂东,8625,9658.768753899905
INTERTRAN鄂西-鄂东,8626,5294.254445124874
INTERTRAN鄂西-鄂东,8627,3789.795839999997
INTERTRAN鄂西-鄂东,8628,6961.197766666646
INTERTRAN鄂西-鄂东,8629,4081.372648024668
INTERTRAN鄂西-鄂东,8630,6484.058673271626
INTERTRAN鄂西-鄂东,8631,3462.4462665117308
INTERTRAN鄂西-鄂东,8632,6895.562799999983
INTERTRAN鄂西-鄂东,8633,5286.298240000004
INTERTRAN鄂西-鄂东,8634,5238.304339424991
INTERTRAN鄂西-鄂东,8635,6307.090749425009
INTERTRAN鄂西-鄂东,8636,5428.581983200045
INTERTRAN鄂西-鄂东,8637,6746.195069599788
INTERTRAN鄂西-鄂东,8638,4768.615239425
INTERTRAN鄂西-鄂东,8639,6622.538745124875
INTERTRAN鄂西北-鄂东,8496,3000.0
INTERTRAN鄂西北-鄂东,8497,3000.0
INTERTRAN鄂西北-鄂东,8498,1668.7925
INTERTRAN鄂西北-鄂东,8499,3000.0
INTERTRAN鄂西北-鄂东,8500,2895.808000000001
INTERTRAN鄂西北-鄂东,8501,3000.0
INTERTRAN鄂西北-鄂东,8502,3000.0
INTERTRAN鄂西北-鄂东,8503,3000.0
INTERTRAN鄂西北-鄂东,8504,3000.0
INTERTRAN鄂西北-鄂东,8505,3000.0
INTERTRAN鄂西北-鄂东,8506,3000.0
INTERTRAN鄂西北-鄂东,8507,3000.0
INTERTRAN鄂西北-鄂东,8508,3000.0
INTERTRAN鄂西北-鄂东,8509,1932.6663117283938
INTERTRAN鄂西北-鄂东,8510,1640.3742784567862
INTERTRAN鄂西北-鄂东,8511,3000.0
INTERTRAN鄂西北-鄂东,8512,3000.0
INTERTRAN鄂西北-鄂东,8513,3000.0
INTERTRAN鄂西北-鄂东,8514,3000.0
INTERTRAN鄂西北-鄂东,8515,3000.0
INTERTRAN鄂西北-鄂东,8516,3000.0
INTERTRAN鄂西北-鄂东,8517,3000.0
INTERTRAN鄂西北-鄂东,8518,3000.0
INTERTRAN鄂西北-鄂东,8519,3000.0
INTERTRAN鄂西北-鄂东,8520,3000.0
INTERTRAN鄂西北-鄂东,8521,3000.0
INTERTRAN鄂西北-鄂东,8522,3000.0
INTERTRAN鄂西北-鄂东,8523,3000.0
INTERTRAN鄂西北-鄂东,8524,3000.0
INTERTRAN鄂西北-鄂东,8525,3000.0
INTERTRAN鄂西北-鄂东,8526,3000.0
INTERTRAN鄂西北-鄂东,8527,3000.0
INTERTRAN鄂西北-鄂东,8528,3000.0
INTERTRAN鄂西北-鄂东,8529,3000.0
INTERTRAN鄂西北-鄂东,8530,3000.0
INTERTRAN鄂西北-鄂东,8531,3000.0
INTERTRAN鄂西北-鄂东,8532,3000.0
INTERTRAN鄂西北-鄂东,8533,2086.2615437654304
INTERTRAN鄂西北-鄂东,8534,-3000.0
INTERTRAN鄂西北-鄂东,8535,-2344.168623889967
INTERTRAN鄂西北-鄂东,8536,3000.0
INTERTRAN鄂西北-鄂东,8537,3000.0
INTERTRAN鄂西北-鄂东,8538,3000.0
INTERTRAN鄂西北-鄂东,8539,3000.0
INTERTRAN鄂西北-鄂东,8540,3000.0
INTERTRAN鄂西北-鄂东,8541,3000.0
INTERTRAN鄂西北-鄂东,8542,3000.0
INTERTRAN鄂西北-鄂东,8543,3000.0
INTERTRAN鄂西北-鄂东,8544,3000.0
INTERTRAN鄂西北-鄂东,8545,3000.0
INTERTRAN鄂西北-鄂东,8546,3000.0
INTERTRAN鄂西北-鄂东,8547,3000.0
INTERTRAN鄂西北-鄂东,8548,3000.0
INTERTRAN鄂西北-鄂东,8549,3000.0
INTERTRAN鄂西北-鄂东,8550,3000.0
INTERTRAN鄂西北-鄂东,8551,3000.0
INTERTRAN鄂西北-鄂东,8552,3000.0
INTERTRAN鄂西北-鄂东,8553,3000.0
INTERTRAN鄂西北-鄂东,8554,3000.0
INTERTRAN鄂西北-鄂东,8555,3000.0
INTERTRAN鄂西北-鄂东,8556,3000.0
INTERTRAN鄂西北-鄂东,8557,3000.0
INTERTRAN鄂西北-鄂东,8558,3000.0
INTERTRAN鄂西北-鄂东,8559,3000.0
INTERTRAN鄂西北-鄂东,8560,3000.0
INTERTRAN鄂西北-鄂东,8561,3000.0
INTERTRAN鄂西北-鄂东,8562,3000.0
INTERTRAN鄂西北-鄂东,8563,3000.0
INTERTRAN鄂西北-鄂东,8564,3000.0
INTERTRAN鄂西北-鄂东,8565,3000.0
INTERTRAN鄂西北-鄂东,8566,3000.0
INTERTRAN鄂西北-鄂东,8567,3000.0
INTERTRAN鄂西北-鄂东,8568,3000.0
INTERTRAN鄂西北-鄂东,8569,3000.0
INTERTRAN鄂西北-鄂东,8570,3000.0
INTERTRAN鄂西北-鄂东,8571,3000.0
INTERTRAN鄂西北-鄂东,8572,3000.0
INTERTRAN鄂西北-鄂东,8573,3000.0
INTERTRAN鄂西北-鄂东,8574,3000.0
INTERTRAN鄂西北-鄂东,8575,3000.0
INTERTRAN鄂西北-鄂东,8576,3000.0
INTERTRAN鄂西北-鄂东,8577,3000.0
INTERTRAN鄂西北-鄂东,8578,3000.0
INTERTRAN鄂西北-鄂东,8579,3000.0
INTERTRAN鄂西北-鄂东,8580,3000.0
INTERTRAN鄂西北-鄂东,8581,316.30784499999936
INTERTRAN鄂西北-鄂东,8582,-223.7947550000008
INTERTRAN鄂西北-鄂东,8583,357.05877999999984
INTERTRAN鄂西北-鄂东,8584,3000.0
INTERTRAN鄂西北-鄂东,8585,3000.0
INTERTRAN鄂西北-鄂东,8586,3000.0
INTERTRAN鄂西北-鄂东,8587,3000.0
INTERTRAN鄂西北-鄂东,8588,3000.0
INTERTRAN鄂西北-鄂东,8589,3000.0
INTERTRAN鄂西北-鄂东,8590,3000.0
INTERTRAN鄂西北-鄂东,8591,3000.0
INTERTRAN鄂西北-鄂东,8592,3000.0
INTERTRAN鄂西北-鄂东,8593,3000.0
INTERTRAN鄂西北-鄂东,8594,3000.0
INTERTRAN鄂西北-鄂东,8595,3000.0
INTERTRAN鄂西北-鄂东,8596,3000.0
INTERTRAN鄂西北-鄂东,8597,3000.0
INTERTRAN鄂西北-鄂东,8598,3000.0
INTERTRAN鄂西北-鄂东,8599,3000.0
INTERTRAN鄂西北-鄂东,8600,3000.0
INTERTRAN鄂西北-鄂东,8601,3000.0
INTERTRAN鄂西北-鄂东,8602,3000.0
INTERTRAN鄂西北-鄂东,8603,3000.0
INTERTRAN鄂西北-鄂东,8604,3000.0
INTERTRAN鄂西北-鄂东,8605,3000.0
INTERTRAN鄂西北-鄂东,8606,3000.0
INTERTRAN鄂西北-鄂东,8607,3000.0
INTERTRAN鄂西北-鄂东,8608,3000.0
INTERTRAN鄂西北-鄂东,8609,3000.0
INTERTRAN鄂西北-鄂东,8610,3000.0
INTERTRAN鄂西北-鄂东,8611,3000.0
INTERTRAN鄂西北-鄂东,8612,3000.0
INTERTRAN鄂西北-鄂东,8613,3000.0
INTERTRAN鄂西北-鄂东,8614,3000.0
INTERTRAN鄂西北-鄂东,8615,3000.0
INTERTRAN鄂西北-鄂东,8616,3000.0
INTERTRAN鄂西北-鄂东,8617,3000.0
INTERTRAN鄂西北-鄂东,8618,3000.0
INTERTRAN鄂西北-鄂东,8619,3000.0
INTERTRAN鄂西北-鄂东,8620,3000.0
INTERTRAN鄂西北-鄂东,8621,3000.0
INTERTRAN鄂西北-鄂东,8622,3000.0
INTERTRAN鄂西北-鄂东,8623,3000.0
INTERTRAN鄂西北-鄂东,8624,3000.0
INTERTRAN鄂西北-鄂东,8625,3000.0
INTERTRAN鄂西北-鄂东,8626,3000.0
INTERTRAN鄂西北-鄂东,8627,3000.0
INTERTRAN鄂西北-鄂东,8628,-3000.0
INTERTRAN鄂西北-鄂东,8629,-3000.0
INTERTRAN鄂西北-鄂东,8630,-3000.0
INTERTRAN鄂西北-鄂东,8631,-3000.0
INTERTRAN鄂西北-鄂东,8632,-3000.0
INTERTRAN鄂西北-鄂东,8633,3000.0
INTERTRAN鄂西北-鄂东,8634,3000.0
INTERTRAN鄂西北-鄂东,8635,3000.0
INTERTRAN鄂西北-鄂东,8636,3000.0
INTERTRAN鄂西北-鄂东,8637,3000.0
INTERTRAN鄂西北-鄂东,8638,3000.0
INTERTRAN鄂西北-鄂东,8639,3000.0
INTERTRAN鄂西-鄂西北,8496,-2000.0
INTERTRAN鄂西-鄂西北,8497,-2000.0
INTERTRAN鄂西-鄂西北,8498,-2000.0
INTERTRAN鄂西-鄂西北,8499,-2000.0
INTERTRAN鄂西-鄂西北,8500,-2000.0
INTERTRAN鄂西-鄂西北,8501,-2000.0
INTERTRAN鄂西-鄂西北,8502,-2000.0
INTERTRAN鄂西-鄂西北,8503,-2000.0
INTERTRAN鄂西-鄂西北,8504,-2000.0
INTERTRAN鄂西-鄂西北,8505,-2000.0
INTERTRAN鄂西-鄂西北,8506,-309.9700549999998
INTERTRAN鄂西-鄂西北,8507,592.4140200007655
INTERTRAN鄂西-鄂西北,8508,2000.0
INTERTRAN鄂西-鄂西北,8509,2000.0
INTERTRAN鄂西-鄂西北,8510,2000.0
INTERTRAN鄂西-鄂西北,8511,406.33470500000067
INTERTRAN鄂西-鄂西北,8512,227.29388000000063
INTERTRAN鄂西-鄂西北,8513,-2000.0
INTERTRAN鄂西-鄂西北,8514,-2000.0
INTERTRAN鄂西-鄂西北,8515,-2000.0
INTERTRAN鄂西-鄂西北,8516,-1710.1488749999999
INTERTRAN鄂西-鄂西北,8517,-2000.0
INTERTRAN鄂西-鄂西北,8518,-510.7904999999996
INTERTRAN鄂西-鄂西北,8519,-2000.0
INTERTRAN鄂西-鄂西北,8520,-2000.0
INTERTRAN鄂西-鄂西北,8521,-2000.0
INTERTRAN鄂西-鄂西北,8522,-2000.0
INTERTRAN鄂西-鄂西北,8523,-2000.0
INTERTRAN鄂西-鄂西北,8524,-2000.0
INTERTRAN鄂西-鄂西北,8525,-2000.0
INTERTRAN鄂西-鄂西北,8526,-2000.0
INTERTRAN鄂西-鄂西北,8527,-2000.0
INTERTRAN鄂西-鄂西北,8528,-2000.0
INTERTRAN鄂西-鄂西北,8529,-2000.0
INTERTRAN鄂西-鄂西北,8530,340.37218839918427
INTERTRAN鄂西-鄂西北,8531,-49.023773649968234
INTERTRAN鄂西-鄂西北,8532,1438.589808580276
INTERTRAN鄂西-鄂西北,8533,2000.0
INTERTRAN鄂西-鄂西北,8534,2000.0
INTERTRAN鄂西-鄂西北,8535,2000.0
INTERTRAN鄂西-鄂西北,8536,2000.0
INTERTRAN鄂西-鄂西北,8537,701.4929500000003
INTERTRAN鄂西-鄂西北,8538,279.2698000000005
INTERTRAN鄂西-鄂西北,8539,-2000.0
INTERTRAN鄂西-鄂西北,8540,-1167.8641199999993
INTERTRAN鄂西-鄂西北,8541,-2000.0
INTERTRAN鄂西-鄂西北,8542,-2000.0
INTERTRAN鄂西-鄂西北,8543,-2000.0
INTERTRAN鄂西-鄂西北,8544,-2000.0
INTERTRAN鄂西-鄂西北,8545,-2000.0
INTERTRAN鄂西-鄂西北,8546,-2000.0
INTERTRAN鄂西-鄂西北,8547,-1443.250500000001
INTERTRAN鄂西-鄂西北,8548,-2000.0
INTERTRAN鄂西-鄂西北,8549,-2000.0
INTERTRAN鄂西-鄂西北,8550,-2000.0
INTERTRAN鄂西-鄂西北,8551,-2000.0
INTERTRAN鄂西-鄂西北,8552,-2000.0
INTERTRAN鄂西-鄂西北,8553,-2000.0
INTERTRAN鄂西-鄂西北,8554,-1297.6305000000066
INTERTRAN鄂西-鄂西北,8555,-1824.8569000000125
INTERTRAN鄂西-鄂西北,8556,111.21757104998323
INTERTRAN鄂西-鄂西北,8557,-271.54289500000004
INTERTRAN鄂西-鄂西北,8558,316.6542200000017
INTERTRAN鄂西-鄂西北,8559,-237.2137049999992
INTERTRAN鄂西-鄂西北,8560,194.96955539865996
INTERTRAN鄂西-鄂西北,8561,-2000.0
INTERTRAN鄂西-鄂西北,8562,-2000.0
INTERTRAN鄂西-鄂西北,8563,-2000.0
INTERTRAN鄂西-鄂西北,8564,-2000.0
INTERTRAN鄂西-鄂西北,8565,-2000.0
INTERTRAN鄂西-鄂西北,8566,-2000.0
INTERTRAN鄂西-鄂西北,8567,-2000.0
INTERTRAN鄂西-鄂西北,8568,-2000.0
INTERTRAN鄂西-鄂西北,8569,-2000.0
INTERTRAN鄂西-鄂西北,8570,-2000.0
INTERTRAN鄂西-鄂西北,8571,-2000.0
INTERTRAN鄂西-鄂西北,8572,-2000.0
INTERTRAN鄂西-鄂西北,8573,-2000.0
INTERTRAN鄂西-鄂西北,8574,-2000.0
INTERTRAN鄂西-鄂西北,8575,-2000.0
INTERTRAN鄂西-鄂西北,8576,-2000.0
INTERTRAN鄂西-鄂西北,8577,-2000.0
INTERTRAN鄂西-鄂西北,8578,-1306.3569699999994
INTERTRAN鄂西-鄂西北,8579,-912.7127149999992
INTERTRAN鄂西-鄂西北,8580,-1861.6867400000142
INTERTRAN鄂西-鄂西北,8581,-2000.0
INTERTRAN鄂西-鄂西北,8582,-2000.0
INTERTRAN鄂西-鄂西北,8583,-2000.0
INTERTRAN鄂西-鄂西北,8584,81.14249999999947
INTERTRAN鄂西-鄂西北,8585,-2000.0
INTERTRAN鄂西-鄂西北,8586,-2000.0
INTERTRAN鄂西-鄂西北,8587,-2000.0
INTERTRAN鄂西-鄂西北,8588,-1401.7912199999992
INTERTRAN鄂西-鄂西北,8589,-2000.0
INTERTRAN鄂西-鄂西北,8590,-2000.0
INTERTRAN鄂西-鄂西北,8591,-2000.0
INTERTRAN鄂西-鄂西北,8592,-2000.0
INTERTRAN鄂西-鄂西北,8593,-2000.0
INTERTRAN鄂西-鄂西北,8594,-2000.0
INTERTRAN鄂西-鄂西北,8595,-2000.0
INTERTRAN鄂西-鄂西北,8596,-2000.0
INTERTRAN鄂西-鄂西北,8597,-2000.0
INTERTRAN鄂西-鄂西北,8598,-2000.0
INTERTRAN鄂西-鄂西北,8599,-2000.0
INTERTRAN鄂西-鄂西北,8600,-2000.0
INTERTRAN鄂西-鄂西北,8601,-2000.0
INTERTRAN鄂西-鄂西北,8602,-2000.0
INTERTRAN鄂西-鄂西北,8603,-1037.0538099999999
INTERTRAN鄂西-鄂西北,8604,-2000.0
INTERTRAN鄂西-鄂西北,8605,1030.8454600000007
INTERTRAN鄂西-鄂西北,8606,-369.4076900000009
INTERTRAN鄂西-鄂西北,8607,62.188390000001164
INTERTRAN鄂西-鄂西北,8608,-1753.2402199999988
INTERTRAN鄂西-鄂西北,8609,-2000.0
INTERTRAN鄂西-鄂西北,8610,-2000.0
INTERTRAN鄂西-鄂西北,8611,-534.7048650000036
INTERTRAN鄂西-鄂西北,8612,-1699.974910000166
INTERTRAN鄂西-鄂西北,8613,-2000.0
INTERTRAN鄂西-鄂西北,8614,-472.63399999999996
INTERTRAN鄂西-鄂西北,8615,-717.9694999999988
INTERTRAN鄂西-鄂西北,8616,-2000.0
INTERTRAN鄂西-鄂西北,8617,-2000.0
INTERTRAN鄂西-鄂西北,8618,-2000.0
INTERTRAN鄂西-鄂西北,8619,-2000.0
INTERTRAN鄂西-鄂西北,8620,-2000.0
INTERTRAN鄂西-鄂西北,8621,-2000.0
INTERTRAN鄂西-鄂西北,8622,-2000.0
INTERTRAN鄂西-鄂西北,8623,-2000.0
INTERTRAN鄂西-鄂西北,8624,-2000.0
INTERTRAN鄂西-鄂西北,8625,-2000.0
INTERTRAN鄂西-鄂西北,8626,-249.54613000000245
INTERTRAN鄂西-鄂西北,8627,-313.1940400000158
INTERTRAN鄂西-鄂西北,8628,-2000.0
INTERTRAN鄂西-鄂西北,8629,307.7754741975349
INTERTRAN鄂西-鄂西北,8630,2000.0
INTERTRAN鄂西-鄂西北,8631,1033.5027520067679
INTERTRAN鄂西-鄂西北,8632,-2000.0
INTERTRAN鄂西-鄂西北,8633,266.0623149999999
INTERTRAN鄂西-鄂西北,8634,-2000.0
INTERTRAN鄂西-鄂西北,8635,-2000.0
INTERTRAN鄂西-鄂西北,8636,-2000.0
INTERTRAN鄂西-鄂西北,8637,-2000.0
INTERTRAN鄂西-鄂西北,8638,-2000.0
INTERTRAN鄂西-鄂西北,8639,-2000.0
INTERTRAN鄂西-鄂东,8640,8706.070339224394
INTERTRAN鄂西-鄂东,8641,5160.394163550198
INTERTRAN鄂西-鄂东,8642,5653.940313049987
INTERTRAN鄂西-鄂东,8643,4707.390656525497
INTERTRAN鄂西-鄂东,8644,4691.2499400000015
INTERTRAN鄂西-鄂东,8645,7168.126239999998
INTERTRAN鄂西-鄂东,8646,6727.34894
INTERTRAN鄂西-鄂东,8647,7923.541239999997
INTERTRAN鄂西-鄂东,8648,7025.2366999999995
INTERTRAN鄂西-鄂东,8649,9380.399440775605
INTERTRAN鄂西-鄂东,8650,4199.749940800027
INTERTRAN鄂西-鄂东,8651,3526.84648888887
INTERTRAN鄂西-鄂东,8652,5479.415133333314
INTERTRAN鄂西-鄂东,8653,4907.300739999995
INTERTRAN鄂西-鄂东,8654,7788.649006666666
INTERTRAN鄂西-鄂东,8655,5801.517699999984
INTERTRAN鄂西-鄂东,8656,4238.08030000018
INTERTRAN鄂西-鄂东,8657,4102.95974
INTERTRAN鄂西-鄂东,8658,8852.423040000003
INTERTRAN鄂西-鄂东,8659,8441.539540000005
INTERTRAN鄂西-鄂东,8660,9942.003339999997
INTERTRAN鄂西-鄂东,8661,6713.5771
INTERTRAN鄂西-鄂东,8662,5720.421440000002
INTERTRAN鄂西-鄂东,8663,6692.275139999995
INTERTRAN鄂西-鄂东,8664,5194.269999999997
INTERTRAN鄂西-鄂东,8665,6655.32294
INTERTRAN鄂西-鄂东,8666,6445.273040000002
INTERTRAN鄂西-鄂东,8667,6106.185039999997
INTERTRAN鄂西-鄂东,8668,5834.978140000003
INTERTRAN鄂西-鄂东,8669,8160.6891399999995
INTERTRAN鄂西-鄂东,8670,6115.88524
INTERTRAN鄂西-鄂东,8671,6304.072040000001
INTERTRAN鄂西-鄂东,8672,5702.1871
INTERTRAN鄂西-鄂东,8673,7198.599140000004
INTERTRAN鄂西-鄂东,8674,6669.047624999997
INTERTRAN鄂西-鄂东,8675,4876.490139999997
INTERTRAN鄂西-鄂东,8676,2221.703239999999
INTERTRAN鄂西-鄂东,8677,3951.892474999997
INTERTRAN鄂西-鄂东,8678,5162.482039999997
INTERTRAN鄂西-鄂东,8679,2648.0045249999966
INTERTRAN鄂西-鄂东,8680,3950.9812999999995
INTERTRAN鄂西-鄂东,8681,9825.396739999991
INTERTRAN鄂西-鄂东,8682,10588.309439999997
INTERTRAN鄂西-鄂东,8683,10199.310537960835
INTERTRAN鄂西-鄂东,8684,7428.897439999992
INTERTRAN鄂西-鄂东,8685,8627.525940000001
INTERTRAN鄂西-鄂东,8686,7566.176940000001
INTERTRAN鄂西-鄂东,8687,6489.8261999999995
INTERTRAN鄂西-鄂东,8688,7158.769340000001
INTERTRAN鄂西-鄂东,8689,6686.061940000001
INTERTRAN鄂西-鄂东,8690,6550.796039999999
INTERTRAN鄂西-鄂东,8691,5964.116839999999
INTERTRAN鄂西-鄂东,8692,5848.34784
INTERTRAN鄂西-鄂东,8693,7102.390239999999
INTERTRAN鄂西-鄂东,8694,6456.49654
INTERTRAN鄂西-鄂东,8695,6452.86774
INTERTRAN鄂西-鄂东,8696,10053.969639999996
INTERTRAN鄂西-鄂东,8697,10298.013518483256
INTERTRAN鄂西-鄂东,8698,5016.235529024866
INTERTRAN鄂西-鄂东,8699,5582.654669024867
INTERTRAN鄂西-鄂东,8700,2216.350664999987
INTERTRAN鄂西-鄂东,8701,2084.6492932715864
INTERTRAN鄂西-鄂东,8702,3002.6544487140955
INTERTRAN鄂西-鄂东,8703,1944.3182740740576
INTERTRAN鄂西-鄂东,8704,6790.1980999999805
INTERTRAN鄂西-鄂东,8705,7678.863369024866
INTERTRAN鄂西-鄂东,8706,9672.238218483253
INTERTRAN鄂西-鄂东,8707,10008.051918483256
INTERTRAN鄂西-鄂东,8708,5453.4952690248665
INTERTRAN鄂西-鄂东,8709,7745.269718483256
INTERTRAN鄂西-鄂东,8710,6432.7640184832535
INTERTRAN鄂西-鄂东,8711,6606.866269024867
INTERTRAN鄂西-鄂东,8712,7067.20041848324
INTERTRAN鄂西-鄂东,8713,7958.763918483254
INTERTRAN鄂西-鄂东,8714,7997.138440000001
INTERTRAN鄂西-鄂东,8715,6004.269169024867
INTERTRAN鄂西-鄂东,8716,4523.959469024869
INTERTRAN鄂西-鄂东,8717,5197.1054
INTERTRAN鄂西-鄂东,8718,4558.024969024869
INTERTRAN鄂西-鄂东,8719,8376.346018483255
INTERTRAN鄂西-鄂东,8720,7036.635578483252
INTERTRAN鄂西-鄂东,8721,9631.570852724886
INTERTRAN鄂西-鄂东,8722,5521.012969024869
INTERTRAN鄂西-鄂东,8723,4154.805939999999
INTERTRAN鄂西-鄂东,8724,6414.428958888863
INTERTRAN鄂西-鄂东,8725,7078.087744444427
INTERTRAN鄂西-鄂东,8726,6001.353856468102
INTERTRAN鄂西-鄂东,8727,6759.1204659259265
INTERTRAN鄂西-鄂东,8728,3326.2364999999827
INTERTRAN鄂西-鄂东,8729,6634.769069024869
INTERTRAN鄂西-鄂东,8730,10914.826169024867
INTERTRAN鄂西-鄂东,8731,6646.068369024869
INTERTRAN鄂西-鄂东,8732,4511.297786424898
INTERTRAN鄂西-鄂东,8733,5490.770779024864
INTERTRAN鄂西-鄂东,8734,5998.211752724884
INTERTRAN鄂西-鄂东,8735,5210.595169024868
INTERTRAN鄂西-鄂东,8736,7812.1750527248805
INTERTRAN鄂西-鄂东,8737,7123.922339999999
INTERTRAN鄂西-鄂东,8738,5269.332140000002
INTERTRAN鄂西-鄂东,8739,3334.294899999995
INTERTRAN鄂西-鄂东,8740,4981.6628
INTERTRAN鄂西-鄂东,8741,4610.579099999997
INTERTRAN鄂西-鄂东,8742,4861.7682
INTERTRAN鄂西-鄂东,8743,4196.1464
INTERTRAN鄂西-鄂东,8744,7351.5449089997555
INTERTRAN鄂西-鄂东,8745,8863.85662003894
INTERTRAN鄂西-鄂东,8746,3489.8992062748866
INTERTRAN鄂西-鄂东,8747,6586.1599901234395
INTERTRAN鄂西-鄂东,8748,4958.324033333316
INTERTRAN鄂西-鄂东,8749,5751.3139392592775
INTERTRAN鄂西-鄂东,8750,6446.322039999999
INTERTRAN鄂西-鄂东,8751,3997.5208999999813
INTERTRAN鄂西-鄂东,8752,7155.459173333335
INTERTRAN鄂西-鄂东,8753,5785.166339999998
INTERTRAN鄂西-鄂东,8754,6226.168220038936
INTERTRAN鄂西-鄂东,8755,4834.744623474503
INTERTRAN鄂西-鄂东,8756,4422.9563946780345
INTERTRAN鄂西-鄂东,8757,5545.417885799953
INTERTRAN鄂西-鄂东,8758,5614.9202669500155
INTERTRAN鄂西-鄂东,8759,4512.667666399744
INTERTRAN鄂西北-鄂东,8640,3000.0
INTERTRAN鄂西北-鄂东,8641,3000.0
INTERTRAN鄂西北-鄂东,8642,3000.0
INTERTRAN鄂西北-鄂东,8643,3000.0
INTERTRAN鄂西北-鄂东,8644,3000.0
INTERTRAN鄂西北-鄂东,8645,3000.0
INTERTRAN鄂西北-鄂东,8646,3000.0
INTERTRAN鄂西北-鄂东,8647,3000.0
INTERTRAN鄂西北-鄂东,8648,3000.0
INTERTRAN鄂西北-鄂东,8649,3000.0
INTERTRAN鄂西北-鄂东,8650,3000.0
INTERTRAN鄂西北-鄂东,8651,1533.8926297222126
INTERTRAN鄂西北-鄂东,8652,-3000.0
INTERTRAN鄂西北-鄂东,8653,-3000.0
INTERTRAN鄂西北-鄂东,8654,-3000.0
INTERTRAN鄂西北-鄂东,8655,-3000.0
INTERTRAN鄂西北-鄂东,8656,-3000.0
INTERTRAN鄂西北-鄂东,8657,3000.0
INTERTRAN鄂西北-鄂东,8658,3000.0
INTERTRAN鄂西北-鄂东,8659,3000.0
INTERTRAN鄂西北-鄂东,8660,3000.0
INTERTRAN鄂西北-鄂东,8661,3000.0
INTERTRAN鄂西北-鄂东,8662,3000.0
INTERTRAN鄂西北-鄂东,8663,3000.0
INTERTRAN鄂西北-鄂东,8664,3000.0
INTERTRAN鄂西北-鄂东,8665,3000.0
INTERTRAN鄂西北-鄂东,8666,3000.0
INTERTRAN鄂西北-鄂东,8667,3000.0
INTERTRAN鄂西北-鄂东,8668,3000.0
INTERTRAN鄂西北-鄂东,8669,3000.0
INTERTRAN鄂西北-鄂东,8670,3000.0
INTERTRAN鄂西北-鄂东,8671,3000.0
INTERTRAN鄂西北-鄂东,8672,3000.0
INTERTRAN鄂西北-鄂东,8673,3000.0
INTERTRAN鄂西北-鄂东,8674,3000.0
INTERTRAN鄂西北-鄂东,8675,3000.0
INTERTRAN鄂西北-鄂东,8676,3000.0
INTERTRAN鄂西北-鄂东,8677,3000.0
INTERTRAN鄂西北-鄂东,8678,3000.0
INTERTRAN鄂西北-鄂东,8679,3000.0
INTERTRAN鄂西北-鄂东,8680,3000.0
INTERTRAN鄂西北-鄂东,8681,3000.0
INTERTRAN鄂西北-鄂东,8682,3000.0
INTERTRAN鄂西北-鄂东,8683,3000.0
INTERTRAN鄂西北-鄂东,8684,3000.0
INTERTRAN鄂西北-鄂东,8685,3000.0
INTERTRAN鄂西北-鄂东,8686,3000.0
INTERTRAN鄂西北-鄂东,8687,3000.0
INTERTRAN鄂西北-鄂东,8688,3000.0
INTERTRAN鄂西北-鄂东,8689,3000.0
INTERTRAN鄂西北-鄂东,8690,3000.0
INTERTRAN鄂西北-鄂东,8691,3000.0
INTERTRAN鄂西北-鄂东,8692,3000.0
INTERTRAN鄂西北-鄂东,8693,3000.0
INTERTRAN鄂西北-鄂东,8694,3000.0
INTERTRAN鄂西北-鄂东,8695,3000.0
INTERTRAN鄂西北-鄂东,8696,3000.0
INTERTRAN鄂西北-鄂东,8697,3000.0
INTERTRAN鄂西北-鄂东,8698,3000.0
INTERTRAN鄂西北-鄂东,8699,3000.0
INTERTRAN鄂西北-鄂东,8700,3000.0
INTERTRAN鄂西北-鄂东,8701,3000.0
INTERTRAN鄂西北-鄂东,8702,2545.052995730368
INTERTRAN鄂西北-鄂东,8703,2449.9187052469606
INTERTRAN鄂西北-鄂东,8704,-1579.0206599999774
INTERTRAN鄂西北-鄂东,8705,3000.0
INTERTRAN鄂西北-鄂东,8706,3000.0
INTERTRAN鄂西北-鄂东,8707,3000.0
INTERTRAN鄂西北-鄂东,8708,3000.0
INTERTRAN鄂西北-鄂东,8709,3000.0
INTERTRAN鄂西北-鄂东,8710,3000.0
INTERTRAN鄂西北-鄂东,8711,3000.0
INTERTRAN鄂西北-鄂东,8712,3000.0
INTERTRAN鄂西北-鄂东,8713,3000.0
INTERTRAN鄂西北-鄂东,8714,3000.0
INTERTRAN鄂西北-鄂东,8715,3000.0
INTERTRAN鄂西北-鄂东,8716,3000.0
INTERTRAN鄂西北-鄂东,8717,3000.0
INTERTRAN鄂西北-鄂东,8718,3000.0
INTERTRAN鄂西北-鄂东,8719,3000.0
INTERTRAN鄂西北-鄂东,8720,3000.0
INTERTRAN鄂西北-鄂东,8721,3000.0
INTERTRAN鄂西北-鄂东,8722,3000.0
INTERTRAN鄂西北-鄂东,8723,3000.0
INTERTRAN鄂西北-鄂东,8724,-2705.8201633333083
INTERTRAN鄂西北-鄂东,8725,-3000.0
INTERTRAN鄂西北-鄂东,8726,-3000.0
INTERTRAN鄂西北-鄂东,8727,-3000.0
INTERTRAN鄂西北-鄂东,8728,-136.52452000000085
INTERTRAN鄂西北-鄂东,8729,3000.0
INTERTRAN鄂西北-鄂东,8730,3000.0
INTERTRAN鄂西北-鄂东,8731,3000.0
INTERTRAN鄂西北-鄂东,8732,3000.0
INTERTRAN鄂西北-鄂东,8733,3000.0
INTERTRAN鄂西北-鄂东,8734,3000.0
INTERTRAN鄂西北-鄂东,8735,3000.0
INTERTRAN鄂西北-鄂东,8736,3000.0
INTERTRAN鄂西北-鄂东,8737,3000.0
INTERTRAN鄂西北-鄂东,8738,3000.0
INTERTRAN鄂西北-鄂东,8739,3000.0
INTERTRAN鄂西北-鄂东,8740,3000.0
INTERTRAN鄂西北-鄂东,8741,3000.0
INTERTRAN鄂西北-鄂东,8742,3000.0
INTERTRAN鄂西北-鄂东,8743,3000.0
INTERTRAN鄂西北-鄂东,8744,3000.0
INTERTRAN鄂西北-鄂东,8745,3000.0
INTERTRAN鄂西北-鄂东,8746,3000.0
INTERTRAN鄂西北-鄂东,8747,-1697.200861543211
INTERTRAN鄂西北-鄂东,8748,-3000.0
INTERTRAN鄂西北-鄂东,8749,-3000.0
INTERTRAN鄂西北-鄂东,8750,-3000.0
INTERTRAN鄂西北-鄂东,8751,-866.2586155555409
INTERTRAN鄂西北-鄂东,8752,-3000.0
INTERTRAN鄂西北-鄂东,8753,3000.0
INTERTRAN鄂西北-鄂东,8754,3000.0
INTERTRAN鄂西北-鄂东,8755,3000.0
INTERTRAN鄂西北-鄂东,8756,3000.0
INTERTRAN鄂西北-鄂东,8757,3000.0
INTERTRAN鄂西北-鄂东,8758,3000.0
INTERTRAN鄂西北-鄂东,8759,2177.8561622250054
INTERTRAN鄂西-鄂西北,8640,-2000.0
INTERTRAN鄂西-鄂西北,8641,-2000.0
INTERTRAN鄂西-鄂西北,8642,-2000.0
INTERTRAN鄂西-鄂西北,8643,-2000.0
INTERTRAN鄂西-鄂西北,8644,-2000.0
INTERTRAN鄂西-鄂西北,8645,-2000.0
INTERTRAN鄂西-鄂西北,8646,-2000.0
INTERTRAN鄂西-鄂西北,8647,-2000.0
INTERTRAN鄂西-鄂西北,8648,-2000.0
INTERTRAN鄂西-鄂西北,8649,-2000.0
INTERTRAN鄂西-鄂西北,8650,-226.9064194004677
INTERTRAN鄂西-鄂西北,8651,2000.0
INTERTRAN鄂西-鄂西北,8652,2000.0
INTERTRAN鄂西-鄂西北,8653,27.22030444443135
INTERTRAN鄂西-鄂西北,8654,2000.0
INTERTRAN鄂西-鄂西北,8655,2000.0
INTERTRAN鄂西-鄂西北,8656,2000.0
INTERTRAN鄂西-鄂西北,8657,1824.5120950000014
INTERTRAN鄂西-鄂西北,8658,-2000.0
INTERTRAN鄂西-鄂西北,8659,-2000.0
INTERTRAN鄂西-鄂西北,8660,-2000.0
INTERTRAN鄂西-鄂西北,8661,-2000.0
INTERTRAN鄂西-鄂西北,8662,-1754.9111000000025
INTERTRAN鄂西-鄂西北,8663,-2000.0
INTERTRAN鄂西-鄂西北,8664,-2000.0
INTERTRAN鄂西-鄂西北,8665,-2000.0
INTERTRAN鄂西-鄂西北,8666,-2000.0
INTERTRAN鄂西-鄂西北,8667,-707.5157499999991
INTERTRAN鄂西-鄂西北,8668,-2000.0
INTERTRAN鄂西-鄂西北,8669,-2000.0
INTERTRAN鄂西-鄂西北,8670,-1055.71175
INTERTRAN鄂西-鄂西北,8671,-712.615644999999
INTERTRAN鄂西-鄂西北,8672,-2000.0
INTERTRAN鄂西-鄂西北,8673,-2000.0
INTERTRAN鄂西-鄂西北,8674,-777.1266850000002
INTERTRAN鄂西-鄂西北,8675,271.27364499999976
INTERTRAN鄂西-鄂西北,8676,907.5858549999961
INTERTRAN鄂西-鄂西北,8677,1041.8543650000004
INTERTRAN鄂西-鄂西北,8678,-1177.474539999998
INTERTRAN鄂西-鄂西北,8679,792.8365150000004
INTERTRAN鄂西-鄂西北,8680,-1179.8774550000007
INTERTRAN鄂西-鄂西北,8681,-2000.0
INTERTRAN鄂西-鄂西北,8682,-2000.0
INTERTRAN鄂西-鄂西北,8683,-2000.0
INTERTRAN鄂西-鄂西北,8684,-2000.0
INTERTRAN鄂西-鄂西北,8685,-2000.0
INTERTRAN鄂西-鄂西北,8686,-2000.0
INTERTRAN鄂西-鄂西北,8687,-2000.0
INTERTRAN鄂西-鄂西北,8688,-2000.0
INTERTRAN鄂西-鄂西北,8689,-2000.0
INTERTRAN鄂西-鄂西北,8690,-2000.0
INTERTRAN鄂西-鄂西北,8691,-232.76489999999558
INTERTRAN鄂西-鄂西北,8692,-2000.0
INTERTRAN鄂西-鄂西北,8693,-2000.0
INTERTRAN鄂西-鄂西北,8694,-2000.0
INTERTRAN鄂西-鄂西北,8695,-2000.0
INTERTRAN鄂西-鄂西北,8696,-2000.0
INTERTRAN鄂西-鄂西北,8697,-2000.0
INTERTRAN鄂西-鄂西北,8698,-851.6830849999997
INTERTRAN鄂西-鄂西北,8699,-999.361501599981
INTERTRAN鄂西-鄂西北,8700,798.3039349999999
INTERTRAN鄂西-鄂西北,8701,1460.9670561111118
INTERTRAN鄂西-鄂西北,8702,2000.0
INTERTRAN鄂西-鄂西北,8703,2000.0
INTERTRAN鄂西-鄂西北,8704,-2000.0
INTERTRAN鄂西-鄂西北,8705,-669.7224750001353
INTERTRAN鄂西-鄂西北,8706,-2000.0
INTERTRAN鄂西-鄂西北,8707,-2000.0
INTERTRAN鄂西-鄂西北,8708,-2000.0
INTERTRAN鄂西-鄂西北,8709,-2000.0
INTERTRAN鄂西-鄂西北,8710,-2000.0
INTERTRAN鄂西-鄂西北,8711,-2000.0
INTERTRAN鄂西-鄂西北,8712,-2000.0
INTERTRAN鄂西-鄂西北,8713,-2000.0
INTERTRAN鄂西-鄂西北,8714,-2000.0
INTERTRAN鄂西-鄂西北,8715,-2000.0
INTERTRAN鄂西-鄂西北,8716,-2000.0
INTERTRAN鄂西-鄂西北,8717,-2000.0
INTERTRAN鄂西-鄂西北,8718,-2000.0
INTERTRAN鄂西-鄂西北,8719,-2000.0
INTERTRAN鄂西-鄂西北,8720,-2000.0
INTERTRAN鄂西-鄂西北,8721,-2000.0
INTERTRAN鄂西-鄂西北,8722,-891.8163949999989
INTERTRAN鄂西-鄂西北,8723,1168.4908450000003
INTERTRAN鄂西-鄂西北,8724,-2000.0
INTERTRAN鄂西-鄂西北,8725,-2000.0
INTERTRAN鄂西-鄂西北,8726,-2000.0
INTERTRAN鄂西-鄂西北,8727,-813.1817700000001
INTERTRAN鄂西-鄂西北,8728,-2000.0
INTERTRAN鄂西-鄂西北,8729,569.5380800000012
INTERTRAN鄂西-鄂西北,8730,-2000.0
INTERTRAN鄂西-鄂西北,8731,-2000.0
INTERTRAN鄂西-鄂西北,8732,-2000.0
INTERTRAN鄂西-鄂西北,8733,-2000.0
INTERTRAN鄂西-鄂西北,8734,-2000.0
INTERTRAN鄂西-鄂西北,8735,-2000.0
INTERTRAN鄂西-鄂西北,8736,-2000.0
INTERTRAN鄂西-鄂西北,8737,-2000.0
INTERTRAN鄂西-鄂西北,8738,-2000.0
INTERTRAN鄂西-鄂西北,8739,-2000.0
INTERTRAN鄂西-鄂西北,8740,-2000.0
INTERTRAN鄂西-鄂西北,8741,-2000.0
INTERTRAN鄂西-鄂西北,8742,-2000.0
INTERTRAN鄂西-鄂西北,8743,-2000.0
INTERTRAN鄂西-鄂西北,8744,-2000.0
INTERTRAN鄂西-鄂西北,8745,-2000.0
INTERTRAN鄂西-鄂西北,8746,-382.4511099999995
INTERTRAN鄂西-鄂西北,8747,-2000.0
INTERTRAN鄂西-鄂西北,8748,2000.0
INTERTRAN鄂西-鄂西北,8749,2000.0
INTERTRAN鄂西-鄂西北,8750,-1110.0944721465667
INTERTRAN鄂西-鄂西北,8751,2000.0
INTERTRAN鄂西-鄂西北,8752,-2000.0
INTERTRAN鄂西-鄂西北,8753,807.7624562748852
INTERTRAN鄂西-鄂西北,8754,-2000.0
INTERTRAN鄂西-鄂西北,8755,-2000.0
INTERTRAN鄂西-鄂西北,8756,-2000.0
INTERTRAN鄂西-鄂西北,8757,-2000.0
INTERTRAN鄂西-鄂西北,8758,-2000.0
INTERTRAN鄂西-鄂西北,8759,-2000.0
